creator_id,avg_comment_to_like_ratio,avg_hook_retention_rate,action_theme_diversity_score
54c845c9-e0a1-4c1f-a498-3b5f1c966383,0.09907065468097398,0.5001718101951085,19
54c845c9-e0a1-4c1f-a498-3b5f1c966383,0.09907065468097398,0.5001718101951085,19
54c845c9-e0a1-4c1f-a498-3b5f1c966383,0.09907065468097398,0.5001718101951085,19
54c845c9-e0a1-4c1f-a498-3b5f1c966383,0.09907065468097398,0.5001718101951085,19
54c845c9-e0a1-4c1f-a498-3b5f1c966383,0.09907065468097398,0.5001718101951085,19
54c845c9-e0a1-4c1f-a498-3b5f1c966383,0.09907065468097398,0.5001718101951085,19
54c845c9-e0a1-4c1f-a498-3b5f1c966383,0.09907065468097398,0.5001718101951085,19
54c845c9-e0a1-4c1f-a498-3b5f1c966383,0.09907065468097398,0.5001718101951085,19
54c845c9-e0a1-4c1f-a498-3b5f1c966383,0.09907065468097398,0.5001718101951085,19
54c845c9-e0a1-4c1f-a498-3b5f1c966383,0.09907065468097398,0.5001718101951085,19
54c845c9-e0a1-4c1f-a498-3b5f1c966383,0.09907065468097398,0.5001718101951085,19
54c845c9-e0a1-4c1f-a498-3b5f1c966383,0.09907065468097398,0.5001718101951085,19
54c845c9-e0a1-4c1f-a498-3b5f1c966383,0.09907065468097398,0.5001718101951085,19
54c845c9-e0a1-4c1f-a498-3b5f1c966383,0.09907065468097398,0.5001718101951085,19
54c845c9-e0a1-4c1f-a498-3b5f1c966383,0.09907065468097398,0.5001718101951085,19
54c845c9-e0a1-4c1f-a498-3b5f1c966383,0.09907065468097398,0.5001718101951085,19
54c845c9-e0a1-4c1f-a498-3b5f1c966383,0.09907065468097398,0.5001718101951085,19
54c845c9-e0a1-4c1f-a498-3b5f1c966383,0.09907065468097398,0.5001718101951085,19
54c845c9-e0a1-4c1f-a498-3b5f1c966383,0.09907065468097398,0.5001718101951085,19
54c845c9-e0a1-4c1f-a498-3b5f1c966383,0.09907065468097398,0.5001718101951085,19
54c845c9-e0a1-4c1f-a498-3b5f1c966383,0.09907065468097398,0.5001718101951085,19
54c845c9-e0a1-4c1f-a498-3b5f1c966383,0.09907065468097398,0.5001718101951085,19
54c845c9-e0a1-4c1f-a498-3b5f1c966383,0.09907065468097398,0.5001718101951085,19
54c845c9-e0a1-4c1f-a498-3b5f1c966383,0.09907065468097398,0.5001718101951085,19
54c845c9-e0a1-4c1f-a498-3b5f1c966383,0.09907065468097398,0.5001718101951085,19
54c845c9-e0a1-4c1f-a498-3b5f1c966383,0.09907065468097398,0.5001718101951085,19
54c845c9-e0a1-4c1f-a498-3b5f1c966383,0.09907065468097398,0.5001718101951085,19
25c4ef1e-7cbf-4a69-956b-ffff60a1edd5,0.07188992561086353,1.0338474843494392,21
25c4ef1e-7cbf-4a69-956b-ffff60a1edd5,0.07188992561086353,1.0338474843494392,21
25c4ef1e-7cbf-4a69-956b-ffff60a1edd5,0.07188992561086353,1.0338474843494392,21
25c4ef1e-7cbf-4a69-956b-ffff60a1edd5,0.07188992561086353,1.0338474843494392,21
25c4ef1e-7cbf-4a69-956b-ffff60a1edd5,0.07188992561086353,1.0338474843494392,21
25c4ef1e-7cbf-4a69-956b-ffff60a1edd5,0.07188992561086353,1.0338474843494392,21
25c4ef1e-7cbf-4a69-956b-ffff60a1edd5,0.07188992561086353,1.0338474843494392,21
25c4ef1e-7cbf-4a69-956b-ffff60a1edd5,0.07188992561086353,1.0338474843494392,21
25c4ef1e-7cbf-4a69-956b-ffff60a1edd5,0.07188992561086353,1.0338474843494392,21
25c4ef1e-7cbf-4a69-956b-ffff60a1edd5,0.07188992561086353,1.0338474843494392,21
25c4ef1e-7cbf-4a69-956b-ffff60a1edd5,0.07188992561086353,1.0338474843494392,21
25c4ef1e-7cbf-4a69-956b-ffff60a1edd5,0.07188992561086353,1.0338474843494392,21
25c4ef1e-7cbf-4a69-956b-ffff60a1edd5,0.07188992561086353,1.0338474843494392,21
25c4ef1e-7cbf-4a69-956b-ffff60a1edd5,0.07188992561086353,1.0338474843494392,21
25c4ef1e-7cbf-4a69-956b-ffff60a1edd5,0.07188992561086353,1.0338474843494392,21
25c4ef1e-7cbf-4a69-956b-ffff60a1edd5,0.07188992561086353,1.0338474843494392,21
25c4ef1e-7cbf-4a69-956b-ffff60a1edd5,0.07188992561086353,1.0338474843494392,21
25c4ef1e-7cbf-4a69-956b-ffff60a1edd5,0.07188992561086353,1.0338474843494392,21
25c4ef1e-7cbf-4a69-956b-ffff60a1edd5,0.07188992561086353,1.0338474843494392,21
25c4ef1e-7cbf-4a69-956b-ffff60a1edd5,0.07188992561086353,1.0338474843494392,21
25c4ef1e-7cbf-4a69-956b-ffff60a1edd5,0.07188992561086353,1.0338474843494392,21
25c4ef1e-7cbf-4a69-956b-ffff60a1edd5,0.07188992561086353,1.0338474843494392,21
25c4ef1e-7cbf-4a69-956b-ffff60a1edd5,0.07188992561086353,1.0338474843494392,21
25c4ef1e-7cbf-4a69-956b-ffff60a1edd5,0.07188992561086353,1.0338474843494392,21
25c4ef1e-7cbf-4a69-956b-ffff60a1edd5,0.07188992561086353,1.0338474843494392,21
25c4ef1e-7cbf-4a69-956b-ffff60a1edd5,0.07188992561086353,1.0338474843494392,21
25c4ef1e-7cbf-4a69-956b-ffff60a1edd5,0.07188992561086353,1.0338474843494392,21
25c4ef1e-7cbf-4a69-956b-ffff60a1edd5,0.07188992561086353,1.0338474843494392,21
8d671101-5462-42fa-9652-3b01351ae912,0.021435346438883455,0.6346420166390639,12
8d671101-5462-42fa-9652-3b01351ae912,0.021435346438883455,0.6346420166390639,12
8d671101-5462-42fa-9652-3b01351ae912,0.021435346438883455,0.6346420166390639,12
8d671101-5462-42fa-9652-3b01351ae912,0.021435346438883455,0.6346420166390639,12
8d671101-5462-42fa-9652-3b01351ae912,0.021435346438883455,0.6346420166390639,12
8d671101-5462-42fa-9652-3b01351ae912,0.021435346438883455,0.6346420166390639,12
8d671101-5462-42fa-9652-3b01351ae912,0.021435346438883455,0.6346420166390639,12
8d671101-5462-42fa-9652-3b01351ae912,0.021435346438883455,0.6346420166390639,12
8d671101-5462-42fa-9652-3b01351ae912,0.021435346438883455,0.6346420166390639,12
8d671101-5462-42fa-9652-3b01351ae912,0.021435346438883455,0.6346420166390639,12
8d671101-5462-42fa-9652-3b01351ae912,0.021435346438883455,0.6346420166390639,12
8d671101-5462-42fa-9652-3b01351ae912,0.021435346438883455,0.6346420166390639,12
8d671101-5462-42fa-9652-3b01351ae912,0.021435346438883455,0.6346420166390639,12
8d671101-5462-42fa-9652-3b01351ae912,0.021435346438883455,0.6346420166390639,12
8d671101-5462-42fa-9652-3b01351ae912,0.021435346438883455,0.6346420166390639,12
8d671101-5462-42fa-9652-3b01351ae912,0.021435346438883455,0.6346420166390639,12
7ef7d968-0779-44aa-9019-409de5cfcae9,0.031386383584929456,1.1588407743783835,14
7ef7d968-0779-44aa-9019-409de5cfcae9,0.031386383584929456,1.1588407743783835,14
7ef7d968-0779-44aa-9019-409de5cfcae9,0.031386383584929456,1.1588407743783835,14
7ef7d968-0779-44aa-9019-409de5cfcae9,0.031386383584929456,1.1588407743783835,14
7ef7d968-0779-44aa-9019-409de5cfcae9,0.031386383584929456,1.1588407743783835,14
7ef7d968-0779-44aa-9019-409de5cfcae9,0.031386383584929456,1.1588407743783835,14
7ef7d968-0779-44aa-9019-409de5cfcae9,0.031386383584929456,1.1588407743783835,14
7ef7d968-0779-44aa-9019-409de5cfcae9,0.031386383584929456,1.1588407743783835,14
7ef7d968-0779-44aa-9019-409de5cfcae9,0.031386383584929456,1.1588407743783835,14
7ef7d968-0779-44aa-9019-409de5cfcae9,0.031386383584929456,1.1588407743783835,14
7ef7d968-0779-44aa-9019-409de5cfcae9,0.031386383584929456,1.1588407743783835,14
7ef7d968-0779-44aa-9019-409de5cfcae9,0.031386383584929456,1.1588407743783835,14
7ef7d968-0779-44aa-9019-409de5cfcae9,0.031386383584929456,1.1588407743783835,14
7ef7d968-0779-44aa-9019-409de5cfcae9,0.031386383584929456,1.1588407743783835,14
7ef7d968-0779-44aa-9019-409de5cfcae9,0.031386383584929456,1.1588407743783835,14
7ef7d968-0779-44aa-9019-409de5cfcae9,0.031386383584929456,1.1588407743783835,14
7ef7d968-0779-44aa-9019-409de5cfcae9,0.031386383584929456,1.1588407743783835,14
7ef7d968-0779-44aa-9019-409de5cfcae9,0.031386383584929456,1.1588407743783835,14
7ef7d968-0779-44aa-9019-409de5cfcae9,0.031386383584929456,1.1588407743783835,14
7ef7d968-0779-44aa-9019-409de5cfcae9,0.031386383584929456,1.1588407743783835,14
7ef7d968-0779-44aa-9019-409de5cfcae9,0.031386383584929456,1.1588407743783835,14
7ef7d968-0779-44aa-9019-409de5cfcae9,0.031386383584929456,1.1588407743783835,14
a98043a6-757e-4d8e-84cd-eb69677402a5,0.029770199197689362,0.7674722701635989,17
a98043a6-757e-4d8e-84cd-eb69677402a5,0.029770199197689362,0.7674722701635989,17
a98043a6-757e-4d8e-84cd-eb69677402a5,0.029770199197689362,0.7674722701635989,17
a98043a6-757e-4d8e-84cd-eb69677402a5,0.029770199197689362,0.7674722701635989,17
a98043a6-757e-4d8e-84cd-eb69677402a5,0.029770199197689362,0.7674722701635989,17
a98043a6-757e-4d8e-84cd-eb69677402a5,0.029770199197689362,0.7674722701635989,17
a98043a6-757e-4d8e-84cd-eb69677402a5,0.029770199197689362,0.7674722701635989,17
a98043a6-757e-4d8e-84cd-eb69677402a5,0.029770199197689362,0.7674722701635989,17
a98043a6-757e-4d8e-84cd-eb69677402a5,0.029770199197689362,0.7674722701635989,17
a98043a6-757e-4d8e-84cd-eb69677402a5,0.029770199197689362,0.7674722701635989,17
a98043a6-757e-4d8e-84cd-eb69677402a5,0.029770199197689362,0.7674722701635989,17
a98043a6-757e-4d8e-84cd-eb69677402a5,0.029770199197689362,0.7674722701635989,17
a98043a6-757e-4d8e-84cd-eb69677402a5,0.029770199197689362,0.7674722701635989,17
a98043a6-757e-4d8e-84cd-eb69677402a5,0.029770199197689362,0.7674722701635989,17
a98043a6-757e-4d8e-84cd-eb69677402a5,0.029770199197689362,0.7674722701635989,17
a98043a6-757e-4d8e-84cd-eb69677402a5,0.029770199197689362,0.7674722701635989,17
a98043a6-757e-4d8e-84cd-eb69677402a5,0.029770199197689362,0.7674722701635989,17
a98043a6-757e-4d8e-84cd-eb69677402a5,0.029770199197689362,0.7674722701635989,17
a98043a6-757e-4d8e-84cd-eb69677402a5,0.029770199197689362,0.7674722701635989,17
a98043a6-757e-4d8e-84cd-eb69677402a5,0.029770199197689362,0.7674722701635989,17
a98043a6-757e-4d8e-84cd-eb69677402a5,0.029770199197689362,0.7674722701635989,17
a98043a6-757e-4d8e-84cd-eb69677402a5,0.029770199197689362,0.7674722701635989,17
b7945511-7688-442e-8795-99b90ed33e15,0.02612090717773481,4.3489058563499485,19
b7945511-7688-442e-8795-99b90ed33e15,0.02612090717773481,4.3489058563499485,19
b7945511-7688-442e-8795-99b90ed33e15,0.02612090717773481,4.3489058563499485,19
b7945511-7688-442e-8795-99b90ed33e15,0.02612090717773481,4.3489058563499485,19
b7945511-7688-442e-8795-99b90ed33e15,0.02612090717773481,4.3489058563499485,19
b7945511-7688-442e-8795-99b90ed33e15,0.02612090717773481,4.3489058563499485,19
b7945511-7688-442e-8795-99b90ed33e15,0.02612090717773481,4.3489058563499485,19
b7945511-7688-442e-8795-99b90ed33e15,0.02612090717773481,4.3489058563499485,19
b7945511-7688-442e-8795-99b90ed33e15,0.02612090717773481,4.3489058563499485,19
b7945511-7688-442e-8795-99b90ed33e15,0.02612090717773481,4.3489058563499485,19
b7945511-7688-442e-8795-99b90ed33e15,0.02612090717773481,4.3489058563499485,19
b7945511-7688-442e-8795-99b90ed33e15,0.02612090717773481,4.3489058563499485,19
b7945511-7688-442e-8795-99b90ed33e15,0.02612090717773481,4.3489058563499485,19
b7945511-7688-442e-8795-99b90ed33e15,0.02612090717773481,4.3489058563499485,19
b7945511-7688-442e-8795-99b90ed33e15,0.02612090717773481,4.3489058563499485,19
b7945511-7688-442e-8795-99b90ed33e15,0.02612090717773481,4.3489058563499485,19
b7945511-7688-442e-8795-99b90ed33e15,0.02612090717773481,4.3489058563499485,19
b7945511-7688-442e-8795-99b90ed33e15,0.02612090717773481,4.3489058563499485,19
b7945511-7688-442e-8795-99b90ed33e15,0.02612090717773481,4.3489058563499485,19
b7945511-7688-442e-8795-99b90ed33e15,0.02612090717773481,4.3489058563499485,19
b7945511-7688-442e-8795-99b90ed33e15,0.02612090717773481,4.3489058563499485,19
b7945511-7688-442e-8795-99b90ed33e15,0.02612090717773481,4.3489058563499485,19
b7945511-7688-442e-8795-99b90ed33e15,0.02612090717773481,4.3489058563499485,19
b7945511-7688-442e-8795-99b90ed33e15,0.02612090717773481,4.3489058563499485,19
b7945511-7688-442e-8795-99b90ed33e15,0.02612090717773481,4.3489058563499485,19
b7945511-7688-442e-8795-99b90ed33e15,0.02612090717773481,4.3489058563499485,19
b7945511-7688-442e-8795-99b90ed33e15,0.02612090717773481,4.3489058563499485,19
bf935ec7-d76a-459d-bb79-6d1617c1d1af,0.06772002930911632,1.495151791002993,18
bf935ec7-d76a-459d-bb79-6d1617c1d1af,0.06772002930911632,1.495151791002993,18
bf935ec7-d76a-459d-bb79-6d1617c1d1af,0.06772002930911632,1.495151791002993,18
bf935ec7-d76a-459d-bb79-6d1617c1d1af,0.06772002930911632,1.495151791002993,18
bf935ec7-d76a-459d-bb79-6d1617c1d1af,0.06772002930911632,1.495151791002993,18
bf935ec7-d76a-459d-bb79-6d1617c1d1af,0.06772002930911632,1.495151791002993,18
bf935ec7-d76a-459d-bb79-6d1617c1d1af,0.06772002930911632,1.495151791002993,18
bf935ec7-d76a-459d-bb79-6d1617c1d1af,0.06772002930911632,1.495151791002993,18
bf935ec7-d76a-459d-bb79-6d1617c1d1af,0.06772002930911632,1.495151791002993,18
bf935ec7-d76a-459d-bb79-6d1617c1d1af,0.06772002930911632,1.495151791002993,18
bf935ec7-d76a-459d-bb79-6d1617c1d1af,0.06772002930911632,1.495151791002993,18
bf935ec7-d76a-459d-bb79-6d1617c1d1af,0.06772002930911632,1.495151791002993,18
bf935ec7-d76a-459d-bb79-6d1617c1d1af,0.06772002930911632,1.495151791002993,18
bf935ec7-d76a-459d-bb79-6d1617c1d1af,0.06772002930911632,1.495151791002993,18
bf935ec7-d76a-459d-bb79-6d1617c1d1af,0.06772002930911632,1.495151791002993,18
bf935ec7-d76a-459d-bb79-6d1617c1d1af,0.06772002930911632,1.495151791002993,18
bf935ec7-d76a-459d-bb79-6d1617c1d1af,0.06772002930911632,1.495151791002993,18
bf935ec7-d76a-459d-bb79-6d1617c1d1af,0.06772002930911632,1.495151791002993,18
bf935ec7-d76a-459d-bb79-6d1617c1d1af,0.06772002930911632,1.495151791002993,18
bf935ec7-d76a-459d-bb79-6d1617c1d1af,0.06772002930911632,1.495151791002993,18
bf935ec7-d76a-459d-bb79-6d1617c1d1af,0.06772002930911632,1.495151791002993,18
bf935ec7-d76a-459d-bb79-6d1617c1d1af,0.06772002930911632,1.495151791002993,18
bf935ec7-d76a-459d-bb79-6d1617c1d1af,0.06772002930911632,1.495151791002993,18
bf935ec7-d76a-459d-bb79-6d1617c1d1af,0.06772002930911632,1.495151791002993,18
485fcadd-a716-48a2-a1d0-833af92f5535,0.04144756062301932,1.4221911519701622,16
485fcadd-a716-48a2-a1d0-833af92f5535,0.04144756062301932,1.4221911519701622,16
485fcadd-a716-48a2-a1d0-833af92f5535,0.04144756062301932,1.4221911519701622,16
485fcadd-a716-48a2-a1d0-833af92f5535,0.04144756062301932,1.4221911519701622,16
485fcadd-a716-48a2-a1d0-833af92f5535,0.04144756062301932,1.4221911519701622,16
485fcadd-a716-48a2-a1d0-833af92f5535,0.04144756062301932,1.4221911519701622,16
485fcadd-a716-48a2-a1d0-833af92f5535,0.04144756062301932,1.4221911519701622,16
485fcadd-a716-48a2-a1d0-833af92f5535,0.04144756062301932,1.4221911519701622,16
485fcadd-a716-48a2-a1d0-833af92f5535,0.04144756062301932,1.4221911519701622,16
485fcadd-a716-48a2-a1d0-833af92f5535,0.04144756062301932,1.4221911519701622,16
485fcadd-a716-48a2-a1d0-833af92f5535,0.04144756062301932,1.4221911519701622,16
485fcadd-a716-48a2-a1d0-833af92f5535,0.04144756062301932,1.4221911519701622,16
485fcadd-a716-48a2-a1d0-833af92f5535,0.04144756062301932,1.4221911519701622,16
485fcadd-a716-48a2-a1d0-833af92f5535,0.04144756062301932,1.4221911519701622,16
485fcadd-a716-48a2-a1d0-833af92f5535,0.04144756062301932,1.4221911519701622,16
485fcadd-a716-48a2-a1d0-833af92f5535,0.04144756062301932,1.4221911519701622,16
485fcadd-a716-48a2-a1d0-833af92f5535,0.04144756062301932,1.4221911519701622,16
485fcadd-a716-48a2-a1d0-833af92f5535,0.04144756062301932,1.4221911519701622,16
485fcadd-a716-48a2-a1d0-833af92f5535,0.04144756062301932,1.4221911519701622,16
d7ad4bdf-ef7c-448e-968d-8b79fc1e241c,0.10333794440325562,0.8517086613665662,10
d7ad4bdf-ef7c-448e-968d-8b79fc1e241c,0.10333794440325562,0.8517086613665662,10
d7ad4bdf-ef7c-448e-968d-8b79fc1e241c,0.10333794440325562,0.8517086613665662,10
d7ad4bdf-ef7c-448e-968d-8b79fc1e241c,0.10333794440325562,0.8517086613665662,10
d7ad4bdf-ef7c-448e-968d-8b79fc1e241c,0.10333794440325562,0.8517086613665662,10
d7ad4bdf-ef7c-448e-968d-8b79fc1e241c,0.10333794440325562,0.8517086613665662,10
d7ad4bdf-ef7c-448e-968d-8b79fc1e241c,0.10333794440325562,0.8517086613665662,10
d7ad4bdf-ef7c-448e-968d-8b79fc1e241c,0.10333794440325562,0.8517086613665662,10
d7ad4bdf-ef7c-448e-968d-8b79fc1e241c,0.10333794440325562,0.8517086613665662,10
d7ad4bdf-ef7c-448e-968d-8b79fc1e241c,0.10333794440325562,0.8517086613665662,10
d7ad4bdf-ef7c-448e-968d-8b79fc1e241c,0.10333794440325562,0.8517086613665662,10
d7ad4bdf-ef7c-448e-968d-8b79fc1e241c,0.10333794440325562,0.8517086613665662,10
d7ad4bdf-ef7c-448e-968d-8b79fc1e241c,0.10333794440325562,0.8517086613665662,10
d7ad4bdf-ef7c-448e-968d-8b79fc1e241c,0.10333794440325562,0.8517086613665662,10
d7ad4bdf-ef7c-448e-968d-8b79fc1e241c,0.10333794440325562,0.8517086613665662,10
97aa9797-2f3f-43bb-ba1b-70a6e2a3a2b2,0.13733162805018834,1.969149318640113,17
97aa9797-2f3f-43bb-ba1b-70a6e2a3a2b2,0.13733162805018834,1.969149318640113,17
97aa9797-2f3f-43bb-ba1b-70a6e2a3a2b2,0.13733162805018834,1.969149318640113,17
97aa9797-2f3f-43bb-ba1b-70a6e2a3a2b2,0.13733162805018834,1.969149318640113,17
97aa9797-2f3f-43bb-ba1b-70a6e2a3a2b2,0.13733162805018834,1.969149318640113,17
97aa9797-2f3f-43bb-ba1b-70a6e2a3a2b2,0.13733162805018834,1.969149318640113,17
97aa9797-2f3f-43bb-ba1b-70a6e2a3a2b2,0.13733162805018834,1.969149318640113,17
97aa9797-2f3f-43bb-ba1b-70a6e2a3a2b2,0.13733162805018834,1.969149318640113,17
97aa9797-2f3f-43bb-ba1b-70a6e2a3a2b2,0.13733162805018834,1.969149318640113,17
97aa9797-2f3f-43bb-ba1b-70a6e2a3a2b2,0.13733162805018834,1.969149318640113,17
97aa9797-2f3f-43bb-ba1b-70a6e2a3a2b2,0.13733162805018834,1.969149318640113,17
97aa9797-2f3f-43bb-ba1b-70a6e2a3a2b2,0.13733162805018834,1.969149318640113,17
97aa9797-2f3f-43bb-ba1b-70a6e2a3a2b2,0.13733162805018834,1.969149318640113,17
97aa9797-2f3f-43bb-ba1b-70a6e2a3a2b2,0.13733162805018834,1.969149318640113,17
97aa9797-2f3f-43bb-ba1b-70a6e2a3a2b2,0.13733162805018834,1.969149318640113,17
97aa9797-2f3f-43bb-ba1b-70a6e2a3a2b2,0.13733162805018834,1.969149318640113,17
97aa9797-2f3f-43bb-ba1b-70a6e2a3a2b2,0.13733162805018834,1.969149318640113,17
97aa9797-2f3f-43bb-ba1b-70a6e2a3a2b2,0.13733162805018834,1.969149318640113,17
97aa9797-2f3f-43bb-ba1b-70a6e2a3a2b2,0.13733162805018834,1.969149318640113,17
97aa9797-2f3f-43bb-ba1b-70a6e2a3a2b2,0.13733162805018834,1.969149318640113,17
97aa9797-2f3f-43bb-ba1b-70a6e2a3a2b2,0.13733162805018834,1.969149318640113,17
97aa9797-2f3f-43bb-ba1b-70a6e2a3a2b2,0.13733162805018834,1.969149318640113,17
97aa9797-2f3f-43bb-ba1b-70a6e2a3a2b2,0.13733162805018834,1.969149318640113,17
97aa9797-2f3f-43bb-ba1b-70a6e2a3a2b2,0.13733162805018834,1.969149318640113,17
9791c974-f052-4167-8ed1-58407d9c7e86,0.05165254731325313,1.3523208413975292,17
9791c974-f052-4167-8ed1-58407d9c7e86,0.05165254731325313,1.3523208413975292,17
9791c974-f052-4167-8ed1-58407d9c7e86,0.05165254731325313,1.3523208413975292,17
9791c974-f052-4167-8ed1-58407d9c7e86,0.05165254731325313,1.3523208413975292,17
9791c974-f052-4167-8ed1-58407d9c7e86,0.05165254731325313,1.3523208413975292,17
9791c974-f052-4167-8ed1-58407d9c7e86,0.05165254731325313,1.3523208413975292,17
9791c974-f052-4167-8ed1-58407d9c7e86,0.05165254731325313,1.3523208413975292,17
9791c974-f052-4167-8ed1-58407d9c7e86,0.05165254731325313,1.3523208413975292,17
9791c974-f052-4167-8ed1-58407d9c7e86,0.05165254731325313,1.3523208413975292,17
9791c974-f052-4167-8ed1-58407d9c7e86,0.05165254731325313,1.3523208413975292,17
9791c974-f052-4167-8ed1-58407d9c7e86,0.05165254731325313,1.3523208413975292,17
9791c974-f052-4167-8ed1-58407d9c7e86,0.05165254731325313,1.3523208413975292,17
9791c974-f052-4167-8ed1-58407d9c7e86,0.05165254731325313,1.3523208413975292,17
9791c974-f052-4167-8ed1-58407d9c7e86,0.05165254731325313,1.3523208413975292,17
9791c974-f052-4167-8ed1-58407d9c7e86,0.05165254731325313,1.3523208413975292,17
9791c974-f052-4167-8ed1-58407d9c7e86,0.05165254731325313,1.3523208413975292,17
9791c974-f052-4167-8ed1-58407d9c7e86,0.05165254731325313,1.3523208413975292,17
9791c974-f052-4167-8ed1-58407d9c7e86,0.05165254731325313,1.3523208413975292,17
9791c974-f052-4167-8ed1-58407d9c7e86,0.05165254731325313,1.3523208413975292,17
9791c974-f052-4167-8ed1-58407d9c7e86,0.05165254731325313,1.3523208413975292,17
9791c974-f052-4167-8ed1-58407d9c7e86,0.05165254731325313,1.3523208413975292,17
9791c974-f052-4167-8ed1-58407d9c7e86,0.05165254731325313,1.3523208413975292,17
9791c974-f052-4167-8ed1-58407d9c7e86,0.05165254731325313,1.3523208413975292,17
9791c974-f052-4167-8ed1-58407d9c7e86,0.05165254731325313,1.3523208413975292,17
9791c974-f052-4167-8ed1-58407d9c7e86,0.05165254731325313,1.3523208413975292,17
9791c974-f052-4167-8ed1-58407d9c7e86,0.05165254731325313,1.3523208413975292,17
c8990055-a1cd-454f-aecc-6662ef91fd4a,0.02143247965244083,0.7257898759616301,18
c8990055-a1cd-454f-aecc-6662ef91fd4a,0.02143247965244083,0.7257898759616301,18
c8990055-a1cd-454f-aecc-6662ef91fd4a,0.02143247965244083,0.7257898759616301,18
c8990055-a1cd-454f-aecc-6662ef91fd4a,0.02143247965244083,0.7257898759616301,18
c8990055-a1cd-454f-aecc-6662ef91fd4a,0.02143247965244083,0.7257898759616301,18
c8990055-a1cd-454f-aecc-6662ef91fd4a,0.02143247965244083,0.7257898759616301,18
c8990055-a1cd-454f-aecc-6662ef91fd4a,0.02143247965244083,0.7257898759616301,18
c8990055-a1cd-454f-aecc-6662ef91fd4a,0.02143247965244083,0.7257898759616301,18
c8990055-a1cd-454f-aecc-6662ef91fd4a,0.02143247965244083,0.7257898759616301,18
c8990055-a1cd-454f-aecc-6662ef91fd4a,0.02143247965244083,0.7257898759616301,18
c8990055-a1cd-454f-aecc-6662ef91fd4a,0.02143247965244083,0.7257898759616301,18
c8990055-a1cd-454f-aecc-6662ef91fd4a,0.02143247965244083,0.7257898759616301,18
c8990055-a1cd-454f-aecc-6662ef91fd4a,0.02143247965244083,0.7257898759616301,18
c8990055-a1cd-454f-aecc-6662ef91fd4a,0.02143247965244083,0.7257898759616301,18
c8990055-a1cd-454f-aecc-6662ef91fd4a,0.02143247965244083,0.7257898759616301,18
c8990055-a1cd-454f-aecc-6662ef91fd4a,0.02143247965244083,0.7257898759616301,18
c8990055-a1cd-454f-aecc-6662ef91fd4a,0.02143247965244083,0.7257898759616301,18
c8990055-a1cd-454f-aecc-6662ef91fd4a,0.02143247965244083,0.7257898759616301,18
c8990055-a1cd-454f-aecc-6662ef91fd4a,0.02143247965244083,0.7257898759616301,18
c8990055-a1cd-454f-aecc-6662ef91fd4a,0.02143247965244083,0.7257898759616301,18
c8990055-a1cd-454f-aecc-6662ef91fd4a,0.02143247965244083,0.7257898759616301,18
c8990055-a1cd-454f-aecc-6662ef91fd4a,0.02143247965244083,0.7257898759616301,18
6c08497b-24cc-4143-b6dc-1de429fb9ca0,0.03512785231469573,32.22332461181283,16
6c08497b-24cc-4143-b6dc-1de429fb9ca0,0.03512785231469573,32.22332461181283,16
6c08497b-24cc-4143-b6dc-1de429fb9ca0,0.03512785231469573,32.22332461181283,16
6c08497b-24cc-4143-b6dc-1de429fb9ca0,0.03512785231469573,32.22332461181283,16
6c08497b-24cc-4143-b6dc-1de429fb9ca0,0.03512785231469573,32.22332461181283,16
6c08497b-24cc-4143-b6dc-1de429fb9ca0,0.03512785231469573,32.22332461181283,16
6c08497b-24cc-4143-b6dc-1de429fb9ca0,0.03512785231469573,32.22332461181283,16
6c08497b-24cc-4143-b6dc-1de429fb9ca0,0.03512785231469573,32.22332461181283,16
6c08497b-24cc-4143-b6dc-1de429fb9ca0,0.03512785231469573,32.22332461181283,16
6c08497b-24cc-4143-b6dc-1de429fb9ca0,0.03512785231469573,32.22332461181283,16
6c08497b-24cc-4143-b6dc-1de429fb9ca0,0.03512785231469573,32.22332461181283,16
6c08497b-24cc-4143-b6dc-1de429fb9ca0,0.03512785231469573,32.22332461181283,16
6c08497b-24cc-4143-b6dc-1de429fb9ca0,0.03512785231469573,32.22332461181283,16
6c08497b-24cc-4143-b6dc-1de429fb9ca0,0.03512785231469573,32.22332461181283,16
6c08497b-24cc-4143-b6dc-1de429fb9ca0,0.03512785231469573,32.22332461181283,16
6c08497b-24cc-4143-b6dc-1de429fb9ca0,0.03512785231469573,32.22332461181283,16
6c08497b-24cc-4143-b6dc-1de429fb9ca0,0.03512785231469573,32.22332461181283,16
6c08497b-24cc-4143-b6dc-1de429fb9ca0,0.03512785231469573,32.22332461181283,16
6c08497b-24cc-4143-b6dc-1de429fb9ca0,0.03512785231469573,32.22332461181283,16
6c08497b-24cc-4143-b6dc-1de429fb9ca0,0.03512785231469573,32.22332461181283,16
ea7fabd0-4102-4eed-86b2-5905391c1411,0.026621293259260347,0.9579279658979182,13
ea7fabd0-4102-4eed-86b2-5905391c1411,0.026621293259260347,0.9579279658979182,13
ea7fabd0-4102-4eed-86b2-5905391c1411,0.026621293259260347,0.9579279658979182,13
ea7fabd0-4102-4eed-86b2-5905391c1411,0.026621293259260347,0.9579279658979182,13
ea7fabd0-4102-4eed-86b2-5905391c1411,0.026621293259260347,0.9579279658979182,13
ea7fabd0-4102-4eed-86b2-5905391c1411,0.026621293259260347,0.9579279658979182,13
ea7fabd0-4102-4eed-86b2-5905391c1411,0.026621293259260347,0.9579279658979182,13
ea7fabd0-4102-4eed-86b2-5905391c1411,0.026621293259260347,0.9579279658979182,13
ea7fabd0-4102-4eed-86b2-5905391c1411,0.026621293259260347,0.9579279658979182,13
ea7fabd0-4102-4eed-86b2-5905391c1411,0.026621293259260347,0.9579279658979182,13
ea7fabd0-4102-4eed-86b2-5905391c1411,0.026621293259260347,0.9579279658979182,13
ea7fabd0-4102-4eed-86b2-5905391c1411,0.026621293259260347,0.9579279658979182,13
ea7fabd0-4102-4eed-86b2-5905391c1411,0.026621293259260347,0.9579279658979182,13
ea7fabd0-4102-4eed-86b2-5905391c1411,0.026621293259260347,0.9579279658979182,13
ea7fabd0-4102-4eed-86b2-5905391c1411,0.026621293259260347,0.9579279658979182,13
ea7fabd0-4102-4eed-86b2-5905391c1411,0.026621293259260347,0.9579279658979182,13
ea7fabd0-4102-4eed-86b2-5905391c1411,0.026621293259260347,0.9579279658979182,13
77b24328-1b84-4c56-8279-088c5798a433,0.02144421973218034,2.495150338566941,16
77b24328-1b84-4c56-8279-088c5798a433,0.02144421973218034,2.495150338566941,16
77b24328-1b84-4c56-8279-088c5798a433,0.02144421973218034,2.495150338566941,16
77b24328-1b84-4c56-8279-088c5798a433,0.02144421973218034,2.495150338566941,16
77b24328-1b84-4c56-8279-088c5798a433,0.02144421973218034,2.495150338566941,16
77b24328-1b84-4c56-8279-088c5798a433,0.02144421973218034,2.495150338566941,16
77b24328-1b84-4c56-8279-088c5798a433,0.02144421973218034,2.495150338566941,16
77b24328-1b84-4c56-8279-088c5798a433,0.02144421973218034,2.495150338566941,16
77b24328-1b84-4c56-8279-088c5798a433,0.02144421973218034,2.495150338566941,16
77b24328-1b84-4c56-8279-088c5798a433,0.02144421973218034,2.495150338566941,16
77b24328-1b84-4c56-8279-088c5798a433,0.02144421973218034,2.495150338566941,16
77b24328-1b84-4c56-8279-088c5798a433,0.02144421973218034,2.495150338566941,16
77b24328-1b84-4c56-8279-088c5798a433,0.02144421973218034,2.495150338566941,16
77b24328-1b84-4c56-8279-088c5798a433,0.02144421973218034,2.495150338566941,16
77b24328-1b84-4c56-8279-088c5798a433,0.02144421973218034,2.495150338566941,16
77b24328-1b84-4c56-8279-088c5798a433,0.02144421973218034,2.495150338566941,16
77b24328-1b84-4c56-8279-088c5798a433,0.02144421973218034,2.495150338566941,16
77b24328-1b84-4c56-8279-088c5798a433,0.02144421973218034,2.495150338566941,16
77b24328-1b84-4c56-8279-088c5798a433,0.02144421973218034,2.495150338566941,16
77b24328-1b84-4c56-8279-088c5798a433,0.02144421973218034,2.495150338566941,16
77b24328-1b84-4c56-8279-088c5798a433,0.02144421973218034,2.495150338566941,16
77b24328-1b84-4c56-8279-088c5798a433,0.02144421973218034,2.495150338566941,16
77b24328-1b84-4c56-8279-088c5798a433,0.02144421973218034,2.495150338566941,16
77b24328-1b84-4c56-8279-088c5798a433,0.02144421973218034,2.495150338566941,16
77b24328-1b84-4c56-8279-088c5798a433,0.02144421973218034,2.495150338566941,16
262abdcd-5621-47f3-b818-bd56b9d8f3cb,0.053227317140923505,4.205554774284075,18
262abdcd-5621-47f3-b818-bd56b9d8f3cb,0.053227317140923505,4.205554774284075,18
262abdcd-5621-47f3-b818-bd56b9d8f3cb,0.053227317140923505,4.205554774284075,18
262abdcd-5621-47f3-b818-bd56b9d8f3cb,0.053227317140923505,4.205554774284075,18
262abdcd-5621-47f3-b818-bd56b9d8f3cb,0.053227317140923505,4.205554774284075,18
262abdcd-5621-47f3-b818-bd56b9d8f3cb,0.053227317140923505,4.205554774284075,18
262abdcd-5621-47f3-b818-bd56b9d8f3cb,0.053227317140923505,4.205554774284075,18
262abdcd-5621-47f3-b818-bd56b9d8f3cb,0.053227317140923505,4.205554774284075,18
262abdcd-5621-47f3-b818-bd56b9d8f3cb,0.053227317140923505,4.205554774284075,18
262abdcd-5621-47f3-b818-bd56b9d8f3cb,0.053227317140923505,4.205554774284075,18
262abdcd-5621-47f3-b818-bd56b9d8f3cb,0.053227317140923505,4.205554774284075,18
262abdcd-5621-47f3-b818-bd56b9d8f3cb,0.053227317140923505,4.205554774284075,18
262abdcd-5621-47f3-b818-bd56b9d8f3cb,0.053227317140923505,4.205554774284075,18
262abdcd-5621-47f3-b818-bd56b9d8f3cb,0.053227317140923505,4.205554774284075,18
262abdcd-5621-47f3-b818-bd56b9d8f3cb,0.053227317140923505,4.205554774284075,18
262abdcd-5621-47f3-b818-bd56b9d8f3cb,0.053227317140923505,4.205554774284075,18
262abdcd-5621-47f3-b818-bd56b9d8f3cb,0.053227317140923505,4.205554774284075,18
262abdcd-5621-47f3-b818-bd56b9d8f3cb,0.053227317140923505,4.205554774284075,18
262abdcd-5621-47f3-b818-bd56b9d8f3cb,0.053227317140923505,4.205554774284075,18
262abdcd-5621-47f3-b818-bd56b9d8f3cb,0.053227317140923505,4.205554774284075,18
262abdcd-5621-47f3-b818-bd56b9d8f3cb,0.053227317140923505,4.205554774284075,18
262abdcd-5621-47f3-b818-bd56b9d8f3cb,0.053227317140923505,4.205554774284075,18
cd84cb50-cf4b-4687-8922-06db5018d0ff,0.19407925721326474,0.6605093566253992,18
cd84cb50-cf4b-4687-8922-06db5018d0ff,0.19407925721326474,0.6605093566253992,18
cd84cb50-cf4b-4687-8922-06db5018d0ff,0.19407925721326474,0.6605093566253992,18
cd84cb50-cf4b-4687-8922-06db5018d0ff,0.19407925721326474,0.6605093566253992,18
cd84cb50-cf4b-4687-8922-06db5018d0ff,0.19407925721326474,0.6605093566253992,18
cd84cb50-cf4b-4687-8922-06db5018d0ff,0.19407925721326474,0.6605093566253992,18
cd84cb50-cf4b-4687-8922-06db5018d0ff,0.19407925721326474,0.6605093566253992,18
cd84cb50-cf4b-4687-8922-06db5018d0ff,0.19407925721326474,0.6605093566253992,18
cd84cb50-cf4b-4687-8922-06db5018d0ff,0.19407925721326474,0.6605093566253992,18
cd84cb50-cf4b-4687-8922-06db5018d0ff,0.19407925721326474,0.6605093566253992,18
cd84cb50-cf4b-4687-8922-06db5018d0ff,0.19407925721326474,0.6605093566253992,18
cd84cb50-cf4b-4687-8922-06db5018d0ff,0.19407925721326474,0.6605093566253992,18
cd84cb50-cf4b-4687-8922-06db5018d0ff,0.19407925721326474,0.6605093566253992,18
cd84cb50-cf4b-4687-8922-06db5018d0ff,0.19407925721326474,0.6605093566253992,18
cd84cb50-cf4b-4687-8922-06db5018d0ff,0.19407925721326474,0.6605093566253992,18
cd84cb50-cf4b-4687-8922-06db5018d0ff,0.19407925721326474,0.6605093566253992,18
cd84cb50-cf4b-4687-8922-06db5018d0ff,0.19407925721326474,0.6605093566253992,18
cd84cb50-cf4b-4687-8922-06db5018d0ff,0.19407925721326474,0.6605093566253992,18
cd84cb50-cf4b-4687-8922-06db5018d0ff,0.19407925721326474,0.6605093566253992,18
cd84cb50-cf4b-4687-8922-06db5018d0ff,0.19407925721326474,0.6605093566253992,18
cd84cb50-cf4b-4687-8922-06db5018d0ff,0.19407925721326474,0.6605093566253992,18
cd84cb50-cf4b-4687-8922-06db5018d0ff,0.19407925721326474,0.6605093566253992,18
cd84cb50-cf4b-4687-8922-06db5018d0ff,0.19407925721326474,0.6605093566253992,18
cd84cb50-cf4b-4687-8922-06db5018d0ff,0.19407925721326474,0.6605093566253992,18
cd84cb50-cf4b-4687-8922-06db5018d0ff,0.19407925721326474,0.6605093566253992,18
2ae36e69-28d6-4908-ad14-6b25ad4139b0,0.08879644010508161,3.491056834867518,12
2ae36e69-28d6-4908-ad14-6b25ad4139b0,0.08879644010508161,3.491056834867518,12
2ae36e69-28d6-4908-ad14-6b25ad4139b0,0.08879644010508161,3.491056834867518,12
2ae36e69-28d6-4908-ad14-6b25ad4139b0,0.08879644010508161,3.491056834867518,12
2ae36e69-28d6-4908-ad14-6b25ad4139b0,0.08879644010508161,3.491056834867518,12
2ae36e69-28d6-4908-ad14-6b25ad4139b0,0.08879644010508161,3.491056834867518,12
2ae36e69-28d6-4908-ad14-6b25ad4139b0,0.08879644010508161,3.491056834867518,12
2ae36e69-28d6-4908-ad14-6b25ad4139b0,0.08879644010508161,3.491056834867518,12
2ae36e69-28d6-4908-ad14-6b25ad4139b0,0.08879644010508161,3.491056834867518,12
2ae36e69-28d6-4908-ad14-6b25ad4139b0,0.08879644010508161,3.491056834867518,12
2ae36e69-28d6-4908-ad14-6b25ad4139b0,0.08879644010508161,3.491056834867518,12
2ae36e69-28d6-4908-ad14-6b25ad4139b0,0.08879644010508161,3.491056834867518,12
2ae36e69-28d6-4908-ad14-6b25ad4139b0,0.08879644010508161,3.491056834867518,12
2ae36e69-28d6-4908-ad14-6b25ad4139b0,0.08879644010508161,3.491056834867518,12
2ae36e69-28d6-4908-ad14-6b25ad4139b0,0.08879644010508161,3.491056834867518,12
2ae36e69-28d6-4908-ad14-6b25ad4139b0,0.08879644010508161,3.491056834867518,12
2ae36e69-28d6-4908-ad14-6b25ad4139b0,0.08879644010508161,3.491056834867518,12
2ae36e69-28d6-4908-ad14-6b25ad4139b0,0.08879644010508161,3.491056834867518,12
2ae36e69-28d6-4908-ad14-6b25ad4139b0,0.08879644010508161,3.491056834867518,12
bfdd9767-22e9-4743-bd36-10f156c7d966,0.06722983913934577,0.8156822495693065,12
bfdd9767-22e9-4743-bd36-10f156c7d966,0.06722983913934577,0.8156822495693065,12
bfdd9767-22e9-4743-bd36-10f156c7d966,0.06722983913934577,0.8156822495693065,12
bfdd9767-22e9-4743-bd36-10f156c7d966,0.06722983913934577,0.8156822495693065,12
bfdd9767-22e9-4743-bd36-10f156c7d966,0.06722983913934577,0.8156822495693065,12
bfdd9767-22e9-4743-bd36-10f156c7d966,0.06722983913934577,0.8156822495693065,12
bfdd9767-22e9-4743-bd36-10f156c7d966,0.06722983913934577,0.8156822495693065,12
bfdd9767-22e9-4743-bd36-10f156c7d966,0.06722983913934577,0.8156822495693065,12
bfdd9767-22e9-4743-bd36-10f156c7d966,0.06722983913934577,0.8156822495693065,12
bfdd9767-22e9-4743-bd36-10f156c7d966,0.06722983913934577,0.8156822495693065,12
bfdd9767-22e9-4743-bd36-10f156c7d966,0.06722983913934577,0.8156822495693065,12
bfdd9767-22e9-4743-bd36-10f156c7d966,0.06722983913934577,0.8156822495693065,12
bfdd9767-22e9-4743-bd36-10f156c7d966,0.06722983913934577,0.8156822495693065,12
bfdd9767-22e9-4743-bd36-10f156c7d966,0.06722983913934577,0.8156822495693065,12
bfdd9767-22e9-4743-bd36-10f156c7d966,0.06722983913934577,0.8156822495693065,12
84446618-f396-4ee3-a396-801ade40633c,0.021700679979623293,1.5490676892483162,16
84446618-f396-4ee3-a396-801ade40633c,0.021700679979623293,1.5490676892483162,16
84446618-f396-4ee3-a396-801ade40633c,0.021700679979623293,1.5490676892483162,16
84446618-f396-4ee3-a396-801ade40633c,0.021700679979623293,1.5490676892483162,16
84446618-f396-4ee3-a396-801ade40633c,0.021700679979623293,1.5490676892483162,16
84446618-f396-4ee3-a396-801ade40633c,0.021700679979623293,1.5490676892483162,16
84446618-f396-4ee3-a396-801ade40633c,0.021700679979623293,1.5490676892483162,16
84446618-f396-4ee3-a396-801ade40633c,0.021700679979623293,1.5490676892483162,16
84446618-f396-4ee3-a396-801ade40633c,0.021700679979623293,1.5490676892483162,16
84446618-f396-4ee3-a396-801ade40633c,0.021700679979623293,1.5490676892483162,16
84446618-f396-4ee3-a396-801ade40633c,0.021700679979623293,1.5490676892483162,16
84446618-f396-4ee3-a396-801ade40633c,0.021700679979623293,1.5490676892483162,16
84446618-f396-4ee3-a396-801ade40633c,0.021700679979623293,1.5490676892483162,16
84446618-f396-4ee3-a396-801ade40633c,0.021700679979623293,1.5490676892483162,16
84446618-f396-4ee3-a396-801ade40633c,0.021700679979623293,1.5490676892483162,16
84446618-f396-4ee3-a396-801ade40633c,0.021700679979623293,1.5490676892483162,16
84446618-f396-4ee3-a396-801ade40633c,0.021700679979623293,1.5490676892483162,16
84446618-f396-4ee3-a396-801ade40633c,0.021700679979623293,1.5490676892483162,16
84446618-f396-4ee3-a396-801ade40633c,0.021700679979623293,1.5490676892483162,16
84446618-f396-4ee3-a396-801ade40633c,0.021700679979623293,1.5490676892483162,16
84446618-f396-4ee3-a396-801ade40633c,0.021700679979623293,1.5490676892483162,16
84446618-f396-4ee3-a396-801ade40633c,0.021700679979623293,1.5490676892483162,16
84446618-f396-4ee3-a396-801ade40633c,0.021700679979623293,1.5490676892483162,16
84446618-f396-4ee3-a396-801ade40633c,0.021700679979623293,1.5490676892483162,16
84446618-f396-4ee3-a396-801ade40633c,0.021700679979623293,1.5490676892483162,16
a3426bca-8b94-48e1-8c7c-ed677084fcf3,0.2371593636157798,0.8756214746001196,15
a3426bca-8b94-48e1-8c7c-ed677084fcf3,0.2371593636157798,0.8756214746001196,15
a3426bca-8b94-48e1-8c7c-ed677084fcf3,0.2371593636157798,0.8756214746001196,15
a3426bca-8b94-48e1-8c7c-ed677084fcf3,0.2371593636157798,0.8756214746001196,15
a3426bca-8b94-48e1-8c7c-ed677084fcf3,0.2371593636157798,0.8756214746001196,15
a3426bca-8b94-48e1-8c7c-ed677084fcf3,0.2371593636157798,0.8756214746001196,15
a3426bca-8b94-48e1-8c7c-ed677084fcf3,0.2371593636157798,0.8756214746001196,15
a3426bca-8b94-48e1-8c7c-ed677084fcf3,0.2371593636157798,0.8756214746001196,15
a3426bca-8b94-48e1-8c7c-ed677084fcf3,0.2371593636157798,0.8756214746001196,15
a3426bca-8b94-48e1-8c7c-ed677084fcf3,0.2371593636157798,0.8756214746001196,15
a3426bca-8b94-48e1-8c7c-ed677084fcf3,0.2371593636157798,0.8756214746001196,15
a3426bca-8b94-48e1-8c7c-ed677084fcf3,0.2371593636157798,0.8756214746001196,15
a3426bca-8b94-48e1-8c7c-ed677084fcf3,0.2371593636157798,0.8756214746001196,15
a3426bca-8b94-48e1-8c7c-ed677084fcf3,0.2371593636157798,0.8756214746001196,15
a3426bca-8b94-48e1-8c7c-ed677084fcf3,0.2371593636157798,0.8756214746001196,15
a3426bca-8b94-48e1-8c7c-ed677084fcf3,0.2371593636157798,0.8756214746001196,15
a3426bca-8b94-48e1-8c7c-ed677084fcf3,0.2371593636157798,0.8756214746001196,15
a3426bca-8b94-48e1-8c7c-ed677084fcf3,0.2371593636157798,0.8756214746001196,15
a3426bca-8b94-48e1-8c7c-ed677084fcf3,0.2371593636157798,0.8756214746001196,15
a3426bca-8b94-48e1-8c7c-ed677084fcf3,0.2371593636157798,0.8756214746001196,15
a3426bca-8b94-48e1-8c7c-ed677084fcf3,0.2371593636157798,0.8756214746001196,15
8b18b5e6-eada-4cb0-aa7b-1bf360830550,0.05651566009307276,1.0754277481662387,17
8b18b5e6-eada-4cb0-aa7b-1bf360830550,0.05651566009307276,1.0754277481662387,17
8b18b5e6-eada-4cb0-aa7b-1bf360830550,0.05651566009307276,1.0754277481662387,17
8b18b5e6-eada-4cb0-aa7b-1bf360830550,0.05651566009307276,1.0754277481662387,17
8b18b5e6-eada-4cb0-aa7b-1bf360830550,0.05651566009307276,1.0754277481662387,17
8b18b5e6-eada-4cb0-aa7b-1bf360830550,0.05651566009307276,1.0754277481662387,17
8b18b5e6-eada-4cb0-aa7b-1bf360830550,0.05651566009307276,1.0754277481662387,17
8b18b5e6-eada-4cb0-aa7b-1bf360830550,0.05651566009307276,1.0754277481662387,17
8b18b5e6-eada-4cb0-aa7b-1bf360830550,0.05651566009307276,1.0754277481662387,17
8b18b5e6-eada-4cb0-aa7b-1bf360830550,0.05651566009307276,1.0754277481662387,17
8b18b5e6-eada-4cb0-aa7b-1bf360830550,0.05651566009307276,1.0754277481662387,17
8b18b5e6-eada-4cb0-aa7b-1bf360830550,0.05651566009307276,1.0754277481662387,17
8b18b5e6-eada-4cb0-aa7b-1bf360830550,0.05651566009307276,1.0754277481662387,17
8b18b5e6-eada-4cb0-aa7b-1bf360830550,0.05651566009307276,1.0754277481662387,17
8b18b5e6-eada-4cb0-aa7b-1bf360830550,0.05651566009307276,1.0754277481662387,17
8b18b5e6-eada-4cb0-aa7b-1bf360830550,0.05651566009307276,1.0754277481662387,17
8b18b5e6-eada-4cb0-aa7b-1bf360830550,0.05651566009307276,1.0754277481662387,17
8b18b5e6-eada-4cb0-aa7b-1bf360830550,0.05651566009307276,1.0754277481662387,17
8b18b5e6-eada-4cb0-aa7b-1bf360830550,0.05651566009307276,1.0754277481662387,17
8b18b5e6-eada-4cb0-aa7b-1bf360830550,0.05651566009307276,1.0754277481662387,17
8b18b5e6-eada-4cb0-aa7b-1bf360830550,0.05651566009307276,1.0754277481662387,17
8b18b5e6-eada-4cb0-aa7b-1bf360830550,0.05651566009307276,1.0754277481662387,17
8b18b5e6-eada-4cb0-aa7b-1bf360830550,0.05651566009307276,1.0754277481662387,17
8b18b5e6-eada-4cb0-aa7b-1bf360830550,0.05651566009307276,1.0754277481662387,17
8b18b5e6-eada-4cb0-aa7b-1bf360830550,0.05651566009307276,1.0754277481662387,17
e406d89e-4f9c-4bf1-b823-9e71c611b320,0.19998195854656034,1.873855419316019,10
e406d89e-4f9c-4bf1-b823-9e71c611b320,0.19998195854656034,1.873855419316019,10
e406d89e-4f9c-4bf1-b823-9e71c611b320,0.19998195854656034,1.873855419316019,10
e406d89e-4f9c-4bf1-b823-9e71c611b320,0.19998195854656034,1.873855419316019,10
e406d89e-4f9c-4bf1-b823-9e71c611b320,0.19998195854656034,1.873855419316019,10
e406d89e-4f9c-4bf1-b823-9e71c611b320,0.19998195854656034,1.873855419316019,10
e406d89e-4f9c-4bf1-b823-9e71c611b320,0.19998195854656034,1.873855419316019,10
e406d89e-4f9c-4bf1-b823-9e71c611b320,0.19998195854656034,1.873855419316019,10
e406d89e-4f9c-4bf1-b823-9e71c611b320,0.19998195854656034,1.873855419316019,10
e406d89e-4f9c-4bf1-b823-9e71c611b320,0.19998195854656034,1.873855419316019,10
e406d89e-4f9c-4bf1-b823-9e71c611b320,0.19998195854656034,1.873855419316019,10
e406d89e-4f9c-4bf1-b823-9e71c611b320,0.19998195854656034,1.873855419316019,10
e406d89e-4f9c-4bf1-b823-9e71c611b320,0.19998195854656034,1.873855419316019,10
e406d89e-4f9c-4bf1-b823-9e71c611b320,0.19998195854656034,1.873855419316019,10
e406d89e-4f9c-4bf1-b823-9e71c611b320,0.19998195854656034,1.873855419316019,10
43ffbf0c-7a13-4398-8c00-6250a2b50ae2,0.13835634106253658,4.741576104597516,12
43ffbf0c-7a13-4398-8c00-6250a2b50ae2,0.13835634106253658,4.741576104597516,12
43ffbf0c-7a13-4398-8c00-6250a2b50ae2,0.13835634106253658,4.741576104597516,12
43ffbf0c-7a13-4398-8c00-6250a2b50ae2,0.13835634106253658,4.741576104597516,12
43ffbf0c-7a13-4398-8c00-6250a2b50ae2,0.13835634106253658,4.741576104597516,12
43ffbf0c-7a13-4398-8c00-6250a2b50ae2,0.13835634106253658,4.741576104597516,12
43ffbf0c-7a13-4398-8c00-6250a2b50ae2,0.13835634106253658,4.741576104597516,12
43ffbf0c-7a13-4398-8c00-6250a2b50ae2,0.13835634106253658,4.741576104597516,12
43ffbf0c-7a13-4398-8c00-6250a2b50ae2,0.13835634106253658,4.741576104597516,12
43ffbf0c-7a13-4398-8c00-6250a2b50ae2,0.13835634106253658,4.741576104597516,12
43ffbf0c-7a13-4398-8c00-6250a2b50ae2,0.13835634106253658,4.741576104597516,12
43ffbf0c-7a13-4398-8c00-6250a2b50ae2,0.13835634106253658,4.741576104597516,12
43ffbf0c-7a13-4398-8c00-6250a2b50ae2,0.13835634106253658,4.741576104597516,12
43ffbf0c-7a13-4398-8c00-6250a2b50ae2,0.13835634106253658,4.741576104597516,12
43ffbf0c-7a13-4398-8c00-6250a2b50ae2,0.13835634106253658,4.741576104597516,12
43ffbf0c-7a13-4398-8c00-6250a2b50ae2,0.13835634106253658,4.741576104597516,12
43ffbf0c-7a13-4398-8c00-6250a2b50ae2,0.13835634106253658,4.741576104597516,12
a2fe4938-38e3-4f93-ad1e-eff1df9ca05e,0.031943599221551565,1.565810144886255,13
a2fe4938-38e3-4f93-ad1e-eff1df9ca05e,0.031943599221551565,1.565810144886255,13
a2fe4938-38e3-4f93-ad1e-eff1df9ca05e,0.031943599221551565,1.565810144886255,13
a2fe4938-38e3-4f93-ad1e-eff1df9ca05e,0.031943599221551565,1.565810144886255,13
a2fe4938-38e3-4f93-ad1e-eff1df9ca05e,0.031943599221551565,1.565810144886255,13
a2fe4938-38e3-4f93-ad1e-eff1df9ca05e,0.031943599221551565,1.565810144886255,13
a2fe4938-38e3-4f93-ad1e-eff1df9ca05e,0.031943599221551565,1.565810144886255,13
a2fe4938-38e3-4f93-ad1e-eff1df9ca05e,0.031943599221551565,1.565810144886255,13
a2fe4938-38e3-4f93-ad1e-eff1df9ca05e,0.031943599221551565,1.565810144886255,13
a2fe4938-38e3-4f93-ad1e-eff1df9ca05e,0.031943599221551565,1.565810144886255,13
a2fe4938-38e3-4f93-ad1e-eff1df9ca05e,0.031943599221551565,1.565810144886255,13
a2fe4938-38e3-4f93-ad1e-eff1df9ca05e,0.031943599221551565,1.565810144886255,13
a2fe4938-38e3-4f93-ad1e-eff1df9ca05e,0.031943599221551565,1.565810144886255,13
a2fe4938-38e3-4f93-ad1e-eff1df9ca05e,0.031943599221551565,1.565810144886255,13
a2fe4938-38e3-4f93-ad1e-eff1df9ca05e,0.031943599221551565,1.565810144886255,13
a2fe4938-38e3-4f93-ad1e-eff1df9ca05e,0.031943599221551565,1.565810144886255,13
a2fe4938-38e3-4f93-ad1e-eff1df9ca05e,0.031943599221551565,1.565810144886255,13
a2fe4938-38e3-4f93-ad1e-eff1df9ca05e,0.031943599221551565,1.565810144886255,13
a2fe4938-38e3-4f93-ad1e-eff1df9ca05e,0.031943599221551565,1.565810144886255,13
00311047-4aea-4c19-ae7e-a08039441b24,0.04867654856088129,1.4441365346976016,11
00311047-4aea-4c19-ae7e-a08039441b24,0.04867654856088129,1.4441365346976016,11
00311047-4aea-4c19-ae7e-a08039441b24,0.04867654856088129,1.4441365346976016,11
00311047-4aea-4c19-ae7e-a08039441b24,0.04867654856088129,1.4441365346976016,11
00311047-4aea-4c19-ae7e-a08039441b24,0.04867654856088129,1.4441365346976016,11
00311047-4aea-4c19-ae7e-a08039441b24,0.04867654856088129,1.4441365346976016,11
00311047-4aea-4c19-ae7e-a08039441b24,0.04867654856088129,1.4441365346976016,11
00311047-4aea-4c19-ae7e-a08039441b24,0.04867654856088129,1.4441365346976016,11
00311047-4aea-4c19-ae7e-a08039441b24,0.04867654856088129,1.4441365346976016,11
00311047-4aea-4c19-ae7e-a08039441b24,0.04867654856088129,1.4441365346976016,11
00311047-4aea-4c19-ae7e-a08039441b24,0.04867654856088129,1.4441365346976016,11
00311047-4aea-4c19-ae7e-a08039441b24,0.04867654856088129,1.4441365346976016,11
00311047-4aea-4c19-ae7e-a08039441b24,0.04867654856088129,1.4441365346976016,11
00311047-4aea-4c19-ae7e-a08039441b24,0.04867654856088129,1.4441365346976016,11
00311047-4aea-4c19-ae7e-a08039441b24,0.04867654856088129,1.4441365346976016,11
00311047-4aea-4c19-ae7e-a08039441b24,0.04867654856088129,1.4441365346976016,11
bbb760d6-5e63-4969-adb3-c3b85e5aa8c5,0.038818141507723634,0.5000331016642718,13
bbb760d6-5e63-4969-adb3-c3b85e5aa8c5,0.038818141507723634,0.5000331016642718,13
bbb760d6-5e63-4969-adb3-c3b85e5aa8c5,0.038818141507723634,0.5000331016642718,13
bbb760d6-5e63-4969-adb3-c3b85e5aa8c5,0.038818141507723634,0.5000331016642718,13
bbb760d6-5e63-4969-adb3-c3b85e5aa8c5,0.038818141507723634,0.5000331016642718,13
bbb760d6-5e63-4969-adb3-c3b85e5aa8c5,0.038818141507723634,0.5000331016642718,13
bbb760d6-5e63-4969-adb3-c3b85e5aa8c5,0.038818141507723634,0.5000331016642718,13
bbb760d6-5e63-4969-adb3-c3b85e5aa8c5,0.038818141507723634,0.5000331016642718,13
bbb760d6-5e63-4969-adb3-c3b85e5aa8c5,0.038818141507723634,0.5000331016642718,13
bbb760d6-5e63-4969-adb3-c3b85e5aa8c5,0.038818141507723634,0.5000331016642718,13
bbb760d6-5e63-4969-adb3-c3b85e5aa8c5,0.038818141507723634,0.5000331016642718,13
bbb760d6-5e63-4969-adb3-c3b85e5aa8c5,0.038818141507723634,0.5000331016642718,13
bbb760d6-5e63-4969-adb3-c3b85e5aa8c5,0.038818141507723634,0.5000331016642718,13
bbb760d6-5e63-4969-adb3-c3b85e5aa8c5,0.038818141507723634,0.5000331016642718,13
bbb760d6-5e63-4969-adb3-c3b85e5aa8c5,0.038818141507723634,0.5000331016642718,13
bbb760d6-5e63-4969-adb3-c3b85e5aa8c5,0.038818141507723634,0.5000331016642718,13
bbb760d6-5e63-4969-adb3-c3b85e5aa8c5,0.038818141507723634,0.5000331016642718,13
feebb52c-4a98-497c-af21-29ba46eade95,0.038558604218762206,1.4493281859885712,12
feebb52c-4a98-497c-af21-29ba46eade95,0.038558604218762206,1.4493281859885712,12
feebb52c-4a98-497c-af21-29ba46eade95,0.038558604218762206,1.4493281859885712,12
feebb52c-4a98-497c-af21-29ba46eade95,0.038558604218762206,1.4493281859885712,12
feebb52c-4a98-497c-af21-29ba46eade95,0.038558604218762206,1.4493281859885712,12
feebb52c-4a98-497c-af21-29ba46eade95,0.038558604218762206,1.4493281859885712,12
feebb52c-4a98-497c-af21-29ba46eade95,0.038558604218762206,1.4493281859885712,12
feebb52c-4a98-497c-af21-29ba46eade95,0.038558604218762206,1.4493281859885712,12
feebb52c-4a98-497c-af21-29ba46eade95,0.038558604218762206,1.4493281859885712,12
feebb52c-4a98-497c-af21-29ba46eade95,0.038558604218762206,1.4493281859885712,12
feebb52c-4a98-497c-af21-29ba46eade95,0.038558604218762206,1.4493281859885712,12
feebb52c-4a98-497c-af21-29ba46eade95,0.038558604218762206,1.4493281859885712,12
feebb52c-4a98-497c-af21-29ba46eade95,0.038558604218762206,1.4493281859885712,12
feebb52c-4a98-497c-af21-29ba46eade95,0.038558604218762206,1.4493281859885712,12
feebb52c-4a98-497c-af21-29ba46eade95,0.038558604218762206,1.4493281859885712,12
feebb52c-4a98-497c-af21-29ba46eade95,0.038558604218762206,1.4493281859885712,12
feebb52c-4a98-497c-af21-29ba46eade95,0.038558604218762206,1.4493281859885712,12
bf3dab3c-360f-4236-9ca4-9471952d5be2,0.16486235186687645,168.8756985239372,15
bf3dab3c-360f-4236-9ca4-9471952d5be2,0.16486235186687645,168.8756985239372,15
bf3dab3c-360f-4236-9ca4-9471952d5be2,0.16486235186687645,168.8756985239372,15
bf3dab3c-360f-4236-9ca4-9471952d5be2,0.16486235186687645,168.8756985239372,15
bf3dab3c-360f-4236-9ca4-9471952d5be2,0.16486235186687645,168.8756985239372,15
bf3dab3c-360f-4236-9ca4-9471952d5be2,0.16486235186687645,168.8756985239372,15
bf3dab3c-360f-4236-9ca4-9471952d5be2,0.16486235186687645,168.8756985239372,15
bf3dab3c-360f-4236-9ca4-9471952d5be2,0.16486235186687645,168.8756985239372,15
bf3dab3c-360f-4236-9ca4-9471952d5be2,0.16486235186687645,168.8756985239372,15
bf3dab3c-360f-4236-9ca4-9471952d5be2,0.16486235186687645,168.8756985239372,15
bf3dab3c-360f-4236-9ca4-9471952d5be2,0.16486235186687645,168.8756985239372,15
bf3dab3c-360f-4236-9ca4-9471952d5be2,0.16486235186687645,168.8756985239372,15
bf3dab3c-360f-4236-9ca4-9471952d5be2,0.16486235186687645,168.8756985239372,15
bf3dab3c-360f-4236-9ca4-9471952d5be2,0.16486235186687645,168.8756985239372,15
bf3dab3c-360f-4236-9ca4-9471952d5be2,0.16486235186687645,168.8756985239372,15
bf3dab3c-360f-4236-9ca4-9471952d5be2,0.16486235186687645,168.8756985239372,15
bf3dab3c-360f-4236-9ca4-9471952d5be2,0.16486235186687645,168.8756985239372,15
bf3dab3c-360f-4236-9ca4-9471952d5be2,0.16486235186687645,168.8756985239372,15
bf3dab3c-360f-4236-9ca4-9471952d5be2,0.16486235186687645,168.8756985239372,15
bf3dab3c-360f-4236-9ca4-9471952d5be2,0.16486235186687645,168.8756985239372,15
bf3dab3c-360f-4236-9ca4-9471952d5be2,0.16486235186687645,168.8756985239372,15
9e6096bf-d0b7-42e4-9b7f-75bebe371200,0.04182128407966257,0.9340382703598659,20
9e6096bf-d0b7-42e4-9b7f-75bebe371200,0.04182128407966257,0.9340382703598659,20
9e6096bf-d0b7-42e4-9b7f-75bebe371200,0.04182128407966257,0.9340382703598659,20
9e6096bf-d0b7-42e4-9b7f-75bebe371200,0.04182128407966257,0.9340382703598659,20
9e6096bf-d0b7-42e4-9b7f-75bebe371200,0.04182128407966257,0.9340382703598659,20
9e6096bf-d0b7-42e4-9b7f-75bebe371200,0.04182128407966257,0.9340382703598659,20
9e6096bf-d0b7-42e4-9b7f-75bebe371200,0.04182128407966257,0.9340382703598659,20
9e6096bf-d0b7-42e4-9b7f-75bebe371200,0.04182128407966257,0.9340382703598659,20
9e6096bf-d0b7-42e4-9b7f-75bebe371200,0.04182128407966257,0.9340382703598659,20
9e6096bf-d0b7-42e4-9b7f-75bebe371200,0.04182128407966257,0.9340382703598659,20
9e6096bf-d0b7-42e4-9b7f-75bebe371200,0.04182128407966257,0.9340382703598659,20
9e6096bf-d0b7-42e4-9b7f-75bebe371200,0.04182128407966257,0.9340382703598659,20
9e6096bf-d0b7-42e4-9b7f-75bebe371200,0.04182128407966257,0.9340382703598659,20
9e6096bf-d0b7-42e4-9b7f-75bebe371200,0.04182128407966257,0.9340382703598659,20
9e6096bf-d0b7-42e4-9b7f-75bebe371200,0.04182128407966257,0.9340382703598659,20
9e6096bf-d0b7-42e4-9b7f-75bebe371200,0.04182128407966257,0.9340382703598659,20
9e6096bf-d0b7-42e4-9b7f-75bebe371200,0.04182128407966257,0.9340382703598659,20
9e6096bf-d0b7-42e4-9b7f-75bebe371200,0.04182128407966257,0.9340382703598659,20
9e6096bf-d0b7-42e4-9b7f-75bebe371200,0.04182128407966257,0.9340382703598659,20
9e6096bf-d0b7-42e4-9b7f-75bebe371200,0.04182128407966257,0.9340382703598659,20
9e6096bf-d0b7-42e4-9b7f-75bebe371200,0.04182128407966257,0.9340382703598659,20
9e6096bf-d0b7-42e4-9b7f-75bebe371200,0.04182128407966257,0.9340382703598659,20
9e6096bf-d0b7-42e4-9b7f-75bebe371200,0.04182128407966257,0.9340382703598659,20
9e6096bf-d0b7-42e4-9b7f-75bebe371200,0.04182128407966257,0.9340382703598659,20
9e6096bf-d0b7-42e4-9b7f-75bebe371200,0.04182128407966257,0.9340382703598659,20
9e6096bf-d0b7-42e4-9b7f-75bebe371200,0.04182128407966257,0.9340382703598659,20
9e6096bf-d0b7-42e4-9b7f-75bebe371200,0.04182128407966257,0.9340382703598659,20
9e6096bf-d0b7-42e4-9b7f-75bebe371200,0.04182128407966257,0.9340382703598659,20
9e6096bf-d0b7-42e4-9b7f-75bebe371200,0.04182128407966257,0.9340382703598659,20
9e6096bf-d0b7-42e4-9b7f-75bebe371200,0.04182128407966257,0.9340382703598659,20
517e3398-7196-4fd6-85d1-f20211931d09,0.07390240804206975,1.8639264801014517,17
517e3398-7196-4fd6-85d1-f20211931d09,0.07390240804206975,1.8639264801014517,17
517e3398-7196-4fd6-85d1-f20211931d09,0.07390240804206975,1.8639264801014517,17
517e3398-7196-4fd6-85d1-f20211931d09,0.07390240804206975,1.8639264801014517,17
517e3398-7196-4fd6-85d1-f20211931d09,0.07390240804206975,1.8639264801014517,17
517e3398-7196-4fd6-85d1-f20211931d09,0.07390240804206975,1.8639264801014517,17
517e3398-7196-4fd6-85d1-f20211931d09,0.07390240804206975,1.8639264801014517,17
517e3398-7196-4fd6-85d1-f20211931d09,0.07390240804206975,1.8639264801014517,17
517e3398-7196-4fd6-85d1-f20211931d09,0.07390240804206975,1.8639264801014517,17
517e3398-7196-4fd6-85d1-f20211931d09,0.07390240804206975,1.8639264801014517,17
517e3398-7196-4fd6-85d1-f20211931d09,0.07390240804206975,1.8639264801014517,17
517e3398-7196-4fd6-85d1-f20211931d09,0.07390240804206975,1.8639264801014517,17
517e3398-7196-4fd6-85d1-f20211931d09,0.07390240804206975,1.8639264801014517,17
517e3398-7196-4fd6-85d1-f20211931d09,0.07390240804206975,1.8639264801014517,17
517e3398-7196-4fd6-85d1-f20211931d09,0.07390240804206975,1.8639264801014517,17
517e3398-7196-4fd6-85d1-f20211931d09,0.07390240804206975,1.8639264801014517,17
517e3398-7196-4fd6-85d1-f20211931d09,0.07390240804206975,1.8639264801014517,17
517e3398-7196-4fd6-85d1-f20211931d09,0.07390240804206975,1.8639264801014517,17
517e3398-7196-4fd6-85d1-f20211931d09,0.07390240804206975,1.8639264801014517,17
517e3398-7196-4fd6-85d1-f20211931d09,0.07390240804206975,1.8639264801014517,17
517e3398-7196-4fd6-85d1-f20211931d09,0.07390240804206975,1.8639264801014517,17
74b91d4e-b531-4439-b204-4969540d7eee,0.027841281650233946,1.2729354904852295,14
74b91d4e-b531-4439-b204-4969540d7eee,0.027841281650233946,1.2729354904852295,14
74b91d4e-b531-4439-b204-4969540d7eee,0.027841281650233946,1.2729354904852295,14
74b91d4e-b531-4439-b204-4969540d7eee,0.027841281650233946,1.2729354904852295,14
74b91d4e-b531-4439-b204-4969540d7eee,0.027841281650233946,1.2729354904852295,14
74b91d4e-b531-4439-b204-4969540d7eee,0.027841281650233946,1.2729354904852295,14
74b91d4e-b531-4439-b204-4969540d7eee,0.027841281650233946,1.2729354904852295,14
74b91d4e-b531-4439-b204-4969540d7eee,0.027841281650233946,1.2729354904852295,14
74b91d4e-b531-4439-b204-4969540d7eee,0.027841281650233946,1.2729354904852295,14
74b91d4e-b531-4439-b204-4969540d7eee,0.027841281650233946,1.2729354904852295,14
74b91d4e-b531-4439-b204-4969540d7eee,0.027841281650233946,1.2729354904852295,14
74b91d4e-b531-4439-b204-4969540d7eee,0.027841281650233946,1.2729354904852295,14
74b91d4e-b531-4439-b204-4969540d7eee,0.027841281650233946,1.2729354904852295,14
74b91d4e-b531-4439-b204-4969540d7eee,0.027841281650233946,1.2729354904852295,14
74b91d4e-b531-4439-b204-4969540d7eee,0.027841281650233946,1.2729354904852295,14
74b91d4e-b531-4439-b204-4969540d7eee,0.027841281650233946,1.2729354904852295,14
74b91d4e-b531-4439-b204-4969540d7eee,0.027841281650233946,1.2729354904852295,14
74b91d4e-b531-4439-b204-4969540d7eee,0.027841281650233946,1.2729354904852295,14
74b91d4e-b531-4439-b204-4969540d7eee,0.027841281650233946,1.2729354904852295,14
74b91d4e-b531-4439-b204-4969540d7eee,0.027841281650233946,1.2729354904852295,14
4b0f0d7a-4321-4bda-822d-a2fc14f5cc66,0.03375540392169837,0.8848623325739987,13
4b0f0d7a-4321-4bda-822d-a2fc14f5cc66,0.03375540392169837,0.8848623325739987,13
4b0f0d7a-4321-4bda-822d-a2fc14f5cc66,0.03375540392169837,0.8848623325739987,13
4b0f0d7a-4321-4bda-822d-a2fc14f5cc66,0.03375540392169837,0.8848623325739987,13
4b0f0d7a-4321-4bda-822d-a2fc14f5cc66,0.03375540392169837,0.8848623325739987,13
4b0f0d7a-4321-4bda-822d-a2fc14f5cc66,0.03375540392169837,0.8848623325739987,13
4b0f0d7a-4321-4bda-822d-a2fc14f5cc66,0.03375540392169837,0.8848623325739987,13
4b0f0d7a-4321-4bda-822d-a2fc14f5cc66,0.03375540392169837,0.8848623325739987,13
4b0f0d7a-4321-4bda-822d-a2fc14f5cc66,0.03375540392169837,0.8848623325739987,13
4b0f0d7a-4321-4bda-822d-a2fc14f5cc66,0.03375540392169837,0.8848623325739987,13
4b0f0d7a-4321-4bda-822d-a2fc14f5cc66,0.03375540392169837,0.8848623325739987,13
4b0f0d7a-4321-4bda-822d-a2fc14f5cc66,0.03375540392169837,0.8848623325739987,13
4b0f0d7a-4321-4bda-822d-a2fc14f5cc66,0.03375540392169837,0.8848623325739987,13
4b0f0d7a-4321-4bda-822d-a2fc14f5cc66,0.03375540392169837,0.8848623325739987,13
4b0f0d7a-4321-4bda-822d-a2fc14f5cc66,0.03375540392169837,0.8848623325739987,13
61cf44b0-5525-411f-8501-46b77a562ed4,0.11539365590136899,0.8515460369844605,18
61cf44b0-5525-411f-8501-46b77a562ed4,0.11539365590136899,0.8515460369844605,18
61cf44b0-5525-411f-8501-46b77a562ed4,0.11539365590136899,0.8515460369844605,18
61cf44b0-5525-411f-8501-46b77a562ed4,0.11539365590136899,0.8515460369844605,18
61cf44b0-5525-411f-8501-46b77a562ed4,0.11539365590136899,0.8515460369844605,18
61cf44b0-5525-411f-8501-46b77a562ed4,0.11539365590136899,0.8515460369844605,18
61cf44b0-5525-411f-8501-46b77a562ed4,0.11539365590136899,0.8515460369844605,18
61cf44b0-5525-411f-8501-46b77a562ed4,0.11539365590136899,0.8515460369844605,18
61cf44b0-5525-411f-8501-46b77a562ed4,0.11539365590136899,0.8515460369844605,18
61cf44b0-5525-411f-8501-46b77a562ed4,0.11539365590136899,0.8515460369844605,18
61cf44b0-5525-411f-8501-46b77a562ed4,0.11539365590136899,0.8515460369844605,18
61cf44b0-5525-411f-8501-46b77a562ed4,0.11539365590136899,0.8515460369844605,18
61cf44b0-5525-411f-8501-46b77a562ed4,0.11539365590136899,0.8515460369844605,18
61cf44b0-5525-411f-8501-46b77a562ed4,0.11539365590136899,0.8515460369844605,18
61cf44b0-5525-411f-8501-46b77a562ed4,0.11539365590136899,0.8515460369844605,18
61cf44b0-5525-411f-8501-46b77a562ed4,0.11539365590136899,0.8515460369844605,18
61cf44b0-5525-411f-8501-46b77a562ed4,0.11539365590136899,0.8515460369844605,18
61cf44b0-5525-411f-8501-46b77a562ed4,0.11539365590136899,0.8515460369844605,18
61cf44b0-5525-411f-8501-46b77a562ed4,0.11539365590136899,0.8515460369844605,18
61cf44b0-5525-411f-8501-46b77a562ed4,0.11539365590136899,0.8515460369844605,18
9d15e1c7-898d-4239-84d0-c40100418bf5,0.027242207990195447,0.6188458605694027,16
9d15e1c7-898d-4239-84d0-c40100418bf5,0.027242207990195447,0.6188458605694027,16
9d15e1c7-898d-4239-84d0-c40100418bf5,0.027242207990195447,0.6188458605694027,16
9d15e1c7-898d-4239-84d0-c40100418bf5,0.027242207990195447,0.6188458605694027,16
9d15e1c7-898d-4239-84d0-c40100418bf5,0.027242207990195447,0.6188458605694027,16
9d15e1c7-898d-4239-84d0-c40100418bf5,0.027242207990195447,0.6188458605694027,16
9d15e1c7-898d-4239-84d0-c40100418bf5,0.027242207990195447,0.6188458605694027,16
9d15e1c7-898d-4239-84d0-c40100418bf5,0.027242207990195447,0.6188458605694027,16
9d15e1c7-898d-4239-84d0-c40100418bf5,0.027242207990195447,0.6188458605694027,16
9d15e1c7-898d-4239-84d0-c40100418bf5,0.027242207990195447,0.6188458605694027,16
9d15e1c7-898d-4239-84d0-c40100418bf5,0.027242207990195447,0.6188458605694027,16
9d15e1c7-898d-4239-84d0-c40100418bf5,0.027242207990195447,0.6188458605694027,16
9d15e1c7-898d-4239-84d0-c40100418bf5,0.027242207990195447,0.6188458605694027,16
9d15e1c7-898d-4239-84d0-c40100418bf5,0.027242207990195447,0.6188458605694027,16
9d15e1c7-898d-4239-84d0-c40100418bf5,0.027242207990195447,0.6188458605694027,16
9d15e1c7-898d-4239-84d0-c40100418bf5,0.027242207990195447,0.6188458605694027,16
9d15e1c7-898d-4239-84d0-c40100418bf5,0.027242207990195447,0.6188458605694027,16
9d15e1c7-898d-4239-84d0-c40100418bf5,0.027242207990195447,0.6188458605694027,16
9d15e1c7-898d-4239-84d0-c40100418bf5,0.027242207990195447,0.6188458605694027,16
9d15e1c7-898d-4239-84d0-c40100418bf5,0.027242207990195447,0.6188458605694027,16
9d15e1c7-898d-4239-84d0-c40100418bf5,0.027242207990195447,0.6188458605694027,16
9d15e1c7-898d-4239-84d0-c40100418bf5,0.027242207990195447,0.6188458605694027,16
9d15e1c7-898d-4239-84d0-c40100418bf5,0.027242207990195447,0.6188458605694027,16
9d15e1c7-898d-4239-84d0-c40100418bf5,0.027242207990195447,0.6188458605694027,16
9d15e1c7-898d-4239-84d0-c40100418bf5,0.027242207990195447,0.6188458605694027,16
01d30d8a-d9e4-4c81-958d-319f63e8b730,0.03009299011454765,0.584944522931388,14
01d30d8a-d9e4-4c81-958d-319f63e8b730,0.03009299011454765,0.584944522931388,14
01d30d8a-d9e4-4c81-958d-319f63e8b730,0.03009299011454765,0.584944522931388,14
01d30d8a-d9e4-4c81-958d-319f63e8b730,0.03009299011454765,0.584944522931388,14
01d30d8a-d9e4-4c81-958d-319f63e8b730,0.03009299011454765,0.584944522931388,14
01d30d8a-d9e4-4c81-958d-319f63e8b730,0.03009299011454765,0.584944522931388,14
01d30d8a-d9e4-4c81-958d-319f63e8b730,0.03009299011454765,0.584944522931388,14
01d30d8a-d9e4-4c81-958d-319f63e8b730,0.03009299011454765,0.584944522931388,14
01d30d8a-d9e4-4c81-958d-319f63e8b730,0.03009299011454765,0.584944522931388,14
01d30d8a-d9e4-4c81-958d-319f63e8b730,0.03009299011454765,0.584944522931388,14
01d30d8a-d9e4-4c81-958d-319f63e8b730,0.03009299011454765,0.584944522931388,14
01d30d8a-d9e4-4c81-958d-319f63e8b730,0.03009299011454765,0.584944522931388,14
01d30d8a-d9e4-4c81-958d-319f63e8b730,0.03009299011454765,0.584944522931388,14
01d30d8a-d9e4-4c81-958d-319f63e8b730,0.03009299011454765,0.584944522931388,14
01d30d8a-d9e4-4c81-958d-319f63e8b730,0.03009299011454765,0.584944522931388,14
01d30d8a-d9e4-4c81-958d-319f63e8b730,0.03009299011454765,0.584944522931388,14
01d30d8a-d9e4-4c81-958d-319f63e8b730,0.03009299011454765,0.584944522931388,14
01d30d8a-d9e4-4c81-958d-319f63e8b730,0.03009299011454765,0.584944522931388,14
01d30d8a-d9e4-4c81-958d-319f63e8b730,0.03009299011454765,0.584944522931388,14
258eef1d-b87f-4c68-bd31-7cf57049eda6,0.05165039959950358,1.2277760055359523,12
258eef1d-b87f-4c68-bd31-7cf57049eda6,0.05165039959950358,1.2277760055359523,12
258eef1d-b87f-4c68-bd31-7cf57049eda6,0.05165039959950358,1.2277760055359523,12
258eef1d-b87f-4c68-bd31-7cf57049eda6,0.05165039959950358,1.2277760055359523,12
258eef1d-b87f-4c68-bd31-7cf57049eda6,0.05165039959950358,1.2277760055359523,12
258eef1d-b87f-4c68-bd31-7cf57049eda6,0.05165039959950358,1.2277760055359523,12
258eef1d-b87f-4c68-bd31-7cf57049eda6,0.05165039959950358,1.2277760055359523,12
258eef1d-b87f-4c68-bd31-7cf57049eda6,0.05165039959950358,1.2277760055359523,12
258eef1d-b87f-4c68-bd31-7cf57049eda6,0.05165039959950358,1.2277760055359523,12
258eef1d-b87f-4c68-bd31-7cf57049eda6,0.05165039959950358,1.2277760055359523,12
258eef1d-b87f-4c68-bd31-7cf57049eda6,0.05165039959950358,1.2277760055359523,12
258eef1d-b87f-4c68-bd31-7cf57049eda6,0.05165039959950358,1.2277760055359523,12
258eef1d-b87f-4c68-bd31-7cf57049eda6,0.05165039959950358,1.2277760055359523,12
258eef1d-b87f-4c68-bd31-7cf57049eda6,0.05165039959950358,1.2277760055359523,12
258eef1d-b87f-4c68-bd31-7cf57049eda6,0.05165039959950358,1.2277760055359523,12
258eef1d-b87f-4c68-bd31-7cf57049eda6,0.05165039959950358,1.2277760055359523,12
258eef1d-b87f-4c68-bd31-7cf57049eda6,0.05165039959950358,1.2277760055359523,12
258eef1d-b87f-4c68-bd31-7cf57049eda6,0.05165039959950358,1.2277760055359523,12
258eef1d-b87f-4c68-bd31-7cf57049eda6,0.05165039959950358,1.2277760055359523,12
258eef1d-b87f-4c68-bd31-7cf57049eda6,0.05165039959950358,1.2277760055359523,12
258eef1d-b87f-4c68-bd31-7cf57049eda6,0.05165039959950358,1.2277760055359523,12
258eef1d-b87f-4c68-bd31-7cf57049eda6,0.05165039959950358,1.2277760055359523,12
96f72b0a-aaba-4832-87c9-dd971a7d6895,0.07581429554417976,1.9707029400839564,20
96f72b0a-aaba-4832-87c9-dd971a7d6895,0.07581429554417976,1.9707029400839564,20
96f72b0a-aaba-4832-87c9-dd971a7d6895,0.07581429554417976,1.9707029400839564,20
96f72b0a-aaba-4832-87c9-dd971a7d6895,0.07581429554417976,1.9707029400839564,20
96f72b0a-aaba-4832-87c9-dd971a7d6895,0.07581429554417976,1.9707029400839564,20
96f72b0a-aaba-4832-87c9-dd971a7d6895,0.07581429554417976,1.9707029400839564,20
96f72b0a-aaba-4832-87c9-dd971a7d6895,0.07581429554417976,1.9707029400839564,20
96f72b0a-aaba-4832-87c9-dd971a7d6895,0.07581429554417976,1.9707029400839564,20
96f72b0a-aaba-4832-87c9-dd971a7d6895,0.07581429554417976,1.9707029400839564,20
96f72b0a-aaba-4832-87c9-dd971a7d6895,0.07581429554417976,1.9707029400839564,20
96f72b0a-aaba-4832-87c9-dd971a7d6895,0.07581429554417976,1.9707029400839564,20
96f72b0a-aaba-4832-87c9-dd971a7d6895,0.07581429554417976,1.9707029400839564,20
96f72b0a-aaba-4832-87c9-dd971a7d6895,0.07581429554417976,1.9707029400839564,20
96f72b0a-aaba-4832-87c9-dd971a7d6895,0.07581429554417976,1.9707029400839564,20
96f72b0a-aaba-4832-87c9-dd971a7d6895,0.07581429554417976,1.9707029400839564,20
96f72b0a-aaba-4832-87c9-dd971a7d6895,0.07581429554417976,1.9707029400839564,20
96f72b0a-aaba-4832-87c9-dd971a7d6895,0.07581429554417976,1.9707029400839564,20
96f72b0a-aaba-4832-87c9-dd971a7d6895,0.07581429554417976,1.9707029400839564,20
96f72b0a-aaba-4832-87c9-dd971a7d6895,0.07581429554417976,1.9707029400839564,20
96f72b0a-aaba-4832-87c9-dd971a7d6895,0.07581429554417976,1.9707029400839564,20
96f72b0a-aaba-4832-87c9-dd971a7d6895,0.07581429554417976,1.9707029400839564,20
96f72b0a-aaba-4832-87c9-dd971a7d6895,0.07581429554417976,1.9707029400839564,20
96f72b0a-aaba-4832-87c9-dd971a7d6895,0.07581429554417976,1.9707029400839564,20
96f72b0a-aaba-4832-87c9-dd971a7d6895,0.07581429554417976,1.9707029400839564,20
96f72b0a-aaba-4832-87c9-dd971a7d6895,0.07581429554417976,1.9707029400839564,20
96f72b0a-aaba-4832-87c9-dd971a7d6895,0.07581429554417976,1.9707029400839564,20
96f72b0a-aaba-4832-87c9-dd971a7d6895,0.07581429554417976,1.9707029400839564,20
96f72b0a-aaba-4832-87c9-dd971a7d6895,0.07581429554417976,1.9707029400839564,20
31859246-5b80-488e-a771-3bd7c1d68c6c,0.033777271546353425,1.2178731041814115,17
31859246-5b80-488e-a771-3bd7c1d68c6c,0.033777271546353425,1.2178731041814115,17
31859246-5b80-488e-a771-3bd7c1d68c6c,0.033777271546353425,1.2178731041814115,17
31859246-5b80-488e-a771-3bd7c1d68c6c,0.033777271546353425,1.2178731041814115,17
31859246-5b80-488e-a771-3bd7c1d68c6c,0.033777271546353425,1.2178731041814115,17
31859246-5b80-488e-a771-3bd7c1d68c6c,0.033777271546353425,1.2178731041814115,17
31859246-5b80-488e-a771-3bd7c1d68c6c,0.033777271546353425,1.2178731041814115,17
31859246-5b80-488e-a771-3bd7c1d68c6c,0.033777271546353425,1.2178731041814115,17
31859246-5b80-488e-a771-3bd7c1d68c6c,0.033777271546353425,1.2178731041814115,17
31859246-5b80-488e-a771-3bd7c1d68c6c,0.033777271546353425,1.2178731041814115,17
31859246-5b80-488e-a771-3bd7c1d68c6c,0.033777271546353425,1.2178731041814115,17
31859246-5b80-488e-a771-3bd7c1d68c6c,0.033777271546353425,1.2178731041814115,17
31859246-5b80-488e-a771-3bd7c1d68c6c,0.033777271546353425,1.2178731041814115,17
31859246-5b80-488e-a771-3bd7c1d68c6c,0.033777271546353425,1.2178731041814115,17
31859246-5b80-488e-a771-3bd7c1d68c6c,0.033777271546353425,1.2178731041814115,17
31859246-5b80-488e-a771-3bd7c1d68c6c,0.033777271546353425,1.2178731041814115,17
31859246-5b80-488e-a771-3bd7c1d68c6c,0.033777271546353425,1.2178731041814115,17
31859246-5b80-488e-a771-3bd7c1d68c6c,0.033777271546353425,1.2178731041814115,17
31859246-5b80-488e-a771-3bd7c1d68c6c,0.033777271546353425,1.2178731041814115,17
31859246-5b80-488e-a771-3bd7c1d68c6c,0.033777271546353425,1.2178731041814115,17
31859246-5b80-488e-a771-3bd7c1d68c6c,0.033777271546353425,1.2178731041814115,17
31859246-5b80-488e-a771-3bd7c1d68c6c,0.033777271546353425,1.2178731041814115,17
31859246-5b80-488e-a771-3bd7c1d68c6c,0.033777271546353425,1.2178731041814115,17
72f7986e-d51c-4467-a8fb-ad19342a0c51,0.042386294549932355,1.6728507362448333,13
72f7986e-d51c-4467-a8fb-ad19342a0c51,0.042386294549932355,1.6728507362448333,13
72f7986e-d51c-4467-a8fb-ad19342a0c51,0.042386294549932355,1.6728507362448333,13
72f7986e-d51c-4467-a8fb-ad19342a0c51,0.042386294549932355,1.6728507362448333,13
72f7986e-d51c-4467-a8fb-ad19342a0c51,0.042386294549932355,1.6728507362448333,13
72f7986e-d51c-4467-a8fb-ad19342a0c51,0.042386294549932355,1.6728507362448333,13
72f7986e-d51c-4467-a8fb-ad19342a0c51,0.042386294549932355,1.6728507362448333,13
72f7986e-d51c-4467-a8fb-ad19342a0c51,0.042386294549932355,1.6728507362448333,13
72f7986e-d51c-4467-a8fb-ad19342a0c51,0.042386294549932355,1.6728507362448333,13
72f7986e-d51c-4467-a8fb-ad19342a0c51,0.042386294549932355,1.6728507362448333,13
72f7986e-d51c-4467-a8fb-ad19342a0c51,0.042386294549932355,1.6728507362448333,13
72f7986e-d51c-4467-a8fb-ad19342a0c51,0.042386294549932355,1.6728507362448333,13
72f7986e-d51c-4467-a8fb-ad19342a0c51,0.042386294549932355,1.6728507362448333,13
72f7986e-d51c-4467-a8fb-ad19342a0c51,0.042386294549932355,1.6728507362448333,13
72f7986e-d51c-4467-a8fb-ad19342a0c51,0.042386294549932355,1.6728507362448333,13
72f7986e-d51c-4467-a8fb-ad19342a0c51,0.042386294549932355,1.6728507362448333,13
72f7986e-d51c-4467-a8fb-ad19342a0c51,0.042386294549932355,1.6728507362448333,13
b125a889-653c-409e-8db6-09350ac586ee,0.02748767050796357,0.8343341576373734,15
b125a889-653c-409e-8db6-09350ac586ee,0.02748767050796357,0.8343341576373734,15
b125a889-653c-409e-8db6-09350ac586ee,0.02748767050796357,0.8343341576373734,15
b125a889-653c-409e-8db6-09350ac586ee,0.02748767050796357,0.8343341576373734,15
b125a889-653c-409e-8db6-09350ac586ee,0.02748767050796357,0.8343341576373734,15
b125a889-653c-409e-8db6-09350ac586ee,0.02748767050796357,0.8343341576373734,15
b125a889-653c-409e-8db6-09350ac586ee,0.02748767050796357,0.8343341576373734,15
b125a889-653c-409e-8db6-09350ac586ee,0.02748767050796357,0.8343341576373734,15
b125a889-653c-409e-8db6-09350ac586ee,0.02748767050796357,0.8343341576373734,15
b125a889-653c-409e-8db6-09350ac586ee,0.02748767050796357,0.8343341576373734,15
b125a889-653c-409e-8db6-09350ac586ee,0.02748767050796357,0.8343341576373734,15
b125a889-653c-409e-8db6-09350ac586ee,0.02748767050796357,0.8343341576373734,15
b125a889-653c-409e-8db6-09350ac586ee,0.02748767050796357,0.8343341576373734,15
b125a889-653c-409e-8db6-09350ac586ee,0.02748767050796357,0.8343341576373734,15
b125a889-653c-409e-8db6-09350ac586ee,0.02748767050796357,0.8343341576373734,15
b125a889-653c-409e-8db6-09350ac586ee,0.02748767050796357,0.8343341576373734,15
b125a889-653c-409e-8db6-09350ac586ee,0.02748767050796357,0.8343341576373734,15
b125a889-653c-409e-8db6-09350ac586ee,0.02748767050796357,0.8343341576373734,15
b125a889-653c-409e-8db6-09350ac586ee,0.02748767050796357,0.8343341576373734,15
b125a889-653c-409e-8db6-09350ac586ee,0.02748767050796357,0.8343341576373734,15
b125a889-653c-409e-8db6-09350ac586ee,0.02748767050796357,0.8343341576373734,15
b125a889-653c-409e-8db6-09350ac586ee,0.02748767050796357,0.8343341576373734,15
b125a889-653c-409e-8db6-09350ac586ee,0.02748767050796357,0.8343341576373734,15
f4d3ce25-a3f0-419c-8207-708d084c1be5,0.09093097382917643,0.7147457260849724,19
f4d3ce25-a3f0-419c-8207-708d084c1be5,0.09093097382917643,0.7147457260849724,19
f4d3ce25-a3f0-419c-8207-708d084c1be5,0.09093097382917643,0.7147457260849724,19
f4d3ce25-a3f0-419c-8207-708d084c1be5,0.09093097382917643,0.7147457260849724,19
f4d3ce25-a3f0-419c-8207-708d084c1be5,0.09093097382917643,0.7147457260849724,19
f4d3ce25-a3f0-419c-8207-708d084c1be5,0.09093097382917643,0.7147457260849724,19
f4d3ce25-a3f0-419c-8207-708d084c1be5,0.09093097382917643,0.7147457260849724,19
f4d3ce25-a3f0-419c-8207-708d084c1be5,0.09093097382917643,0.7147457260849724,19
f4d3ce25-a3f0-419c-8207-708d084c1be5,0.09093097382917643,0.7147457260849724,19
f4d3ce25-a3f0-419c-8207-708d084c1be5,0.09093097382917643,0.7147457260849724,19
f4d3ce25-a3f0-419c-8207-708d084c1be5,0.09093097382917643,0.7147457260849724,19
f4d3ce25-a3f0-419c-8207-708d084c1be5,0.09093097382917643,0.7147457260849724,19
f4d3ce25-a3f0-419c-8207-708d084c1be5,0.09093097382917643,0.7147457260849724,19
f4d3ce25-a3f0-419c-8207-708d084c1be5,0.09093097382917643,0.7147457260849724,19
f4d3ce25-a3f0-419c-8207-708d084c1be5,0.09093097382917643,0.7147457260849724,19
f4d3ce25-a3f0-419c-8207-708d084c1be5,0.09093097382917643,0.7147457260849724,19
f4d3ce25-a3f0-419c-8207-708d084c1be5,0.09093097382917643,0.7147457260849724,19
f4d3ce25-a3f0-419c-8207-708d084c1be5,0.09093097382917643,0.7147457260849724,19
f4d3ce25-a3f0-419c-8207-708d084c1be5,0.09093097382917643,0.7147457260849724,19
f4d3ce25-a3f0-419c-8207-708d084c1be5,0.09093097382917643,0.7147457260849724,19
f4d3ce25-a3f0-419c-8207-708d084c1be5,0.09093097382917643,0.7147457260849724,19
f4d3ce25-a3f0-419c-8207-708d084c1be5,0.09093097382917643,0.7147457260849724,19
f4d3ce25-a3f0-419c-8207-708d084c1be5,0.09093097382917643,0.7147457260849724,19
f4d3ce25-a3f0-419c-8207-708d084c1be5,0.09093097382917643,0.7147457260849724,19
dc07beac-960a-4534-936d-0ac32e1178ed,0.07518654232867607,0.8601321939490427,10
dc07beac-960a-4534-936d-0ac32e1178ed,0.07518654232867607,0.8601321939490427,10
dc07beac-960a-4534-936d-0ac32e1178ed,0.07518654232867607,0.8601321939490427,10
dc07beac-960a-4534-936d-0ac32e1178ed,0.07518654232867607,0.8601321939490427,10
dc07beac-960a-4534-936d-0ac32e1178ed,0.07518654232867607,0.8601321939490427,10
dc07beac-960a-4534-936d-0ac32e1178ed,0.07518654232867607,0.8601321939490427,10
dc07beac-960a-4534-936d-0ac32e1178ed,0.07518654232867607,0.8601321939490427,10
dc07beac-960a-4534-936d-0ac32e1178ed,0.07518654232867607,0.8601321939490427,10
dc07beac-960a-4534-936d-0ac32e1178ed,0.07518654232867607,0.8601321939490427,10
dc07beac-960a-4534-936d-0ac32e1178ed,0.07518654232867607,0.8601321939490427,10
dc07beac-960a-4534-936d-0ac32e1178ed,0.07518654232867607,0.8601321939490427,10
dc07beac-960a-4534-936d-0ac32e1178ed,0.07518654232867607,0.8601321939490427,10
dc07beac-960a-4534-936d-0ac32e1178ed,0.07518654232867607,0.8601321939490427,10
dc07beac-960a-4534-936d-0ac32e1178ed,0.07518654232867607,0.8601321939490427,10
dc07beac-960a-4534-936d-0ac32e1178ed,0.07518654232867607,0.8601321939490427,10
dc07beac-960a-4534-936d-0ac32e1178ed,0.07518654232867607,0.8601321939490427,10
c51253aa-2f09-4e2a-83de-038a7a96675a,0.0435274924868438,1.0889954869212688,16
c51253aa-2f09-4e2a-83de-038a7a96675a,0.0435274924868438,1.0889954869212688,16
c51253aa-2f09-4e2a-83de-038a7a96675a,0.0435274924868438,1.0889954869212688,16
c51253aa-2f09-4e2a-83de-038a7a96675a,0.0435274924868438,1.0889954869212688,16
c51253aa-2f09-4e2a-83de-038a7a96675a,0.0435274924868438,1.0889954869212688,16
c51253aa-2f09-4e2a-83de-038a7a96675a,0.0435274924868438,1.0889954869212688,16
c51253aa-2f09-4e2a-83de-038a7a96675a,0.0435274924868438,1.0889954869212688,16
c51253aa-2f09-4e2a-83de-038a7a96675a,0.0435274924868438,1.0889954869212688,16
c51253aa-2f09-4e2a-83de-038a7a96675a,0.0435274924868438,1.0889954869212688,16
c51253aa-2f09-4e2a-83de-038a7a96675a,0.0435274924868438,1.0889954869212688,16
c51253aa-2f09-4e2a-83de-038a7a96675a,0.0435274924868438,1.0889954869212688,16
c51253aa-2f09-4e2a-83de-038a7a96675a,0.0435274924868438,1.0889954869212688,16
c51253aa-2f09-4e2a-83de-038a7a96675a,0.0435274924868438,1.0889954869212688,16
c51253aa-2f09-4e2a-83de-038a7a96675a,0.0435274924868438,1.0889954869212688,16
c51253aa-2f09-4e2a-83de-038a7a96675a,0.0435274924868438,1.0889954869212688,16
c51253aa-2f09-4e2a-83de-038a7a96675a,0.0435274924868438,1.0889954869212688,16
c51253aa-2f09-4e2a-83de-038a7a96675a,0.0435274924868438,1.0889954869212688,16
c51253aa-2f09-4e2a-83de-038a7a96675a,0.0435274924868438,1.0889954869212688,16
c51253aa-2f09-4e2a-83de-038a7a96675a,0.0435274924868438,1.0889954869212688,16
c51253aa-2f09-4e2a-83de-038a7a96675a,0.0435274924868438,1.0889954869212688,16
c51253aa-2f09-4e2a-83de-038a7a96675a,0.0435274924868438,1.0889954869212688,16
c51253aa-2f09-4e2a-83de-038a7a96675a,0.0435274924868438,1.0889954869212688,16
c51253aa-2f09-4e2a-83de-038a7a96675a,0.0435274924868438,1.0889954869212688,16
c51253aa-2f09-4e2a-83de-038a7a96675a,0.0435274924868438,1.0889954869212688,16
c51253aa-2f09-4e2a-83de-038a7a96675a,0.0435274924868438,1.0889954869212688,16
c51253aa-2f09-4e2a-83de-038a7a96675a,0.0435274924868438,1.0889954869212688,16
c51253aa-2f09-4e2a-83de-038a7a96675a,0.0435274924868438,1.0889954869212688,16
c51253aa-2f09-4e2a-83de-038a7a96675a,0.0435274924868438,1.0889954869212688,16
c51253aa-2f09-4e2a-83de-038a7a96675a,0.0435274924868438,1.0889954869212688,16
722061e3-ff8a-4591-8b10-75f7a51b5854,0.03600734603441317,1.3042474796819765,19
722061e3-ff8a-4591-8b10-75f7a51b5854,0.03600734603441317,1.3042474796819765,19
722061e3-ff8a-4591-8b10-75f7a51b5854,0.03600734603441317,1.3042474796819765,19
722061e3-ff8a-4591-8b10-75f7a51b5854,0.03600734603441317,1.3042474796819765,19
722061e3-ff8a-4591-8b10-75f7a51b5854,0.03600734603441317,1.3042474796819765,19
722061e3-ff8a-4591-8b10-75f7a51b5854,0.03600734603441317,1.3042474796819765,19
722061e3-ff8a-4591-8b10-75f7a51b5854,0.03600734603441317,1.3042474796819765,19
722061e3-ff8a-4591-8b10-75f7a51b5854,0.03600734603441317,1.3042474796819765,19
722061e3-ff8a-4591-8b10-75f7a51b5854,0.03600734603441317,1.3042474796819765,19
722061e3-ff8a-4591-8b10-75f7a51b5854,0.03600734603441317,1.3042474796819765,19
722061e3-ff8a-4591-8b10-75f7a51b5854,0.03600734603441317,1.3042474796819765,19
722061e3-ff8a-4591-8b10-75f7a51b5854,0.03600734603441317,1.3042474796819765,19
722061e3-ff8a-4591-8b10-75f7a51b5854,0.03600734603441317,1.3042474796819765,19
722061e3-ff8a-4591-8b10-75f7a51b5854,0.03600734603441317,1.3042474796819765,19
722061e3-ff8a-4591-8b10-75f7a51b5854,0.03600734603441317,1.3042474796819765,19
722061e3-ff8a-4591-8b10-75f7a51b5854,0.03600734603441317,1.3042474796819765,19
722061e3-ff8a-4591-8b10-75f7a51b5854,0.03600734603441317,1.3042474796819765,19
722061e3-ff8a-4591-8b10-75f7a51b5854,0.03600734603441317,1.3042474796819765,19
722061e3-ff8a-4591-8b10-75f7a51b5854,0.03600734603441317,1.3042474796819765,19
722061e3-ff8a-4591-8b10-75f7a51b5854,0.03600734603441317,1.3042474796819765,19
722061e3-ff8a-4591-8b10-75f7a51b5854,0.03600734603441317,1.3042474796819765,19
722061e3-ff8a-4591-8b10-75f7a51b5854,0.03600734603441317,1.3042474796819765,19
722061e3-ff8a-4591-8b10-75f7a51b5854,0.03600734603441317,1.3042474796819765,19
722061e3-ff8a-4591-8b10-75f7a51b5854,0.03600734603441317,1.3042474796819765,19
722061e3-ff8a-4591-8b10-75f7a51b5854,0.03600734603441317,1.3042474796819765,19
722061e3-ff8a-4591-8b10-75f7a51b5854,0.03600734603441317,1.3042474796819765,19
722061e3-ff8a-4591-8b10-75f7a51b5854,0.03600734603441317,1.3042474796819765,19
49a8b0ed-a3d0-4db9-8e2a-d88f2835f2cf,0.028401500377499143,3.1315872594779735,19
49a8b0ed-a3d0-4db9-8e2a-d88f2835f2cf,0.028401500377499143,3.1315872594779735,19
49a8b0ed-a3d0-4db9-8e2a-d88f2835f2cf,0.028401500377499143,3.1315872594779735,19
49a8b0ed-a3d0-4db9-8e2a-d88f2835f2cf,0.028401500377499143,3.1315872594779735,19
49a8b0ed-a3d0-4db9-8e2a-d88f2835f2cf,0.028401500377499143,3.1315872594779735,19
49a8b0ed-a3d0-4db9-8e2a-d88f2835f2cf,0.028401500377499143,3.1315872594779735,19
49a8b0ed-a3d0-4db9-8e2a-d88f2835f2cf,0.028401500377499143,3.1315872594779735,19
49a8b0ed-a3d0-4db9-8e2a-d88f2835f2cf,0.028401500377499143,3.1315872594779735,19
49a8b0ed-a3d0-4db9-8e2a-d88f2835f2cf,0.028401500377499143,3.1315872594779735,19
49a8b0ed-a3d0-4db9-8e2a-d88f2835f2cf,0.028401500377499143,3.1315872594779735,19
49a8b0ed-a3d0-4db9-8e2a-d88f2835f2cf,0.028401500377499143,3.1315872594779735,19
49a8b0ed-a3d0-4db9-8e2a-d88f2835f2cf,0.028401500377499143,3.1315872594779735,19
49a8b0ed-a3d0-4db9-8e2a-d88f2835f2cf,0.028401500377499143,3.1315872594779735,19
49a8b0ed-a3d0-4db9-8e2a-d88f2835f2cf,0.028401500377499143,3.1315872594779735,19
49a8b0ed-a3d0-4db9-8e2a-d88f2835f2cf,0.028401500377499143,3.1315872594779735,19
49a8b0ed-a3d0-4db9-8e2a-d88f2835f2cf,0.028401500377499143,3.1315872594779735,19
49a8b0ed-a3d0-4db9-8e2a-d88f2835f2cf,0.028401500377499143,3.1315872594779735,19
49a8b0ed-a3d0-4db9-8e2a-d88f2835f2cf,0.028401500377499143,3.1315872594779735,19
49a8b0ed-a3d0-4db9-8e2a-d88f2835f2cf,0.028401500377499143,3.1315872594779735,19
49a8b0ed-a3d0-4db9-8e2a-d88f2835f2cf,0.028401500377499143,3.1315872594779735,19
49a8b0ed-a3d0-4db9-8e2a-d88f2835f2cf,0.028401500377499143,3.1315872594779735,19
49a8b0ed-a3d0-4db9-8e2a-d88f2835f2cf,0.028401500377499143,3.1315872594779735,19
49a8b0ed-a3d0-4db9-8e2a-d88f2835f2cf,0.028401500377499143,3.1315872594779735,19
49a8b0ed-a3d0-4db9-8e2a-d88f2835f2cf,0.028401500377499143,3.1315872594779735,19
49a8b0ed-a3d0-4db9-8e2a-d88f2835f2cf,0.028401500377499143,3.1315872594779735,19
49a8b0ed-a3d0-4db9-8e2a-d88f2835f2cf,0.028401500377499143,3.1315872594779735,19
49a8b0ed-a3d0-4db9-8e2a-d88f2835f2cf,0.028401500377499143,3.1315872594779735,19
49a8b0ed-a3d0-4db9-8e2a-d88f2835f2cf,0.028401500377499143,3.1315872594779735,19
49a8b0ed-a3d0-4db9-8e2a-d88f2835f2cf,0.028401500377499143,3.1315872594779735,19
dac32ded-6f31-48b7-a0d6-67918bbb5ed1,0.02011418400122915,1.5004609600599674,16
dac32ded-6f31-48b7-a0d6-67918bbb5ed1,0.02011418400122915,1.5004609600599674,16
dac32ded-6f31-48b7-a0d6-67918bbb5ed1,0.02011418400122915,1.5004609600599674,16
dac32ded-6f31-48b7-a0d6-67918bbb5ed1,0.02011418400122915,1.5004609600599674,16
dac32ded-6f31-48b7-a0d6-67918bbb5ed1,0.02011418400122915,1.5004609600599674,16
dac32ded-6f31-48b7-a0d6-67918bbb5ed1,0.02011418400122915,1.5004609600599674,16
dac32ded-6f31-48b7-a0d6-67918bbb5ed1,0.02011418400122915,1.5004609600599674,16
dac32ded-6f31-48b7-a0d6-67918bbb5ed1,0.02011418400122915,1.5004609600599674,16
dac32ded-6f31-48b7-a0d6-67918bbb5ed1,0.02011418400122915,1.5004609600599674,16
dac32ded-6f31-48b7-a0d6-67918bbb5ed1,0.02011418400122915,1.5004609600599674,16
dac32ded-6f31-48b7-a0d6-67918bbb5ed1,0.02011418400122915,1.5004609600599674,16
dac32ded-6f31-48b7-a0d6-67918bbb5ed1,0.02011418400122915,1.5004609600599674,16
dac32ded-6f31-48b7-a0d6-67918bbb5ed1,0.02011418400122915,1.5004609600599674,16
dac32ded-6f31-48b7-a0d6-67918bbb5ed1,0.02011418400122915,1.5004609600599674,16
dac32ded-6f31-48b7-a0d6-67918bbb5ed1,0.02011418400122915,1.5004609600599674,16
dac32ded-6f31-48b7-a0d6-67918bbb5ed1,0.02011418400122915,1.5004609600599674,16
dac32ded-6f31-48b7-a0d6-67918bbb5ed1,0.02011418400122915,1.5004609600599674,16
dac32ded-6f31-48b7-a0d6-67918bbb5ed1,0.02011418400122915,1.5004609600599674,16
dac32ded-6f31-48b7-a0d6-67918bbb5ed1,0.02011418400122915,1.5004609600599674,16
dac32ded-6f31-48b7-a0d6-67918bbb5ed1,0.02011418400122915,1.5004609600599674,16
dac32ded-6f31-48b7-a0d6-67918bbb5ed1,0.02011418400122915,1.5004609600599674,16
dac32ded-6f31-48b7-a0d6-67918bbb5ed1,0.02011418400122915,1.5004609600599674,16
dac32ded-6f31-48b7-a0d6-67918bbb5ed1,0.02011418400122915,1.5004609600599674,16
dac32ded-6f31-48b7-a0d6-67918bbb5ed1,0.02011418400122915,1.5004609600599674,16
dac32ded-6f31-48b7-a0d6-67918bbb5ed1,0.02011418400122915,1.5004609600599674,16
dac32ded-6f31-48b7-a0d6-67918bbb5ed1,0.02011418400122915,1.5004609600599674,16
dac32ded-6f31-48b7-a0d6-67918bbb5ed1,0.02011418400122915,1.5004609600599674,16
4fc2ca0a-3c05-4717-a064-9e6ed651a04b,0.24190159919009394,0.6538238907851854,19
4fc2ca0a-3c05-4717-a064-9e6ed651a04b,0.24190159919009394,0.6538238907851854,19
4fc2ca0a-3c05-4717-a064-9e6ed651a04b,0.24190159919009394,0.6538238907851854,19
4fc2ca0a-3c05-4717-a064-9e6ed651a04b,0.24190159919009394,0.6538238907851854,19
4fc2ca0a-3c05-4717-a064-9e6ed651a04b,0.24190159919009394,0.6538238907851854,19
4fc2ca0a-3c05-4717-a064-9e6ed651a04b,0.24190159919009394,0.6538238907851854,19
4fc2ca0a-3c05-4717-a064-9e6ed651a04b,0.24190159919009394,0.6538238907851854,19
4fc2ca0a-3c05-4717-a064-9e6ed651a04b,0.24190159919009394,0.6538238907851854,19
4fc2ca0a-3c05-4717-a064-9e6ed651a04b,0.24190159919009394,0.6538238907851854,19
4fc2ca0a-3c05-4717-a064-9e6ed651a04b,0.24190159919009394,0.6538238907851854,19
4fc2ca0a-3c05-4717-a064-9e6ed651a04b,0.24190159919009394,0.6538238907851854,19
4fc2ca0a-3c05-4717-a064-9e6ed651a04b,0.24190159919009394,0.6538238907851854,19
4fc2ca0a-3c05-4717-a064-9e6ed651a04b,0.24190159919009394,0.6538238907851854,19
4fc2ca0a-3c05-4717-a064-9e6ed651a04b,0.24190159919009394,0.6538238907851854,19
4fc2ca0a-3c05-4717-a064-9e6ed651a04b,0.24190159919009394,0.6538238907851854,19
4fc2ca0a-3c05-4717-a064-9e6ed651a04b,0.24190159919009394,0.6538238907851854,19
4fc2ca0a-3c05-4717-a064-9e6ed651a04b,0.24190159919009394,0.6538238907851854,19
4fc2ca0a-3c05-4717-a064-9e6ed651a04b,0.24190159919009394,0.6538238907851854,19
4fc2ca0a-3c05-4717-a064-9e6ed651a04b,0.24190159919009394,0.6538238907851854,19
4fc2ca0a-3c05-4717-a064-9e6ed651a04b,0.24190159919009394,0.6538238907851854,19
4fc2ca0a-3c05-4717-a064-9e6ed651a04b,0.24190159919009394,0.6538238907851854,19
4fc2ca0a-3c05-4717-a064-9e6ed651a04b,0.24190159919009394,0.6538238907851854,19
4fc2ca0a-3c05-4717-a064-9e6ed651a04b,0.24190159919009394,0.6538238907851854,19
4fc2ca0a-3c05-4717-a064-9e6ed651a04b,0.24190159919009394,0.6538238907851854,19
4fc2ca0a-3c05-4717-a064-9e6ed651a04b,0.24190159919009394,0.6538238907851854,19
4fc2ca0a-3c05-4717-a064-9e6ed651a04b,0.24190159919009394,0.6538238907851854,19
ab08eccd-0761-4b6f-b6dc-43e53990229a,0.02077005891213279,2.4894473767853644,19
ab08eccd-0761-4b6f-b6dc-43e53990229a,0.02077005891213279,2.4894473767853644,19
ab08eccd-0761-4b6f-b6dc-43e53990229a,0.02077005891213279,2.4894473767853644,19
ab08eccd-0761-4b6f-b6dc-43e53990229a,0.02077005891213279,2.4894473767853644,19
ab08eccd-0761-4b6f-b6dc-43e53990229a,0.02077005891213279,2.4894473767853644,19
ab08eccd-0761-4b6f-b6dc-43e53990229a,0.02077005891213279,2.4894473767853644,19
ab08eccd-0761-4b6f-b6dc-43e53990229a,0.02077005891213279,2.4894473767853644,19
ab08eccd-0761-4b6f-b6dc-43e53990229a,0.02077005891213279,2.4894473767853644,19
ab08eccd-0761-4b6f-b6dc-43e53990229a,0.02077005891213279,2.4894473767853644,19
ab08eccd-0761-4b6f-b6dc-43e53990229a,0.02077005891213279,2.4894473767853644,19
ab08eccd-0761-4b6f-b6dc-43e53990229a,0.02077005891213279,2.4894473767853644,19
ab08eccd-0761-4b6f-b6dc-43e53990229a,0.02077005891213279,2.4894473767853644,19
ab08eccd-0761-4b6f-b6dc-43e53990229a,0.02077005891213279,2.4894473767853644,19
ab08eccd-0761-4b6f-b6dc-43e53990229a,0.02077005891213279,2.4894473767853644,19
ab08eccd-0761-4b6f-b6dc-43e53990229a,0.02077005891213279,2.4894473767853644,19
ab08eccd-0761-4b6f-b6dc-43e53990229a,0.02077005891213279,2.4894473767853644,19
ab08eccd-0761-4b6f-b6dc-43e53990229a,0.02077005891213279,2.4894473767853644,19
ab08eccd-0761-4b6f-b6dc-43e53990229a,0.02077005891213279,2.4894473767853644,19
ab08eccd-0761-4b6f-b6dc-43e53990229a,0.02077005891213279,2.4894473767853644,19
ab08eccd-0761-4b6f-b6dc-43e53990229a,0.02077005891213279,2.4894473767853644,19
ab08eccd-0761-4b6f-b6dc-43e53990229a,0.02077005891213279,2.4894473767853644,19
ab08eccd-0761-4b6f-b6dc-43e53990229a,0.02077005891213279,2.4894473767853644,19
ab08eccd-0761-4b6f-b6dc-43e53990229a,0.02077005891213279,2.4894473767853644,19
ab08eccd-0761-4b6f-b6dc-43e53990229a,0.02077005891213279,2.4894473767853644,19
ab08eccd-0761-4b6f-b6dc-43e53990229a,0.02077005891213279,2.4894473767853644,19
ab08eccd-0761-4b6f-b6dc-43e53990229a,0.02077005891213279,2.4894473767853644,19
ab08eccd-0761-4b6f-b6dc-43e53990229a,0.02077005891213279,2.4894473767853644,19
ab08eccd-0761-4b6f-b6dc-43e53990229a,0.02077005891213279,2.4894473767853644,19
ab08eccd-0761-4b6f-b6dc-43e53990229a,0.02077005891213279,2.4894473767853644,19
3f112fa4-429e-42ed-beb7-fc120254ace0,0.06114886304708759,1.6900300519455373,14
3f112fa4-429e-42ed-beb7-fc120254ace0,0.06114886304708759,1.6900300519455373,14
3f112fa4-429e-42ed-beb7-fc120254ace0,0.06114886304708759,1.6900300519455373,14
3f112fa4-429e-42ed-beb7-fc120254ace0,0.06114886304708759,1.6900300519455373,14
3f112fa4-429e-42ed-beb7-fc120254ace0,0.06114886304708759,1.6900300519455373,14
3f112fa4-429e-42ed-beb7-fc120254ace0,0.06114886304708759,1.6900300519455373,14
3f112fa4-429e-42ed-beb7-fc120254ace0,0.06114886304708759,1.6900300519455373,14
3f112fa4-429e-42ed-beb7-fc120254ace0,0.06114886304708759,1.6900300519455373,14
3f112fa4-429e-42ed-beb7-fc120254ace0,0.06114886304708759,1.6900300519455373,14
3f112fa4-429e-42ed-beb7-fc120254ace0,0.06114886304708759,1.6900300519455373,14
3f112fa4-429e-42ed-beb7-fc120254ace0,0.06114886304708759,1.6900300519455373,14
3f112fa4-429e-42ed-beb7-fc120254ace0,0.06114886304708759,1.6900300519455373,14
3f112fa4-429e-42ed-beb7-fc120254ace0,0.06114886304708759,1.6900300519455373,14
3f112fa4-429e-42ed-beb7-fc120254ace0,0.06114886304708759,1.6900300519455373,14
3f112fa4-429e-42ed-beb7-fc120254ace0,0.06114886304708759,1.6900300519455373,14
3f112fa4-429e-42ed-beb7-fc120254ace0,0.06114886304708759,1.6900300519455373,14
3f112fa4-429e-42ed-beb7-fc120254ace0,0.06114886304708759,1.6900300519455373,14
3f112fa4-429e-42ed-beb7-fc120254ace0,0.06114886304708759,1.6900300519455373,14
3da7ddc1-6d67-4bdd-bb8f-df31a66d31f7,0.04352094177952106,0.5559206617454681,14
3da7ddc1-6d67-4bdd-bb8f-df31a66d31f7,0.04352094177952106,0.5559206617454681,14
3da7ddc1-6d67-4bdd-bb8f-df31a66d31f7,0.04352094177952106,0.5559206617454681,14
3da7ddc1-6d67-4bdd-bb8f-df31a66d31f7,0.04352094177952106,0.5559206617454681,14
3da7ddc1-6d67-4bdd-bb8f-df31a66d31f7,0.04352094177952106,0.5559206617454681,14
3da7ddc1-6d67-4bdd-bb8f-df31a66d31f7,0.04352094177952106,0.5559206617454681,14
3da7ddc1-6d67-4bdd-bb8f-df31a66d31f7,0.04352094177952106,0.5559206617454681,14
3da7ddc1-6d67-4bdd-bb8f-df31a66d31f7,0.04352094177952106,0.5559206617454681,14
3da7ddc1-6d67-4bdd-bb8f-df31a66d31f7,0.04352094177952106,0.5559206617454681,14
3da7ddc1-6d67-4bdd-bb8f-df31a66d31f7,0.04352094177952106,0.5559206617454681,14
3da7ddc1-6d67-4bdd-bb8f-df31a66d31f7,0.04352094177952106,0.5559206617454681,14
3da7ddc1-6d67-4bdd-bb8f-df31a66d31f7,0.04352094177952106,0.5559206617454681,14
3da7ddc1-6d67-4bdd-bb8f-df31a66d31f7,0.04352094177952106,0.5559206617454681,14
3da7ddc1-6d67-4bdd-bb8f-df31a66d31f7,0.04352094177952106,0.5559206617454681,14
3da7ddc1-6d67-4bdd-bb8f-df31a66d31f7,0.04352094177952106,0.5559206617454681,14
3da7ddc1-6d67-4bdd-bb8f-df31a66d31f7,0.04352094177952106,0.5559206617454681,14
3da7ddc1-6d67-4bdd-bb8f-df31a66d31f7,0.04352094177952106,0.5559206617454681,14
3da7ddc1-6d67-4bdd-bb8f-df31a66d31f7,0.04352094177952106,0.5559206617454681,14
3da7ddc1-6d67-4bdd-bb8f-df31a66d31f7,0.04352094177952106,0.5559206617454681,14
1bf0e67c-b2ec-4f8d-ae02-ed7f93bef404,0.05104698180680575,6.528550251386131,17
1bf0e67c-b2ec-4f8d-ae02-ed7f93bef404,0.05104698180680575,6.528550251386131,17
1bf0e67c-b2ec-4f8d-ae02-ed7f93bef404,0.05104698180680575,6.528550251386131,17
1bf0e67c-b2ec-4f8d-ae02-ed7f93bef404,0.05104698180680575,6.528550251386131,17
1bf0e67c-b2ec-4f8d-ae02-ed7f93bef404,0.05104698180680575,6.528550251386131,17
1bf0e67c-b2ec-4f8d-ae02-ed7f93bef404,0.05104698180680575,6.528550251386131,17
1bf0e67c-b2ec-4f8d-ae02-ed7f93bef404,0.05104698180680575,6.528550251386131,17
1bf0e67c-b2ec-4f8d-ae02-ed7f93bef404,0.05104698180680575,6.528550251386131,17
1bf0e67c-b2ec-4f8d-ae02-ed7f93bef404,0.05104698180680575,6.528550251386131,17
1bf0e67c-b2ec-4f8d-ae02-ed7f93bef404,0.05104698180680575,6.528550251386131,17
1bf0e67c-b2ec-4f8d-ae02-ed7f93bef404,0.05104698180680575,6.528550251386131,17
1bf0e67c-b2ec-4f8d-ae02-ed7f93bef404,0.05104698180680575,6.528550251386131,17
1bf0e67c-b2ec-4f8d-ae02-ed7f93bef404,0.05104698180680575,6.528550251386131,17
1bf0e67c-b2ec-4f8d-ae02-ed7f93bef404,0.05104698180680575,6.528550251386131,17
1bf0e67c-b2ec-4f8d-ae02-ed7f93bef404,0.05104698180680575,6.528550251386131,17
1bf0e67c-b2ec-4f8d-ae02-ed7f93bef404,0.05104698180680575,6.528550251386131,17
1bf0e67c-b2ec-4f8d-ae02-ed7f93bef404,0.05104698180680575,6.528550251386131,17
1bf0e67c-b2ec-4f8d-ae02-ed7f93bef404,0.05104698180680575,6.528550251386131,17
1bf0e67c-b2ec-4f8d-ae02-ed7f93bef404,0.05104698180680575,6.528550251386131,17
1bf0e67c-b2ec-4f8d-ae02-ed7f93bef404,0.05104698180680575,6.528550251386131,17
1bf0e67c-b2ec-4f8d-ae02-ed7f93bef404,0.05104698180680575,6.528550251386131,17
1bf0e67c-b2ec-4f8d-ae02-ed7f93bef404,0.05104698180680575,6.528550251386131,17
1bf0e67c-b2ec-4f8d-ae02-ed7f93bef404,0.05104698180680575,6.528550251386131,17
f847b966-8035-4d70-ae44-7d655d4d4822,0.07991259894516711,2.486211720966174,12
f847b966-8035-4d70-ae44-7d655d4d4822,0.07991259894516711,2.486211720966174,12
f847b966-8035-4d70-ae44-7d655d4d4822,0.07991259894516711,2.486211720966174,12
f847b966-8035-4d70-ae44-7d655d4d4822,0.07991259894516711,2.486211720966174,12
f847b966-8035-4d70-ae44-7d655d4d4822,0.07991259894516711,2.486211720966174,12
f847b966-8035-4d70-ae44-7d655d4d4822,0.07991259894516711,2.486211720966174,12
f847b966-8035-4d70-ae44-7d655d4d4822,0.07991259894516711,2.486211720966174,12
f847b966-8035-4d70-ae44-7d655d4d4822,0.07991259894516711,2.486211720966174,12
f847b966-8035-4d70-ae44-7d655d4d4822,0.07991259894516711,2.486211720966174,12
f847b966-8035-4d70-ae44-7d655d4d4822,0.07991259894516711,2.486211720966174,12
f847b966-8035-4d70-ae44-7d655d4d4822,0.07991259894516711,2.486211720966174,12
f847b966-8035-4d70-ae44-7d655d4d4822,0.07991259894516711,2.486211720966174,12
f847b966-8035-4d70-ae44-7d655d4d4822,0.07991259894516711,2.486211720966174,12
f847b966-8035-4d70-ae44-7d655d4d4822,0.07991259894516711,2.486211720966174,12
f847b966-8035-4d70-ae44-7d655d4d4822,0.07991259894516711,2.486211720966174,12
f847b966-8035-4d70-ae44-7d655d4d4822,0.07991259894516711,2.486211720966174,12
f847b966-8035-4d70-ae44-7d655d4d4822,0.07991259894516711,2.486211720966174,12
5ccee1e5-8659-4038-81c4-b59bca0c7ca6,0.027363994318048205,0.7450637086012041,15
5ccee1e5-8659-4038-81c4-b59bca0c7ca6,0.027363994318048205,0.7450637086012041,15
5ccee1e5-8659-4038-81c4-b59bca0c7ca6,0.027363994318048205,0.7450637086012041,15
5ccee1e5-8659-4038-81c4-b59bca0c7ca6,0.027363994318048205,0.7450637086012041,15
5ccee1e5-8659-4038-81c4-b59bca0c7ca6,0.027363994318048205,0.7450637086012041,15
5ccee1e5-8659-4038-81c4-b59bca0c7ca6,0.027363994318048205,0.7450637086012041,15
5ccee1e5-8659-4038-81c4-b59bca0c7ca6,0.027363994318048205,0.7450637086012041,15
5ccee1e5-8659-4038-81c4-b59bca0c7ca6,0.027363994318048205,0.7450637086012041,15
5ccee1e5-8659-4038-81c4-b59bca0c7ca6,0.027363994318048205,0.7450637086012041,15
5ccee1e5-8659-4038-81c4-b59bca0c7ca6,0.027363994318048205,0.7450637086012041,15
5ccee1e5-8659-4038-81c4-b59bca0c7ca6,0.027363994318048205,0.7450637086012041,15
5ccee1e5-8659-4038-81c4-b59bca0c7ca6,0.027363994318048205,0.7450637086012041,15
5ccee1e5-8659-4038-81c4-b59bca0c7ca6,0.027363994318048205,0.7450637086012041,15
5ccee1e5-8659-4038-81c4-b59bca0c7ca6,0.027363994318048205,0.7450637086012041,15
5ccee1e5-8659-4038-81c4-b59bca0c7ca6,0.027363994318048205,0.7450637086012041,15
5ccee1e5-8659-4038-81c4-b59bca0c7ca6,0.027363994318048205,0.7450637086012041,15
5ccee1e5-8659-4038-81c4-b59bca0c7ca6,0.027363994318048205,0.7450637086012041,15
5ccee1e5-8659-4038-81c4-b59bca0c7ca6,0.027363994318048205,0.7450637086012041,15
5ccee1e5-8659-4038-81c4-b59bca0c7ca6,0.027363994318048205,0.7450637086012041,15
5ccee1e5-8659-4038-81c4-b59bca0c7ca6,0.027363994318048205,0.7450637086012041,15
5ccee1e5-8659-4038-81c4-b59bca0c7ca6,0.027363994318048205,0.7450637086012041,15
5ccee1e5-8659-4038-81c4-b59bca0c7ca6,0.027363994318048205,0.7450637086012041,15
5ccee1e5-8659-4038-81c4-b59bca0c7ca6,0.027363994318048205,0.7450637086012041,15
cf00624e-3492-426f-8b3e-719550d4a995,0.04665697820112087,1.514620131290668,15
cf00624e-3492-426f-8b3e-719550d4a995,0.04665697820112087,1.514620131290668,15
cf00624e-3492-426f-8b3e-719550d4a995,0.04665697820112087,1.514620131290668,15
cf00624e-3492-426f-8b3e-719550d4a995,0.04665697820112087,1.514620131290668,15
cf00624e-3492-426f-8b3e-719550d4a995,0.04665697820112087,1.514620131290668,15
cf00624e-3492-426f-8b3e-719550d4a995,0.04665697820112087,1.514620131290668,15
cf00624e-3492-426f-8b3e-719550d4a995,0.04665697820112087,1.514620131290668,15
cf00624e-3492-426f-8b3e-719550d4a995,0.04665697820112087,1.514620131290668,15
cf00624e-3492-426f-8b3e-719550d4a995,0.04665697820112087,1.514620131290668,15
cf00624e-3492-426f-8b3e-719550d4a995,0.04665697820112087,1.514620131290668,15
cf00624e-3492-426f-8b3e-719550d4a995,0.04665697820112087,1.514620131290668,15
cf00624e-3492-426f-8b3e-719550d4a995,0.04665697820112087,1.514620131290668,15
cf00624e-3492-426f-8b3e-719550d4a995,0.04665697820112087,1.514620131290668,15
cf00624e-3492-426f-8b3e-719550d4a995,0.04665697820112087,1.514620131290668,15
cf00624e-3492-426f-8b3e-719550d4a995,0.04665697820112087,1.514620131290668,15
cf00624e-3492-426f-8b3e-719550d4a995,0.04665697820112087,1.514620131290668,15
cf00624e-3492-426f-8b3e-719550d4a995,0.04665697820112087,1.514620131290668,15
cf00624e-3492-426f-8b3e-719550d4a995,0.04665697820112087,1.514620131290668,15
cf00624e-3492-426f-8b3e-719550d4a995,0.04665697820112087,1.514620131290668,15
6f833ec2-a046-4591-b634-a7bee55bb9cf,0.038145092718712637,3.1028957708340243,18
6f833ec2-a046-4591-b634-a7bee55bb9cf,0.038145092718712637,3.1028957708340243,18
6f833ec2-a046-4591-b634-a7bee55bb9cf,0.038145092718712637,3.1028957708340243,18
6f833ec2-a046-4591-b634-a7bee55bb9cf,0.038145092718712637,3.1028957708340243,18
6f833ec2-a046-4591-b634-a7bee55bb9cf,0.038145092718712637,3.1028957708340243,18
6f833ec2-a046-4591-b634-a7bee55bb9cf,0.038145092718712637,3.1028957708340243,18
6f833ec2-a046-4591-b634-a7bee55bb9cf,0.038145092718712637,3.1028957708340243,18
6f833ec2-a046-4591-b634-a7bee55bb9cf,0.038145092718712637,3.1028957708340243,18
6f833ec2-a046-4591-b634-a7bee55bb9cf,0.038145092718712637,3.1028957708340243,18
6f833ec2-a046-4591-b634-a7bee55bb9cf,0.038145092718712637,3.1028957708340243,18
6f833ec2-a046-4591-b634-a7bee55bb9cf,0.038145092718712637,3.1028957708340243,18
6f833ec2-a046-4591-b634-a7bee55bb9cf,0.038145092718712637,3.1028957708340243,18
6f833ec2-a046-4591-b634-a7bee55bb9cf,0.038145092718712637,3.1028957708340243,18
6f833ec2-a046-4591-b634-a7bee55bb9cf,0.038145092718712637,3.1028957708340243,18
6f833ec2-a046-4591-b634-a7bee55bb9cf,0.038145092718712637,3.1028957708340243,18
6f833ec2-a046-4591-b634-a7bee55bb9cf,0.038145092718712637,3.1028957708340243,18
6f833ec2-a046-4591-b634-a7bee55bb9cf,0.038145092718712637,3.1028957708340243,18
6f833ec2-a046-4591-b634-a7bee55bb9cf,0.038145092718712637,3.1028957708340243,18
6f833ec2-a046-4591-b634-a7bee55bb9cf,0.038145092718712637,3.1028957708340243,18
ca2d00fb-9e8d-4968-b3a7-230956b4bb12,0.021609157889490565,1.5014921346941625,14
ca2d00fb-9e8d-4968-b3a7-230956b4bb12,0.021609157889490565,1.5014921346941625,14
ca2d00fb-9e8d-4968-b3a7-230956b4bb12,0.021609157889490565,1.5014921346941625,14
ca2d00fb-9e8d-4968-b3a7-230956b4bb12,0.021609157889490565,1.5014921346941625,14
ca2d00fb-9e8d-4968-b3a7-230956b4bb12,0.021609157889490565,1.5014921346941625,14
ca2d00fb-9e8d-4968-b3a7-230956b4bb12,0.021609157889490565,1.5014921346941625,14
ca2d00fb-9e8d-4968-b3a7-230956b4bb12,0.021609157889490565,1.5014921346941625,14
ca2d00fb-9e8d-4968-b3a7-230956b4bb12,0.021609157889490565,1.5014921346941625,14
ca2d00fb-9e8d-4968-b3a7-230956b4bb12,0.021609157889490565,1.5014921346941625,14
ca2d00fb-9e8d-4968-b3a7-230956b4bb12,0.021609157889490565,1.5014921346941625,14
ca2d00fb-9e8d-4968-b3a7-230956b4bb12,0.021609157889490565,1.5014921346941625,14
ca2d00fb-9e8d-4968-b3a7-230956b4bb12,0.021609157889490565,1.5014921346941625,14
ca2d00fb-9e8d-4968-b3a7-230956b4bb12,0.021609157889490565,1.5014921346941625,14
ca2d00fb-9e8d-4968-b3a7-230956b4bb12,0.021609157889490565,1.5014921346941625,14
ca2d00fb-9e8d-4968-b3a7-230956b4bb12,0.021609157889490565,1.5014921346941625,14
ca2d00fb-9e8d-4968-b3a7-230956b4bb12,0.021609157889490565,1.5014921346941625,14
ca2d00fb-9e8d-4968-b3a7-230956b4bb12,0.021609157889490565,1.5014921346941625,14
ca2d00fb-9e8d-4968-b3a7-230956b4bb12,0.021609157889490565,1.5014921346941625,14
ca2d00fb-9e8d-4968-b3a7-230956b4bb12,0.021609157889490565,1.5014921346941625,14
ca2d00fb-9e8d-4968-b3a7-230956b4bb12,0.021609157889490565,1.5014921346941625,14
ca2d00fb-9e8d-4968-b3a7-230956b4bb12,0.021609157889490565,1.5014921346941625,14
ca2d00fb-9e8d-4968-b3a7-230956b4bb12,0.021609157889490565,1.5014921346941625,14
a69bae5b-b9b9-4c9a-970d-d13839dac212,0.0441682798944014,1.9399291888173724,19
a69bae5b-b9b9-4c9a-970d-d13839dac212,0.0441682798944014,1.9399291888173724,19
a69bae5b-b9b9-4c9a-970d-d13839dac212,0.0441682798944014,1.9399291888173724,19
a69bae5b-b9b9-4c9a-970d-d13839dac212,0.0441682798944014,1.9399291888173724,19
a69bae5b-b9b9-4c9a-970d-d13839dac212,0.0441682798944014,1.9399291888173724,19
a69bae5b-b9b9-4c9a-970d-d13839dac212,0.0441682798944014,1.9399291888173724,19
a69bae5b-b9b9-4c9a-970d-d13839dac212,0.0441682798944014,1.9399291888173724,19
a69bae5b-b9b9-4c9a-970d-d13839dac212,0.0441682798944014,1.9399291888173724,19
a69bae5b-b9b9-4c9a-970d-d13839dac212,0.0441682798944014,1.9399291888173724,19
a69bae5b-b9b9-4c9a-970d-d13839dac212,0.0441682798944014,1.9399291888173724,19
a69bae5b-b9b9-4c9a-970d-d13839dac212,0.0441682798944014,1.9399291888173724,19
a69bae5b-b9b9-4c9a-970d-d13839dac212,0.0441682798944014,1.9399291888173724,19
a69bae5b-b9b9-4c9a-970d-d13839dac212,0.0441682798944014,1.9399291888173724,19
a69bae5b-b9b9-4c9a-970d-d13839dac212,0.0441682798944014,1.9399291888173724,19
a69bae5b-b9b9-4c9a-970d-d13839dac212,0.0441682798944014,1.9399291888173724,19
a69bae5b-b9b9-4c9a-970d-d13839dac212,0.0441682798944014,1.9399291888173724,19
a69bae5b-b9b9-4c9a-970d-d13839dac212,0.0441682798944014,1.9399291888173724,19
a69bae5b-b9b9-4c9a-970d-d13839dac212,0.0441682798944014,1.9399291888173724,19
a69bae5b-b9b9-4c9a-970d-d13839dac212,0.0441682798944014,1.9399291888173724,19
a69bae5b-b9b9-4c9a-970d-d13839dac212,0.0441682798944014,1.9399291888173724,19
a69bae5b-b9b9-4c9a-970d-d13839dac212,0.0441682798944014,1.9399291888173724,19
a69bae5b-b9b9-4c9a-970d-d13839dac212,0.0441682798944014,1.9399291888173724,19
a69bae5b-b9b9-4c9a-970d-d13839dac212,0.0441682798944014,1.9399291888173724,19
a69bae5b-b9b9-4c9a-970d-d13839dac212,0.0441682798944014,1.9399291888173724,19
fd070e29-6d5c-4a62-adc9-db8e7c3c0459,0.05908474205309875,0.5963079493087399,14
fd070e29-6d5c-4a62-adc9-db8e7c3c0459,0.05908474205309875,0.5963079493087399,14
fd070e29-6d5c-4a62-adc9-db8e7c3c0459,0.05908474205309875,0.5963079493087399,14
fd070e29-6d5c-4a62-adc9-db8e7c3c0459,0.05908474205309875,0.5963079493087399,14
fd070e29-6d5c-4a62-adc9-db8e7c3c0459,0.05908474205309875,0.5963079493087399,14
fd070e29-6d5c-4a62-adc9-db8e7c3c0459,0.05908474205309875,0.5963079493087399,14
fd070e29-6d5c-4a62-adc9-db8e7c3c0459,0.05908474205309875,0.5963079493087399,14
fd070e29-6d5c-4a62-adc9-db8e7c3c0459,0.05908474205309875,0.5963079493087399,14
fd070e29-6d5c-4a62-adc9-db8e7c3c0459,0.05908474205309875,0.5963079493087399,14
fd070e29-6d5c-4a62-adc9-db8e7c3c0459,0.05908474205309875,0.5963079493087399,14
fd070e29-6d5c-4a62-adc9-db8e7c3c0459,0.05908474205309875,0.5963079493087399,14
fd070e29-6d5c-4a62-adc9-db8e7c3c0459,0.05908474205309875,0.5963079493087399,14
fd070e29-6d5c-4a62-adc9-db8e7c3c0459,0.05908474205309875,0.5963079493087399,14
fd070e29-6d5c-4a62-adc9-db8e7c3c0459,0.05908474205309875,0.5963079493087399,14
fd070e29-6d5c-4a62-adc9-db8e7c3c0459,0.05908474205309875,0.5963079493087399,14
fd070e29-6d5c-4a62-adc9-db8e7c3c0459,0.05908474205309875,0.5963079493087399,14
fd070e29-6d5c-4a62-adc9-db8e7c3c0459,0.05908474205309875,0.5963079493087399,14
a5744d05-1109-42ae-a261-77536b5c9599,0.1682531224778831,0.8869754636995764,16
a5744d05-1109-42ae-a261-77536b5c9599,0.1682531224778831,0.8869754636995764,16
a5744d05-1109-42ae-a261-77536b5c9599,0.1682531224778831,0.8869754636995764,16
a5744d05-1109-42ae-a261-77536b5c9599,0.1682531224778831,0.8869754636995764,16
a5744d05-1109-42ae-a261-77536b5c9599,0.1682531224778831,0.8869754636995764,16
a5744d05-1109-42ae-a261-77536b5c9599,0.1682531224778831,0.8869754636995764,16
a5744d05-1109-42ae-a261-77536b5c9599,0.1682531224778831,0.8869754636995764,16
a5744d05-1109-42ae-a261-77536b5c9599,0.1682531224778831,0.8869754636995764,16
a5744d05-1109-42ae-a261-77536b5c9599,0.1682531224778831,0.8869754636995764,16
a5744d05-1109-42ae-a261-77536b5c9599,0.1682531224778831,0.8869754636995764,16
a5744d05-1109-42ae-a261-77536b5c9599,0.1682531224778831,0.8869754636995764,16
a5744d05-1109-42ae-a261-77536b5c9599,0.1682531224778831,0.8869754636995764,16
a5744d05-1109-42ae-a261-77536b5c9599,0.1682531224778831,0.8869754636995764,16
a5744d05-1109-42ae-a261-77536b5c9599,0.1682531224778831,0.8869754636995764,16
a5744d05-1109-42ae-a261-77536b5c9599,0.1682531224778831,0.8869754636995764,16
a5744d05-1109-42ae-a261-77536b5c9599,0.1682531224778831,0.8869754636995764,16
a5744d05-1109-42ae-a261-77536b5c9599,0.1682531224778831,0.8869754636995764,16
a5744d05-1109-42ae-a261-77536b5c9599,0.1682531224778831,0.8869754636995764,16
a5744d05-1109-42ae-a261-77536b5c9599,0.1682531224778831,0.8869754636995764,16
a5744d05-1109-42ae-a261-77536b5c9599,0.1682531224778831,0.8869754636995764,16
a5744d05-1109-42ae-a261-77536b5c9599,0.1682531224778831,0.8869754636995764,16
a5744d05-1109-42ae-a261-77536b5c9599,0.1682531224778831,0.8869754636995764,16
a5744d05-1109-42ae-a261-77536b5c9599,0.1682531224778831,0.8869754636995764,16
580ef8ed-2cd1-463c-a26a-ae20f549012e,0.03742117231381283,1.0729629537464065,19
580ef8ed-2cd1-463c-a26a-ae20f549012e,0.03742117231381283,1.0729629537464065,19
580ef8ed-2cd1-463c-a26a-ae20f549012e,0.03742117231381283,1.0729629537464065,19
580ef8ed-2cd1-463c-a26a-ae20f549012e,0.03742117231381283,1.0729629537464065,19
580ef8ed-2cd1-463c-a26a-ae20f549012e,0.03742117231381283,1.0729629537464065,19
580ef8ed-2cd1-463c-a26a-ae20f549012e,0.03742117231381283,1.0729629537464065,19
580ef8ed-2cd1-463c-a26a-ae20f549012e,0.03742117231381283,1.0729629537464065,19
580ef8ed-2cd1-463c-a26a-ae20f549012e,0.03742117231381283,1.0729629537464065,19
580ef8ed-2cd1-463c-a26a-ae20f549012e,0.03742117231381283,1.0729629537464065,19
580ef8ed-2cd1-463c-a26a-ae20f549012e,0.03742117231381283,1.0729629537464065,19
580ef8ed-2cd1-463c-a26a-ae20f549012e,0.03742117231381283,1.0729629537464065,19
580ef8ed-2cd1-463c-a26a-ae20f549012e,0.03742117231381283,1.0729629537464065,19
580ef8ed-2cd1-463c-a26a-ae20f549012e,0.03742117231381283,1.0729629537464065,19
580ef8ed-2cd1-463c-a26a-ae20f549012e,0.03742117231381283,1.0729629537464065,19
580ef8ed-2cd1-463c-a26a-ae20f549012e,0.03742117231381283,1.0729629537464065,19
580ef8ed-2cd1-463c-a26a-ae20f549012e,0.03742117231381283,1.0729629537464065,19
580ef8ed-2cd1-463c-a26a-ae20f549012e,0.03742117231381283,1.0729629537464065,19
580ef8ed-2cd1-463c-a26a-ae20f549012e,0.03742117231381283,1.0729629537464065,19
580ef8ed-2cd1-463c-a26a-ae20f549012e,0.03742117231381283,1.0729629537464065,19
580ef8ed-2cd1-463c-a26a-ae20f549012e,0.03742117231381283,1.0729629537464065,19
580ef8ed-2cd1-463c-a26a-ae20f549012e,0.03742117231381283,1.0729629537464065,19
580ef8ed-2cd1-463c-a26a-ae20f549012e,0.03742117231381283,1.0729629537464065,19
580ef8ed-2cd1-463c-a26a-ae20f549012e,0.03742117231381283,1.0729629537464065,19
580ef8ed-2cd1-463c-a26a-ae20f549012e,0.03742117231381283,1.0729629537464065,19
580ef8ed-2cd1-463c-a26a-ae20f549012e,0.03742117231381283,1.0729629537464065,19
580ef8ed-2cd1-463c-a26a-ae20f549012e,0.03742117231381283,1.0729629537464065,19
74414a0d-56ec-4480-88ad-441a0f715643,0.03369333592028278,1.3603570297385865,18
74414a0d-56ec-4480-88ad-441a0f715643,0.03369333592028278,1.3603570297385865,18
74414a0d-56ec-4480-88ad-441a0f715643,0.03369333592028278,1.3603570297385865,18
74414a0d-56ec-4480-88ad-441a0f715643,0.03369333592028278,1.3603570297385865,18
74414a0d-56ec-4480-88ad-441a0f715643,0.03369333592028278,1.3603570297385865,18
74414a0d-56ec-4480-88ad-441a0f715643,0.03369333592028278,1.3603570297385865,18
74414a0d-56ec-4480-88ad-441a0f715643,0.03369333592028278,1.3603570297385865,18
74414a0d-56ec-4480-88ad-441a0f715643,0.03369333592028278,1.3603570297385865,18
74414a0d-56ec-4480-88ad-441a0f715643,0.03369333592028278,1.3603570297385865,18
74414a0d-56ec-4480-88ad-441a0f715643,0.03369333592028278,1.3603570297385865,18
74414a0d-56ec-4480-88ad-441a0f715643,0.03369333592028278,1.3603570297385865,18
74414a0d-56ec-4480-88ad-441a0f715643,0.03369333592028278,1.3603570297385865,18
74414a0d-56ec-4480-88ad-441a0f715643,0.03369333592028278,1.3603570297385865,18
74414a0d-56ec-4480-88ad-441a0f715643,0.03369333592028278,1.3603570297385865,18
74414a0d-56ec-4480-88ad-441a0f715643,0.03369333592028278,1.3603570297385865,18
74414a0d-56ec-4480-88ad-441a0f715643,0.03369333592028278,1.3603570297385865,18
74414a0d-56ec-4480-88ad-441a0f715643,0.03369333592028278,1.3603570297385865,18
74414a0d-56ec-4480-88ad-441a0f715643,0.03369333592028278,1.3603570297385865,18
74414a0d-56ec-4480-88ad-441a0f715643,0.03369333592028278,1.3603570297385865,18
74414a0d-56ec-4480-88ad-441a0f715643,0.03369333592028278,1.3603570297385865,18
74414a0d-56ec-4480-88ad-441a0f715643,0.03369333592028278,1.3603570297385865,18
74414a0d-56ec-4480-88ad-441a0f715643,0.03369333592028278,1.3603570297385865,18
74414a0d-56ec-4480-88ad-441a0f715643,0.03369333592028278,1.3603570297385865,18
74414a0d-56ec-4480-88ad-441a0f715643,0.03369333592028278,1.3603570297385865,18
74414a0d-56ec-4480-88ad-441a0f715643,0.03369333592028278,1.3603570297385865,18
74414a0d-56ec-4480-88ad-441a0f715643,0.03369333592028278,1.3603570297385865,18
74414a0d-56ec-4480-88ad-441a0f715643,0.03369333592028278,1.3603570297385865,18
74414a0d-56ec-4480-88ad-441a0f715643,0.03369333592028278,1.3603570297385865,18
4dac715e-a5f0-45fb-9372-7f85e3cc35a9,0.036784665645670345,1.5078720804995065,18
4dac715e-a5f0-45fb-9372-7f85e3cc35a9,0.036784665645670345,1.5078720804995065,18
4dac715e-a5f0-45fb-9372-7f85e3cc35a9,0.036784665645670345,1.5078720804995065,18
4dac715e-a5f0-45fb-9372-7f85e3cc35a9,0.036784665645670345,1.5078720804995065,18
4dac715e-a5f0-45fb-9372-7f85e3cc35a9,0.036784665645670345,1.5078720804995065,18
4dac715e-a5f0-45fb-9372-7f85e3cc35a9,0.036784665645670345,1.5078720804995065,18
4dac715e-a5f0-45fb-9372-7f85e3cc35a9,0.036784665645670345,1.5078720804995065,18
4dac715e-a5f0-45fb-9372-7f85e3cc35a9,0.036784665645670345,1.5078720804995065,18
4dac715e-a5f0-45fb-9372-7f85e3cc35a9,0.036784665645670345,1.5078720804995065,18
4dac715e-a5f0-45fb-9372-7f85e3cc35a9,0.036784665645670345,1.5078720804995065,18
4dac715e-a5f0-45fb-9372-7f85e3cc35a9,0.036784665645670345,1.5078720804995065,18
4dac715e-a5f0-45fb-9372-7f85e3cc35a9,0.036784665645670345,1.5078720804995065,18
4dac715e-a5f0-45fb-9372-7f85e3cc35a9,0.036784665645670345,1.5078720804995065,18
4dac715e-a5f0-45fb-9372-7f85e3cc35a9,0.036784665645670345,1.5078720804995065,18
4dac715e-a5f0-45fb-9372-7f85e3cc35a9,0.036784665645670345,1.5078720804995065,18
4dac715e-a5f0-45fb-9372-7f85e3cc35a9,0.036784665645670345,1.5078720804995065,18
4dac715e-a5f0-45fb-9372-7f85e3cc35a9,0.036784665645670345,1.5078720804995065,18
4dac715e-a5f0-45fb-9372-7f85e3cc35a9,0.036784665645670345,1.5078720804995065,18
4dac715e-a5f0-45fb-9372-7f85e3cc35a9,0.036784665645670345,1.5078720804995065,18
4dac715e-a5f0-45fb-9372-7f85e3cc35a9,0.036784665645670345,1.5078720804995065,18
4dac715e-a5f0-45fb-9372-7f85e3cc35a9,0.036784665645670345,1.5078720804995065,18
4dac715e-a5f0-45fb-9372-7f85e3cc35a9,0.036784665645670345,1.5078720804995065,18
4dac715e-a5f0-45fb-9372-7f85e3cc35a9,0.036784665645670345,1.5078720804995065,18
4dac715e-a5f0-45fb-9372-7f85e3cc35a9,0.036784665645670345,1.5078720804995065,18
c6aae260-47a8-4a40-8b20-3b4ac05159e3,0.04696100383079307,0.986350827312545,18
c6aae260-47a8-4a40-8b20-3b4ac05159e3,0.04696100383079307,0.986350827312545,18
c6aae260-47a8-4a40-8b20-3b4ac05159e3,0.04696100383079307,0.986350827312545,18
c6aae260-47a8-4a40-8b20-3b4ac05159e3,0.04696100383079307,0.986350827312545,18
c6aae260-47a8-4a40-8b20-3b4ac05159e3,0.04696100383079307,0.986350827312545,18
c6aae260-47a8-4a40-8b20-3b4ac05159e3,0.04696100383079307,0.986350827312545,18
c6aae260-47a8-4a40-8b20-3b4ac05159e3,0.04696100383079307,0.986350827312545,18
c6aae260-47a8-4a40-8b20-3b4ac05159e3,0.04696100383079307,0.986350827312545,18
c6aae260-47a8-4a40-8b20-3b4ac05159e3,0.04696100383079307,0.986350827312545,18
c6aae260-47a8-4a40-8b20-3b4ac05159e3,0.04696100383079307,0.986350827312545,18
c6aae260-47a8-4a40-8b20-3b4ac05159e3,0.04696100383079307,0.986350827312545,18
c6aae260-47a8-4a40-8b20-3b4ac05159e3,0.04696100383079307,0.986350827312545,18
c6aae260-47a8-4a40-8b20-3b4ac05159e3,0.04696100383079307,0.986350827312545,18
c6aae260-47a8-4a40-8b20-3b4ac05159e3,0.04696100383079307,0.986350827312545,18
c6aae260-47a8-4a40-8b20-3b4ac05159e3,0.04696100383079307,0.986350827312545,18
c6aae260-47a8-4a40-8b20-3b4ac05159e3,0.04696100383079307,0.986350827312545,18
c6aae260-47a8-4a40-8b20-3b4ac05159e3,0.04696100383079307,0.986350827312545,18
c6aae260-47a8-4a40-8b20-3b4ac05159e3,0.04696100383079307,0.986350827312545,18
c6aae260-47a8-4a40-8b20-3b4ac05159e3,0.04696100383079307,0.986350827312545,18
c6aae260-47a8-4a40-8b20-3b4ac05159e3,0.04696100383079307,0.986350827312545,18
c6aae260-47a8-4a40-8b20-3b4ac05159e3,0.04696100383079307,0.986350827312545,18
c6aae260-47a8-4a40-8b20-3b4ac05159e3,0.04696100383079307,0.986350827312545,18
60220159-6e78-42b4-ba3c-1e2fff145666,9.81461226859893,1.9602721526471563,20
60220159-6e78-42b4-ba3c-1e2fff145666,9.81461226859893,1.9602721526471563,20
60220159-6e78-42b4-ba3c-1e2fff145666,9.81461226859893,1.9602721526471563,20
60220159-6e78-42b4-ba3c-1e2fff145666,9.81461226859893,1.9602721526471563,20
60220159-6e78-42b4-ba3c-1e2fff145666,9.81461226859893,1.9602721526471563,20
60220159-6e78-42b4-ba3c-1e2fff145666,9.81461226859893,1.9602721526471563,20
60220159-6e78-42b4-ba3c-1e2fff145666,9.81461226859893,1.9602721526471563,20
60220159-6e78-42b4-ba3c-1e2fff145666,9.81461226859893,1.9602721526471563,20
60220159-6e78-42b4-ba3c-1e2fff145666,9.81461226859893,1.9602721526471563,20
60220159-6e78-42b4-ba3c-1e2fff145666,9.81461226859893,1.9602721526471563,20
60220159-6e78-42b4-ba3c-1e2fff145666,9.81461226859893,1.9602721526471563,20
60220159-6e78-42b4-ba3c-1e2fff145666,9.81461226859893,1.9602721526471563,20
60220159-6e78-42b4-ba3c-1e2fff145666,9.81461226859893,1.9602721526471563,20
60220159-6e78-42b4-ba3c-1e2fff145666,9.81461226859893,1.9602721526471563,20
60220159-6e78-42b4-ba3c-1e2fff145666,9.81461226859893,1.9602721526471563,20
60220159-6e78-42b4-ba3c-1e2fff145666,9.81461226859893,1.9602721526471563,20
60220159-6e78-42b4-ba3c-1e2fff145666,9.81461226859893,1.9602721526471563,20
60220159-6e78-42b4-ba3c-1e2fff145666,9.81461226859893,1.9602721526471563,20
60220159-6e78-42b4-ba3c-1e2fff145666,9.81461226859893,1.9602721526471563,20
60220159-6e78-42b4-ba3c-1e2fff145666,9.81461226859893,1.9602721526471563,20
60220159-6e78-42b4-ba3c-1e2fff145666,9.81461226859893,1.9602721526471563,20
60220159-6e78-42b4-ba3c-1e2fff145666,9.81461226859893,1.9602721526471563,20
60220159-6e78-42b4-ba3c-1e2fff145666,9.81461226859893,1.9602721526471563,20
60220159-6e78-42b4-ba3c-1e2fff145666,9.81461226859893,1.9602721526471563,20
60220159-6e78-42b4-ba3c-1e2fff145666,9.81461226859893,1.9602721526471563,20
60220159-6e78-42b4-ba3c-1e2fff145666,9.81461226859893,1.9602721526471563,20
60220159-6e78-42b4-ba3c-1e2fff145666,9.81461226859893,1.9602721526471563,20
60220159-6e78-42b4-ba3c-1e2fff145666,9.81461226859893,1.9602721526471563,20
60220159-6e78-42b4-ba3c-1e2fff145666,9.81461226859893,1.9602721526471563,20
60220159-6e78-42b4-ba3c-1e2fff145666,9.81461226859893,1.9602721526471563,20
0f6ac963-f3f1-4af9-adf7-a1bb815bad68,0.08530620276136654,0.841214857537064,15
0f6ac963-f3f1-4af9-adf7-a1bb815bad68,0.08530620276136654,0.841214857537064,15
0f6ac963-f3f1-4af9-adf7-a1bb815bad68,0.08530620276136654,0.841214857537064,15
0f6ac963-f3f1-4af9-adf7-a1bb815bad68,0.08530620276136654,0.841214857537064,15
0f6ac963-f3f1-4af9-adf7-a1bb815bad68,0.08530620276136654,0.841214857537064,15
0f6ac963-f3f1-4af9-adf7-a1bb815bad68,0.08530620276136654,0.841214857537064,15
0f6ac963-f3f1-4af9-adf7-a1bb815bad68,0.08530620276136654,0.841214857537064,15
0f6ac963-f3f1-4af9-adf7-a1bb815bad68,0.08530620276136654,0.841214857537064,15
0f6ac963-f3f1-4af9-adf7-a1bb815bad68,0.08530620276136654,0.841214857537064,15
0f6ac963-f3f1-4af9-adf7-a1bb815bad68,0.08530620276136654,0.841214857537064,15
0f6ac963-f3f1-4af9-adf7-a1bb815bad68,0.08530620276136654,0.841214857537064,15
0f6ac963-f3f1-4af9-adf7-a1bb815bad68,0.08530620276136654,0.841214857537064,15
0f6ac963-f3f1-4af9-adf7-a1bb815bad68,0.08530620276136654,0.841214857537064,15
0f6ac963-f3f1-4af9-adf7-a1bb815bad68,0.08530620276136654,0.841214857537064,15
0f6ac963-f3f1-4af9-adf7-a1bb815bad68,0.08530620276136654,0.841214857537064,15
0f6ac963-f3f1-4af9-adf7-a1bb815bad68,0.08530620276136654,0.841214857537064,15
0f6ac963-f3f1-4af9-adf7-a1bb815bad68,0.08530620276136654,0.841214857537064,15
0f6ac963-f3f1-4af9-adf7-a1bb815bad68,0.08530620276136654,0.841214857537064,15
0f6ac963-f3f1-4af9-adf7-a1bb815bad68,0.08530620276136654,0.841214857537064,15
0f6ac963-f3f1-4af9-adf7-a1bb815bad68,0.08530620276136654,0.841214857537064,15
0f6ac963-f3f1-4af9-adf7-a1bb815bad68,0.08530620276136654,0.841214857537064,15
f472c762-6a3e-42dd-a48b-ac40ee8b9f8f,0.1000338652852247,0.5690655658478794,20
f472c762-6a3e-42dd-a48b-ac40ee8b9f8f,0.1000338652852247,0.5690655658478794,20
f472c762-6a3e-42dd-a48b-ac40ee8b9f8f,0.1000338652852247,0.5690655658478794,20
f472c762-6a3e-42dd-a48b-ac40ee8b9f8f,0.1000338652852247,0.5690655658478794,20
f472c762-6a3e-42dd-a48b-ac40ee8b9f8f,0.1000338652852247,0.5690655658478794,20
f472c762-6a3e-42dd-a48b-ac40ee8b9f8f,0.1000338652852247,0.5690655658478794,20
f472c762-6a3e-42dd-a48b-ac40ee8b9f8f,0.1000338652852247,0.5690655658478794,20
f472c762-6a3e-42dd-a48b-ac40ee8b9f8f,0.1000338652852247,0.5690655658478794,20
f472c762-6a3e-42dd-a48b-ac40ee8b9f8f,0.1000338652852247,0.5690655658478794,20
f472c762-6a3e-42dd-a48b-ac40ee8b9f8f,0.1000338652852247,0.5690655658478794,20
f472c762-6a3e-42dd-a48b-ac40ee8b9f8f,0.1000338652852247,0.5690655658478794,20
f472c762-6a3e-42dd-a48b-ac40ee8b9f8f,0.1000338652852247,0.5690655658478794,20
f472c762-6a3e-42dd-a48b-ac40ee8b9f8f,0.1000338652852247,0.5690655658478794,20
f472c762-6a3e-42dd-a48b-ac40ee8b9f8f,0.1000338652852247,0.5690655658478794,20
f472c762-6a3e-42dd-a48b-ac40ee8b9f8f,0.1000338652852247,0.5690655658478794,20
f472c762-6a3e-42dd-a48b-ac40ee8b9f8f,0.1000338652852247,0.5690655658478794,20
f472c762-6a3e-42dd-a48b-ac40ee8b9f8f,0.1000338652852247,0.5690655658478794,20
f472c762-6a3e-42dd-a48b-ac40ee8b9f8f,0.1000338652852247,0.5690655658478794,20
f472c762-6a3e-42dd-a48b-ac40ee8b9f8f,0.1000338652852247,0.5690655658478794,20
f472c762-6a3e-42dd-a48b-ac40ee8b9f8f,0.1000338652852247,0.5690655658478794,20
f472c762-6a3e-42dd-a48b-ac40ee8b9f8f,0.1000338652852247,0.5690655658478794,20
f472c762-6a3e-42dd-a48b-ac40ee8b9f8f,0.1000338652852247,0.5690655658478794,20
f472c762-6a3e-42dd-a48b-ac40ee8b9f8f,0.1000338652852247,0.5690655658478794,20
f472c762-6a3e-42dd-a48b-ac40ee8b9f8f,0.1000338652852247,0.5690655658478794,20
f472c762-6a3e-42dd-a48b-ac40ee8b9f8f,0.1000338652852247,0.5690655658478794,20
f472c762-6a3e-42dd-a48b-ac40ee8b9f8f,0.1000338652852247,0.5690655658478794,20
f472c762-6a3e-42dd-a48b-ac40ee8b9f8f,0.1000338652852247,0.5690655658478794,20
f472c762-6a3e-42dd-a48b-ac40ee8b9f8f,0.1000338652852247,0.5690655658478794,20
f472c762-6a3e-42dd-a48b-ac40ee8b9f8f,0.1000338652852247,0.5690655658478794,20
dcb4f54d-1eb3-4a29-92fb-b1f114da79ed,0.051377765599708115,1.0147145141454803,19
dcb4f54d-1eb3-4a29-92fb-b1f114da79ed,0.051377765599708115,1.0147145141454803,19
dcb4f54d-1eb3-4a29-92fb-b1f114da79ed,0.051377765599708115,1.0147145141454803,19
dcb4f54d-1eb3-4a29-92fb-b1f114da79ed,0.051377765599708115,1.0147145141454803,19
dcb4f54d-1eb3-4a29-92fb-b1f114da79ed,0.051377765599708115,1.0147145141454803,19
dcb4f54d-1eb3-4a29-92fb-b1f114da79ed,0.051377765599708115,1.0147145141454803,19
dcb4f54d-1eb3-4a29-92fb-b1f114da79ed,0.051377765599708115,1.0147145141454803,19
dcb4f54d-1eb3-4a29-92fb-b1f114da79ed,0.051377765599708115,1.0147145141454803,19
dcb4f54d-1eb3-4a29-92fb-b1f114da79ed,0.051377765599708115,1.0147145141454803,19
dcb4f54d-1eb3-4a29-92fb-b1f114da79ed,0.051377765599708115,1.0147145141454803,19
dcb4f54d-1eb3-4a29-92fb-b1f114da79ed,0.051377765599708115,1.0147145141454803,19
dcb4f54d-1eb3-4a29-92fb-b1f114da79ed,0.051377765599708115,1.0147145141454803,19
dcb4f54d-1eb3-4a29-92fb-b1f114da79ed,0.051377765599708115,1.0147145141454803,19
dcb4f54d-1eb3-4a29-92fb-b1f114da79ed,0.051377765599708115,1.0147145141454803,19
dcb4f54d-1eb3-4a29-92fb-b1f114da79ed,0.051377765599708115,1.0147145141454803,19
dcb4f54d-1eb3-4a29-92fb-b1f114da79ed,0.051377765599708115,1.0147145141454803,19
dcb4f54d-1eb3-4a29-92fb-b1f114da79ed,0.051377765599708115,1.0147145141454803,19
dcb4f54d-1eb3-4a29-92fb-b1f114da79ed,0.051377765599708115,1.0147145141454803,19
dcb4f54d-1eb3-4a29-92fb-b1f114da79ed,0.051377765599708115,1.0147145141454803,19
dcb4f54d-1eb3-4a29-92fb-b1f114da79ed,0.051377765599708115,1.0147145141454803,19
dcb4f54d-1eb3-4a29-92fb-b1f114da79ed,0.051377765599708115,1.0147145141454803,19
dcb4f54d-1eb3-4a29-92fb-b1f114da79ed,0.051377765599708115,1.0147145141454803,19
dcb4f54d-1eb3-4a29-92fb-b1f114da79ed,0.051377765599708115,1.0147145141454803,19
dcb4f54d-1eb3-4a29-92fb-b1f114da79ed,0.051377765599708115,1.0147145141454803,19
dcb4f54d-1eb3-4a29-92fb-b1f114da79ed,0.051377765599708115,1.0147145141454803,19
dcb4f54d-1eb3-4a29-92fb-b1f114da79ed,0.051377765599708115,1.0147145141454803,19
dcb4f54d-1eb3-4a29-92fb-b1f114da79ed,0.051377765599708115,1.0147145141454803,19
16735f63-3353-474c-b570-1879cb470e08,0.03754000018895149,0.6609788356982335,12
16735f63-3353-474c-b570-1879cb470e08,0.03754000018895149,0.6609788356982335,12
16735f63-3353-474c-b570-1879cb470e08,0.03754000018895149,0.6609788356982335,12
16735f63-3353-474c-b570-1879cb470e08,0.03754000018895149,0.6609788356982335,12
16735f63-3353-474c-b570-1879cb470e08,0.03754000018895149,0.6609788356982335,12
16735f63-3353-474c-b570-1879cb470e08,0.03754000018895149,0.6609788356982335,12
16735f63-3353-474c-b570-1879cb470e08,0.03754000018895149,0.6609788356982335,12
16735f63-3353-474c-b570-1879cb470e08,0.03754000018895149,0.6609788356982335,12
16735f63-3353-474c-b570-1879cb470e08,0.03754000018895149,0.6609788356982335,12
16735f63-3353-474c-b570-1879cb470e08,0.03754000018895149,0.6609788356982335,12
16735f63-3353-474c-b570-1879cb470e08,0.03754000018895149,0.6609788356982335,12
16735f63-3353-474c-b570-1879cb470e08,0.03754000018895149,0.6609788356982335,12
16735f63-3353-474c-b570-1879cb470e08,0.03754000018895149,0.6609788356982335,12
16735f63-3353-474c-b570-1879cb470e08,0.03754000018895149,0.6609788356982335,12
16735f63-3353-474c-b570-1879cb470e08,0.03754000018895149,0.6609788356982335,12
7c128c3c-afd3-491d-b4c0-a03326a22c28,0.028915303243105085,1.301459300469717,16
7c128c3c-afd3-491d-b4c0-a03326a22c28,0.028915303243105085,1.301459300469717,16
7c128c3c-afd3-491d-b4c0-a03326a22c28,0.028915303243105085,1.301459300469717,16
7c128c3c-afd3-491d-b4c0-a03326a22c28,0.028915303243105085,1.301459300469717,16
7c128c3c-afd3-491d-b4c0-a03326a22c28,0.028915303243105085,1.301459300469717,16
7c128c3c-afd3-491d-b4c0-a03326a22c28,0.028915303243105085,1.301459300469717,16
7c128c3c-afd3-491d-b4c0-a03326a22c28,0.028915303243105085,1.301459300469717,16
7c128c3c-afd3-491d-b4c0-a03326a22c28,0.028915303243105085,1.301459300469717,16
7c128c3c-afd3-491d-b4c0-a03326a22c28,0.028915303243105085,1.301459300469717,16
7c128c3c-afd3-491d-b4c0-a03326a22c28,0.028915303243105085,1.301459300469717,16
7c128c3c-afd3-491d-b4c0-a03326a22c28,0.028915303243105085,1.301459300469717,16
7c128c3c-afd3-491d-b4c0-a03326a22c28,0.028915303243105085,1.301459300469717,16
7c128c3c-afd3-491d-b4c0-a03326a22c28,0.028915303243105085,1.301459300469717,16
7c128c3c-afd3-491d-b4c0-a03326a22c28,0.028915303243105085,1.301459300469717,16
7c128c3c-afd3-491d-b4c0-a03326a22c28,0.028915303243105085,1.301459300469717,16
7c128c3c-afd3-491d-b4c0-a03326a22c28,0.028915303243105085,1.301459300469717,16
7c128c3c-afd3-491d-b4c0-a03326a22c28,0.028915303243105085,1.301459300469717,16
7c128c3c-afd3-491d-b4c0-a03326a22c28,0.028915303243105085,1.301459300469717,16
7c128c3c-afd3-491d-b4c0-a03326a22c28,0.028915303243105085,1.301459300469717,16
7c128c3c-afd3-491d-b4c0-a03326a22c28,0.028915303243105085,1.301459300469717,16
7c128c3c-afd3-491d-b4c0-a03326a22c28,0.028915303243105085,1.301459300469717,16
7c128c3c-afd3-491d-b4c0-a03326a22c28,0.028915303243105085,1.301459300469717,16
7c128c3c-afd3-491d-b4c0-a03326a22c28,0.028915303243105085,1.301459300469717,16
7c128c3c-afd3-491d-b4c0-a03326a22c28,0.028915303243105085,1.301459300469717,16
432730cc-9e64-472a-a10b-1d6362b78ff5,0.04019620527174602,1.2985728688645235,17
432730cc-9e64-472a-a10b-1d6362b78ff5,0.04019620527174602,1.2985728688645235,17
432730cc-9e64-472a-a10b-1d6362b78ff5,0.04019620527174602,1.2985728688645235,17
432730cc-9e64-472a-a10b-1d6362b78ff5,0.04019620527174602,1.2985728688645235,17
432730cc-9e64-472a-a10b-1d6362b78ff5,0.04019620527174602,1.2985728688645235,17
432730cc-9e64-472a-a10b-1d6362b78ff5,0.04019620527174602,1.2985728688645235,17
432730cc-9e64-472a-a10b-1d6362b78ff5,0.04019620527174602,1.2985728688645235,17
432730cc-9e64-472a-a10b-1d6362b78ff5,0.04019620527174602,1.2985728688645235,17
432730cc-9e64-472a-a10b-1d6362b78ff5,0.04019620527174602,1.2985728688645235,17
432730cc-9e64-472a-a10b-1d6362b78ff5,0.04019620527174602,1.2985728688645235,17
432730cc-9e64-472a-a10b-1d6362b78ff5,0.04019620527174602,1.2985728688645235,17
432730cc-9e64-472a-a10b-1d6362b78ff5,0.04019620527174602,1.2985728688645235,17
432730cc-9e64-472a-a10b-1d6362b78ff5,0.04019620527174602,1.2985728688645235,17
432730cc-9e64-472a-a10b-1d6362b78ff5,0.04019620527174602,1.2985728688645235,17
432730cc-9e64-472a-a10b-1d6362b78ff5,0.04019620527174602,1.2985728688645235,17
432730cc-9e64-472a-a10b-1d6362b78ff5,0.04019620527174602,1.2985728688645235,17
432730cc-9e64-472a-a10b-1d6362b78ff5,0.04019620527174602,1.2985728688645235,17
432730cc-9e64-472a-a10b-1d6362b78ff5,0.04019620527174602,1.2985728688645235,17
432730cc-9e64-472a-a10b-1d6362b78ff5,0.04019620527174602,1.2985728688645235,17
432730cc-9e64-472a-a10b-1d6362b78ff5,0.04019620527174602,1.2985728688645235,17
432730cc-9e64-472a-a10b-1d6362b78ff5,0.04019620527174602,1.2985728688645235,17
3a59213c-8241-489a-8d66-c169712cbeea,0.0372738680025191,1.6059064259966065,15
3a59213c-8241-489a-8d66-c169712cbeea,0.0372738680025191,1.6059064259966065,15
3a59213c-8241-489a-8d66-c169712cbeea,0.0372738680025191,1.6059064259966065,15
3a59213c-8241-489a-8d66-c169712cbeea,0.0372738680025191,1.6059064259966065,15
3a59213c-8241-489a-8d66-c169712cbeea,0.0372738680025191,1.6059064259966065,15
3a59213c-8241-489a-8d66-c169712cbeea,0.0372738680025191,1.6059064259966065,15
3a59213c-8241-489a-8d66-c169712cbeea,0.0372738680025191,1.6059064259966065,15
3a59213c-8241-489a-8d66-c169712cbeea,0.0372738680025191,1.6059064259966065,15
3a59213c-8241-489a-8d66-c169712cbeea,0.0372738680025191,1.6059064259966065,15
3a59213c-8241-489a-8d66-c169712cbeea,0.0372738680025191,1.6059064259966065,15
3a59213c-8241-489a-8d66-c169712cbeea,0.0372738680025191,1.6059064259966065,15
3a59213c-8241-489a-8d66-c169712cbeea,0.0372738680025191,1.6059064259966065,15
3a59213c-8241-489a-8d66-c169712cbeea,0.0372738680025191,1.6059064259966065,15
3a59213c-8241-489a-8d66-c169712cbeea,0.0372738680025191,1.6059064259966065,15
3a59213c-8241-489a-8d66-c169712cbeea,0.0372738680025191,1.6059064259966065,15
3a59213c-8241-489a-8d66-c169712cbeea,0.0372738680025191,1.6059064259966065,15
3a59213c-8241-489a-8d66-c169712cbeea,0.0372738680025191,1.6059064259966065,15
3a59213c-8241-489a-8d66-c169712cbeea,0.0372738680025191,1.6059064259966065,15
3a59213c-8241-489a-8d66-c169712cbeea,0.0372738680025191,1.6059064259966065,15
3a59213c-8241-489a-8d66-c169712cbeea,0.0372738680025191,1.6059064259966065,15
3a59213c-8241-489a-8d66-c169712cbeea,0.0372738680025191,1.6059064259966065,15
3a59213c-8241-489a-8d66-c169712cbeea,0.0372738680025191,1.6059064259966065,15
3a59213c-8241-489a-8d66-c169712cbeea,0.0372738680025191,1.6059064259966065,15
3a59213c-8241-489a-8d66-c169712cbeea,0.0372738680025191,1.6059064259966065,15
3a59213c-8241-489a-8d66-c169712cbeea,0.0372738680025191,1.6059064259966065,15
3a59213c-8241-489a-8d66-c169712cbeea,0.0372738680025191,1.6059064259966065,15
9d3cd4e8-6a56-44ca-b1cf-0737203dbea3,0.03188718880511685,0.9222889263927235,18
9d3cd4e8-6a56-44ca-b1cf-0737203dbea3,0.03188718880511685,0.9222889263927235,18
9d3cd4e8-6a56-44ca-b1cf-0737203dbea3,0.03188718880511685,0.9222889263927235,18
9d3cd4e8-6a56-44ca-b1cf-0737203dbea3,0.03188718880511685,0.9222889263927235,18
9d3cd4e8-6a56-44ca-b1cf-0737203dbea3,0.03188718880511685,0.9222889263927235,18
9d3cd4e8-6a56-44ca-b1cf-0737203dbea3,0.03188718880511685,0.9222889263927235,18
9d3cd4e8-6a56-44ca-b1cf-0737203dbea3,0.03188718880511685,0.9222889263927235,18
9d3cd4e8-6a56-44ca-b1cf-0737203dbea3,0.03188718880511685,0.9222889263927235,18
9d3cd4e8-6a56-44ca-b1cf-0737203dbea3,0.03188718880511685,0.9222889263927235,18
9d3cd4e8-6a56-44ca-b1cf-0737203dbea3,0.03188718880511685,0.9222889263927235,18
9d3cd4e8-6a56-44ca-b1cf-0737203dbea3,0.03188718880511685,0.9222889263927235,18
9d3cd4e8-6a56-44ca-b1cf-0737203dbea3,0.03188718880511685,0.9222889263927235,18
9d3cd4e8-6a56-44ca-b1cf-0737203dbea3,0.03188718880511685,0.9222889263927235,18
9d3cd4e8-6a56-44ca-b1cf-0737203dbea3,0.03188718880511685,0.9222889263927235,18
9d3cd4e8-6a56-44ca-b1cf-0737203dbea3,0.03188718880511685,0.9222889263927235,18
9d3cd4e8-6a56-44ca-b1cf-0737203dbea3,0.03188718880511685,0.9222889263927235,18
9d3cd4e8-6a56-44ca-b1cf-0737203dbea3,0.03188718880511685,0.9222889263927235,18
9d3cd4e8-6a56-44ca-b1cf-0737203dbea3,0.03188718880511685,0.9222889263927235,18
9d3cd4e8-6a56-44ca-b1cf-0737203dbea3,0.03188718880511685,0.9222889263927235,18
9d3cd4e8-6a56-44ca-b1cf-0737203dbea3,0.03188718880511685,0.9222889263927235,18
9d3cd4e8-6a56-44ca-b1cf-0737203dbea3,0.03188718880511685,0.9222889263927235,18
9d3cd4e8-6a56-44ca-b1cf-0737203dbea3,0.03188718880511685,0.9222889263927235,18
9d3cd4e8-6a56-44ca-b1cf-0737203dbea3,0.03188718880511685,0.9222889263927235,18
9d3cd4e8-6a56-44ca-b1cf-0737203dbea3,0.03188718880511685,0.9222889263927235,18
9d3cd4e8-6a56-44ca-b1cf-0737203dbea3,0.03188718880511685,0.9222889263927235,18
9d3cd4e8-6a56-44ca-b1cf-0737203dbea3,0.03188718880511685,0.9222889263927235,18
9d3cd4e8-6a56-44ca-b1cf-0737203dbea3,0.03188718880511685,0.9222889263927235,18
9d3cd4e8-6a56-44ca-b1cf-0737203dbea3,0.03188718880511685,0.9222889263927235,18
9d3cd4e8-6a56-44ca-b1cf-0737203dbea3,0.03188718880511685,0.9222889263927235,18
9d3cd4e8-6a56-44ca-b1cf-0737203dbea3,0.03188718880511685,0.9222889263927235,18
16cce27e-47cd-436b-9da2-09bb413ae128,0.02557541402189796,0.7717535422044429,11
16cce27e-47cd-436b-9da2-09bb413ae128,0.02557541402189796,0.7717535422044429,11
16cce27e-47cd-436b-9da2-09bb413ae128,0.02557541402189796,0.7717535422044429,11
16cce27e-47cd-436b-9da2-09bb413ae128,0.02557541402189796,0.7717535422044429,11
16cce27e-47cd-436b-9da2-09bb413ae128,0.02557541402189796,0.7717535422044429,11
16cce27e-47cd-436b-9da2-09bb413ae128,0.02557541402189796,0.7717535422044429,11
16cce27e-47cd-436b-9da2-09bb413ae128,0.02557541402189796,0.7717535422044429,11
16cce27e-47cd-436b-9da2-09bb413ae128,0.02557541402189796,0.7717535422044429,11
16cce27e-47cd-436b-9da2-09bb413ae128,0.02557541402189796,0.7717535422044429,11
16cce27e-47cd-436b-9da2-09bb413ae128,0.02557541402189796,0.7717535422044429,11
16cce27e-47cd-436b-9da2-09bb413ae128,0.02557541402189796,0.7717535422044429,11
16cce27e-47cd-436b-9da2-09bb413ae128,0.02557541402189796,0.7717535422044429,11
16cce27e-47cd-436b-9da2-09bb413ae128,0.02557541402189796,0.7717535422044429,11
16cce27e-47cd-436b-9da2-09bb413ae128,0.02557541402189796,0.7717535422044429,11
16cce27e-47cd-436b-9da2-09bb413ae128,0.02557541402189796,0.7717535422044429,11
bbbfa648-c404-48d3-8e43-337af54ab446,0.02668832754396466,1.6573113202695116,16
bbbfa648-c404-48d3-8e43-337af54ab446,0.02668832754396466,1.6573113202695116,16
bbbfa648-c404-48d3-8e43-337af54ab446,0.02668832754396466,1.6573113202695116,16
bbbfa648-c404-48d3-8e43-337af54ab446,0.02668832754396466,1.6573113202695116,16
bbbfa648-c404-48d3-8e43-337af54ab446,0.02668832754396466,1.6573113202695116,16
bbbfa648-c404-48d3-8e43-337af54ab446,0.02668832754396466,1.6573113202695116,16
bbbfa648-c404-48d3-8e43-337af54ab446,0.02668832754396466,1.6573113202695116,16
bbbfa648-c404-48d3-8e43-337af54ab446,0.02668832754396466,1.6573113202695116,16
bbbfa648-c404-48d3-8e43-337af54ab446,0.02668832754396466,1.6573113202695116,16
bbbfa648-c404-48d3-8e43-337af54ab446,0.02668832754396466,1.6573113202695116,16
bbbfa648-c404-48d3-8e43-337af54ab446,0.02668832754396466,1.6573113202695116,16
bbbfa648-c404-48d3-8e43-337af54ab446,0.02668832754396466,1.6573113202695116,16
bbbfa648-c404-48d3-8e43-337af54ab446,0.02668832754396466,1.6573113202695116,16
bbbfa648-c404-48d3-8e43-337af54ab446,0.02668832754396466,1.6573113202695116,16
bbbfa648-c404-48d3-8e43-337af54ab446,0.02668832754396466,1.6573113202695116,16
bbbfa648-c404-48d3-8e43-337af54ab446,0.02668832754396466,1.6573113202695116,16
bbbfa648-c404-48d3-8e43-337af54ab446,0.02668832754396466,1.6573113202695116,16
bbbfa648-c404-48d3-8e43-337af54ab446,0.02668832754396466,1.6573113202695116,16
bbbfa648-c404-48d3-8e43-337af54ab446,0.02668832754396466,1.6573113202695116,16
bbbfa648-c404-48d3-8e43-337af54ab446,0.02668832754396466,1.6573113202695116,16
bbbfa648-c404-48d3-8e43-337af54ab446,0.02668832754396466,1.6573113202695116,16
bbbfa648-c404-48d3-8e43-337af54ab446,0.02668832754396466,1.6573113202695116,16
bbbfa648-c404-48d3-8e43-337af54ab446,0.02668832754396466,1.6573113202695116,16
bbbfa648-c404-48d3-8e43-337af54ab446,0.02668832754396466,1.6573113202695116,16
bbbfa648-c404-48d3-8e43-337af54ab446,0.02668832754396466,1.6573113202695116,16
bbbfa648-c404-48d3-8e43-337af54ab446,0.02668832754396466,1.6573113202695116,16
0ce31693-d789-498d-8ccb-e7a221fd1a73,0.02651012315814567,1.4731814398496121,21
0ce31693-d789-498d-8ccb-e7a221fd1a73,0.02651012315814567,1.4731814398496121,21
0ce31693-d789-498d-8ccb-e7a221fd1a73,0.02651012315814567,1.4731814398496121,21
0ce31693-d789-498d-8ccb-e7a221fd1a73,0.02651012315814567,1.4731814398496121,21
0ce31693-d789-498d-8ccb-e7a221fd1a73,0.02651012315814567,1.4731814398496121,21
0ce31693-d789-498d-8ccb-e7a221fd1a73,0.02651012315814567,1.4731814398496121,21
0ce31693-d789-498d-8ccb-e7a221fd1a73,0.02651012315814567,1.4731814398496121,21
0ce31693-d789-498d-8ccb-e7a221fd1a73,0.02651012315814567,1.4731814398496121,21
0ce31693-d789-498d-8ccb-e7a221fd1a73,0.02651012315814567,1.4731814398496121,21
0ce31693-d789-498d-8ccb-e7a221fd1a73,0.02651012315814567,1.4731814398496121,21
0ce31693-d789-498d-8ccb-e7a221fd1a73,0.02651012315814567,1.4731814398496121,21
0ce31693-d789-498d-8ccb-e7a221fd1a73,0.02651012315814567,1.4731814398496121,21
0ce31693-d789-498d-8ccb-e7a221fd1a73,0.02651012315814567,1.4731814398496121,21
0ce31693-d789-498d-8ccb-e7a221fd1a73,0.02651012315814567,1.4731814398496121,21
0ce31693-d789-498d-8ccb-e7a221fd1a73,0.02651012315814567,1.4731814398496121,21
0ce31693-d789-498d-8ccb-e7a221fd1a73,0.02651012315814567,1.4731814398496121,21
0ce31693-d789-498d-8ccb-e7a221fd1a73,0.02651012315814567,1.4731814398496121,21
0ce31693-d789-498d-8ccb-e7a221fd1a73,0.02651012315814567,1.4731814398496121,21
0ce31693-d789-498d-8ccb-e7a221fd1a73,0.02651012315814567,1.4731814398496121,21
0ce31693-d789-498d-8ccb-e7a221fd1a73,0.02651012315814567,1.4731814398496121,21
0ce31693-d789-498d-8ccb-e7a221fd1a73,0.02651012315814567,1.4731814398496121,21
0ce31693-d789-498d-8ccb-e7a221fd1a73,0.02651012315814567,1.4731814398496121,21
0ce31693-d789-498d-8ccb-e7a221fd1a73,0.02651012315814567,1.4731814398496121,21
0ce31693-d789-498d-8ccb-e7a221fd1a73,0.02651012315814567,1.4731814398496121,21
0ce31693-d789-498d-8ccb-e7a221fd1a73,0.02651012315814567,1.4731814398496121,21
0ce31693-d789-498d-8ccb-e7a221fd1a73,0.02651012315814567,1.4731814398496121,21
0ce31693-d789-498d-8ccb-e7a221fd1a73,0.02651012315814567,1.4731814398496121,21
0ce31693-d789-498d-8ccb-e7a221fd1a73,0.02651012315814567,1.4731814398496121,21
0ce31693-d789-498d-8ccb-e7a221fd1a73,0.02651012315814567,1.4731814398496121,21
3b4b3cac-d996-4ec5-8628-333c762738f0,0.03442280903558737,0.8973257663059409,16
3b4b3cac-d996-4ec5-8628-333c762738f0,0.03442280903558737,0.8973257663059409,16
3b4b3cac-d996-4ec5-8628-333c762738f0,0.03442280903558737,0.8973257663059409,16
3b4b3cac-d996-4ec5-8628-333c762738f0,0.03442280903558737,0.8973257663059409,16
3b4b3cac-d996-4ec5-8628-333c762738f0,0.03442280903558737,0.8973257663059409,16
3b4b3cac-d996-4ec5-8628-333c762738f0,0.03442280903558737,0.8973257663059409,16
3b4b3cac-d996-4ec5-8628-333c762738f0,0.03442280903558737,0.8973257663059409,16
3b4b3cac-d996-4ec5-8628-333c762738f0,0.03442280903558737,0.8973257663059409,16
3b4b3cac-d996-4ec5-8628-333c762738f0,0.03442280903558737,0.8973257663059409,16
3b4b3cac-d996-4ec5-8628-333c762738f0,0.03442280903558737,0.8973257663059409,16
3b4b3cac-d996-4ec5-8628-333c762738f0,0.03442280903558737,0.8973257663059409,16
3b4b3cac-d996-4ec5-8628-333c762738f0,0.03442280903558737,0.8973257663059409,16
3b4b3cac-d996-4ec5-8628-333c762738f0,0.03442280903558737,0.8973257663059409,16
3b4b3cac-d996-4ec5-8628-333c762738f0,0.03442280903558737,0.8973257663059409,16
3b4b3cac-d996-4ec5-8628-333c762738f0,0.03442280903558737,0.8973257663059409,16
3b4b3cac-d996-4ec5-8628-333c762738f0,0.03442280903558737,0.8973257663059409,16
3b4b3cac-d996-4ec5-8628-333c762738f0,0.03442280903558737,0.8973257663059409,16
3b4b3cac-d996-4ec5-8628-333c762738f0,0.03442280903558737,0.8973257663059409,16
3b4b3cac-d996-4ec5-8628-333c762738f0,0.03442280903558737,0.8973257663059409,16
3b4b3cac-d996-4ec5-8628-333c762738f0,0.03442280903558737,0.8973257663059409,16
3b4b3cac-d996-4ec5-8628-333c762738f0,0.03442280903558737,0.8973257663059409,16
3b4b3cac-d996-4ec5-8628-333c762738f0,0.03442280903558737,0.8973257663059409,16
3b4b3cac-d996-4ec5-8628-333c762738f0,0.03442280903558737,0.8973257663059409,16
3b4b3cac-d996-4ec5-8628-333c762738f0,0.03442280903558737,0.8973257663059409,16
3b4b3cac-d996-4ec5-8628-333c762738f0,0.03442280903558737,0.8973257663059409,16
d1bfd78d-fc9b-4377-8a27-5d2038beff87,0.04602313603395301,1.3366457664907576,17
d1bfd78d-fc9b-4377-8a27-5d2038beff87,0.04602313603395301,1.3366457664907576,17
d1bfd78d-fc9b-4377-8a27-5d2038beff87,0.04602313603395301,1.3366457664907576,17
d1bfd78d-fc9b-4377-8a27-5d2038beff87,0.04602313603395301,1.3366457664907576,17
d1bfd78d-fc9b-4377-8a27-5d2038beff87,0.04602313603395301,1.3366457664907576,17
d1bfd78d-fc9b-4377-8a27-5d2038beff87,0.04602313603395301,1.3366457664907576,17
d1bfd78d-fc9b-4377-8a27-5d2038beff87,0.04602313603395301,1.3366457664907576,17
d1bfd78d-fc9b-4377-8a27-5d2038beff87,0.04602313603395301,1.3366457664907576,17
d1bfd78d-fc9b-4377-8a27-5d2038beff87,0.04602313603395301,1.3366457664907576,17
d1bfd78d-fc9b-4377-8a27-5d2038beff87,0.04602313603395301,1.3366457664907576,17
d1bfd78d-fc9b-4377-8a27-5d2038beff87,0.04602313603395301,1.3366457664907576,17
d1bfd78d-fc9b-4377-8a27-5d2038beff87,0.04602313603395301,1.3366457664907576,17
d1bfd78d-fc9b-4377-8a27-5d2038beff87,0.04602313603395301,1.3366457664907576,17
d1bfd78d-fc9b-4377-8a27-5d2038beff87,0.04602313603395301,1.3366457664907576,17
d1bfd78d-fc9b-4377-8a27-5d2038beff87,0.04602313603395301,1.3366457664907576,17
d1bfd78d-fc9b-4377-8a27-5d2038beff87,0.04602313603395301,1.3366457664907576,17
d1bfd78d-fc9b-4377-8a27-5d2038beff87,0.04602313603395301,1.3366457664907576,17
d1bfd78d-fc9b-4377-8a27-5d2038beff87,0.04602313603395301,1.3366457664907576,17
d1bfd78d-fc9b-4377-8a27-5d2038beff87,0.04602313603395301,1.3366457664907576,17
d1bfd78d-fc9b-4377-8a27-5d2038beff87,0.04602313603395301,1.3366457664907576,17
d1bfd78d-fc9b-4377-8a27-5d2038beff87,0.04602313603395301,1.3366457664907576,17
d1bfd78d-fc9b-4377-8a27-5d2038beff87,0.04602313603395301,1.3366457664907576,17
d1bfd78d-fc9b-4377-8a27-5d2038beff87,0.04602313603395301,1.3366457664907576,17
d1bfd78d-fc9b-4377-8a27-5d2038beff87,0.04602313603395301,1.3366457664907576,17
d1bfd78d-fc9b-4377-8a27-5d2038beff87,0.04602313603395301,1.3366457664907576,17
d1bfd78d-fc9b-4377-8a27-5d2038beff87,0.04602313603395301,1.3366457664907576,17
d1bfd78d-fc9b-4377-8a27-5d2038beff87,0.04602313603395301,1.3366457664907576,17
d1bfd78d-fc9b-4377-8a27-5d2038beff87,0.04602313603395301,1.3366457664907576,17
d1bfd78d-fc9b-4377-8a27-5d2038beff87,0.04602313603395301,1.3366457664907576,17
d1bfd78d-fc9b-4377-8a27-5d2038beff87,0.04602313603395301,1.3366457664907576,17
cf640d4c-b2d8-41f4-9b73-b83807951dac,0.04547141319807505,3.775457019838043,16
cf640d4c-b2d8-41f4-9b73-b83807951dac,0.04547141319807505,3.775457019838043,16
cf640d4c-b2d8-41f4-9b73-b83807951dac,0.04547141319807505,3.775457019838043,16
cf640d4c-b2d8-41f4-9b73-b83807951dac,0.04547141319807505,3.775457019838043,16
cf640d4c-b2d8-41f4-9b73-b83807951dac,0.04547141319807505,3.775457019838043,16
cf640d4c-b2d8-41f4-9b73-b83807951dac,0.04547141319807505,3.775457019838043,16
cf640d4c-b2d8-41f4-9b73-b83807951dac,0.04547141319807505,3.775457019838043,16
cf640d4c-b2d8-41f4-9b73-b83807951dac,0.04547141319807505,3.775457019838043,16
cf640d4c-b2d8-41f4-9b73-b83807951dac,0.04547141319807505,3.775457019838043,16
cf640d4c-b2d8-41f4-9b73-b83807951dac,0.04547141319807505,3.775457019838043,16
cf640d4c-b2d8-41f4-9b73-b83807951dac,0.04547141319807505,3.775457019838043,16
cf640d4c-b2d8-41f4-9b73-b83807951dac,0.04547141319807505,3.775457019838043,16
cf640d4c-b2d8-41f4-9b73-b83807951dac,0.04547141319807505,3.775457019838043,16
cf640d4c-b2d8-41f4-9b73-b83807951dac,0.04547141319807505,3.775457019838043,16
cf640d4c-b2d8-41f4-9b73-b83807951dac,0.04547141319807505,3.775457019838043,16
cf640d4c-b2d8-41f4-9b73-b83807951dac,0.04547141319807505,3.775457019838043,16
cf640d4c-b2d8-41f4-9b73-b83807951dac,0.04547141319807505,3.775457019838043,16
cf640d4c-b2d8-41f4-9b73-b83807951dac,0.04547141319807505,3.775457019838043,16
cf640d4c-b2d8-41f4-9b73-b83807951dac,0.04547141319807505,3.775457019838043,16
cf640d4c-b2d8-41f4-9b73-b83807951dac,0.04547141319807505,3.775457019838043,16
cf640d4c-b2d8-41f4-9b73-b83807951dac,0.04547141319807505,3.775457019838043,16
cf640d4c-b2d8-41f4-9b73-b83807951dac,0.04547141319807505,3.775457019838043,16
cf640d4c-b2d8-41f4-9b73-b83807951dac,0.04547141319807505,3.775457019838043,16
e75eb2ce-afff-422a-a10d-660efeabd17c,0.05289463281800279,1.0524006006575983,13
e75eb2ce-afff-422a-a10d-660efeabd17c,0.05289463281800279,1.0524006006575983,13
e75eb2ce-afff-422a-a10d-660efeabd17c,0.05289463281800279,1.0524006006575983,13
e75eb2ce-afff-422a-a10d-660efeabd17c,0.05289463281800279,1.0524006006575983,13
e75eb2ce-afff-422a-a10d-660efeabd17c,0.05289463281800279,1.0524006006575983,13
e75eb2ce-afff-422a-a10d-660efeabd17c,0.05289463281800279,1.0524006006575983,13
e75eb2ce-afff-422a-a10d-660efeabd17c,0.05289463281800279,1.0524006006575983,13
e75eb2ce-afff-422a-a10d-660efeabd17c,0.05289463281800279,1.0524006006575983,13
e75eb2ce-afff-422a-a10d-660efeabd17c,0.05289463281800279,1.0524006006575983,13
e75eb2ce-afff-422a-a10d-660efeabd17c,0.05289463281800279,1.0524006006575983,13
e75eb2ce-afff-422a-a10d-660efeabd17c,0.05289463281800279,1.0524006006575983,13
e75eb2ce-afff-422a-a10d-660efeabd17c,0.05289463281800279,1.0524006006575983,13
e75eb2ce-afff-422a-a10d-660efeabd17c,0.05289463281800279,1.0524006006575983,13
e75eb2ce-afff-422a-a10d-660efeabd17c,0.05289463281800279,1.0524006006575983,13
e75eb2ce-afff-422a-a10d-660efeabd17c,0.05289463281800279,1.0524006006575983,13
e75eb2ce-afff-422a-a10d-660efeabd17c,0.05289463281800279,1.0524006006575983,13
e75eb2ce-afff-422a-a10d-660efeabd17c,0.05289463281800279,1.0524006006575983,13
901df46e-cd0e-4c4e-b50a-94881707040a,0.05199857226914794,0.7765960913845684,19
901df46e-cd0e-4c4e-b50a-94881707040a,0.05199857226914794,0.7765960913845684,19
901df46e-cd0e-4c4e-b50a-94881707040a,0.05199857226914794,0.7765960913845684,19
901df46e-cd0e-4c4e-b50a-94881707040a,0.05199857226914794,0.7765960913845684,19
901df46e-cd0e-4c4e-b50a-94881707040a,0.05199857226914794,0.7765960913845684,19
901df46e-cd0e-4c4e-b50a-94881707040a,0.05199857226914794,0.7765960913845684,19
901df46e-cd0e-4c4e-b50a-94881707040a,0.05199857226914794,0.7765960913845684,19
901df46e-cd0e-4c4e-b50a-94881707040a,0.05199857226914794,0.7765960913845684,19
901df46e-cd0e-4c4e-b50a-94881707040a,0.05199857226914794,0.7765960913845684,19
901df46e-cd0e-4c4e-b50a-94881707040a,0.05199857226914794,0.7765960913845684,19
901df46e-cd0e-4c4e-b50a-94881707040a,0.05199857226914794,0.7765960913845684,19
901df46e-cd0e-4c4e-b50a-94881707040a,0.05199857226914794,0.7765960913845684,19
901df46e-cd0e-4c4e-b50a-94881707040a,0.05199857226914794,0.7765960913845684,19
901df46e-cd0e-4c4e-b50a-94881707040a,0.05199857226914794,0.7765960913845684,19
901df46e-cd0e-4c4e-b50a-94881707040a,0.05199857226914794,0.7765960913845684,19
901df46e-cd0e-4c4e-b50a-94881707040a,0.05199857226914794,0.7765960913845684,19
901df46e-cd0e-4c4e-b50a-94881707040a,0.05199857226914794,0.7765960913845684,19
901df46e-cd0e-4c4e-b50a-94881707040a,0.05199857226914794,0.7765960913845684,19
901df46e-cd0e-4c4e-b50a-94881707040a,0.05199857226914794,0.7765960913845684,19
901df46e-cd0e-4c4e-b50a-94881707040a,0.05199857226914794,0.7765960913845684,19
901df46e-cd0e-4c4e-b50a-94881707040a,0.05199857226914794,0.7765960913845684,19
901df46e-cd0e-4c4e-b50a-94881707040a,0.05199857226914794,0.7765960913845684,19
901df46e-cd0e-4c4e-b50a-94881707040a,0.05199857226914794,0.7765960913845684,19
901df46e-cd0e-4c4e-b50a-94881707040a,0.05199857226914794,0.7765960913845684,19
901df46e-cd0e-4c4e-b50a-94881707040a,0.05199857226914794,0.7765960913845684,19
901df46e-cd0e-4c4e-b50a-94881707040a,0.05199857226914794,0.7765960913845684,19
901df46e-cd0e-4c4e-b50a-94881707040a,0.05199857226914794,0.7765960913845684,19
98495c27-3234-4507-9025-91343ed6c7da,0.4471598679491609,1.2910033706304167,16
98495c27-3234-4507-9025-91343ed6c7da,0.4471598679491609,1.2910033706304167,16
98495c27-3234-4507-9025-91343ed6c7da,0.4471598679491609,1.2910033706304167,16
98495c27-3234-4507-9025-91343ed6c7da,0.4471598679491609,1.2910033706304167,16
98495c27-3234-4507-9025-91343ed6c7da,0.4471598679491609,1.2910033706304167,16
98495c27-3234-4507-9025-91343ed6c7da,0.4471598679491609,1.2910033706304167,16
98495c27-3234-4507-9025-91343ed6c7da,0.4471598679491609,1.2910033706304167,16
98495c27-3234-4507-9025-91343ed6c7da,0.4471598679491609,1.2910033706304167,16
98495c27-3234-4507-9025-91343ed6c7da,0.4471598679491609,1.2910033706304167,16
98495c27-3234-4507-9025-91343ed6c7da,0.4471598679491609,1.2910033706304167,16
98495c27-3234-4507-9025-91343ed6c7da,0.4471598679491609,1.2910033706304167,16
98495c27-3234-4507-9025-91343ed6c7da,0.4471598679491609,1.2910033706304167,16
98495c27-3234-4507-9025-91343ed6c7da,0.4471598679491609,1.2910033706304167,16
98495c27-3234-4507-9025-91343ed6c7da,0.4471598679491609,1.2910033706304167,16
98495c27-3234-4507-9025-91343ed6c7da,0.4471598679491609,1.2910033706304167,16
98495c27-3234-4507-9025-91343ed6c7da,0.4471598679491609,1.2910033706304167,16
98495c27-3234-4507-9025-91343ed6c7da,0.4471598679491609,1.2910033706304167,16
98495c27-3234-4507-9025-91343ed6c7da,0.4471598679491609,1.2910033706304167,16
98495c27-3234-4507-9025-91343ed6c7da,0.4471598679491609,1.2910033706304167,16
98495c27-3234-4507-9025-91343ed6c7da,0.4471598679491609,1.2910033706304167,16
98495c27-3234-4507-9025-91343ed6c7da,0.4471598679491609,1.2910033706304167,16
98495c27-3234-4507-9025-91343ed6c7da,0.4471598679491609,1.2910033706304167,16
98495c27-3234-4507-9025-91343ed6c7da,0.4471598679491609,1.2910033706304167,16
98495c27-3234-4507-9025-91343ed6c7da,0.4471598679491609,1.2910033706304167,16
26a47a1d-6320-4294-b936-b8431c8951af,0.023253124202044895,1.084690604247549,10
26a47a1d-6320-4294-b936-b8431c8951af,0.023253124202044895,1.084690604247549,10
26a47a1d-6320-4294-b936-b8431c8951af,0.023253124202044895,1.084690604247549,10
26a47a1d-6320-4294-b936-b8431c8951af,0.023253124202044895,1.084690604247549,10
26a47a1d-6320-4294-b936-b8431c8951af,0.023253124202044895,1.084690604247549,10
26a47a1d-6320-4294-b936-b8431c8951af,0.023253124202044895,1.084690604247549,10
26a47a1d-6320-4294-b936-b8431c8951af,0.023253124202044895,1.084690604247549,10
26a47a1d-6320-4294-b936-b8431c8951af,0.023253124202044895,1.084690604247549,10
26a47a1d-6320-4294-b936-b8431c8951af,0.023253124202044895,1.084690604247549,10
26a47a1d-6320-4294-b936-b8431c8951af,0.023253124202044895,1.084690604247549,10
26a47a1d-6320-4294-b936-b8431c8951af,0.023253124202044895,1.084690604247549,10
26a47a1d-6320-4294-b936-b8431c8951af,0.023253124202044895,1.084690604247549,10
26a47a1d-6320-4294-b936-b8431c8951af,0.023253124202044895,1.084690604247549,10
26a47a1d-6320-4294-b936-b8431c8951af,0.023253124202044895,1.084690604247549,10
26a47a1d-6320-4294-b936-b8431c8951af,0.023253124202044895,1.084690604247549,10
26a47a1d-6320-4294-b936-b8431c8951af,0.023253124202044895,1.084690604247549,10
26a47a1d-6320-4294-b936-b8431c8951af,0.023253124202044895,1.084690604247549,10
4d5457fd-9c98-4f4d-a635-34e3c7282a8c,0.03861763007626618,1.3918648773256221,15
4d5457fd-9c98-4f4d-a635-34e3c7282a8c,0.03861763007626618,1.3918648773256221,15
4d5457fd-9c98-4f4d-a635-34e3c7282a8c,0.03861763007626618,1.3918648773256221,15
4d5457fd-9c98-4f4d-a635-34e3c7282a8c,0.03861763007626618,1.3918648773256221,15
4d5457fd-9c98-4f4d-a635-34e3c7282a8c,0.03861763007626618,1.3918648773256221,15
4d5457fd-9c98-4f4d-a635-34e3c7282a8c,0.03861763007626618,1.3918648773256221,15
4d5457fd-9c98-4f4d-a635-34e3c7282a8c,0.03861763007626618,1.3918648773256221,15
4d5457fd-9c98-4f4d-a635-34e3c7282a8c,0.03861763007626618,1.3918648773256221,15
4d5457fd-9c98-4f4d-a635-34e3c7282a8c,0.03861763007626618,1.3918648773256221,15
4d5457fd-9c98-4f4d-a635-34e3c7282a8c,0.03861763007626618,1.3918648773256221,15
4d5457fd-9c98-4f4d-a635-34e3c7282a8c,0.03861763007626618,1.3918648773256221,15
4d5457fd-9c98-4f4d-a635-34e3c7282a8c,0.03861763007626618,1.3918648773256221,15
4d5457fd-9c98-4f4d-a635-34e3c7282a8c,0.03861763007626618,1.3918648773256221,15
4d5457fd-9c98-4f4d-a635-34e3c7282a8c,0.03861763007626618,1.3918648773256221,15
4d5457fd-9c98-4f4d-a635-34e3c7282a8c,0.03861763007626618,1.3918648773256221,15
4d5457fd-9c98-4f4d-a635-34e3c7282a8c,0.03861763007626618,1.3918648773256221,15
4d5457fd-9c98-4f4d-a635-34e3c7282a8c,0.03861763007626618,1.3918648773256221,15
4d5457fd-9c98-4f4d-a635-34e3c7282a8c,0.03861763007626618,1.3918648773256221,15
4d5457fd-9c98-4f4d-a635-34e3c7282a8c,0.03861763007626618,1.3918648773256221,15
4d5457fd-9c98-4f4d-a635-34e3c7282a8c,0.03861763007626618,1.3918648773256221,15
4d5457fd-9c98-4f4d-a635-34e3c7282a8c,0.03861763007626618,1.3918648773256221,15
4d5457fd-9c98-4f4d-a635-34e3c7282a8c,0.03861763007626618,1.3918648773256221,15
4d5457fd-9c98-4f4d-a635-34e3c7282a8c,0.03861763007626618,1.3918648773256221,15
08a4d736-18af-40a6-ae1e-a72c849e43fa,0.021489521967064665,0.8889196245080786,15
08a4d736-18af-40a6-ae1e-a72c849e43fa,0.021489521967064665,0.8889196245080786,15
08a4d736-18af-40a6-ae1e-a72c849e43fa,0.021489521967064665,0.8889196245080786,15
08a4d736-18af-40a6-ae1e-a72c849e43fa,0.021489521967064665,0.8889196245080786,15
08a4d736-18af-40a6-ae1e-a72c849e43fa,0.021489521967064665,0.8889196245080786,15
08a4d736-18af-40a6-ae1e-a72c849e43fa,0.021489521967064665,0.8889196245080786,15
08a4d736-18af-40a6-ae1e-a72c849e43fa,0.021489521967064665,0.8889196245080786,15
08a4d736-18af-40a6-ae1e-a72c849e43fa,0.021489521967064665,0.8889196245080786,15
08a4d736-18af-40a6-ae1e-a72c849e43fa,0.021489521967064665,0.8889196245080786,15
08a4d736-18af-40a6-ae1e-a72c849e43fa,0.021489521967064665,0.8889196245080786,15
08a4d736-18af-40a6-ae1e-a72c849e43fa,0.021489521967064665,0.8889196245080786,15
08a4d736-18af-40a6-ae1e-a72c849e43fa,0.021489521967064665,0.8889196245080786,15
08a4d736-18af-40a6-ae1e-a72c849e43fa,0.021489521967064665,0.8889196245080786,15
08a4d736-18af-40a6-ae1e-a72c849e43fa,0.021489521967064665,0.8889196245080786,15
08a4d736-18af-40a6-ae1e-a72c849e43fa,0.021489521967064665,0.8889196245080786,15
08a4d736-18af-40a6-ae1e-a72c849e43fa,0.021489521967064665,0.8889196245080786,15
08a4d736-18af-40a6-ae1e-a72c849e43fa,0.021489521967064665,0.8889196245080786,15
08a4d736-18af-40a6-ae1e-a72c849e43fa,0.021489521967064665,0.8889196245080786,15
61740ad0-1fd7-49cb-b577-a7b00d8d4a53,0.02588432778669362,1.9395621346997307,11
61740ad0-1fd7-49cb-b577-a7b00d8d4a53,0.02588432778669362,1.9395621346997307,11
61740ad0-1fd7-49cb-b577-a7b00d8d4a53,0.02588432778669362,1.9395621346997307,11
61740ad0-1fd7-49cb-b577-a7b00d8d4a53,0.02588432778669362,1.9395621346997307,11
61740ad0-1fd7-49cb-b577-a7b00d8d4a53,0.02588432778669362,1.9395621346997307,11
61740ad0-1fd7-49cb-b577-a7b00d8d4a53,0.02588432778669362,1.9395621346997307,11
61740ad0-1fd7-49cb-b577-a7b00d8d4a53,0.02588432778669362,1.9395621346997307,11
61740ad0-1fd7-49cb-b577-a7b00d8d4a53,0.02588432778669362,1.9395621346997307,11
61740ad0-1fd7-49cb-b577-a7b00d8d4a53,0.02588432778669362,1.9395621346997307,11
61740ad0-1fd7-49cb-b577-a7b00d8d4a53,0.02588432778669362,1.9395621346997307,11
61740ad0-1fd7-49cb-b577-a7b00d8d4a53,0.02588432778669362,1.9395621346997307,11
61740ad0-1fd7-49cb-b577-a7b00d8d4a53,0.02588432778669362,1.9395621346997307,11
61740ad0-1fd7-49cb-b577-a7b00d8d4a53,0.02588432778669362,1.9395621346997307,11
61740ad0-1fd7-49cb-b577-a7b00d8d4a53,0.02588432778669362,1.9395621346997307,11
61740ad0-1fd7-49cb-b577-a7b00d8d4a53,0.02588432778669362,1.9395621346997307,11
7a2bf877-8f72-42f3-86f9-a4976e5936c7,0.042316804522853996,0.7677713834061246,17
7a2bf877-8f72-42f3-86f9-a4976e5936c7,0.042316804522853996,0.7677713834061246,17
7a2bf877-8f72-42f3-86f9-a4976e5936c7,0.042316804522853996,0.7677713834061246,17
7a2bf877-8f72-42f3-86f9-a4976e5936c7,0.042316804522853996,0.7677713834061246,17
7a2bf877-8f72-42f3-86f9-a4976e5936c7,0.042316804522853996,0.7677713834061246,17
7a2bf877-8f72-42f3-86f9-a4976e5936c7,0.042316804522853996,0.7677713834061246,17
7a2bf877-8f72-42f3-86f9-a4976e5936c7,0.042316804522853996,0.7677713834061246,17
7a2bf877-8f72-42f3-86f9-a4976e5936c7,0.042316804522853996,0.7677713834061246,17
7a2bf877-8f72-42f3-86f9-a4976e5936c7,0.042316804522853996,0.7677713834061246,17
7a2bf877-8f72-42f3-86f9-a4976e5936c7,0.042316804522853996,0.7677713834061246,17
7a2bf877-8f72-42f3-86f9-a4976e5936c7,0.042316804522853996,0.7677713834061246,17
7a2bf877-8f72-42f3-86f9-a4976e5936c7,0.042316804522853996,0.7677713834061246,17
7a2bf877-8f72-42f3-86f9-a4976e5936c7,0.042316804522853996,0.7677713834061246,17
7a2bf877-8f72-42f3-86f9-a4976e5936c7,0.042316804522853996,0.7677713834061246,17
7a2bf877-8f72-42f3-86f9-a4976e5936c7,0.042316804522853996,0.7677713834061246,17
7a2bf877-8f72-42f3-86f9-a4976e5936c7,0.042316804522853996,0.7677713834061246,17
7a2bf877-8f72-42f3-86f9-a4976e5936c7,0.042316804522853996,0.7677713834061246,17
7a2bf877-8f72-42f3-86f9-a4976e5936c7,0.042316804522853996,0.7677713834061246,17
7a2bf877-8f72-42f3-86f9-a4976e5936c7,0.042316804522853996,0.7677713834061246,17
7a2bf877-8f72-42f3-86f9-a4976e5936c7,0.042316804522853996,0.7677713834061246,17
7a2bf877-8f72-42f3-86f9-a4976e5936c7,0.042316804522853996,0.7677713834061246,17
7a2bf877-8f72-42f3-86f9-a4976e5936c7,0.042316804522853996,0.7677713834061246,17
7a2bf877-8f72-42f3-86f9-a4976e5936c7,0.042316804522853996,0.7677713834061246,17
7a2bf877-8f72-42f3-86f9-a4976e5936c7,0.042316804522853996,0.7677713834061246,17
7a2bf877-8f72-42f3-86f9-a4976e5936c7,0.042316804522853996,0.7677713834061246,17
7a2bf877-8f72-42f3-86f9-a4976e5936c7,0.042316804522853996,0.7677713834061246,17
7a2bf877-8f72-42f3-86f9-a4976e5936c7,0.042316804522853996,0.7677713834061246,17
7a2bf877-8f72-42f3-86f9-a4976e5936c7,0.042316804522853996,0.7677713834061246,17
7a2bf877-8f72-42f3-86f9-a4976e5936c7,0.042316804522853996,0.7677713834061246,17
7a2bf877-8f72-42f3-86f9-a4976e5936c7,0.042316804522853996,0.7677713834061246,17
52684ac6-dc2b-4e7d-8733-02c1a40967ca,0.0753329492225519,0.7975516919164334,15
52684ac6-dc2b-4e7d-8733-02c1a40967ca,0.0753329492225519,0.7975516919164334,15
52684ac6-dc2b-4e7d-8733-02c1a40967ca,0.0753329492225519,0.7975516919164334,15
52684ac6-dc2b-4e7d-8733-02c1a40967ca,0.0753329492225519,0.7975516919164334,15
52684ac6-dc2b-4e7d-8733-02c1a40967ca,0.0753329492225519,0.7975516919164334,15
52684ac6-dc2b-4e7d-8733-02c1a40967ca,0.0753329492225519,0.7975516919164334,15
52684ac6-dc2b-4e7d-8733-02c1a40967ca,0.0753329492225519,0.7975516919164334,15
52684ac6-dc2b-4e7d-8733-02c1a40967ca,0.0753329492225519,0.7975516919164334,15
52684ac6-dc2b-4e7d-8733-02c1a40967ca,0.0753329492225519,0.7975516919164334,15
52684ac6-dc2b-4e7d-8733-02c1a40967ca,0.0753329492225519,0.7975516919164334,15
52684ac6-dc2b-4e7d-8733-02c1a40967ca,0.0753329492225519,0.7975516919164334,15
52684ac6-dc2b-4e7d-8733-02c1a40967ca,0.0753329492225519,0.7975516919164334,15
52684ac6-dc2b-4e7d-8733-02c1a40967ca,0.0753329492225519,0.7975516919164334,15
52684ac6-dc2b-4e7d-8733-02c1a40967ca,0.0753329492225519,0.7975516919164334,15
52684ac6-dc2b-4e7d-8733-02c1a40967ca,0.0753329492225519,0.7975516919164334,15
52684ac6-dc2b-4e7d-8733-02c1a40967ca,0.0753329492225519,0.7975516919164334,15
52684ac6-dc2b-4e7d-8733-02c1a40967ca,0.0753329492225519,0.7975516919164334,15
52684ac6-dc2b-4e7d-8733-02c1a40967ca,0.0753329492225519,0.7975516919164334,15
52684ac6-dc2b-4e7d-8733-02c1a40967ca,0.0753329492225519,0.7975516919164334,15
52684ac6-dc2b-4e7d-8733-02c1a40967ca,0.0753329492225519,0.7975516919164334,15
31b78295-0303-4c0e-b982-d55111d6d08f,0.04581992835322122,0.6514724470167219,16
31b78295-0303-4c0e-b982-d55111d6d08f,0.04581992835322122,0.6514724470167219,16
31b78295-0303-4c0e-b982-d55111d6d08f,0.04581992835322122,0.6514724470167219,16
31b78295-0303-4c0e-b982-d55111d6d08f,0.04581992835322122,0.6514724470167219,16
31b78295-0303-4c0e-b982-d55111d6d08f,0.04581992835322122,0.6514724470167219,16
31b78295-0303-4c0e-b982-d55111d6d08f,0.04581992835322122,0.6514724470167219,16
31b78295-0303-4c0e-b982-d55111d6d08f,0.04581992835322122,0.6514724470167219,16
31b78295-0303-4c0e-b982-d55111d6d08f,0.04581992835322122,0.6514724470167219,16
31b78295-0303-4c0e-b982-d55111d6d08f,0.04581992835322122,0.6514724470167219,16
31b78295-0303-4c0e-b982-d55111d6d08f,0.04581992835322122,0.6514724470167219,16
31b78295-0303-4c0e-b982-d55111d6d08f,0.04581992835322122,0.6514724470167219,16
31b78295-0303-4c0e-b982-d55111d6d08f,0.04581992835322122,0.6514724470167219,16
31b78295-0303-4c0e-b982-d55111d6d08f,0.04581992835322122,0.6514724470167219,16
31b78295-0303-4c0e-b982-d55111d6d08f,0.04581992835322122,0.6514724470167219,16
31b78295-0303-4c0e-b982-d55111d6d08f,0.04581992835322122,0.6514724470167219,16
31b78295-0303-4c0e-b982-d55111d6d08f,0.04581992835322122,0.6514724470167219,16
31b78295-0303-4c0e-b982-d55111d6d08f,0.04581992835322122,0.6514724470167219,16
31b78295-0303-4c0e-b982-d55111d6d08f,0.04581992835322122,0.6514724470167219,16
31b78295-0303-4c0e-b982-d55111d6d08f,0.04581992835322122,0.6514724470167219,16
17e08138-ceaa-4354-9c57-68fc2b990455,0.03819953123873649,0.7682260279863953,14
17e08138-ceaa-4354-9c57-68fc2b990455,0.03819953123873649,0.7682260279863953,14
17e08138-ceaa-4354-9c57-68fc2b990455,0.03819953123873649,0.7682260279863953,14
17e08138-ceaa-4354-9c57-68fc2b990455,0.03819953123873649,0.7682260279863953,14
17e08138-ceaa-4354-9c57-68fc2b990455,0.03819953123873649,0.7682260279863953,14
17e08138-ceaa-4354-9c57-68fc2b990455,0.03819953123873649,0.7682260279863953,14
17e08138-ceaa-4354-9c57-68fc2b990455,0.03819953123873649,0.7682260279863953,14
17e08138-ceaa-4354-9c57-68fc2b990455,0.03819953123873649,0.7682260279863953,14
17e08138-ceaa-4354-9c57-68fc2b990455,0.03819953123873649,0.7682260279863953,14
17e08138-ceaa-4354-9c57-68fc2b990455,0.03819953123873649,0.7682260279863953,14
17e08138-ceaa-4354-9c57-68fc2b990455,0.03819953123873649,0.7682260279863953,14
17e08138-ceaa-4354-9c57-68fc2b990455,0.03819953123873649,0.7682260279863953,14
17e08138-ceaa-4354-9c57-68fc2b990455,0.03819953123873649,0.7682260279863953,14
17e08138-ceaa-4354-9c57-68fc2b990455,0.03819953123873649,0.7682260279863953,14
17e08138-ceaa-4354-9c57-68fc2b990455,0.03819953123873649,0.7682260279863953,14
17e08138-ceaa-4354-9c57-68fc2b990455,0.03819953123873649,0.7682260279863953,14
17e08138-ceaa-4354-9c57-68fc2b990455,0.03819953123873649,0.7682260279863953,14
17e08138-ceaa-4354-9c57-68fc2b990455,0.03819953123873649,0.7682260279863953,14
17e08138-ceaa-4354-9c57-68fc2b990455,0.03819953123873649,0.7682260279863953,14
17e08138-ceaa-4354-9c57-68fc2b990455,0.03819953123873649,0.7682260279863953,14
17e08138-ceaa-4354-9c57-68fc2b990455,0.03819953123873649,0.7682260279863953,14
e4bf6ce6-17d1-4a81-b23d-304070fd3b91,0.057467448182563545,4.36392455883904,16
e4bf6ce6-17d1-4a81-b23d-304070fd3b91,0.057467448182563545,4.36392455883904,16
e4bf6ce6-17d1-4a81-b23d-304070fd3b91,0.057467448182563545,4.36392455883904,16
e4bf6ce6-17d1-4a81-b23d-304070fd3b91,0.057467448182563545,4.36392455883904,16
e4bf6ce6-17d1-4a81-b23d-304070fd3b91,0.057467448182563545,4.36392455883904,16
e4bf6ce6-17d1-4a81-b23d-304070fd3b91,0.057467448182563545,4.36392455883904,16
e4bf6ce6-17d1-4a81-b23d-304070fd3b91,0.057467448182563545,4.36392455883904,16
e4bf6ce6-17d1-4a81-b23d-304070fd3b91,0.057467448182563545,4.36392455883904,16
e4bf6ce6-17d1-4a81-b23d-304070fd3b91,0.057467448182563545,4.36392455883904,16
e4bf6ce6-17d1-4a81-b23d-304070fd3b91,0.057467448182563545,4.36392455883904,16
e4bf6ce6-17d1-4a81-b23d-304070fd3b91,0.057467448182563545,4.36392455883904,16
e4bf6ce6-17d1-4a81-b23d-304070fd3b91,0.057467448182563545,4.36392455883904,16
e4bf6ce6-17d1-4a81-b23d-304070fd3b91,0.057467448182563545,4.36392455883904,16
e4bf6ce6-17d1-4a81-b23d-304070fd3b91,0.057467448182563545,4.36392455883904,16
e4bf6ce6-17d1-4a81-b23d-304070fd3b91,0.057467448182563545,4.36392455883904,16
e4bf6ce6-17d1-4a81-b23d-304070fd3b91,0.057467448182563545,4.36392455883904,16
e4bf6ce6-17d1-4a81-b23d-304070fd3b91,0.057467448182563545,4.36392455883904,16
e4bf6ce6-17d1-4a81-b23d-304070fd3b91,0.057467448182563545,4.36392455883904,16
e4bf6ce6-17d1-4a81-b23d-304070fd3b91,0.057467448182563545,4.36392455883904,16
e4bf6ce6-17d1-4a81-b23d-304070fd3b91,0.057467448182563545,4.36392455883904,16
e4bf6ce6-17d1-4a81-b23d-304070fd3b91,0.057467448182563545,4.36392455883904,16
e4bf6ce6-17d1-4a81-b23d-304070fd3b91,0.057467448182563545,4.36392455883904,16
e4bf6ce6-17d1-4a81-b23d-304070fd3b91,0.057467448182563545,4.36392455883904,16
e4bf6ce6-17d1-4a81-b23d-304070fd3b91,0.057467448182563545,4.36392455883904,16
e4bf6ce6-17d1-4a81-b23d-304070fd3b91,0.057467448182563545,4.36392455883904,16
d778d445-c5d6-418b-9dcb-5c817ffa563b,0.1044659408712287,0.5998046060955011,16
d778d445-c5d6-418b-9dcb-5c817ffa563b,0.1044659408712287,0.5998046060955011,16
d778d445-c5d6-418b-9dcb-5c817ffa563b,0.1044659408712287,0.5998046060955011,16
d778d445-c5d6-418b-9dcb-5c817ffa563b,0.1044659408712287,0.5998046060955011,16
d778d445-c5d6-418b-9dcb-5c817ffa563b,0.1044659408712287,0.5998046060955011,16
d778d445-c5d6-418b-9dcb-5c817ffa563b,0.1044659408712287,0.5998046060955011,16
d778d445-c5d6-418b-9dcb-5c817ffa563b,0.1044659408712287,0.5998046060955011,16
d778d445-c5d6-418b-9dcb-5c817ffa563b,0.1044659408712287,0.5998046060955011,16
d778d445-c5d6-418b-9dcb-5c817ffa563b,0.1044659408712287,0.5998046060955011,16
d778d445-c5d6-418b-9dcb-5c817ffa563b,0.1044659408712287,0.5998046060955011,16
d778d445-c5d6-418b-9dcb-5c817ffa563b,0.1044659408712287,0.5998046060955011,16
d778d445-c5d6-418b-9dcb-5c817ffa563b,0.1044659408712287,0.5998046060955011,16
d778d445-c5d6-418b-9dcb-5c817ffa563b,0.1044659408712287,0.5998046060955011,16
d778d445-c5d6-418b-9dcb-5c817ffa563b,0.1044659408712287,0.5998046060955011,16
d778d445-c5d6-418b-9dcb-5c817ffa563b,0.1044659408712287,0.5998046060955011,16
d778d445-c5d6-418b-9dcb-5c817ffa563b,0.1044659408712287,0.5998046060955011,16
d778d445-c5d6-418b-9dcb-5c817ffa563b,0.1044659408712287,0.5998046060955011,16
d778d445-c5d6-418b-9dcb-5c817ffa563b,0.1044659408712287,0.5998046060955011,16
d778d445-c5d6-418b-9dcb-5c817ffa563b,0.1044659408712287,0.5998046060955011,16
d778d445-c5d6-418b-9dcb-5c817ffa563b,0.1044659408712287,0.5998046060955011,16
d778d445-c5d6-418b-9dcb-5c817ffa563b,0.1044659408712287,0.5998046060955011,16
6e1eb8a4-56b4-4aca-bb3f-5604ff407bc3,0.03850622554300103,0.5251585289343168,16
6e1eb8a4-56b4-4aca-bb3f-5604ff407bc3,0.03850622554300103,0.5251585289343168,16
6e1eb8a4-56b4-4aca-bb3f-5604ff407bc3,0.03850622554300103,0.5251585289343168,16
6e1eb8a4-56b4-4aca-bb3f-5604ff407bc3,0.03850622554300103,0.5251585289343168,16
6e1eb8a4-56b4-4aca-bb3f-5604ff407bc3,0.03850622554300103,0.5251585289343168,16
6e1eb8a4-56b4-4aca-bb3f-5604ff407bc3,0.03850622554300103,0.5251585289343168,16
6e1eb8a4-56b4-4aca-bb3f-5604ff407bc3,0.03850622554300103,0.5251585289343168,16
6e1eb8a4-56b4-4aca-bb3f-5604ff407bc3,0.03850622554300103,0.5251585289343168,16
6e1eb8a4-56b4-4aca-bb3f-5604ff407bc3,0.03850622554300103,0.5251585289343168,16
6e1eb8a4-56b4-4aca-bb3f-5604ff407bc3,0.03850622554300103,0.5251585289343168,16
6e1eb8a4-56b4-4aca-bb3f-5604ff407bc3,0.03850622554300103,0.5251585289343168,16
6e1eb8a4-56b4-4aca-bb3f-5604ff407bc3,0.03850622554300103,0.5251585289343168,16
6e1eb8a4-56b4-4aca-bb3f-5604ff407bc3,0.03850622554300103,0.5251585289343168,16
6e1eb8a4-56b4-4aca-bb3f-5604ff407bc3,0.03850622554300103,0.5251585289343168,16
6e1eb8a4-56b4-4aca-bb3f-5604ff407bc3,0.03850622554300103,0.5251585289343168,16
6e1eb8a4-56b4-4aca-bb3f-5604ff407bc3,0.03850622554300103,0.5251585289343168,16
6e1eb8a4-56b4-4aca-bb3f-5604ff407bc3,0.03850622554300103,0.5251585289343168,16
6e1eb8a4-56b4-4aca-bb3f-5604ff407bc3,0.03850622554300103,0.5251585289343168,16
6e1eb8a4-56b4-4aca-bb3f-5604ff407bc3,0.03850622554300103,0.5251585289343168,16
ba0ab34a-8186-448b-939e-54a2d45fcea1,0.07797480106008493,1.3809676412413052,14
ba0ab34a-8186-448b-939e-54a2d45fcea1,0.07797480106008493,1.3809676412413052,14
ba0ab34a-8186-448b-939e-54a2d45fcea1,0.07797480106008493,1.3809676412413052,14
ba0ab34a-8186-448b-939e-54a2d45fcea1,0.07797480106008493,1.3809676412413052,14
ba0ab34a-8186-448b-939e-54a2d45fcea1,0.07797480106008493,1.3809676412413052,14
ba0ab34a-8186-448b-939e-54a2d45fcea1,0.07797480106008493,1.3809676412413052,14
ba0ab34a-8186-448b-939e-54a2d45fcea1,0.07797480106008493,1.3809676412413052,14
ba0ab34a-8186-448b-939e-54a2d45fcea1,0.07797480106008493,1.3809676412413052,14
ba0ab34a-8186-448b-939e-54a2d45fcea1,0.07797480106008493,1.3809676412413052,14
ba0ab34a-8186-448b-939e-54a2d45fcea1,0.07797480106008493,1.3809676412413052,14
ba0ab34a-8186-448b-939e-54a2d45fcea1,0.07797480106008493,1.3809676412413052,14
ba0ab34a-8186-448b-939e-54a2d45fcea1,0.07797480106008493,1.3809676412413052,14
ba0ab34a-8186-448b-939e-54a2d45fcea1,0.07797480106008493,1.3809676412413052,14
ba0ab34a-8186-448b-939e-54a2d45fcea1,0.07797480106008493,1.3809676412413052,14
ba0ab34a-8186-448b-939e-54a2d45fcea1,0.07797480106008493,1.3809676412413052,14
ba0ab34a-8186-448b-939e-54a2d45fcea1,0.07797480106008493,1.3809676412413052,14
ba0ab34a-8186-448b-939e-54a2d45fcea1,0.07797480106008493,1.3809676412413052,14
ba0ab34a-8186-448b-939e-54a2d45fcea1,0.07797480106008493,1.3809676412413052,14
ba0ab34a-8186-448b-939e-54a2d45fcea1,0.07797480106008493,1.3809676412413052,14
20f29ae2-066e-4fec-ae31-1424833bb7a1,0.05292246843737046,2.1706851372949467,21
20f29ae2-066e-4fec-ae31-1424833bb7a1,0.05292246843737046,2.1706851372949467,21
20f29ae2-066e-4fec-ae31-1424833bb7a1,0.05292246843737046,2.1706851372949467,21
20f29ae2-066e-4fec-ae31-1424833bb7a1,0.05292246843737046,2.1706851372949467,21
20f29ae2-066e-4fec-ae31-1424833bb7a1,0.05292246843737046,2.1706851372949467,21
20f29ae2-066e-4fec-ae31-1424833bb7a1,0.05292246843737046,2.1706851372949467,21
20f29ae2-066e-4fec-ae31-1424833bb7a1,0.05292246843737046,2.1706851372949467,21
20f29ae2-066e-4fec-ae31-1424833bb7a1,0.05292246843737046,2.1706851372949467,21
20f29ae2-066e-4fec-ae31-1424833bb7a1,0.05292246843737046,2.1706851372949467,21
20f29ae2-066e-4fec-ae31-1424833bb7a1,0.05292246843737046,2.1706851372949467,21
20f29ae2-066e-4fec-ae31-1424833bb7a1,0.05292246843737046,2.1706851372949467,21
20f29ae2-066e-4fec-ae31-1424833bb7a1,0.05292246843737046,2.1706851372949467,21
20f29ae2-066e-4fec-ae31-1424833bb7a1,0.05292246843737046,2.1706851372949467,21
20f29ae2-066e-4fec-ae31-1424833bb7a1,0.05292246843737046,2.1706851372949467,21
20f29ae2-066e-4fec-ae31-1424833bb7a1,0.05292246843737046,2.1706851372949467,21
20f29ae2-066e-4fec-ae31-1424833bb7a1,0.05292246843737046,2.1706851372949467,21
20f29ae2-066e-4fec-ae31-1424833bb7a1,0.05292246843737046,2.1706851372949467,21
20f29ae2-066e-4fec-ae31-1424833bb7a1,0.05292246843737046,2.1706851372949467,21
20f29ae2-066e-4fec-ae31-1424833bb7a1,0.05292246843737046,2.1706851372949467,21
20f29ae2-066e-4fec-ae31-1424833bb7a1,0.05292246843737046,2.1706851372949467,21
20f29ae2-066e-4fec-ae31-1424833bb7a1,0.05292246843737046,2.1706851372949467,21
20f29ae2-066e-4fec-ae31-1424833bb7a1,0.05292246843737046,2.1706851372949467,21
20f29ae2-066e-4fec-ae31-1424833bb7a1,0.05292246843737046,2.1706851372949467,21
20f29ae2-066e-4fec-ae31-1424833bb7a1,0.05292246843737046,2.1706851372949467,21
20f29ae2-066e-4fec-ae31-1424833bb7a1,0.05292246843737046,2.1706851372949467,21
20f29ae2-066e-4fec-ae31-1424833bb7a1,0.05292246843737046,2.1706851372949467,21
20f29ae2-066e-4fec-ae31-1424833bb7a1,0.05292246843737046,2.1706851372949467,21
20f29ae2-066e-4fec-ae31-1424833bb7a1,0.05292246843737046,2.1706851372949467,21
20f29ae2-066e-4fec-ae31-1424833bb7a1,0.05292246843737046,2.1706851372949467,21
01692f40-df5b-4451-b0a3-78833f770f30,0.029838016248020745,3.034274097586163,10
01692f40-df5b-4451-b0a3-78833f770f30,0.029838016248020745,3.034274097586163,10
01692f40-df5b-4451-b0a3-78833f770f30,0.029838016248020745,3.034274097586163,10
01692f40-df5b-4451-b0a3-78833f770f30,0.029838016248020745,3.034274097586163,10
01692f40-df5b-4451-b0a3-78833f770f30,0.029838016248020745,3.034274097586163,10
01692f40-df5b-4451-b0a3-78833f770f30,0.029838016248020745,3.034274097586163,10
01692f40-df5b-4451-b0a3-78833f770f30,0.029838016248020745,3.034274097586163,10
01692f40-df5b-4451-b0a3-78833f770f30,0.029838016248020745,3.034274097586163,10
01692f40-df5b-4451-b0a3-78833f770f30,0.029838016248020745,3.034274097586163,10
01692f40-df5b-4451-b0a3-78833f770f30,0.029838016248020745,3.034274097586163,10
01692f40-df5b-4451-b0a3-78833f770f30,0.029838016248020745,3.034274097586163,10
01692f40-df5b-4451-b0a3-78833f770f30,0.029838016248020745,3.034274097586163,10
01692f40-df5b-4451-b0a3-78833f770f30,0.029838016248020745,3.034274097586163,10
01692f40-df5b-4451-b0a3-78833f770f30,0.029838016248020745,3.034274097586163,10
01692f40-df5b-4451-b0a3-78833f770f30,0.029838016248020745,3.034274097586163,10
01692f40-df5b-4451-b0a3-78833f770f30,0.029838016248020745,3.034274097586163,10
01692f40-df5b-4451-b0a3-78833f770f30,0.029838016248020745,3.034274097586163,10
5311c263-50d0-4fb4-8f3b-75cebf4fd862,0.04214103266202583,2.795828704429347,13
5311c263-50d0-4fb4-8f3b-75cebf4fd862,0.04214103266202583,2.795828704429347,13
5311c263-50d0-4fb4-8f3b-75cebf4fd862,0.04214103266202583,2.795828704429347,13
5311c263-50d0-4fb4-8f3b-75cebf4fd862,0.04214103266202583,2.795828704429347,13
5311c263-50d0-4fb4-8f3b-75cebf4fd862,0.04214103266202583,2.795828704429347,13
5311c263-50d0-4fb4-8f3b-75cebf4fd862,0.04214103266202583,2.795828704429347,13
5311c263-50d0-4fb4-8f3b-75cebf4fd862,0.04214103266202583,2.795828704429347,13
5311c263-50d0-4fb4-8f3b-75cebf4fd862,0.04214103266202583,2.795828704429347,13
5311c263-50d0-4fb4-8f3b-75cebf4fd862,0.04214103266202583,2.795828704429347,13
5311c263-50d0-4fb4-8f3b-75cebf4fd862,0.04214103266202583,2.795828704429347,13
5311c263-50d0-4fb4-8f3b-75cebf4fd862,0.04214103266202583,2.795828704429347,13
5311c263-50d0-4fb4-8f3b-75cebf4fd862,0.04214103266202583,2.795828704429347,13
5311c263-50d0-4fb4-8f3b-75cebf4fd862,0.04214103266202583,2.795828704429347,13
5311c263-50d0-4fb4-8f3b-75cebf4fd862,0.04214103266202583,2.795828704429347,13
5311c263-50d0-4fb4-8f3b-75cebf4fd862,0.04214103266202583,2.795828704429347,13
5311c263-50d0-4fb4-8f3b-75cebf4fd862,0.04214103266202583,2.795828704429347,13
5e87b9fa-cb8a-4f0e-922d-365999863bac,0.021270790442919525,1.3452954031831634,19
5e87b9fa-cb8a-4f0e-922d-365999863bac,0.021270790442919525,1.3452954031831634,19
5e87b9fa-cb8a-4f0e-922d-365999863bac,0.021270790442919525,1.3452954031831634,19
5e87b9fa-cb8a-4f0e-922d-365999863bac,0.021270790442919525,1.3452954031831634,19
5e87b9fa-cb8a-4f0e-922d-365999863bac,0.021270790442919525,1.3452954031831634,19
5e87b9fa-cb8a-4f0e-922d-365999863bac,0.021270790442919525,1.3452954031831634,19
5e87b9fa-cb8a-4f0e-922d-365999863bac,0.021270790442919525,1.3452954031831634,19
5e87b9fa-cb8a-4f0e-922d-365999863bac,0.021270790442919525,1.3452954031831634,19
5e87b9fa-cb8a-4f0e-922d-365999863bac,0.021270790442919525,1.3452954031831634,19
5e87b9fa-cb8a-4f0e-922d-365999863bac,0.021270790442919525,1.3452954031831634,19
5e87b9fa-cb8a-4f0e-922d-365999863bac,0.021270790442919525,1.3452954031831634,19
5e87b9fa-cb8a-4f0e-922d-365999863bac,0.021270790442919525,1.3452954031831634,19
5e87b9fa-cb8a-4f0e-922d-365999863bac,0.021270790442919525,1.3452954031831634,19
5e87b9fa-cb8a-4f0e-922d-365999863bac,0.021270790442919525,1.3452954031831634,19
5e87b9fa-cb8a-4f0e-922d-365999863bac,0.021270790442919525,1.3452954031831634,19
5e87b9fa-cb8a-4f0e-922d-365999863bac,0.021270790442919525,1.3452954031831634,19
5e87b9fa-cb8a-4f0e-922d-365999863bac,0.021270790442919525,1.3452954031831634,19
5e87b9fa-cb8a-4f0e-922d-365999863bac,0.021270790442919525,1.3452954031831634,19
5e87b9fa-cb8a-4f0e-922d-365999863bac,0.021270790442919525,1.3452954031831634,19
5e87b9fa-cb8a-4f0e-922d-365999863bac,0.021270790442919525,1.3452954031831634,19
5e87b9fa-cb8a-4f0e-922d-365999863bac,0.021270790442919525,1.3452954031831634,19
5e87b9fa-cb8a-4f0e-922d-365999863bac,0.021270790442919525,1.3452954031831634,19
5e87b9fa-cb8a-4f0e-922d-365999863bac,0.021270790442919525,1.3452954031831634,19
5e87b9fa-cb8a-4f0e-922d-365999863bac,0.021270790442919525,1.3452954031831634,19
5e87b9fa-cb8a-4f0e-922d-365999863bac,0.021270790442919525,1.3452954031831634,19
5e87b9fa-cb8a-4f0e-922d-365999863bac,0.021270790442919525,1.3452954031831634,19
5e87b9fa-cb8a-4f0e-922d-365999863bac,0.021270790442919525,1.3452954031831634,19
5e87b9fa-cb8a-4f0e-922d-365999863bac,0.021270790442919525,1.3452954031831634,19
2ae787ee-f16f-4798-8671-70e527f7ac46,0.033636892421587426,1.2455082534852457,19
2ae787ee-f16f-4798-8671-70e527f7ac46,0.033636892421587426,1.2455082534852457,19
2ae787ee-f16f-4798-8671-70e527f7ac46,0.033636892421587426,1.2455082534852457,19
2ae787ee-f16f-4798-8671-70e527f7ac46,0.033636892421587426,1.2455082534852457,19
2ae787ee-f16f-4798-8671-70e527f7ac46,0.033636892421587426,1.2455082534852457,19
2ae787ee-f16f-4798-8671-70e527f7ac46,0.033636892421587426,1.2455082534852457,19
2ae787ee-f16f-4798-8671-70e527f7ac46,0.033636892421587426,1.2455082534852457,19
2ae787ee-f16f-4798-8671-70e527f7ac46,0.033636892421587426,1.2455082534852457,19
2ae787ee-f16f-4798-8671-70e527f7ac46,0.033636892421587426,1.2455082534852457,19
2ae787ee-f16f-4798-8671-70e527f7ac46,0.033636892421587426,1.2455082534852457,19
2ae787ee-f16f-4798-8671-70e527f7ac46,0.033636892421587426,1.2455082534852457,19
2ae787ee-f16f-4798-8671-70e527f7ac46,0.033636892421587426,1.2455082534852457,19
2ae787ee-f16f-4798-8671-70e527f7ac46,0.033636892421587426,1.2455082534852457,19
2ae787ee-f16f-4798-8671-70e527f7ac46,0.033636892421587426,1.2455082534852457,19
2ae787ee-f16f-4798-8671-70e527f7ac46,0.033636892421587426,1.2455082534852457,19
2ae787ee-f16f-4798-8671-70e527f7ac46,0.033636892421587426,1.2455082534852457,19
2ae787ee-f16f-4798-8671-70e527f7ac46,0.033636892421587426,1.2455082534852457,19
2ae787ee-f16f-4798-8671-70e527f7ac46,0.033636892421587426,1.2455082534852457,19
2ae787ee-f16f-4798-8671-70e527f7ac46,0.033636892421587426,1.2455082534852457,19
2ae787ee-f16f-4798-8671-70e527f7ac46,0.033636892421587426,1.2455082534852457,19
2ae787ee-f16f-4798-8671-70e527f7ac46,0.033636892421587426,1.2455082534852457,19
2ae787ee-f16f-4798-8671-70e527f7ac46,0.033636892421587426,1.2455082534852457,19
2ae787ee-f16f-4798-8671-70e527f7ac46,0.033636892421587426,1.2455082534852457,19
2ae787ee-f16f-4798-8671-70e527f7ac46,0.033636892421587426,1.2455082534852457,19
2ae787ee-f16f-4798-8671-70e527f7ac46,0.033636892421587426,1.2455082534852457,19
2ae787ee-f16f-4798-8671-70e527f7ac46,0.033636892421587426,1.2455082534852457,19
2ae787ee-f16f-4798-8671-70e527f7ac46,0.033636892421587426,1.2455082534852457,19
2ae787ee-f16f-4798-8671-70e527f7ac46,0.033636892421587426,1.2455082534852457,19
3aca4b64-b196-42dd-babf-53c0e4dfcc3d,0.0203150971567104,7.903488291397288,17
3aca4b64-b196-42dd-babf-53c0e4dfcc3d,0.0203150971567104,7.903488291397288,17
3aca4b64-b196-42dd-babf-53c0e4dfcc3d,0.0203150971567104,7.903488291397288,17
3aca4b64-b196-42dd-babf-53c0e4dfcc3d,0.0203150971567104,7.903488291397288,17
3aca4b64-b196-42dd-babf-53c0e4dfcc3d,0.0203150971567104,7.903488291397288,17
3aca4b64-b196-42dd-babf-53c0e4dfcc3d,0.0203150971567104,7.903488291397288,17
3aca4b64-b196-42dd-babf-53c0e4dfcc3d,0.0203150971567104,7.903488291397288,17
3aca4b64-b196-42dd-babf-53c0e4dfcc3d,0.0203150971567104,7.903488291397288,17
3aca4b64-b196-42dd-babf-53c0e4dfcc3d,0.0203150971567104,7.903488291397288,17
3aca4b64-b196-42dd-babf-53c0e4dfcc3d,0.0203150971567104,7.903488291397288,17
3aca4b64-b196-42dd-babf-53c0e4dfcc3d,0.0203150971567104,7.903488291397288,17
3aca4b64-b196-42dd-babf-53c0e4dfcc3d,0.0203150971567104,7.903488291397288,17
3aca4b64-b196-42dd-babf-53c0e4dfcc3d,0.0203150971567104,7.903488291397288,17
3aca4b64-b196-42dd-babf-53c0e4dfcc3d,0.0203150971567104,7.903488291397288,17
3aca4b64-b196-42dd-babf-53c0e4dfcc3d,0.0203150971567104,7.903488291397288,17
3aca4b64-b196-42dd-babf-53c0e4dfcc3d,0.0203150971567104,7.903488291397288,17
3aca4b64-b196-42dd-babf-53c0e4dfcc3d,0.0203150971567104,7.903488291397288,17
3aca4b64-b196-42dd-babf-53c0e4dfcc3d,0.0203150971567104,7.903488291397288,17
3aca4b64-b196-42dd-babf-53c0e4dfcc3d,0.0203150971567104,7.903488291397288,17
3aca4b64-b196-42dd-babf-53c0e4dfcc3d,0.0203150971567104,7.903488291397288,17
3aca4b64-b196-42dd-babf-53c0e4dfcc3d,0.0203150971567104,7.903488291397288,17
c07bf904-5ecd-45ed-bfbe-f6fa9272d4c7,0.017757618252983318,1.4353374284345364,11
c07bf904-5ecd-45ed-bfbe-f6fa9272d4c7,0.017757618252983318,1.4353374284345364,11
c07bf904-5ecd-45ed-bfbe-f6fa9272d4c7,0.017757618252983318,1.4353374284345364,11
c07bf904-5ecd-45ed-bfbe-f6fa9272d4c7,0.017757618252983318,1.4353374284345364,11
c07bf904-5ecd-45ed-bfbe-f6fa9272d4c7,0.017757618252983318,1.4353374284345364,11
c07bf904-5ecd-45ed-bfbe-f6fa9272d4c7,0.017757618252983318,1.4353374284345364,11
c07bf904-5ecd-45ed-bfbe-f6fa9272d4c7,0.017757618252983318,1.4353374284345364,11
c07bf904-5ecd-45ed-bfbe-f6fa9272d4c7,0.017757618252983318,1.4353374284345364,11
c07bf904-5ecd-45ed-bfbe-f6fa9272d4c7,0.017757618252983318,1.4353374284345364,11
c07bf904-5ecd-45ed-bfbe-f6fa9272d4c7,0.017757618252983318,1.4353374284345364,11
c07bf904-5ecd-45ed-bfbe-f6fa9272d4c7,0.017757618252983318,1.4353374284345364,11
c07bf904-5ecd-45ed-bfbe-f6fa9272d4c7,0.017757618252983318,1.4353374284345364,11
c07bf904-5ecd-45ed-bfbe-f6fa9272d4c7,0.017757618252983318,1.4353374284345364,11
c07bf904-5ecd-45ed-bfbe-f6fa9272d4c7,0.017757618252983318,1.4353374284345364,11
c07bf904-5ecd-45ed-bfbe-f6fa9272d4c7,0.017757618252983318,1.4353374284345364,11
ba3f4aae-8219-44dd-87bb-11c7afdefca6,0.042732552635043365,0.9857654942060023,17
ba3f4aae-8219-44dd-87bb-11c7afdefca6,0.042732552635043365,0.9857654942060023,17
ba3f4aae-8219-44dd-87bb-11c7afdefca6,0.042732552635043365,0.9857654942060023,17
ba3f4aae-8219-44dd-87bb-11c7afdefca6,0.042732552635043365,0.9857654942060023,17
ba3f4aae-8219-44dd-87bb-11c7afdefca6,0.042732552635043365,0.9857654942060023,17
ba3f4aae-8219-44dd-87bb-11c7afdefca6,0.042732552635043365,0.9857654942060023,17
ba3f4aae-8219-44dd-87bb-11c7afdefca6,0.042732552635043365,0.9857654942060023,17
ba3f4aae-8219-44dd-87bb-11c7afdefca6,0.042732552635043365,0.9857654942060023,17
ba3f4aae-8219-44dd-87bb-11c7afdefca6,0.042732552635043365,0.9857654942060023,17
ba3f4aae-8219-44dd-87bb-11c7afdefca6,0.042732552635043365,0.9857654942060023,17
ba3f4aae-8219-44dd-87bb-11c7afdefca6,0.042732552635043365,0.9857654942060023,17
ba3f4aae-8219-44dd-87bb-11c7afdefca6,0.042732552635043365,0.9857654942060023,17
ba3f4aae-8219-44dd-87bb-11c7afdefca6,0.042732552635043365,0.9857654942060023,17
ba3f4aae-8219-44dd-87bb-11c7afdefca6,0.042732552635043365,0.9857654942060023,17
ba3f4aae-8219-44dd-87bb-11c7afdefca6,0.042732552635043365,0.9857654942060023,17
ba3f4aae-8219-44dd-87bb-11c7afdefca6,0.042732552635043365,0.9857654942060023,17
ba3f4aae-8219-44dd-87bb-11c7afdefca6,0.042732552635043365,0.9857654942060023,17
ba3f4aae-8219-44dd-87bb-11c7afdefca6,0.042732552635043365,0.9857654942060023,17
ba3f4aae-8219-44dd-87bb-11c7afdefca6,0.042732552635043365,0.9857654942060023,17
ba3f4aae-8219-44dd-87bb-11c7afdefca6,0.042732552635043365,0.9857654942060023,17
ba3f4aae-8219-44dd-87bb-11c7afdefca6,0.042732552635043365,0.9857654942060023,17
ba3f4aae-8219-44dd-87bb-11c7afdefca6,0.042732552635043365,0.9857654942060023,17
ba3f4aae-8219-44dd-87bb-11c7afdefca6,0.042732552635043365,0.9857654942060023,17
c0e3c74b-d061-437f-9f7b-36a79fc3d1a3,0.4678446223685506,1.2746707394798376,13
c0e3c74b-d061-437f-9f7b-36a79fc3d1a3,0.4678446223685506,1.2746707394798376,13
c0e3c74b-d061-437f-9f7b-36a79fc3d1a3,0.4678446223685506,1.2746707394798376,13
c0e3c74b-d061-437f-9f7b-36a79fc3d1a3,0.4678446223685506,1.2746707394798376,13
c0e3c74b-d061-437f-9f7b-36a79fc3d1a3,0.4678446223685506,1.2746707394798376,13
c0e3c74b-d061-437f-9f7b-36a79fc3d1a3,0.4678446223685506,1.2746707394798376,13
c0e3c74b-d061-437f-9f7b-36a79fc3d1a3,0.4678446223685506,1.2746707394798376,13
c0e3c74b-d061-437f-9f7b-36a79fc3d1a3,0.4678446223685506,1.2746707394798376,13
c0e3c74b-d061-437f-9f7b-36a79fc3d1a3,0.4678446223685506,1.2746707394798376,13
c0e3c74b-d061-437f-9f7b-36a79fc3d1a3,0.4678446223685506,1.2746707394798376,13
c0e3c74b-d061-437f-9f7b-36a79fc3d1a3,0.4678446223685506,1.2746707394798376,13
c0e3c74b-d061-437f-9f7b-36a79fc3d1a3,0.4678446223685506,1.2746707394798376,13
c0e3c74b-d061-437f-9f7b-36a79fc3d1a3,0.4678446223685506,1.2746707394798376,13
c0e3c74b-d061-437f-9f7b-36a79fc3d1a3,0.4678446223685506,1.2746707394798376,13
c0e3c74b-d061-437f-9f7b-36a79fc3d1a3,0.4678446223685506,1.2746707394798376,13
c0e3c74b-d061-437f-9f7b-36a79fc3d1a3,0.4678446223685506,1.2746707394798376,13
c0e3c74b-d061-437f-9f7b-36a79fc3d1a3,0.4678446223685506,1.2746707394798376,13
ab08a5d2-1ce6-4d7b-9dbb-52321d2babe4,0.12425359449155295,0.7003381764114052,18
ab08a5d2-1ce6-4d7b-9dbb-52321d2babe4,0.12425359449155295,0.7003381764114052,18
ab08a5d2-1ce6-4d7b-9dbb-52321d2babe4,0.12425359449155295,0.7003381764114052,18
ab08a5d2-1ce6-4d7b-9dbb-52321d2babe4,0.12425359449155295,0.7003381764114052,18
ab08a5d2-1ce6-4d7b-9dbb-52321d2babe4,0.12425359449155295,0.7003381764114052,18
ab08a5d2-1ce6-4d7b-9dbb-52321d2babe4,0.12425359449155295,0.7003381764114052,18
ab08a5d2-1ce6-4d7b-9dbb-52321d2babe4,0.12425359449155295,0.7003381764114052,18
ab08a5d2-1ce6-4d7b-9dbb-52321d2babe4,0.12425359449155295,0.7003381764114052,18
ab08a5d2-1ce6-4d7b-9dbb-52321d2babe4,0.12425359449155295,0.7003381764114052,18
ab08a5d2-1ce6-4d7b-9dbb-52321d2babe4,0.12425359449155295,0.7003381764114052,18
ab08a5d2-1ce6-4d7b-9dbb-52321d2babe4,0.12425359449155295,0.7003381764114052,18
ab08a5d2-1ce6-4d7b-9dbb-52321d2babe4,0.12425359449155295,0.7003381764114052,18
ab08a5d2-1ce6-4d7b-9dbb-52321d2babe4,0.12425359449155295,0.7003381764114052,18
ab08a5d2-1ce6-4d7b-9dbb-52321d2babe4,0.12425359449155295,0.7003381764114052,18
ab08a5d2-1ce6-4d7b-9dbb-52321d2babe4,0.12425359449155295,0.7003381764114052,18
ab08a5d2-1ce6-4d7b-9dbb-52321d2babe4,0.12425359449155295,0.7003381764114052,18
ab08a5d2-1ce6-4d7b-9dbb-52321d2babe4,0.12425359449155295,0.7003381764114052,18
ab08a5d2-1ce6-4d7b-9dbb-52321d2babe4,0.12425359449155295,0.7003381764114052,18
ab08a5d2-1ce6-4d7b-9dbb-52321d2babe4,0.12425359449155295,0.7003381764114052,18
ab08a5d2-1ce6-4d7b-9dbb-52321d2babe4,0.12425359449155295,0.7003381764114052,18
ab08a5d2-1ce6-4d7b-9dbb-52321d2babe4,0.12425359449155295,0.7003381764114052,18
ab08a5d2-1ce6-4d7b-9dbb-52321d2babe4,0.12425359449155295,0.7003381764114052,18
ab08a5d2-1ce6-4d7b-9dbb-52321d2babe4,0.12425359449155295,0.7003381764114052,18
ab08a5d2-1ce6-4d7b-9dbb-52321d2babe4,0.12425359449155295,0.7003381764114052,18
ab08a5d2-1ce6-4d7b-9dbb-52321d2babe4,0.12425359449155295,0.7003381764114052,18
b2d59fa6-0a2a-4b48-bd37-fd6851a30977,0.1285159054857678,0.7301760606406021,17
b2d59fa6-0a2a-4b48-bd37-fd6851a30977,0.1285159054857678,0.7301760606406021,17
b2d59fa6-0a2a-4b48-bd37-fd6851a30977,0.1285159054857678,0.7301760606406021,17
b2d59fa6-0a2a-4b48-bd37-fd6851a30977,0.1285159054857678,0.7301760606406021,17
b2d59fa6-0a2a-4b48-bd37-fd6851a30977,0.1285159054857678,0.7301760606406021,17
b2d59fa6-0a2a-4b48-bd37-fd6851a30977,0.1285159054857678,0.7301760606406021,17
b2d59fa6-0a2a-4b48-bd37-fd6851a30977,0.1285159054857678,0.7301760606406021,17
b2d59fa6-0a2a-4b48-bd37-fd6851a30977,0.1285159054857678,0.7301760606406021,17
b2d59fa6-0a2a-4b48-bd37-fd6851a30977,0.1285159054857678,0.7301760606406021,17
b2d59fa6-0a2a-4b48-bd37-fd6851a30977,0.1285159054857678,0.7301760606406021,17
b2d59fa6-0a2a-4b48-bd37-fd6851a30977,0.1285159054857678,0.7301760606406021,17
b2d59fa6-0a2a-4b48-bd37-fd6851a30977,0.1285159054857678,0.7301760606406021,17
b2d59fa6-0a2a-4b48-bd37-fd6851a30977,0.1285159054857678,0.7301760606406021,17
b2d59fa6-0a2a-4b48-bd37-fd6851a30977,0.1285159054857678,0.7301760606406021,17
b2d59fa6-0a2a-4b48-bd37-fd6851a30977,0.1285159054857678,0.7301760606406021,17
b2d59fa6-0a2a-4b48-bd37-fd6851a30977,0.1285159054857678,0.7301760606406021,17
b2d59fa6-0a2a-4b48-bd37-fd6851a30977,0.1285159054857678,0.7301760606406021,17
b2d59fa6-0a2a-4b48-bd37-fd6851a30977,0.1285159054857678,0.7301760606406021,17
b2d59fa6-0a2a-4b48-bd37-fd6851a30977,0.1285159054857678,0.7301760606406021,17
b2d59fa6-0a2a-4b48-bd37-fd6851a30977,0.1285159054857678,0.7301760606406021,17
b2d59fa6-0a2a-4b48-bd37-fd6851a30977,0.1285159054857678,0.7301760606406021,17
b2d59fa6-0a2a-4b48-bd37-fd6851a30977,0.1285159054857678,0.7301760606406021,17
b2d59fa6-0a2a-4b48-bd37-fd6851a30977,0.1285159054857678,0.7301760606406021,17
b2d59fa6-0a2a-4b48-bd37-fd6851a30977,0.1285159054857678,0.7301760606406021,17
b2d59fa6-0a2a-4b48-bd37-fd6851a30977,0.1285159054857678,0.7301760606406021,17
b2d59fa6-0a2a-4b48-bd37-fd6851a30977,0.1285159054857678,0.7301760606406021,17
b2d59fa6-0a2a-4b48-bd37-fd6851a30977,0.1285159054857678,0.7301760606406021,17
bc02a7e1-b791-4c2f-a2a3-74709183e41a,0.05960909080073148,1.016486187289387,13
bc02a7e1-b791-4c2f-a2a3-74709183e41a,0.05960909080073148,1.016486187289387,13
bc02a7e1-b791-4c2f-a2a3-74709183e41a,0.05960909080073148,1.016486187289387,13
bc02a7e1-b791-4c2f-a2a3-74709183e41a,0.05960909080073148,1.016486187289387,13
bc02a7e1-b791-4c2f-a2a3-74709183e41a,0.05960909080073148,1.016486187289387,13
bc02a7e1-b791-4c2f-a2a3-74709183e41a,0.05960909080073148,1.016486187289387,13
bc02a7e1-b791-4c2f-a2a3-74709183e41a,0.05960909080073148,1.016486187289387,13
bc02a7e1-b791-4c2f-a2a3-74709183e41a,0.05960909080073148,1.016486187289387,13
bc02a7e1-b791-4c2f-a2a3-74709183e41a,0.05960909080073148,1.016486187289387,13
bc02a7e1-b791-4c2f-a2a3-74709183e41a,0.05960909080073148,1.016486187289387,13
bc02a7e1-b791-4c2f-a2a3-74709183e41a,0.05960909080073148,1.016486187289387,13
bc02a7e1-b791-4c2f-a2a3-74709183e41a,0.05960909080073148,1.016486187289387,13
bc02a7e1-b791-4c2f-a2a3-74709183e41a,0.05960909080073148,1.016486187289387,13
bc02a7e1-b791-4c2f-a2a3-74709183e41a,0.05960909080073148,1.016486187289387,13
bc02a7e1-b791-4c2f-a2a3-74709183e41a,0.05960909080073148,1.016486187289387,13
bc02a7e1-b791-4c2f-a2a3-74709183e41a,0.05960909080073148,1.016486187289387,13
c90f11bc-8e87-4ddd-9c27-b948ce086d03,0.03561588962840663,1.4140388030597575,14
c90f11bc-8e87-4ddd-9c27-b948ce086d03,0.03561588962840663,1.4140388030597575,14
c90f11bc-8e87-4ddd-9c27-b948ce086d03,0.03561588962840663,1.4140388030597575,14
c90f11bc-8e87-4ddd-9c27-b948ce086d03,0.03561588962840663,1.4140388030597575,14
c90f11bc-8e87-4ddd-9c27-b948ce086d03,0.03561588962840663,1.4140388030597575,14
c90f11bc-8e87-4ddd-9c27-b948ce086d03,0.03561588962840663,1.4140388030597575,14
c90f11bc-8e87-4ddd-9c27-b948ce086d03,0.03561588962840663,1.4140388030597575,14
c90f11bc-8e87-4ddd-9c27-b948ce086d03,0.03561588962840663,1.4140388030597575,14
c90f11bc-8e87-4ddd-9c27-b948ce086d03,0.03561588962840663,1.4140388030597575,14
c90f11bc-8e87-4ddd-9c27-b948ce086d03,0.03561588962840663,1.4140388030597575,14
c90f11bc-8e87-4ddd-9c27-b948ce086d03,0.03561588962840663,1.4140388030597575,14
c90f11bc-8e87-4ddd-9c27-b948ce086d03,0.03561588962840663,1.4140388030597575,14
c90f11bc-8e87-4ddd-9c27-b948ce086d03,0.03561588962840663,1.4140388030597575,14
c90f11bc-8e87-4ddd-9c27-b948ce086d03,0.03561588962840663,1.4140388030597575,14
c90f11bc-8e87-4ddd-9c27-b948ce086d03,0.03561588962840663,1.4140388030597575,14
c90f11bc-8e87-4ddd-9c27-b948ce086d03,0.03561588962840663,1.4140388030597575,14
c90f11bc-8e87-4ddd-9c27-b948ce086d03,0.03561588962840663,1.4140388030597575,14
c90f11bc-8e87-4ddd-9c27-b948ce086d03,0.03561588962840663,1.4140388030597575,14
c90f11bc-8e87-4ddd-9c27-b948ce086d03,0.03561588962840663,1.4140388030597575,14
c90f11bc-8e87-4ddd-9c27-b948ce086d03,0.03561588962840663,1.4140388030597575,14
c90f11bc-8e87-4ddd-9c27-b948ce086d03,0.03561588962840663,1.4140388030597575,14
c90f11bc-8e87-4ddd-9c27-b948ce086d03,0.03561588962840663,1.4140388030597575,14
06cde06c-f912-46fb-9b14-2154ec810922,0.05616449103411914,0.6626057661902977,17
06cde06c-f912-46fb-9b14-2154ec810922,0.05616449103411914,0.6626057661902977,17
06cde06c-f912-46fb-9b14-2154ec810922,0.05616449103411914,0.6626057661902977,17
06cde06c-f912-46fb-9b14-2154ec810922,0.05616449103411914,0.6626057661902977,17
06cde06c-f912-46fb-9b14-2154ec810922,0.05616449103411914,0.6626057661902977,17
06cde06c-f912-46fb-9b14-2154ec810922,0.05616449103411914,0.6626057661902977,17
06cde06c-f912-46fb-9b14-2154ec810922,0.05616449103411914,0.6626057661902977,17
06cde06c-f912-46fb-9b14-2154ec810922,0.05616449103411914,0.6626057661902977,17
06cde06c-f912-46fb-9b14-2154ec810922,0.05616449103411914,0.6626057661902977,17
06cde06c-f912-46fb-9b14-2154ec810922,0.05616449103411914,0.6626057661902977,17
06cde06c-f912-46fb-9b14-2154ec810922,0.05616449103411914,0.6626057661902977,17
06cde06c-f912-46fb-9b14-2154ec810922,0.05616449103411914,0.6626057661902977,17
06cde06c-f912-46fb-9b14-2154ec810922,0.05616449103411914,0.6626057661902977,17
06cde06c-f912-46fb-9b14-2154ec810922,0.05616449103411914,0.6626057661902977,17
06cde06c-f912-46fb-9b14-2154ec810922,0.05616449103411914,0.6626057661902977,17
06cde06c-f912-46fb-9b14-2154ec810922,0.05616449103411914,0.6626057661902977,17
06cde06c-f912-46fb-9b14-2154ec810922,0.05616449103411914,0.6626057661902977,17
06cde06c-f912-46fb-9b14-2154ec810922,0.05616449103411914,0.6626057661902977,17
06cde06c-f912-46fb-9b14-2154ec810922,0.05616449103411914,0.6626057661902977,17
06cde06c-f912-46fb-9b14-2154ec810922,0.05616449103411914,0.6626057661902977,17
06cde06c-f912-46fb-9b14-2154ec810922,0.05616449103411914,0.6626057661902977,17
06cde06c-f912-46fb-9b14-2154ec810922,0.05616449103411914,0.6626057661902977,17
06cde06c-f912-46fb-9b14-2154ec810922,0.05616449103411914,0.6626057661902977,17
06cde06c-f912-46fb-9b14-2154ec810922,0.05616449103411914,0.6626057661902977,17
06cde06c-f912-46fb-9b14-2154ec810922,0.05616449103411914,0.6626057661902977,17
06cde06c-f912-46fb-9b14-2154ec810922,0.05616449103411914,0.6626057661902977,17
06cde06c-f912-46fb-9b14-2154ec810922,0.05616449103411914,0.6626057661902977,17
06cde06c-f912-46fb-9b14-2154ec810922,0.05616449103411914,0.6626057661902977,17
06cde06c-f912-46fb-9b14-2154ec810922,0.05616449103411914,0.6626057661902977,17
a6b5bfe1-b730-4da1-bc56-404bd6ffc292,0.018998587427557827,1.1838446354135177,12
a6b5bfe1-b730-4da1-bc56-404bd6ffc292,0.018998587427557827,1.1838446354135177,12
a6b5bfe1-b730-4da1-bc56-404bd6ffc292,0.018998587427557827,1.1838446354135177,12
a6b5bfe1-b730-4da1-bc56-404bd6ffc292,0.018998587427557827,1.1838446354135177,12
a6b5bfe1-b730-4da1-bc56-404bd6ffc292,0.018998587427557827,1.1838446354135177,12
a6b5bfe1-b730-4da1-bc56-404bd6ffc292,0.018998587427557827,1.1838446354135177,12
a6b5bfe1-b730-4da1-bc56-404bd6ffc292,0.018998587427557827,1.1838446354135177,12
a6b5bfe1-b730-4da1-bc56-404bd6ffc292,0.018998587427557827,1.1838446354135177,12
a6b5bfe1-b730-4da1-bc56-404bd6ffc292,0.018998587427557827,1.1838446354135177,12
a6b5bfe1-b730-4da1-bc56-404bd6ffc292,0.018998587427557827,1.1838446354135177,12
a6b5bfe1-b730-4da1-bc56-404bd6ffc292,0.018998587427557827,1.1838446354135177,12
a6b5bfe1-b730-4da1-bc56-404bd6ffc292,0.018998587427557827,1.1838446354135177,12
a6b5bfe1-b730-4da1-bc56-404bd6ffc292,0.018998587427557827,1.1838446354135177,12
a6b5bfe1-b730-4da1-bc56-404bd6ffc292,0.018998587427557827,1.1838446354135177,12
a6b5bfe1-b730-4da1-bc56-404bd6ffc292,0.018998587427557827,1.1838446354135177,12
a1eb5f05-feec-4dba-b987-d2c979795be3,0.02237743393385311,1.162974526879374,17
a1eb5f05-feec-4dba-b987-d2c979795be3,0.02237743393385311,1.162974526879374,17
a1eb5f05-feec-4dba-b987-d2c979795be3,0.02237743393385311,1.162974526879374,17
a1eb5f05-feec-4dba-b987-d2c979795be3,0.02237743393385311,1.162974526879374,17
a1eb5f05-feec-4dba-b987-d2c979795be3,0.02237743393385311,1.162974526879374,17
a1eb5f05-feec-4dba-b987-d2c979795be3,0.02237743393385311,1.162974526879374,17
a1eb5f05-feec-4dba-b987-d2c979795be3,0.02237743393385311,1.162974526879374,17
a1eb5f05-feec-4dba-b987-d2c979795be3,0.02237743393385311,1.162974526879374,17
a1eb5f05-feec-4dba-b987-d2c979795be3,0.02237743393385311,1.162974526879374,17
a1eb5f05-feec-4dba-b987-d2c979795be3,0.02237743393385311,1.162974526879374,17
a1eb5f05-feec-4dba-b987-d2c979795be3,0.02237743393385311,1.162974526879374,17
a1eb5f05-feec-4dba-b987-d2c979795be3,0.02237743393385311,1.162974526879374,17
a1eb5f05-feec-4dba-b987-d2c979795be3,0.02237743393385311,1.162974526879374,17
a1eb5f05-feec-4dba-b987-d2c979795be3,0.02237743393385311,1.162974526879374,17
a1eb5f05-feec-4dba-b987-d2c979795be3,0.02237743393385311,1.162974526879374,17
a1eb5f05-feec-4dba-b987-d2c979795be3,0.02237743393385311,1.162974526879374,17
a1eb5f05-feec-4dba-b987-d2c979795be3,0.02237743393385311,1.162974526879374,17
a1eb5f05-feec-4dba-b987-d2c979795be3,0.02237743393385311,1.162974526879374,17
a1eb5f05-feec-4dba-b987-d2c979795be3,0.02237743393385311,1.162974526879374,17
a1eb5f05-feec-4dba-b987-d2c979795be3,0.02237743393385311,1.162974526879374,17
a1eb5f05-feec-4dba-b987-d2c979795be3,0.02237743393385311,1.162974526879374,17
a1eb5f05-feec-4dba-b987-d2c979795be3,0.02237743393385311,1.162974526879374,17
a1eb5f05-feec-4dba-b987-d2c979795be3,0.02237743393385311,1.162974526879374,17
92017d8e-b50d-474e-b0b4-c729a006d1a8,0.027475162935872956,0.7352615408310065,14
92017d8e-b50d-474e-b0b4-c729a006d1a8,0.027475162935872956,0.7352615408310065,14
92017d8e-b50d-474e-b0b4-c729a006d1a8,0.027475162935872956,0.7352615408310065,14
92017d8e-b50d-474e-b0b4-c729a006d1a8,0.027475162935872956,0.7352615408310065,14
92017d8e-b50d-474e-b0b4-c729a006d1a8,0.027475162935872956,0.7352615408310065,14
92017d8e-b50d-474e-b0b4-c729a006d1a8,0.027475162935872956,0.7352615408310065,14
92017d8e-b50d-474e-b0b4-c729a006d1a8,0.027475162935872956,0.7352615408310065,14
92017d8e-b50d-474e-b0b4-c729a006d1a8,0.027475162935872956,0.7352615408310065,14
92017d8e-b50d-474e-b0b4-c729a006d1a8,0.027475162935872956,0.7352615408310065,14
92017d8e-b50d-474e-b0b4-c729a006d1a8,0.027475162935872956,0.7352615408310065,14
92017d8e-b50d-474e-b0b4-c729a006d1a8,0.027475162935872956,0.7352615408310065,14
92017d8e-b50d-474e-b0b4-c729a006d1a8,0.027475162935872956,0.7352615408310065,14
92017d8e-b50d-474e-b0b4-c729a006d1a8,0.027475162935872956,0.7352615408310065,14
92017d8e-b50d-474e-b0b4-c729a006d1a8,0.027475162935872956,0.7352615408310065,14
92017d8e-b50d-474e-b0b4-c729a006d1a8,0.027475162935872956,0.7352615408310065,14
92017d8e-b50d-474e-b0b4-c729a006d1a8,0.027475162935872956,0.7352615408310065,14
92017d8e-b50d-474e-b0b4-c729a006d1a8,0.027475162935872956,0.7352615408310065,14
92017d8e-b50d-474e-b0b4-c729a006d1a8,0.027475162935872956,0.7352615408310065,14
92017d8e-b50d-474e-b0b4-c729a006d1a8,0.027475162935872956,0.7352615408310065,14
544fa41a-0052-4ecb-a1c3-4131f2b8e148,0.18581873611364308,1.4792750054545565,17
544fa41a-0052-4ecb-a1c3-4131f2b8e148,0.18581873611364308,1.4792750054545565,17
544fa41a-0052-4ecb-a1c3-4131f2b8e148,0.18581873611364308,1.4792750054545565,17
544fa41a-0052-4ecb-a1c3-4131f2b8e148,0.18581873611364308,1.4792750054545565,17
544fa41a-0052-4ecb-a1c3-4131f2b8e148,0.18581873611364308,1.4792750054545565,17
544fa41a-0052-4ecb-a1c3-4131f2b8e148,0.18581873611364308,1.4792750054545565,17
544fa41a-0052-4ecb-a1c3-4131f2b8e148,0.18581873611364308,1.4792750054545565,17
544fa41a-0052-4ecb-a1c3-4131f2b8e148,0.18581873611364308,1.4792750054545565,17
544fa41a-0052-4ecb-a1c3-4131f2b8e148,0.18581873611364308,1.4792750054545565,17
544fa41a-0052-4ecb-a1c3-4131f2b8e148,0.18581873611364308,1.4792750054545565,17
544fa41a-0052-4ecb-a1c3-4131f2b8e148,0.18581873611364308,1.4792750054545565,17
544fa41a-0052-4ecb-a1c3-4131f2b8e148,0.18581873611364308,1.4792750054545565,17
544fa41a-0052-4ecb-a1c3-4131f2b8e148,0.18581873611364308,1.4792750054545565,17
544fa41a-0052-4ecb-a1c3-4131f2b8e148,0.18581873611364308,1.4792750054545565,17
544fa41a-0052-4ecb-a1c3-4131f2b8e148,0.18581873611364308,1.4792750054545565,17
544fa41a-0052-4ecb-a1c3-4131f2b8e148,0.18581873611364308,1.4792750054545565,17
544fa41a-0052-4ecb-a1c3-4131f2b8e148,0.18581873611364308,1.4792750054545565,17
544fa41a-0052-4ecb-a1c3-4131f2b8e148,0.18581873611364308,1.4792750054545565,17
544fa41a-0052-4ecb-a1c3-4131f2b8e148,0.18581873611364308,1.4792750054545565,17
544fa41a-0052-4ecb-a1c3-4131f2b8e148,0.18581873611364308,1.4792750054545565,17
544fa41a-0052-4ecb-a1c3-4131f2b8e148,0.18581873611364308,1.4792750054545565,17
544fa41a-0052-4ecb-a1c3-4131f2b8e148,0.18581873611364308,1.4792750054545565,17
544fa41a-0052-4ecb-a1c3-4131f2b8e148,0.18581873611364308,1.4792750054545565,17
807cb8a3-7350-4980-a28c-2e51f65ef865,0.04389045807095567,3.315934794468926,13
807cb8a3-7350-4980-a28c-2e51f65ef865,0.04389045807095567,3.315934794468926,13
807cb8a3-7350-4980-a28c-2e51f65ef865,0.04389045807095567,3.315934794468926,13
807cb8a3-7350-4980-a28c-2e51f65ef865,0.04389045807095567,3.315934794468926,13
807cb8a3-7350-4980-a28c-2e51f65ef865,0.04389045807095567,3.315934794468926,13
807cb8a3-7350-4980-a28c-2e51f65ef865,0.04389045807095567,3.315934794468926,13
807cb8a3-7350-4980-a28c-2e51f65ef865,0.04389045807095567,3.315934794468926,13
807cb8a3-7350-4980-a28c-2e51f65ef865,0.04389045807095567,3.315934794468926,13
807cb8a3-7350-4980-a28c-2e51f65ef865,0.04389045807095567,3.315934794468926,13
807cb8a3-7350-4980-a28c-2e51f65ef865,0.04389045807095567,3.315934794468926,13
807cb8a3-7350-4980-a28c-2e51f65ef865,0.04389045807095567,3.315934794468926,13
807cb8a3-7350-4980-a28c-2e51f65ef865,0.04389045807095567,3.315934794468926,13
807cb8a3-7350-4980-a28c-2e51f65ef865,0.04389045807095567,3.315934794468926,13
807cb8a3-7350-4980-a28c-2e51f65ef865,0.04389045807095567,3.315934794468926,13
807cb8a3-7350-4980-a28c-2e51f65ef865,0.04389045807095567,3.315934794468926,13
807cb8a3-7350-4980-a28c-2e51f65ef865,0.04389045807095567,3.315934794468926,13
807cb8a3-7350-4980-a28c-2e51f65ef865,0.04389045807095567,3.315934794468926,13
807cb8a3-7350-4980-a28c-2e51f65ef865,0.04389045807095567,3.315934794468926,13
79ffb303-779d-45c3-941a-d3bfaef650a0,0.09825208659232841,0.6139394735937151,17
79ffb303-779d-45c3-941a-d3bfaef650a0,0.09825208659232841,0.6139394735937151,17
79ffb303-779d-45c3-941a-d3bfaef650a0,0.09825208659232841,0.6139394735937151,17
79ffb303-779d-45c3-941a-d3bfaef650a0,0.09825208659232841,0.6139394735937151,17
79ffb303-779d-45c3-941a-d3bfaef650a0,0.09825208659232841,0.6139394735937151,17
79ffb303-779d-45c3-941a-d3bfaef650a0,0.09825208659232841,0.6139394735937151,17
79ffb303-779d-45c3-941a-d3bfaef650a0,0.09825208659232841,0.6139394735937151,17
79ffb303-779d-45c3-941a-d3bfaef650a0,0.09825208659232841,0.6139394735937151,17
79ffb303-779d-45c3-941a-d3bfaef650a0,0.09825208659232841,0.6139394735937151,17
79ffb303-779d-45c3-941a-d3bfaef650a0,0.09825208659232841,0.6139394735937151,17
79ffb303-779d-45c3-941a-d3bfaef650a0,0.09825208659232841,0.6139394735937151,17
79ffb303-779d-45c3-941a-d3bfaef650a0,0.09825208659232841,0.6139394735937151,17
79ffb303-779d-45c3-941a-d3bfaef650a0,0.09825208659232841,0.6139394735937151,17
79ffb303-779d-45c3-941a-d3bfaef650a0,0.09825208659232841,0.6139394735937151,17
79ffb303-779d-45c3-941a-d3bfaef650a0,0.09825208659232841,0.6139394735937151,17
79ffb303-779d-45c3-941a-d3bfaef650a0,0.09825208659232841,0.6139394735937151,17
79ffb303-779d-45c3-941a-d3bfaef650a0,0.09825208659232841,0.6139394735937151,17
79ffb303-779d-45c3-941a-d3bfaef650a0,0.09825208659232841,0.6139394735937151,17
79ffb303-779d-45c3-941a-d3bfaef650a0,0.09825208659232841,0.6139394735937151,17
79ffb303-779d-45c3-941a-d3bfaef650a0,0.09825208659232841,0.6139394735937151,17
79ffb303-779d-45c3-941a-d3bfaef650a0,0.09825208659232841,0.6139394735937151,17
79ffb303-779d-45c3-941a-d3bfaef650a0,0.09825208659232841,0.6139394735937151,17
79ffb303-779d-45c3-941a-d3bfaef650a0,0.09825208659232841,0.6139394735937151,17
79ffb303-779d-45c3-941a-d3bfaef650a0,0.09825208659232841,0.6139394735937151,17
79ffb303-779d-45c3-941a-d3bfaef650a0,0.09825208659232841,0.6139394735937151,17
79ffb303-779d-45c3-941a-d3bfaef650a0,0.09825208659232841,0.6139394735937151,17
79ffb303-779d-45c3-941a-d3bfaef650a0,0.09825208659232841,0.6139394735937151,17
1a698c3a-399b-4072-8ce8-0c3bb90e3ba7,0.028154411088152323,0.8331171263028015,20
1a698c3a-399b-4072-8ce8-0c3bb90e3ba7,0.028154411088152323,0.8331171263028015,20
1a698c3a-399b-4072-8ce8-0c3bb90e3ba7,0.028154411088152323,0.8331171263028015,20
1a698c3a-399b-4072-8ce8-0c3bb90e3ba7,0.028154411088152323,0.8331171263028015,20
1a698c3a-399b-4072-8ce8-0c3bb90e3ba7,0.028154411088152323,0.8331171263028015,20
1a698c3a-399b-4072-8ce8-0c3bb90e3ba7,0.028154411088152323,0.8331171263028015,20
1a698c3a-399b-4072-8ce8-0c3bb90e3ba7,0.028154411088152323,0.8331171263028015,20
1a698c3a-399b-4072-8ce8-0c3bb90e3ba7,0.028154411088152323,0.8331171263028015,20
1a698c3a-399b-4072-8ce8-0c3bb90e3ba7,0.028154411088152323,0.8331171263028015,20
1a698c3a-399b-4072-8ce8-0c3bb90e3ba7,0.028154411088152323,0.8331171263028015,20
1a698c3a-399b-4072-8ce8-0c3bb90e3ba7,0.028154411088152323,0.8331171263028015,20
1a698c3a-399b-4072-8ce8-0c3bb90e3ba7,0.028154411088152323,0.8331171263028015,20
1a698c3a-399b-4072-8ce8-0c3bb90e3ba7,0.028154411088152323,0.8331171263028015,20
1a698c3a-399b-4072-8ce8-0c3bb90e3ba7,0.028154411088152323,0.8331171263028015,20
1a698c3a-399b-4072-8ce8-0c3bb90e3ba7,0.028154411088152323,0.8331171263028015,20
1a698c3a-399b-4072-8ce8-0c3bb90e3ba7,0.028154411088152323,0.8331171263028015,20
1a698c3a-399b-4072-8ce8-0c3bb90e3ba7,0.028154411088152323,0.8331171263028015,20
1a698c3a-399b-4072-8ce8-0c3bb90e3ba7,0.028154411088152323,0.8331171263028015,20
1a698c3a-399b-4072-8ce8-0c3bb90e3ba7,0.028154411088152323,0.8331171263028015,20
1a698c3a-399b-4072-8ce8-0c3bb90e3ba7,0.028154411088152323,0.8331171263028015,20
1a698c3a-399b-4072-8ce8-0c3bb90e3ba7,0.028154411088152323,0.8331171263028015,20
1a698c3a-399b-4072-8ce8-0c3bb90e3ba7,0.028154411088152323,0.8331171263028015,20
1a698c3a-399b-4072-8ce8-0c3bb90e3ba7,0.028154411088152323,0.8331171263028015,20
1a698c3a-399b-4072-8ce8-0c3bb90e3ba7,0.028154411088152323,0.8331171263028015,20
1a698c3a-399b-4072-8ce8-0c3bb90e3ba7,0.028154411088152323,0.8331171263028015,20
1a698c3a-399b-4072-8ce8-0c3bb90e3ba7,0.028154411088152323,0.8331171263028015,20
1a698c3a-399b-4072-8ce8-0c3bb90e3ba7,0.028154411088152323,0.8331171263028015,20
1a698c3a-399b-4072-8ce8-0c3bb90e3ba7,0.028154411088152323,0.8331171263028015,20
1a698c3a-399b-4072-8ce8-0c3bb90e3ba7,0.028154411088152323,0.8331171263028015,20
3059f5f8-eff3-4139-9bfc-ce378559d80b,0.032763481526927,1.869999044483822,14
3059f5f8-eff3-4139-9bfc-ce378559d80b,0.032763481526927,1.869999044483822,14
3059f5f8-eff3-4139-9bfc-ce378559d80b,0.032763481526927,1.869999044483822,14
3059f5f8-eff3-4139-9bfc-ce378559d80b,0.032763481526927,1.869999044483822,14
3059f5f8-eff3-4139-9bfc-ce378559d80b,0.032763481526927,1.869999044483822,14
3059f5f8-eff3-4139-9bfc-ce378559d80b,0.032763481526927,1.869999044483822,14
3059f5f8-eff3-4139-9bfc-ce378559d80b,0.032763481526927,1.869999044483822,14
3059f5f8-eff3-4139-9bfc-ce378559d80b,0.032763481526927,1.869999044483822,14
3059f5f8-eff3-4139-9bfc-ce378559d80b,0.032763481526927,1.869999044483822,14
3059f5f8-eff3-4139-9bfc-ce378559d80b,0.032763481526927,1.869999044483822,14
3059f5f8-eff3-4139-9bfc-ce378559d80b,0.032763481526927,1.869999044483822,14
3059f5f8-eff3-4139-9bfc-ce378559d80b,0.032763481526927,1.869999044483822,14
3059f5f8-eff3-4139-9bfc-ce378559d80b,0.032763481526927,1.869999044483822,14
3059f5f8-eff3-4139-9bfc-ce378559d80b,0.032763481526927,1.869999044483822,14
3059f5f8-eff3-4139-9bfc-ce378559d80b,0.032763481526927,1.869999044483822,14
3059f5f8-eff3-4139-9bfc-ce378559d80b,0.032763481526927,1.869999044483822,14
3059f5f8-eff3-4139-9bfc-ce378559d80b,0.032763481526927,1.869999044483822,14
3059f5f8-eff3-4139-9bfc-ce378559d80b,0.032763481526927,1.869999044483822,14
3059f5f8-eff3-4139-9bfc-ce378559d80b,0.032763481526927,1.869999044483822,14
3059f5f8-eff3-4139-9bfc-ce378559d80b,0.032763481526927,1.869999044483822,14
3059f5f8-eff3-4139-9bfc-ce378559d80b,0.032763481526927,1.869999044483822,14
671dc9c6-ac46-41d9-88d4-5cf8baa2d929,0.10312974295435794,0.848528691220644,18
671dc9c6-ac46-41d9-88d4-5cf8baa2d929,0.10312974295435794,0.848528691220644,18
671dc9c6-ac46-41d9-88d4-5cf8baa2d929,0.10312974295435794,0.848528691220644,18
671dc9c6-ac46-41d9-88d4-5cf8baa2d929,0.10312974295435794,0.848528691220644,18
671dc9c6-ac46-41d9-88d4-5cf8baa2d929,0.10312974295435794,0.848528691220644,18
671dc9c6-ac46-41d9-88d4-5cf8baa2d929,0.10312974295435794,0.848528691220644,18
671dc9c6-ac46-41d9-88d4-5cf8baa2d929,0.10312974295435794,0.848528691220644,18
671dc9c6-ac46-41d9-88d4-5cf8baa2d929,0.10312974295435794,0.848528691220644,18
671dc9c6-ac46-41d9-88d4-5cf8baa2d929,0.10312974295435794,0.848528691220644,18
671dc9c6-ac46-41d9-88d4-5cf8baa2d929,0.10312974295435794,0.848528691220644,18
671dc9c6-ac46-41d9-88d4-5cf8baa2d929,0.10312974295435794,0.848528691220644,18
671dc9c6-ac46-41d9-88d4-5cf8baa2d929,0.10312974295435794,0.848528691220644,18
671dc9c6-ac46-41d9-88d4-5cf8baa2d929,0.10312974295435794,0.848528691220644,18
671dc9c6-ac46-41d9-88d4-5cf8baa2d929,0.10312974295435794,0.848528691220644,18
671dc9c6-ac46-41d9-88d4-5cf8baa2d929,0.10312974295435794,0.848528691220644,18
671dc9c6-ac46-41d9-88d4-5cf8baa2d929,0.10312974295435794,0.848528691220644,18
671dc9c6-ac46-41d9-88d4-5cf8baa2d929,0.10312974295435794,0.848528691220644,18
671dc9c6-ac46-41d9-88d4-5cf8baa2d929,0.10312974295435794,0.848528691220644,18
671dc9c6-ac46-41d9-88d4-5cf8baa2d929,0.10312974295435794,0.848528691220644,18
671dc9c6-ac46-41d9-88d4-5cf8baa2d929,0.10312974295435794,0.848528691220644,18
671dc9c6-ac46-41d9-88d4-5cf8baa2d929,0.10312974295435794,0.848528691220644,18
671dc9c6-ac46-41d9-88d4-5cf8baa2d929,0.10312974295435794,0.848528691220644,18
671dc9c6-ac46-41d9-88d4-5cf8baa2d929,0.10312974295435794,0.848528691220644,18
671dc9c6-ac46-41d9-88d4-5cf8baa2d929,0.10312974295435794,0.848528691220644,18
671dc9c6-ac46-41d9-88d4-5cf8baa2d929,0.10312974295435794,0.848528691220644,18
671dc9c6-ac46-41d9-88d4-5cf8baa2d929,0.10312974295435794,0.848528691220644,18
671dc9c6-ac46-41d9-88d4-5cf8baa2d929,0.10312974295435794,0.848528691220644,18
671dc9c6-ac46-41d9-88d4-5cf8baa2d929,0.10312974295435794,0.848528691220644,18
671dc9c6-ac46-41d9-88d4-5cf8baa2d929,0.10312974295435794,0.848528691220644,18
cd55280d-1c87-418a-858a-d835666acdaf,0.02600311923719917,1.323009277777377,20
cd55280d-1c87-418a-858a-d835666acdaf,0.02600311923719917,1.323009277777377,20
cd55280d-1c87-418a-858a-d835666acdaf,0.02600311923719917,1.323009277777377,20
cd55280d-1c87-418a-858a-d835666acdaf,0.02600311923719917,1.323009277777377,20
cd55280d-1c87-418a-858a-d835666acdaf,0.02600311923719917,1.323009277777377,20
cd55280d-1c87-418a-858a-d835666acdaf,0.02600311923719917,1.323009277777377,20
cd55280d-1c87-418a-858a-d835666acdaf,0.02600311923719917,1.323009277777377,20
cd55280d-1c87-418a-858a-d835666acdaf,0.02600311923719917,1.323009277777377,20
cd55280d-1c87-418a-858a-d835666acdaf,0.02600311923719917,1.323009277777377,20
cd55280d-1c87-418a-858a-d835666acdaf,0.02600311923719917,1.323009277777377,20
cd55280d-1c87-418a-858a-d835666acdaf,0.02600311923719917,1.323009277777377,20
cd55280d-1c87-418a-858a-d835666acdaf,0.02600311923719917,1.323009277777377,20
cd55280d-1c87-418a-858a-d835666acdaf,0.02600311923719917,1.323009277777377,20
cd55280d-1c87-418a-858a-d835666acdaf,0.02600311923719917,1.323009277777377,20
cd55280d-1c87-418a-858a-d835666acdaf,0.02600311923719917,1.323009277777377,20
cd55280d-1c87-418a-858a-d835666acdaf,0.02600311923719917,1.323009277777377,20
cd55280d-1c87-418a-858a-d835666acdaf,0.02600311923719917,1.323009277777377,20
cd55280d-1c87-418a-858a-d835666acdaf,0.02600311923719917,1.323009277777377,20
cd55280d-1c87-418a-858a-d835666acdaf,0.02600311923719917,1.323009277777377,20
cd55280d-1c87-418a-858a-d835666acdaf,0.02600311923719917,1.323009277777377,20
cd55280d-1c87-418a-858a-d835666acdaf,0.02600311923719917,1.323009277777377,20
cd55280d-1c87-418a-858a-d835666acdaf,0.02600311923719917,1.323009277777377,20
cd55280d-1c87-418a-858a-d835666acdaf,0.02600311923719917,1.323009277777377,20
cd55280d-1c87-418a-858a-d835666acdaf,0.02600311923719917,1.323009277777377,20
cd55280d-1c87-418a-858a-d835666acdaf,0.02600311923719917,1.323009277777377,20
cd55280d-1c87-418a-858a-d835666acdaf,0.02600311923719917,1.323009277777377,20
1ccf23b6-6810-4f84-b4a1-c6361b147c68,0.02471085373928056,0.6704608815296953,13
1ccf23b6-6810-4f84-b4a1-c6361b147c68,0.02471085373928056,0.6704608815296953,13
1ccf23b6-6810-4f84-b4a1-c6361b147c68,0.02471085373928056,0.6704608815296953,13
1ccf23b6-6810-4f84-b4a1-c6361b147c68,0.02471085373928056,0.6704608815296953,13
1ccf23b6-6810-4f84-b4a1-c6361b147c68,0.02471085373928056,0.6704608815296953,13
1ccf23b6-6810-4f84-b4a1-c6361b147c68,0.02471085373928056,0.6704608815296953,13
1ccf23b6-6810-4f84-b4a1-c6361b147c68,0.02471085373928056,0.6704608815296953,13
1ccf23b6-6810-4f84-b4a1-c6361b147c68,0.02471085373928056,0.6704608815296953,13
1ccf23b6-6810-4f84-b4a1-c6361b147c68,0.02471085373928056,0.6704608815296953,13
1ccf23b6-6810-4f84-b4a1-c6361b147c68,0.02471085373928056,0.6704608815296953,13
1ccf23b6-6810-4f84-b4a1-c6361b147c68,0.02471085373928056,0.6704608815296953,13
1ccf23b6-6810-4f84-b4a1-c6361b147c68,0.02471085373928056,0.6704608815296953,13
1ccf23b6-6810-4f84-b4a1-c6361b147c68,0.02471085373928056,0.6704608815296953,13
1ccf23b6-6810-4f84-b4a1-c6361b147c68,0.02471085373928056,0.6704608815296953,13
1ccf23b6-6810-4f84-b4a1-c6361b147c68,0.02471085373928056,0.6704608815296953,13
1ccf23b6-6810-4f84-b4a1-c6361b147c68,0.02471085373928056,0.6704608815296953,13
1ccf23b6-6810-4f84-b4a1-c6361b147c68,0.02471085373928056,0.6704608815296953,13
41ffcaab-b839-4a35-8bfc-9f9b741c4353,0.06057924422194089,1.0087063028429928,17
41ffcaab-b839-4a35-8bfc-9f9b741c4353,0.06057924422194089,1.0087063028429928,17
41ffcaab-b839-4a35-8bfc-9f9b741c4353,0.06057924422194089,1.0087063028429928,17
41ffcaab-b839-4a35-8bfc-9f9b741c4353,0.06057924422194089,1.0087063028429928,17
41ffcaab-b839-4a35-8bfc-9f9b741c4353,0.06057924422194089,1.0087063028429928,17
41ffcaab-b839-4a35-8bfc-9f9b741c4353,0.06057924422194089,1.0087063028429928,17
41ffcaab-b839-4a35-8bfc-9f9b741c4353,0.06057924422194089,1.0087063028429928,17
41ffcaab-b839-4a35-8bfc-9f9b741c4353,0.06057924422194089,1.0087063028429928,17
41ffcaab-b839-4a35-8bfc-9f9b741c4353,0.06057924422194089,1.0087063028429928,17
41ffcaab-b839-4a35-8bfc-9f9b741c4353,0.06057924422194089,1.0087063028429928,17
41ffcaab-b839-4a35-8bfc-9f9b741c4353,0.06057924422194089,1.0087063028429928,17
41ffcaab-b839-4a35-8bfc-9f9b741c4353,0.06057924422194089,1.0087063028429928,17
41ffcaab-b839-4a35-8bfc-9f9b741c4353,0.06057924422194089,1.0087063028429928,17
41ffcaab-b839-4a35-8bfc-9f9b741c4353,0.06057924422194089,1.0087063028429928,17
41ffcaab-b839-4a35-8bfc-9f9b741c4353,0.06057924422194089,1.0087063028429928,17
41ffcaab-b839-4a35-8bfc-9f9b741c4353,0.06057924422194089,1.0087063028429928,17
41ffcaab-b839-4a35-8bfc-9f9b741c4353,0.06057924422194089,1.0087063028429928,17
41ffcaab-b839-4a35-8bfc-9f9b741c4353,0.06057924422194089,1.0087063028429928,17
41ffcaab-b839-4a35-8bfc-9f9b741c4353,0.06057924422194089,1.0087063028429928,17
41ffcaab-b839-4a35-8bfc-9f9b741c4353,0.06057924422194089,1.0087063028429928,17
41ffcaab-b839-4a35-8bfc-9f9b741c4353,0.06057924422194089,1.0087063028429928,17
41ffcaab-b839-4a35-8bfc-9f9b741c4353,0.06057924422194089,1.0087063028429928,17
41ffcaab-b839-4a35-8bfc-9f9b741c4353,0.06057924422194089,1.0087063028429928,17
41ffcaab-b839-4a35-8bfc-9f9b741c4353,0.06057924422194089,1.0087063028429928,17
41ffcaab-b839-4a35-8bfc-9f9b741c4353,0.06057924422194089,1.0087063028429928,17
41ffcaab-b839-4a35-8bfc-9f9b741c4353,0.06057924422194089,1.0087063028429928,17
41ffcaab-b839-4a35-8bfc-9f9b741c4353,0.06057924422194089,1.0087063028429928,17
66428920-f123-42a9-ab9c-a9f43ff407d4,0.029779035585724423,0.7254771818738929,15
66428920-f123-42a9-ab9c-a9f43ff407d4,0.029779035585724423,0.7254771818738929,15
66428920-f123-42a9-ab9c-a9f43ff407d4,0.029779035585724423,0.7254771818738929,15
66428920-f123-42a9-ab9c-a9f43ff407d4,0.029779035585724423,0.7254771818738929,15
66428920-f123-42a9-ab9c-a9f43ff407d4,0.029779035585724423,0.7254771818738929,15
66428920-f123-42a9-ab9c-a9f43ff407d4,0.029779035585724423,0.7254771818738929,15
66428920-f123-42a9-ab9c-a9f43ff407d4,0.029779035585724423,0.7254771818738929,15
66428920-f123-42a9-ab9c-a9f43ff407d4,0.029779035585724423,0.7254771818738929,15
66428920-f123-42a9-ab9c-a9f43ff407d4,0.029779035585724423,0.7254771818738929,15
66428920-f123-42a9-ab9c-a9f43ff407d4,0.029779035585724423,0.7254771818738929,15
66428920-f123-42a9-ab9c-a9f43ff407d4,0.029779035585724423,0.7254771818738929,15
66428920-f123-42a9-ab9c-a9f43ff407d4,0.029779035585724423,0.7254771818738929,15
66428920-f123-42a9-ab9c-a9f43ff407d4,0.029779035585724423,0.7254771818738929,15
66428920-f123-42a9-ab9c-a9f43ff407d4,0.029779035585724423,0.7254771818738929,15
66428920-f123-42a9-ab9c-a9f43ff407d4,0.029779035585724423,0.7254771818738929,15
66428920-f123-42a9-ab9c-a9f43ff407d4,0.029779035585724423,0.7254771818738929,15
66428920-f123-42a9-ab9c-a9f43ff407d4,0.029779035585724423,0.7254771818738929,15
66428920-f123-42a9-ab9c-a9f43ff407d4,0.029779035585724423,0.7254771818738929,15
66428920-f123-42a9-ab9c-a9f43ff407d4,0.029779035585724423,0.7254771818738929,15
66428920-f123-42a9-ab9c-a9f43ff407d4,0.029779035585724423,0.7254771818738929,15
baa77010-911e-4d89-be53-f47a5789fc69,0.06616027934828293,0.6022281641202759,13
baa77010-911e-4d89-be53-f47a5789fc69,0.06616027934828293,0.6022281641202759,13
baa77010-911e-4d89-be53-f47a5789fc69,0.06616027934828293,0.6022281641202759,13
baa77010-911e-4d89-be53-f47a5789fc69,0.06616027934828293,0.6022281641202759,13
baa77010-911e-4d89-be53-f47a5789fc69,0.06616027934828293,0.6022281641202759,13
baa77010-911e-4d89-be53-f47a5789fc69,0.06616027934828293,0.6022281641202759,13
baa77010-911e-4d89-be53-f47a5789fc69,0.06616027934828293,0.6022281641202759,13
baa77010-911e-4d89-be53-f47a5789fc69,0.06616027934828293,0.6022281641202759,13
baa77010-911e-4d89-be53-f47a5789fc69,0.06616027934828293,0.6022281641202759,13
baa77010-911e-4d89-be53-f47a5789fc69,0.06616027934828293,0.6022281641202759,13
baa77010-911e-4d89-be53-f47a5789fc69,0.06616027934828293,0.6022281641202759,13
baa77010-911e-4d89-be53-f47a5789fc69,0.06616027934828293,0.6022281641202759,13
baa77010-911e-4d89-be53-f47a5789fc69,0.06616027934828293,0.6022281641202759,13
baa77010-911e-4d89-be53-f47a5789fc69,0.06616027934828293,0.6022281641202759,13
baa77010-911e-4d89-be53-f47a5789fc69,0.06616027934828293,0.6022281641202759,13
24c0cd9a-9b91-474d-925f-82d0dcd8c0a2,0.04482322854521142,1.1756369703028424,17
24c0cd9a-9b91-474d-925f-82d0dcd8c0a2,0.04482322854521142,1.1756369703028424,17
24c0cd9a-9b91-474d-925f-82d0dcd8c0a2,0.04482322854521142,1.1756369703028424,17
24c0cd9a-9b91-474d-925f-82d0dcd8c0a2,0.04482322854521142,1.1756369703028424,17
24c0cd9a-9b91-474d-925f-82d0dcd8c0a2,0.04482322854521142,1.1756369703028424,17
24c0cd9a-9b91-474d-925f-82d0dcd8c0a2,0.04482322854521142,1.1756369703028424,17
24c0cd9a-9b91-474d-925f-82d0dcd8c0a2,0.04482322854521142,1.1756369703028424,17
24c0cd9a-9b91-474d-925f-82d0dcd8c0a2,0.04482322854521142,1.1756369703028424,17
24c0cd9a-9b91-474d-925f-82d0dcd8c0a2,0.04482322854521142,1.1756369703028424,17
24c0cd9a-9b91-474d-925f-82d0dcd8c0a2,0.04482322854521142,1.1756369703028424,17
24c0cd9a-9b91-474d-925f-82d0dcd8c0a2,0.04482322854521142,1.1756369703028424,17
24c0cd9a-9b91-474d-925f-82d0dcd8c0a2,0.04482322854521142,1.1756369703028424,17
24c0cd9a-9b91-474d-925f-82d0dcd8c0a2,0.04482322854521142,1.1756369703028424,17
24c0cd9a-9b91-474d-925f-82d0dcd8c0a2,0.04482322854521142,1.1756369703028424,17
24c0cd9a-9b91-474d-925f-82d0dcd8c0a2,0.04482322854521142,1.1756369703028424,17
24c0cd9a-9b91-474d-925f-82d0dcd8c0a2,0.04482322854521142,1.1756369703028424,17
24c0cd9a-9b91-474d-925f-82d0dcd8c0a2,0.04482322854521142,1.1756369703028424,17
24c0cd9a-9b91-474d-925f-82d0dcd8c0a2,0.04482322854521142,1.1756369703028424,17
24c0cd9a-9b91-474d-925f-82d0dcd8c0a2,0.04482322854521142,1.1756369703028424,17
24c0cd9a-9b91-474d-925f-82d0dcd8c0a2,0.04482322854521142,1.1756369703028424,17
24c0cd9a-9b91-474d-925f-82d0dcd8c0a2,0.04482322854521142,1.1756369703028424,17
24c0cd9a-9b91-474d-925f-82d0dcd8c0a2,0.04482322854521142,1.1756369703028424,17
24c0cd9a-9b91-474d-925f-82d0dcd8c0a2,0.04482322854521142,1.1756369703028424,17
24c0cd9a-9b91-474d-925f-82d0dcd8c0a2,0.04482322854521142,1.1756369703028424,17
b7591227-c48f-4045-a181-62340b088916,0.02886896188437117,1.7673389916026887,16
b7591227-c48f-4045-a181-62340b088916,0.02886896188437117,1.7673389916026887,16
b7591227-c48f-4045-a181-62340b088916,0.02886896188437117,1.7673389916026887,16
b7591227-c48f-4045-a181-62340b088916,0.02886896188437117,1.7673389916026887,16
b7591227-c48f-4045-a181-62340b088916,0.02886896188437117,1.7673389916026887,16
b7591227-c48f-4045-a181-62340b088916,0.02886896188437117,1.7673389916026887,16
b7591227-c48f-4045-a181-62340b088916,0.02886896188437117,1.7673389916026887,16
b7591227-c48f-4045-a181-62340b088916,0.02886896188437117,1.7673389916026887,16
b7591227-c48f-4045-a181-62340b088916,0.02886896188437117,1.7673389916026887,16
b7591227-c48f-4045-a181-62340b088916,0.02886896188437117,1.7673389916026887,16
b7591227-c48f-4045-a181-62340b088916,0.02886896188437117,1.7673389916026887,16
b7591227-c48f-4045-a181-62340b088916,0.02886896188437117,1.7673389916026887,16
b7591227-c48f-4045-a181-62340b088916,0.02886896188437117,1.7673389916026887,16
b7591227-c48f-4045-a181-62340b088916,0.02886896188437117,1.7673389916026887,16
b7591227-c48f-4045-a181-62340b088916,0.02886896188437117,1.7673389916026887,16
b7591227-c48f-4045-a181-62340b088916,0.02886896188437117,1.7673389916026887,16
b7591227-c48f-4045-a181-62340b088916,0.02886896188437117,1.7673389916026887,16
b7591227-c48f-4045-a181-62340b088916,0.02886896188437117,1.7673389916026887,16
b7591227-c48f-4045-a181-62340b088916,0.02886896188437117,1.7673389916026887,16
b7591227-c48f-4045-a181-62340b088916,0.02886896188437117,1.7673389916026887,16
b7591227-c48f-4045-a181-62340b088916,0.02886896188437117,1.7673389916026887,16
b7591227-c48f-4045-a181-62340b088916,0.02886896188437117,1.7673389916026887,16
b7591227-c48f-4045-a181-62340b088916,0.02886896188437117,1.7673389916026887,16
b7591227-c48f-4045-a181-62340b088916,0.02886896188437117,1.7673389916026887,16
b7591227-c48f-4045-a181-62340b088916,0.02886896188437117,1.7673389916026887,16
b7591227-c48f-4045-a181-62340b088916,0.02886896188437117,1.7673389916026887,16
b7591227-c48f-4045-a181-62340b088916,0.02886896188437117,1.7673389916026887,16
b7591227-c48f-4045-a181-62340b088916,0.02886896188437117,1.7673389916026887,16
cc857234-580a-40c8-a8e7-10a30a50ec3e,0.03354719850026988,1.4549703748797005,13
cc857234-580a-40c8-a8e7-10a30a50ec3e,0.03354719850026988,1.4549703748797005,13
cc857234-580a-40c8-a8e7-10a30a50ec3e,0.03354719850026988,1.4549703748797005,13
cc857234-580a-40c8-a8e7-10a30a50ec3e,0.03354719850026988,1.4549703748797005,13
cc857234-580a-40c8-a8e7-10a30a50ec3e,0.03354719850026988,1.4549703748797005,13
cc857234-580a-40c8-a8e7-10a30a50ec3e,0.03354719850026988,1.4549703748797005,13
cc857234-580a-40c8-a8e7-10a30a50ec3e,0.03354719850026988,1.4549703748797005,13
cc857234-580a-40c8-a8e7-10a30a50ec3e,0.03354719850026988,1.4549703748797005,13
cc857234-580a-40c8-a8e7-10a30a50ec3e,0.03354719850026988,1.4549703748797005,13
cc857234-580a-40c8-a8e7-10a30a50ec3e,0.03354719850026988,1.4549703748797005,13
cc857234-580a-40c8-a8e7-10a30a50ec3e,0.03354719850026988,1.4549703748797005,13
cc857234-580a-40c8-a8e7-10a30a50ec3e,0.03354719850026988,1.4549703748797005,13
cc857234-580a-40c8-a8e7-10a30a50ec3e,0.03354719850026988,1.4549703748797005,13
cc857234-580a-40c8-a8e7-10a30a50ec3e,0.03354719850026988,1.4549703748797005,13
cc857234-580a-40c8-a8e7-10a30a50ec3e,0.03354719850026988,1.4549703748797005,13
f029f0bc-2429-454d-bf8c-47ebffdcc6ae,0.026227135207421835,0.8291605418733637,20
f029f0bc-2429-454d-bf8c-47ebffdcc6ae,0.026227135207421835,0.8291605418733637,20
f029f0bc-2429-454d-bf8c-47ebffdcc6ae,0.026227135207421835,0.8291605418733637,20
f029f0bc-2429-454d-bf8c-47ebffdcc6ae,0.026227135207421835,0.8291605418733637,20
f029f0bc-2429-454d-bf8c-47ebffdcc6ae,0.026227135207421835,0.8291605418733637,20
f029f0bc-2429-454d-bf8c-47ebffdcc6ae,0.026227135207421835,0.8291605418733637,20
f029f0bc-2429-454d-bf8c-47ebffdcc6ae,0.026227135207421835,0.8291605418733637,20
f029f0bc-2429-454d-bf8c-47ebffdcc6ae,0.026227135207421835,0.8291605418733637,20
f029f0bc-2429-454d-bf8c-47ebffdcc6ae,0.026227135207421835,0.8291605418733637,20
f029f0bc-2429-454d-bf8c-47ebffdcc6ae,0.026227135207421835,0.8291605418733637,20
f029f0bc-2429-454d-bf8c-47ebffdcc6ae,0.026227135207421835,0.8291605418733637,20
f029f0bc-2429-454d-bf8c-47ebffdcc6ae,0.026227135207421835,0.8291605418733637,20
f029f0bc-2429-454d-bf8c-47ebffdcc6ae,0.026227135207421835,0.8291605418733637,20
f029f0bc-2429-454d-bf8c-47ebffdcc6ae,0.026227135207421835,0.8291605418733637,20
f029f0bc-2429-454d-bf8c-47ebffdcc6ae,0.026227135207421835,0.8291605418733637,20
f029f0bc-2429-454d-bf8c-47ebffdcc6ae,0.026227135207421835,0.8291605418733637,20
f029f0bc-2429-454d-bf8c-47ebffdcc6ae,0.026227135207421835,0.8291605418733637,20
f029f0bc-2429-454d-bf8c-47ebffdcc6ae,0.026227135207421835,0.8291605418733637,20
f029f0bc-2429-454d-bf8c-47ebffdcc6ae,0.026227135207421835,0.8291605418733637,20
f029f0bc-2429-454d-bf8c-47ebffdcc6ae,0.026227135207421835,0.8291605418733637,20
f029f0bc-2429-454d-bf8c-47ebffdcc6ae,0.026227135207421835,0.8291605418733637,20
f029f0bc-2429-454d-bf8c-47ebffdcc6ae,0.026227135207421835,0.8291605418733637,20
f029f0bc-2429-454d-bf8c-47ebffdcc6ae,0.026227135207421835,0.8291605418733637,20
f029f0bc-2429-454d-bf8c-47ebffdcc6ae,0.026227135207421835,0.8291605418733637,20
f029f0bc-2429-454d-bf8c-47ebffdcc6ae,0.026227135207421835,0.8291605418733637,20
f029f0bc-2429-454d-bf8c-47ebffdcc6ae,0.026227135207421835,0.8291605418733637,20
ea966ccc-01d1-4a1b-a512-001c3cbce81c,0.1697617432211209,0.847402620212685,21
ea966ccc-01d1-4a1b-a512-001c3cbce81c,0.1697617432211209,0.847402620212685,21
ea966ccc-01d1-4a1b-a512-001c3cbce81c,0.1697617432211209,0.847402620212685,21
ea966ccc-01d1-4a1b-a512-001c3cbce81c,0.1697617432211209,0.847402620212685,21
ea966ccc-01d1-4a1b-a512-001c3cbce81c,0.1697617432211209,0.847402620212685,21
ea966ccc-01d1-4a1b-a512-001c3cbce81c,0.1697617432211209,0.847402620212685,21
ea966ccc-01d1-4a1b-a512-001c3cbce81c,0.1697617432211209,0.847402620212685,21
ea966ccc-01d1-4a1b-a512-001c3cbce81c,0.1697617432211209,0.847402620212685,21
ea966ccc-01d1-4a1b-a512-001c3cbce81c,0.1697617432211209,0.847402620212685,21
ea966ccc-01d1-4a1b-a512-001c3cbce81c,0.1697617432211209,0.847402620212685,21
ea966ccc-01d1-4a1b-a512-001c3cbce81c,0.1697617432211209,0.847402620212685,21
ea966ccc-01d1-4a1b-a512-001c3cbce81c,0.1697617432211209,0.847402620212685,21
ea966ccc-01d1-4a1b-a512-001c3cbce81c,0.1697617432211209,0.847402620212685,21
ea966ccc-01d1-4a1b-a512-001c3cbce81c,0.1697617432211209,0.847402620212685,21
ea966ccc-01d1-4a1b-a512-001c3cbce81c,0.1697617432211209,0.847402620212685,21
ea966ccc-01d1-4a1b-a512-001c3cbce81c,0.1697617432211209,0.847402620212685,21
ea966ccc-01d1-4a1b-a512-001c3cbce81c,0.1697617432211209,0.847402620212685,21
ea966ccc-01d1-4a1b-a512-001c3cbce81c,0.1697617432211209,0.847402620212685,21
ea966ccc-01d1-4a1b-a512-001c3cbce81c,0.1697617432211209,0.847402620212685,21
ea966ccc-01d1-4a1b-a512-001c3cbce81c,0.1697617432211209,0.847402620212685,21
ea966ccc-01d1-4a1b-a512-001c3cbce81c,0.1697617432211209,0.847402620212685,21
ea966ccc-01d1-4a1b-a512-001c3cbce81c,0.1697617432211209,0.847402620212685,21
ea966ccc-01d1-4a1b-a512-001c3cbce81c,0.1697617432211209,0.847402620212685,21
ea966ccc-01d1-4a1b-a512-001c3cbce81c,0.1697617432211209,0.847402620212685,21
1276f2a3-74b5-47f2-ae5d-cb7508aeb00e,0.022565474583230282,1.1187078751468562,16
1276f2a3-74b5-47f2-ae5d-cb7508aeb00e,0.022565474583230282,1.1187078751468562,16
1276f2a3-74b5-47f2-ae5d-cb7508aeb00e,0.022565474583230282,1.1187078751468562,16
1276f2a3-74b5-47f2-ae5d-cb7508aeb00e,0.022565474583230282,1.1187078751468562,16
1276f2a3-74b5-47f2-ae5d-cb7508aeb00e,0.022565474583230282,1.1187078751468562,16
1276f2a3-74b5-47f2-ae5d-cb7508aeb00e,0.022565474583230282,1.1187078751468562,16
1276f2a3-74b5-47f2-ae5d-cb7508aeb00e,0.022565474583230282,1.1187078751468562,16
1276f2a3-74b5-47f2-ae5d-cb7508aeb00e,0.022565474583230282,1.1187078751468562,16
1276f2a3-74b5-47f2-ae5d-cb7508aeb00e,0.022565474583230282,1.1187078751468562,16
1276f2a3-74b5-47f2-ae5d-cb7508aeb00e,0.022565474583230282,1.1187078751468562,16
1276f2a3-74b5-47f2-ae5d-cb7508aeb00e,0.022565474583230282,1.1187078751468562,16
1276f2a3-74b5-47f2-ae5d-cb7508aeb00e,0.022565474583230282,1.1187078751468562,16
1276f2a3-74b5-47f2-ae5d-cb7508aeb00e,0.022565474583230282,1.1187078751468562,16
1276f2a3-74b5-47f2-ae5d-cb7508aeb00e,0.022565474583230282,1.1187078751468562,16
1276f2a3-74b5-47f2-ae5d-cb7508aeb00e,0.022565474583230282,1.1187078751468562,16
1276f2a3-74b5-47f2-ae5d-cb7508aeb00e,0.022565474583230282,1.1187078751468562,16
1276f2a3-74b5-47f2-ae5d-cb7508aeb00e,0.022565474583230282,1.1187078751468562,16
1276f2a3-74b5-47f2-ae5d-cb7508aeb00e,0.022565474583230282,1.1187078751468562,16
1276f2a3-74b5-47f2-ae5d-cb7508aeb00e,0.022565474583230282,1.1187078751468562,16
aee77e25-7600-4a86-8c58-022229cb531a,0.05722318464013242,1.9635081869096556,15
aee77e25-7600-4a86-8c58-022229cb531a,0.05722318464013242,1.9635081869096556,15
aee77e25-7600-4a86-8c58-022229cb531a,0.05722318464013242,1.9635081869096556,15
aee77e25-7600-4a86-8c58-022229cb531a,0.05722318464013242,1.9635081869096556,15
aee77e25-7600-4a86-8c58-022229cb531a,0.05722318464013242,1.9635081869096556,15
aee77e25-7600-4a86-8c58-022229cb531a,0.05722318464013242,1.9635081869096556,15
aee77e25-7600-4a86-8c58-022229cb531a,0.05722318464013242,1.9635081869096556,15
aee77e25-7600-4a86-8c58-022229cb531a,0.05722318464013242,1.9635081869096556,15
aee77e25-7600-4a86-8c58-022229cb531a,0.05722318464013242,1.9635081869096556,15
aee77e25-7600-4a86-8c58-022229cb531a,0.05722318464013242,1.9635081869096556,15
aee77e25-7600-4a86-8c58-022229cb531a,0.05722318464013242,1.9635081869096556,15
aee77e25-7600-4a86-8c58-022229cb531a,0.05722318464013242,1.9635081869096556,15
aee77e25-7600-4a86-8c58-022229cb531a,0.05722318464013242,1.9635081869096556,15
aee77e25-7600-4a86-8c58-022229cb531a,0.05722318464013242,1.9635081869096556,15
aee77e25-7600-4a86-8c58-022229cb531a,0.05722318464013242,1.9635081869096556,15
aee77e25-7600-4a86-8c58-022229cb531a,0.05722318464013242,1.9635081869096556,15
aee77e25-7600-4a86-8c58-022229cb531a,0.05722318464013242,1.9635081869096556,15
aee77e25-7600-4a86-8c58-022229cb531a,0.05722318464013242,1.9635081869096556,15
aee77e25-7600-4a86-8c58-022229cb531a,0.05722318464013242,1.9635081869096556,15
fb10f478-d42c-435b-865b-1f1f571abc10,0.1764631894605012,1.1543533024674608,12
fb10f478-d42c-435b-865b-1f1f571abc10,0.1764631894605012,1.1543533024674608,12
fb10f478-d42c-435b-865b-1f1f571abc10,0.1764631894605012,1.1543533024674608,12
fb10f478-d42c-435b-865b-1f1f571abc10,0.1764631894605012,1.1543533024674608,12
fb10f478-d42c-435b-865b-1f1f571abc10,0.1764631894605012,1.1543533024674608,12
fb10f478-d42c-435b-865b-1f1f571abc10,0.1764631894605012,1.1543533024674608,12
fb10f478-d42c-435b-865b-1f1f571abc10,0.1764631894605012,1.1543533024674608,12
fb10f478-d42c-435b-865b-1f1f571abc10,0.1764631894605012,1.1543533024674608,12
fb10f478-d42c-435b-865b-1f1f571abc10,0.1764631894605012,1.1543533024674608,12
fb10f478-d42c-435b-865b-1f1f571abc10,0.1764631894605012,1.1543533024674608,12
fb10f478-d42c-435b-865b-1f1f571abc10,0.1764631894605012,1.1543533024674608,12
fb10f478-d42c-435b-865b-1f1f571abc10,0.1764631894605012,1.1543533024674608,12
fb10f478-d42c-435b-865b-1f1f571abc10,0.1764631894605012,1.1543533024674608,12
fb10f478-d42c-435b-865b-1f1f571abc10,0.1764631894605012,1.1543533024674608,12
fb10f478-d42c-435b-865b-1f1f571abc10,0.1764631894605012,1.1543533024674608,12
316f2bdc-95c2-4740-8672-03886cf19e13,0.024425413397033826,1.1101018438504338,13
316f2bdc-95c2-4740-8672-03886cf19e13,0.024425413397033826,1.1101018438504338,13
316f2bdc-95c2-4740-8672-03886cf19e13,0.024425413397033826,1.1101018438504338,13
316f2bdc-95c2-4740-8672-03886cf19e13,0.024425413397033826,1.1101018438504338,13
316f2bdc-95c2-4740-8672-03886cf19e13,0.024425413397033826,1.1101018438504338,13
316f2bdc-95c2-4740-8672-03886cf19e13,0.024425413397033826,1.1101018438504338,13
316f2bdc-95c2-4740-8672-03886cf19e13,0.024425413397033826,1.1101018438504338,13
316f2bdc-95c2-4740-8672-03886cf19e13,0.024425413397033826,1.1101018438504338,13
316f2bdc-95c2-4740-8672-03886cf19e13,0.024425413397033826,1.1101018438504338,13
316f2bdc-95c2-4740-8672-03886cf19e13,0.024425413397033826,1.1101018438504338,13
316f2bdc-95c2-4740-8672-03886cf19e13,0.024425413397033826,1.1101018438504338,13
316f2bdc-95c2-4740-8672-03886cf19e13,0.024425413397033826,1.1101018438504338,13
316f2bdc-95c2-4740-8672-03886cf19e13,0.024425413397033826,1.1101018438504338,13
316f2bdc-95c2-4740-8672-03886cf19e13,0.024425413397033826,1.1101018438504338,13
316f2bdc-95c2-4740-8672-03886cf19e13,0.024425413397033826,1.1101018438504338,13
316f2bdc-95c2-4740-8672-03886cf19e13,0.024425413397033826,1.1101018438504338,13
316f2bdc-95c2-4740-8672-03886cf19e13,0.024425413397033826,1.1101018438504338,13
316f2bdc-95c2-4740-8672-03886cf19e13,0.024425413397033826,1.1101018438504338,13
316f2bdc-95c2-4740-8672-03886cf19e13,0.024425413397033826,1.1101018438504338,13
316f2bdc-95c2-4740-8672-03886cf19e13,0.024425413397033826,1.1101018438504338,13
ac5dcf2a-9ef6-4732-b8fa-bcd9d7868e05,0.03694404213027834,3.6852844747975237,15
ac5dcf2a-9ef6-4732-b8fa-bcd9d7868e05,0.03694404213027834,3.6852844747975237,15
ac5dcf2a-9ef6-4732-b8fa-bcd9d7868e05,0.03694404213027834,3.6852844747975237,15
ac5dcf2a-9ef6-4732-b8fa-bcd9d7868e05,0.03694404213027834,3.6852844747975237,15
ac5dcf2a-9ef6-4732-b8fa-bcd9d7868e05,0.03694404213027834,3.6852844747975237,15
ac5dcf2a-9ef6-4732-b8fa-bcd9d7868e05,0.03694404213027834,3.6852844747975237,15
ac5dcf2a-9ef6-4732-b8fa-bcd9d7868e05,0.03694404213027834,3.6852844747975237,15
ac5dcf2a-9ef6-4732-b8fa-bcd9d7868e05,0.03694404213027834,3.6852844747975237,15
ac5dcf2a-9ef6-4732-b8fa-bcd9d7868e05,0.03694404213027834,3.6852844747975237,15
ac5dcf2a-9ef6-4732-b8fa-bcd9d7868e05,0.03694404213027834,3.6852844747975237,15
ac5dcf2a-9ef6-4732-b8fa-bcd9d7868e05,0.03694404213027834,3.6852844747975237,15
ac5dcf2a-9ef6-4732-b8fa-bcd9d7868e05,0.03694404213027834,3.6852844747975237,15
ac5dcf2a-9ef6-4732-b8fa-bcd9d7868e05,0.03694404213027834,3.6852844747975237,15
ac5dcf2a-9ef6-4732-b8fa-bcd9d7868e05,0.03694404213027834,3.6852844747975237,15
ac5dcf2a-9ef6-4732-b8fa-bcd9d7868e05,0.03694404213027834,3.6852844747975237,15
ac5dcf2a-9ef6-4732-b8fa-bcd9d7868e05,0.03694404213027834,3.6852844747975237,15
ac5dcf2a-9ef6-4732-b8fa-bcd9d7868e05,0.03694404213027834,3.6852844747975237,15
ac5dcf2a-9ef6-4732-b8fa-bcd9d7868e05,0.03694404213027834,3.6852844747975237,15
ac5dcf2a-9ef6-4732-b8fa-bcd9d7868e05,0.03694404213027834,3.6852844747975237,15
44a3dbc8-c5b9-43ca-bfcc-dfb83dcbff6f,0.037869995641846566,1.2129747898069696,18
44a3dbc8-c5b9-43ca-bfcc-dfb83dcbff6f,0.037869995641846566,1.2129747898069696,18
44a3dbc8-c5b9-43ca-bfcc-dfb83dcbff6f,0.037869995641846566,1.2129747898069696,18
44a3dbc8-c5b9-43ca-bfcc-dfb83dcbff6f,0.037869995641846566,1.2129747898069696,18
44a3dbc8-c5b9-43ca-bfcc-dfb83dcbff6f,0.037869995641846566,1.2129747898069696,18
44a3dbc8-c5b9-43ca-bfcc-dfb83dcbff6f,0.037869995641846566,1.2129747898069696,18
44a3dbc8-c5b9-43ca-bfcc-dfb83dcbff6f,0.037869995641846566,1.2129747898069696,18
44a3dbc8-c5b9-43ca-bfcc-dfb83dcbff6f,0.037869995641846566,1.2129747898069696,18
44a3dbc8-c5b9-43ca-bfcc-dfb83dcbff6f,0.037869995641846566,1.2129747898069696,18
44a3dbc8-c5b9-43ca-bfcc-dfb83dcbff6f,0.037869995641846566,1.2129747898069696,18
44a3dbc8-c5b9-43ca-bfcc-dfb83dcbff6f,0.037869995641846566,1.2129747898069696,18
44a3dbc8-c5b9-43ca-bfcc-dfb83dcbff6f,0.037869995641846566,1.2129747898069696,18
44a3dbc8-c5b9-43ca-bfcc-dfb83dcbff6f,0.037869995641846566,1.2129747898069696,18
44a3dbc8-c5b9-43ca-bfcc-dfb83dcbff6f,0.037869995641846566,1.2129747898069696,18
44a3dbc8-c5b9-43ca-bfcc-dfb83dcbff6f,0.037869995641846566,1.2129747898069696,18
44a3dbc8-c5b9-43ca-bfcc-dfb83dcbff6f,0.037869995641846566,1.2129747898069696,18
44a3dbc8-c5b9-43ca-bfcc-dfb83dcbff6f,0.037869995641846566,1.2129747898069696,18
44a3dbc8-c5b9-43ca-bfcc-dfb83dcbff6f,0.037869995641846566,1.2129747898069696,18
44a3dbc8-c5b9-43ca-bfcc-dfb83dcbff6f,0.037869995641846566,1.2129747898069696,18
44a3dbc8-c5b9-43ca-bfcc-dfb83dcbff6f,0.037869995641846566,1.2129747898069696,18
44a3dbc8-c5b9-43ca-bfcc-dfb83dcbff6f,0.037869995641846566,1.2129747898069696,18
44a3dbc8-c5b9-43ca-bfcc-dfb83dcbff6f,0.037869995641846566,1.2129747898069696,18
23afec36-58d7-4b7f-ae94-30c24ea7f114,0.14918882232101804,1.0827891274899664,20
23afec36-58d7-4b7f-ae94-30c24ea7f114,0.14918882232101804,1.0827891274899664,20
23afec36-58d7-4b7f-ae94-30c24ea7f114,0.14918882232101804,1.0827891274899664,20
23afec36-58d7-4b7f-ae94-30c24ea7f114,0.14918882232101804,1.0827891274899664,20
23afec36-58d7-4b7f-ae94-30c24ea7f114,0.14918882232101804,1.0827891274899664,20
23afec36-58d7-4b7f-ae94-30c24ea7f114,0.14918882232101804,1.0827891274899664,20
23afec36-58d7-4b7f-ae94-30c24ea7f114,0.14918882232101804,1.0827891274899664,20
23afec36-58d7-4b7f-ae94-30c24ea7f114,0.14918882232101804,1.0827891274899664,20
23afec36-58d7-4b7f-ae94-30c24ea7f114,0.14918882232101804,1.0827891274899664,20
23afec36-58d7-4b7f-ae94-30c24ea7f114,0.14918882232101804,1.0827891274899664,20
23afec36-58d7-4b7f-ae94-30c24ea7f114,0.14918882232101804,1.0827891274899664,20
23afec36-58d7-4b7f-ae94-30c24ea7f114,0.14918882232101804,1.0827891274899664,20
23afec36-58d7-4b7f-ae94-30c24ea7f114,0.14918882232101804,1.0827891274899664,20
23afec36-58d7-4b7f-ae94-30c24ea7f114,0.14918882232101804,1.0827891274899664,20
23afec36-58d7-4b7f-ae94-30c24ea7f114,0.14918882232101804,1.0827891274899664,20
23afec36-58d7-4b7f-ae94-30c24ea7f114,0.14918882232101804,1.0827891274899664,20
23afec36-58d7-4b7f-ae94-30c24ea7f114,0.14918882232101804,1.0827891274899664,20
23afec36-58d7-4b7f-ae94-30c24ea7f114,0.14918882232101804,1.0827891274899664,20
23afec36-58d7-4b7f-ae94-30c24ea7f114,0.14918882232101804,1.0827891274899664,20
23afec36-58d7-4b7f-ae94-30c24ea7f114,0.14918882232101804,1.0827891274899664,20
23afec36-58d7-4b7f-ae94-30c24ea7f114,0.14918882232101804,1.0827891274899664,20
23afec36-58d7-4b7f-ae94-30c24ea7f114,0.14918882232101804,1.0827891274899664,20
23afec36-58d7-4b7f-ae94-30c24ea7f114,0.14918882232101804,1.0827891274899664,20
23afec36-58d7-4b7f-ae94-30c24ea7f114,0.14918882232101804,1.0827891274899664,20
23afec36-58d7-4b7f-ae94-30c24ea7f114,0.14918882232101804,1.0827891274899664,20
23afec36-58d7-4b7f-ae94-30c24ea7f114,0.14918882232101804,1.0827891274899664,20
23afec36-58d7-4b7f-ae94-30c24ea7f114,0.14918882232101804,1.0827891274899664,20
23afec36-58d7-4b7f-ae94-30c24ea7f114,0.14918882232101804,1.0827891274899664,20
23afec36-58d7-4b7f-ae94-30c24ea7f114,0.14918882232101804,1.0827891274899664,20
17ac137e-26b2-45d5-81b7-12e250f0a737,0.019459954553042634,2.016871170679265,14
17ac137e-26b2-45d5-81b7-12e250f0a737,0.019459954553042634,2.016871170679265,14
17ac137e-26b2-45d5-81b7-12e250f0a737,0.019459954553042634,2.016871170679265,14
17ac137e-26b2-45d5-81b7-12e250f0a737,0.019459954553042634,2.016871170679265,14
17ac137e-26b2-45d5-81b7-12e250f0a737,0.019459954553042634,2.016871170679265,14
17ac137e-26b2-45d5-81b7-12e250f0a737,0.019459954553042634,2.016871170679265,14
17ac137e-26b2-45d5-81b7-12e250f0a737,0.019459954553042634,2.016871170679265,14
17ac137e-26b2-45d5-81b7-12e250f0a737,0.019459954553042634,2.016871170679265,14
17ac137e-26b2-45d5-81b7-12e250f0a737,0.019459954553042634,2.016871170679265,14
17ac137e-26b2-45d5-81b7-12e250f0a737,0.019459954553042634,2.016871170679265,14
17ac137e-26b2-45d5-81b7-12e250f0a737,0.019459954553042634,2.016871170679265,14
17ac137e-26b2-45d5-81b7-12e250f0a737,0.019459954553042634,2.016871170679265,14
17ac137e-26b2-45d5-81b7-12e250f0a737,0.019459954553042634,2.016871170679265,14
17ac137e-26b2-45d5-81b7-12e250f0a737,0.019459954553042634,2.016871170679265,14
17ac137e-26b2-45d5-81b7-12e250f0a737,0.019459954553042634,2.016871170679265,14
17ac137e-26b2-45d5-81b7-12e250f0a737,0.019459954553042634,2.016871170679265,14
495f0aad-dded-470f-9813-91abc44ca717,0.03819649124944053,0.6299942680405486,20
495f0aad-dded-470f-9813-91abc44ca717,0.03819649124944053,0.6299942680405486,20
495f0aad-dded-470f-9813-91abc44ca717,0.03819649124944053,0.6299942680405486,20
495f0aad-dded-470f-9813-91abc44ca717,0.03819649124944053,0.6299942680405486,20
495f0aad-dded-470f-9813-91abc44ca717,0.03819649124944053,0.6299942680405486,20
495f0aad-dded-470f-9813-91abc44ca717,0.03819649124944053,0.6299942680405486,20
495f0aad-dded-470f-9813-91abc44ca717,0.03819649124944053,0.6299942680405486,20
495f0aad-dded-470f-9813-91abc44ca717,0.03819649124944053,0.6299942680405486,20
495f0aad-dded-470f-9813-91abc44ca717,0.03819649124944053,0.6299942680405486,20
495f0aad-dded-470f-9813-91abc44ca717,0.03819649124944053,0.6299942680405486,20
495f0aad-dded-470f-9813-91abc44ca717,0.03819649124944053,0.6299942680405486,20
495f0aad-dded-470f-9813-91abc44ca717,0.03819649124944053,0.6299942680405486,20
495f0aad-dded-470f-9813-91abc44ca717,0.03819649124944053,0.6299942680405486,20
495f0aad-dded-470f-9813-91abc44ca717,0.03819649124944053,0.6299942680405486,20
495f0aad-dded-470f-9813-91abc44ca717,0.03819649124944053,0.6299942680405486,20
495f0aad-dded-470f-9813-91abc44ca717,0.03819649124944053,0.6299942680405486,20
495f0aad-dded-470f-9813-91abc44ca717,0.03819649124944053,0.6299942680405486,20
495f0aad-dded-470f-9813-91abc44ca717,0.03819649124944053,0.6299942680405486,20
495f0aad-dded-470f-9813-91abc44ca717,0.03819649124944053,0.6299942680405486,20
495f0aad-dded-470f-9813-91abc44ca717,0.03819649124944053,0.6299942680405486,20
495f0aad-dded-470f-9813-91abc44ca717,0.03819649124944053,0.6299942680405486,20
495f0aad-dded-470f-9813-91abc44ca717,0.03819649124944053,0.6299942680405486,20
495f0aad-dded-470f-9813-91abc44ca717,0.03819649124944053,0.6299942680405486,20
495f0aad-dded-470f-9813-91abc44ca717,0.03819649124944053,0.6299942680405486,20
495f0aad-dded-470f-9813-91abc44ca717,0.03819649124944053,0.6299942680405486,20
495f0aad-dded-470f-9813-91abc44ca717,0.03819649124944053,0.6299942680405486,20
495f0aad-dded-470f-9813-91abc44ca717,0.03819649124944053,0.6299942680405486,20
495f0aad-dded-470f-9813-91abc44ca717,0.03819649124944053,0.6299942680405486,20
0aca90cb-3846-4198-8af5-2a2bd47de5dd,0.031650745511573604,1.1221747494299328,19
0aca90cb-3846-4198-8af5-2a2bd47de5dd,0.031650745511573604,1.1221747494299328,19
0aca90cb-3846-4198-8af5-2a2bd47de5dd,0.031650745511573604,1.1221747494299328,19
0aca90cb-3846-4198-8af5-2a2bd47de5dd,0.031650745511573604,1.1221747494299328,19
0aca90cb-3846-4198-8af5-2a2bd47de5dd,0.031650745511573604,1.1221747494299328,19
0aca90cb-3846-4198-8af5-2a2bd47de5dd,0.031650745511573604,1.1221747494299328,19
0aca90cb-3846-4198-8af5-2a2bd47de5dd,0.031650745511573604,1.1221747494299328,19
0aca90cb-3846-4198-8af5-2a2bd47de5dd,0.031650745511573604,1.1221747494299328,19
0aca90cb-3846-4198-8af5-2a2bd47de5dd,0.031650745511573604,1.1221747494299328,19
0aca90cb-3846-4198-8af5-2a2bd47de5dd,0.031650745511573604,1.1221747494299328,19
0aca90cb-3846-4198-8af5-2a2bd47de5dd,0.031650745511573604,1.1221747494299328,19
0aca90cb-3846-4198-8af5-2a2bd47de5dd,0.031650745511573604,1.1221747494299328,19
0aca90cb-3846-4198-8af5-2a2bd47de5dd,0.031650745511573604,1.1221747494299328,19
0aca90cb-3846-4198-8af5-2a2bd47de5dd,0.031650745511573604,1.1221747494299328,19
0aca90cb-3846-4198-8af5-2a2bd47de5dd,0.031650745511573604,1.1221747494299328,19
0aca90cb-3846-4198-8af5-2a2bd47de5dd,0.031650745511573604,1.1221747494299328,19
0aca90cb-3846-4198-8af5-2a2bd47de5dd,0.031650745511573604,1.1221747494299328,19
0aca90cb-3846-4198-8af5-2a2bd47de5dd,0.031650745511573604,1.1221747494299328,19
0aca90cb-3846-4198-8af5-2a2bd47de5dd,0.031650745511573604,1.1221747494299328,19
0aca90cb-3846-4198-8af5-2a2bd47de5dd,0.031650745511573604,1.1221747494299328,19
0aca90cb-3846-4198-8af5-2a2bd47de5dd,0.031650745511573604,1.1221747494299328,19
0aca90cb-3846-4198-8af5-2a2bd47de5dd,0.031650745511573604,1.1221747494299328,19
0aca90cb-3846-4198-8af5-2a2bd47de5dd,0.031650745511573604,1.1221747494299328,19
0aca90cb-3846-4198-8af5-2a2bd47de5dd,0.031650745511573604,1.1221747494299328,19
d3f752a3-b24a-426e-a10d-b201e7eaec94,0.04917077513353636,11.672692170344796,17
d3f752a3-b24a-426e-a10d-b201e7eaec94,0.04917077513353636,11.672692170344796,17
d3f752a3-b24a-426e-a10d-b201e7eaec94,0.04917077513353636,11.672692170344796,17
d3f752a3-b24a-426e-a10d-b201e7eaec94,0.04917077513353636,11.672692170344796,17
d3f752a3-b24a-426e-a10d-b201e7eaec94,0.04917077513353636,11.672692170344796,17
d3f752a3-b24a-426e-a10d-b201e7eaec94,0.04917077513353636,11.672692170344796,17
d3f752a3-b24a-426e-a10d-b201e7eaec94,0.04917077513353636,11.672692170344796,17
d3f752a3-b24a-426e-a10d-b201e7eaec94,0.04917077513353636,11.672692170344796,17
d3f752a3-b24a-426e-a10d-b201e7eaec94,0.04917077513353636,11.672692170344796,17
d3f752a3-b24a-426e-a10d-b201e7eaec94,0.04917077513353636,11.672692170344796,17
d3f752a3-b24a-426e-a10d-b201e7eaec94,0.04917077513353636,11.672692170344796,17
d3f752a3-b24a-426e-a10d-b201e7eaec94,0.04917077513353636,11.672692170344796,17
d3f752a3-b24a-426e-a10d-b201e7eaec94,0.04917077513353636,11.672692170344796,17
d3f752a3-b24a-426e-a10d-b201e7eaec94,0.04917077513353636,11.672692170344796,17
d3f752a3-b24a-426e-a10d-b201e7eaec94,0.04917077513353636,11.672692170344796,17
d3f752a3-b24a-426e-a10d-b201e7eaec94,0.04917077513353636,11.672692170344796,17
d3f752a3-b24a-426e-a10d-b201e7eaec94,0.04917077513353636,11.672692170344796,17
d3f752a3-b24a-426e-a10d-b201e7eaec94,0.04917077513353636,11.672692170344796,17
d3f752a3-b24a-426e-a10d-b201e7eaec94,0.04917077513353636,11.672692170344796,17
d3f752a3-b24a-426e-a10d-b201e7eaec94,0.04917077513353636,11.672692170344796,17
d3f752a3-b24a-426e-a10d-b201e7eaec94,0.04917077513353636,11.672692170344796,17
d3f752a3-b24a-426e-a10d-b201e7eaec94,0.04917077513353636,11.672692170344796,17
d3f752a3-b24a-426e-a10d-b201e7eaec94,0.04917077513353636,11.672692170344796,17
d3f752a3-b24a-426e-a10d-b201e7eaec94,0.04917077513353636,11.672692170344796,17
d3f752a3-b24a-426e-a10d-b201e7eaec94,0.04917077513353636,11.672692170344796,17
1589588e-a607-4668-bbe5-e840b7f2496e,0.02282981280975973,2.028319635604334,18
1589588e-a607-4668-bbe5-e840b7f2496e,0.02282981280975973,2.028319635604334,18
1589588e-a607-4668-bbe5-e840b7f2496e,0.02282981280975973,2.028319635604334,18
1589588e-a607-4668-bbe5-e840b7f2496e,0.02282981280975973,2.028319635604334,18
1589588e-a607-4668-bbe5-e840b7f2496e,0.02282981280975973,2.028319635604334,18
1589588e-a607-4668-bbe5-e840b7f2496e,0.02282981280975973,2.028319635604334,18
1589588e-a607-4668-bbe5-e840b7f2496e,0.02282981280975973,2.028319635604334,18
1589588e-a607-4668-bbe5-e840b7f2496e,0.02282981280975973,2.028319635604334,18
1589588e-a607-4668-bbe5-e840b7f2496e,0.02282981280975973,2.028319635604334,18
1589588e-a607-4668-bbe5-e840b7f2496e,0.02282981280975973,2.028319635604334,18
1589588e-a607-4668-bbe5-e840b7f2496e,0.02282981280975973,2.028319635604334,18
1589588e-a607-4668-bbe5-e840b7f2496e,0.02282981280975973,2.028319635604334,18
1589588e-a607-4668-bbe5-e840b7f2496e,0.02282981280975973,2.028319635604334,18
1589588e-a607-4668-bbe5-e840b7f2496e,0.02282981280975973,2.028319635604334,18
1589588e-a607-4668-bbe5-e840b7f2496e,0.02282981280975973,2.028319635604334,18
1589588e-a607-4668-bbe5-e840b7f2496e,0.02282981280975973,2.028319635604334,18
1589588e-a607-4668-bbe5-e840b7f2496e,0.02282981280975973,2.028319635604334,18
1589588e-a607-4668-bbe5-e840b7f2496e,0.02282981280975973,2.028319635604334,18
1589588e-a607-4668-bbe5-e840b7f2496e,0.02282981280975973,2.028319635604334,18
1589588e-a607-4668-bbe5-e840b7f2496e,0.02282981280975973,2.028319635604334,18
1589588e-a607-4668-bbe5-e840b7f2496e,0.02282981280975973,2.028319635604334,18
1589588e-a607-4668-bbe5-e840b7f2496e,0.02282981280975973,2.028319635604334,18
1589588e-a607-4668-bbe5-e840b7f2496e,0.02282981280975973,2.028319635604334,18
1589588e-a607-4668-bbe5-e840b7f2496e,0.02282981280975973,2.028319635604334,18
1589588e-a607-4668-bbe5-e840b7f2496e,0.02282981280975973,2.028319635604334,18
6232f0a1-0620-4c20-8de3-bd1377fa2185,0.03140034802345101,0.7353540744201202,14
6232f0a1-0620-4c20-8de3-bd1377fa2185,0.03140034802345101,0.7353540744201202,14
6232f0a1-0620-4c20-8de3-bd1377fa2185,0.03140034802345101,0.7353540744201202,14
6232f0a1-0620-4c20-8de3-bd1377fa2185,0.03140034802345101,0.7353540744201202,14
6232f0a1-0620-4c20-8de3-bd1377fa2185,0.03140034802345101,0.7353540744201202,14
6232f0a1-0620-4c20-8de3-bd1377fa2185,0.03140034802345101,0.7353540744201202,14
6232f0a1-0620-4c20-8de3-bd1377fa2185,0.03140034802345101,0.7353540744201202,14
6232f0a1-0620-4c20-8de3-bd1377fa2185,0.03140034802345101,0.7353540744201202,14
6232f0a1-0620-4c20-8de3-bd1377fa2185,0.03140034802345101,0.7353540744201202,14
6232f0a1-0620-4c20-8de3-bd1377fa2185,0.03140034802345101,0.7353540744201202,14
6232f0a1-0620-4c20-8de3-bd1377fa2185,0.03140034802345101,0.7353540744201202,14
6232f0a1-0620-4c20-8de3-bd1377fa2185,0.03140034802345101,0.7353540744201202,14
6232f0a1-0620-4c20-8de3-bd1377fa2185,0.03140034802345101,0.7353540744201202,14
6232f0a1-0620-4c20-8de3-bd1377fa2185,0.03140034802345101,0.7353540744201202,14
6232f0a1-0620-4c20-8de3-bd1377fa2185,0.03140034802345101,0.7353540744201202,14
6232f0a1-0620-4c20-8de3-bd1377fa2185,0.03140034802345101,0.7353540744201202,14
6232f0a1-0620-4c20-8de3-bd1377fa2185,0.03140034802345101,0.7353540744201202,14
6232f0a1-0620-4c20-8de3-bd1377fa2185,0.03140034802345101,0.7353540744201202,14
6232f0a1-0620-4c20-8de3-bd1377fa2185,0.03140034802345101,0.7353540744201202,14
6232f0a1-0620-4c20-8de3-bd1377fa2185,0.03140034802345101,0.7353540744201202,14
6232f0a1-0620-4c20-8de3-bd1377fa2185,0.03140034802345101,0.7353540744201202,14
6232f0a1-0620-4c20-8de3-bd1377fa2185,0.03140034802345101,0.7353540744201202,14
6232f0a1-0620-4c20-8de3-bd1377fa2185,0.03140034802345101,0.7353540744201202,14
6232f0a1-0620-4c20-8de3-bd1377fa2185,0.03140034802345101,0.7353540744201202,14
f23ced6d-9e8a-4f29-8d8b-569da7e0b40e,0.024045129450375555,1.64722792978921,14
f23ced6d-9e8a-4f29-8d8b-569da7e0b40e,0.024045129450375555,1.64722792978921,14
f23ced6d-9e8a-4f29-8d8b-569da7e0b40e,0.024045129450375555,1.64722792978921,14
f23ced6d-9e8a-4f29-8d8b-569da7e0b40e,0.024045129450375555,1.64722792978921,14
f23ced6d-9e8a-4f29-8d8b-569da7e0b40e,0.024045129450375555,1.64722792978921,14
f23ced6d-9e8a-4f29-8d8b-569da7e0b40e,0.024045129450375555,1.64722792978921,14
f23ced6d-9e8a-4f29-8d8b-569da7e0b40e,0.024045129450375555,1.64722792978921,14
f23ced6d-9e8a-4f29-8d8b-569da7e0b40e,0.024045129450375555,1.64722792978921,14
f23ced6d-9e8a-4f29-8d8b-569da7e0b40e,0.024045129450375555,1.64722792978921,14
f23ced6d-9e8a-4f29-8d8b-569da7e0b40e,0.024045129450375555,1.64722792978921,14
f23ced6d-9e8a-4f29-8d8b-569da7e0b40e,0.024045129450375555,1.64722792978921,14
f23ced6d-9e8a-4f29-8d8b-569da7e0b40e,0.024045129450375555,1.64722792978921,14
f23ced6d-9e8a-4f29-8d8b-569da7e0b40e,0.024045129450375555,1.64722792978921,14
f23ced6d-9e8a-4f29-8d8b-569da7e0b40e,0.024045129450375555,1.64722792978921,14
f23ced6d-9e8a-4f29-8d8b-569da7e0b40e,0.024045129450375555,1.64722792978921,14
f23ced6d-9e8a-4f29-8d8b-569da7e0b40e,0.024045129450375555,1.64722792978921,14
663efb92-9a74-45fa-8ffd-a0e911cd8ad4,0.17441872811223003,1.9109792299851154,13
663efb92-9a74-45fa-8ffd-a0e911cd8ad4,0.17441872811223003,1.9109792299851154,13
663efb92-9a74-45fa-8ffd-a0e911cd8ad4,0.17441872811223003,1.9109792299851154,13
663efb92-9a74-45fa-8ffd-a0e911cd8ad4,0.17441872811223003,1.9109792299851154,13
663efb92-9a74-45fa-8ffd-a0e911cd8ad4,0.17441872811223003,1.9109792299851154,13
663efb92-9a74-45fa-8ffd-a0e911cd8ad4,0.17441872811223003,1.9109792299851154,13
663efb92-9a74-45fa-8ffd-a0e911cd8ad4,0.17441872811223003,1.9109792299851154,13
663efb92-9a74-45fa-8ffd-a0e911cd8ad4,0.17441872811223003,1.9109792299851154,13
663efb92-9a74-45fa-8ffd-a0e911cd8ad4,0.17441872811223003,1.9109792299851154,13
663efb92-9a74-45fa-8ffd-a0e911cd8ad4,0.17441872811223003,1.9109792299851154,13
663efb92-9a74-45fa-8ffd-a0e911cd8ad4,0.17441872811223003,1.9109792299851154,13
663efb92-9a74-45fa-8ffd-a0e911cd8ad4,0.17441872811223003,1.9109792299851154,13
663efb92-9a74-45fa-8ffd-a0e911cd8ad4,0.17441872811223003,1.9109792299851154,13
663efb92-9a74-45fa-8ffd-a0e911cd8ad4,0.17441872811223003,1.9109792299851154,13
663efb92-9a74-45fa-8ffd-a0e911cd8ad4,0.17441872811223003,1.9109792299851154,13
663efb92-9a74-45fa-8ffd-a0e911cd8ad4,0.17441872811223003,1.9109792299851154,13
663efb92-9a74-45fa-8ffd-a0e911cd8ad4,0.17441872811223003,1.9109792299851154,13
663efb92-9a74-45fa-8ffd-a0e911cd8ad4,0.17441872811223003,1.9109792299851154,13
663efb92-9a74-45fa-8ffd-a0e911cd8ad4,0.17441872811223003,1.9109792299851154,13
663efb92-9a74-45fa-8ffd-a0e911cd8ad4,0.17441872811223003,1.9109792299851154,13
663efb92-9a74-45fa-8ffd-a0e911cd8ad4,0.17441872811223003,1.9109792299851154,13
9f521a3f-b740-45e6-b1d4-d98bb76eb436,0.08702250081125992,0.6488307294478265,13
9f521a3f-b740-45e6-b1d4-d98bb76eb436,0.08702250081125992,0.6488307294478265,13
9f521a3f-b740-45e6-b1d4-d98bb76eb436,0.08702250081125992,0.6488307294478265,13
9f521a3f-b740-45e6-b1d4-d98bb76eb436,0.08702250081125992,0.6488307294478265,13
9f521a3f-b740-45e6-b1d4-d98bb76eb436,0.08702250081125992,0.6488307294478265,13
9f521a3f-b740-45e6-b1d4-d98bb76eb436,0.08702250081125992,0.6488307294478265,13
9f521a3f-b740-45e6-b1d4-d98bb76eb436,0.08702250081125992,0.6488307294478265,13
9f521a3f-b740-45e6-b1d4-d98bb76eb436,0.08702250081125992,0.6488307294478265,13
9f521a3f-b740-45e6-b1d4-d98bb76eb436,0.08702250081125992,0.6488307294478265,13
9f521a3f-b740-45e6-b1d4-d98bb76eb436,0.08702250081125992,0.6488307294478265,13
9f521a3f-b740-45e6-b1d4-d98bb76eb436,0.08702250081125992,0.6488307294478265,13
9f521a3f-b740-45e6-b1d4-d98bb76eb436,0.08702250081125992,0.6488307294478265,13
9f521a3f-b740-45e6-b1d4-d98bb76eb436,0.08702250081125992,0.6488307294478265,13
9f521a3f-b740-45e6-b1d4-d98bb76eb436,0.08702250081125992,0.6488307294478265,13
9f521a3f-b740-45e6-b1d4-d98bb76eb436,0.08702250081125992,0.6488307294478265,13
9f521a3f-b740-45e6-b1d4-d98bb76eb436,0.08702250081125992,0.6488307294478265,13
9f521a3f-b740-45e6-b1d4-d98bb76eb436,0.08702250081125992,0.6488307294478265,13
9f521a3f-b740-45e6-b1d4-d98bb76eb436,0.08702250081125992,0.6488307294478265,13
9f521a3f-b740-45e6-b1d4-d98bb76eb436,0.08702250081125992,0.6488307294478265,13
09c73929-0740-4e2b-a164-4a9b7752d8f0,0.07361077628087356,1.6390779669930298,17
09c73929-0740-4e2b-a164-4a9b7752d8f0,0.07361077628087356,1.6390779669930298,17
09c73929-0740-4e2b-a164-4a9b7752d8f0,0.07361077628087356,1.6390779669930298,17
09c73929-0740-4e2b-a164-4a9b7752d8f0,0.07361077628087356,1.6390779669930298,17
09c73929-0740-4e2b-a164-4a9b7752d8f0,0.07361077628087356,1.6390779669930298,17
09c73929-0740-4e2b-a164-4a9b7752d8f0,0.07361077628087356,1.6390779669930298,17
09c73929-0740-4e2b-a164-4a9b7752d8f0,0.07361077628087356,1.6390779669930298,17
09c73929-0740-4e2b-a164-4a9b7752d8f0,0.07361077628087356,1.6390779669930298,17
09c73929-0740-4e2b-a164-4a9b7752d8f0,0.07361077628087356,1.6390779669930298,17
09c73929-0740-4e2b-a164-4a9b7752d8f0,0.07361077628087356,1.6390779669930298,17
09c73929-0740-4e2b-a164-4a9b7752d8f0,0.07361077628087356,1.6390779669930298,17
09c73929-0740-4e2b-a164-4a9b7752d8f0,0.07361077628087356,1.6390779669930298,17
09c73929-0740-4e2b-a164-4a9b7752d8f0,0.07361077628087356,1.6390779669930298,17
09c73929-0740-4e2b-a164-4a9b7752d8f0,0.07361077628087356,1.6390779669930298,17
09c73929-0740-4e2b-a164-4a9b7752d8f0,0.07361077628087356,1.6390779669930298,17
09c73929-0740-4e2b-a164-4a9b7752d8f0,0.07361077628087356,1.6390779669930298,17
09c73929-0740-4e2b-a164-4a9b7752d8f0,0.07361077628087356,1.6390779669930298,17
09c73929-0740-4e2b-a164-4a9b7752d8f0,0.07361077628087356,1.6390779669930298,17
09c73929-0740-4e2b-a164-4a9b7752d8f0,0.07361077628087356,1.6390779669930298,17
09c73929-0740-4e2b-a164-4a9b7752d8f0,0.07361077628087356,1.6390779669930298,17
09c73929-0740-4e2b-a164-4a9b7752d8f0,0.07361077628087356,1.6390779669930298,17
09c73929-0740-4e2b-a164-4a9b7752d8f0,0.07361077628087356,1.6390779669930298,17
09c73929-0740-4e2b-a164-4a9b7752d8f0,0.07361077628087356,1.6390779669930298,17
4735e5d7-e639-4248-9c90-cf058d96491f,0.020065082334721582,1.7257087515961171,15
4735e5d7-e639-4248-9c90-cf058d96491f,0.020065082334721582,1.7257087515961171,15
4735e5d7-e639-4248-9c90-cf058d96491f,0.020065082334721582,1.7257087515961171,15
4735e5d7-e639-4248-9c90-cf058d96491f,0.020065082334721582,1.7257087515961171,15
4735e5d7-e639-4248-9c90-cf058d96491f,0.020065082334721582,1.7257087515961171,15
4735e5d7-e639-4248-9c90-cf058d96491f,0.020065082334721582,1.7257087515961171,15
4735e5d7-e639-4248-9c90-cf058d96491f,0.020065082334721582,1.7257087515961171,15
4735e5d7-e639-4248-9c90-cf058d96491f,0.020065082334721582,1.7257087515961171,15
4735e5d7-e639-4248-9c90-cf058d96491f,0.020065082334721582,1.7257087515961171,15
4735e5d7-e639-4248-9c90-cf058d96491f,0.020065082334721582,1.7257087515961171,15
4735e5d7-e639-4248-9c90-cf058d96491f,0.020065082334721582,1.7257087515961171,15
4735e5d7-e639-4248-9c90-cf058d96491f,0.020065082334721582,1.7257087515961171,15
4735e5d7-e639-4248-9c90-cf058d96491f,0.020065082334721582,1.7257087515961171,15
4735e5d7-e639-4248-9c90-cf058d96491f,0.020065082334721582,1.7257087515961171,15
4735e5d7-e639-4248-9c90-cf058d96491f,0.020065082334721582,1.7257087515961171,15
4735e5d7-e639-4248-9c90-cf058d96491f,0.020065082334721582,1.7257087515961171,15
4735e5d7-e639-4248-9c90-cf058d96491f,0.020065082334721582,1.7257087515961171,15
4735e5d7-e639-4248-9c90-cf058d96491f,0.020065082334721582,1.7257087515961171,15
4735e5d7-e639-4248-9c90-cf058d96491f,0.020065082334721582,1.7257087515961171,15
a0f2fe6a-cc1e-4da7-a8d7-1dc104d9afa7,0.028903622317443603,1.1398657582064373,14
a0f2fe6a-cc1e-4da7-a8d7-1dc104d9afa7,0.028903622317443603,1.1398657582064373,14
a0f2fe6a-cc1e-4da7-a8d7-1dc104d9afa7,0.028903622317443603,1.1398657582064373,14
a0f2fe6a-cc1e-4da7-a8d7-1dc104d9afa7,0.028903622317443603,1.1398657582064373,14
a0f2fe6a-cc1e-4da7-a8d7-1dc104d9afa7,0.028903622317443603,1.1398657582064373,14
a0f2fe6a-cc1e-4da7-a8d7-1dc104d9afa7,0.028903622317443603,1.1398657582064373,14
a0f2fe6a-cc1e-4da7-a8d7-1dc104d9afa7,0.028903622317443603,1.1398657582064373,14
a0f2fe6a-cc1e-4da7-a8d7-1dc104d9afa7,0.028903622317443603,1.1398657582064373,14
a0f2fe6a-cc1e-4da7-a8d7-1dc104d9afa7,0.028903622317443603,1.1398657582064373,14
a0f2fe6a-cc1e-4da7-a8d7-1dc104d9afa7,0.028903622317443603,1.1398657582064373,14
a0f2fe6a-cc1e-4da7-a8d7-1dc104d9afa7,0.028903622317443603,1.1398657582064373,14
a0f2fe6a-cc1e-4da7-a8d7-1dc104d9afa7,0.028903622317443603,1.1398657582064373,14
a0f2fe6a-cc1e-4da7-a8d7-1dc104d9afa7,0.028903622317443603,1.1398657582064373,14
a0f2fe6a-cc1e-4da7-a8d7-1dc104d9afa7,0.028903622317443603,1.1398657582064373,14
a0f2fe6a-cc1e-4da7-a8d7-1dc104d9afa7,0.028903622317443603,1.1398657582064373,14
a0f2fe6a-cc1e-4da7-a8d7-1dc104d9afa7,0.028903622317443603,1.1398657582064373,14
a0f2fe6a-cc1e-4da7-a8d7-1dc104d9afa7,0.028903622317443603,1.1398657582064373,14
a0f2fe6a-cc1e-4da7-a8d7-1dc104d9afa7,0.028903622317443603,1.1398657582064373,14
a0f2fe6a-cc1e-4da7-a8d7-1dc104d9afa7,0.028903622317443603,1.1398657582064373,14
a0f2fe6a-cc1e-4da7-a8d7-1dc104d9afa7,0.028903622317443603,1.1398657582064373,14
a0f2fe6a-cc1e-4da7-a8d7-1dc104d9afa7,0.028903622317443603,1.1398657582064373,14
a0f2fe6a-cc1e-4da7-a8d7-1dc104d9afa7,0.028903622317443603,1.1398657582064373,14
c26faa37-830e-4fdc-a2f1-f54ac98efc7c,0.04617387491442909,0.5899695500750137,16
c26faa37-830e-4fdc-a2f1-f54ac98efc7c,0.04617387491442909,0.5899695500750137,16
c26faa37-830e-4fdc-a2f1-f54ac98efc7c,0.04617387491442909,0.5899695500750137,16
c26faa37-830e-4fdc-a2f1-f54ac98efc7c,0.04617387491442909,0.5899695500750137,16
c26faa37-830e-4fdc-a2f1-f54ac98efc7c,0.04617387491442909,0.5899695500750137,16
c26faa37-830e-4fdc-a2f1-f54ac98efc7c,0.04617387491442909,0.5899695500750137,16
c26faa37-830e-4fdc-a2f1-f54ac98efc7c,0.04617387491442909,0.5899695500750137,16
c26faa37-830e-4fdc-a2f1-f54ac98efc7c,0.04617387491442909,0.5899695500750137,16
c26faa37-830e-4fdc-a2f1-f54ac98efc7c,0.04617387491442909,0.5899695500750137,16
c26faa37-830e-4fdc-a2f1-f54ac98efc7c,0.04617387491442909,0.5899695500750137,16
c26faa37-830e-4fdc-a2f1-f54ac98efc7c,0.04617387491442909,0.5899695500750137,16
c26faa37-830e-4fdc-a2f1-f54ac98efc7c,0.04617387491442909,0.5899695500750137,16
c26faa37-830e-4fdc-a2f1-f54ac98efc7c,0.04617387491442909,0.5899695500750137,16
c26faa37-830e-4fdc-a2f1-f54ac98efc7c,0.04617387491442909,0.5899695500750137,16
c26faa37-830e-4fdc-a2f1-f54ac98efc7c,0.04617387491442909,0.5899695500750137,16
c26faa37-830e-4fdc-a2f1-f54ac98efc7c,0.04617387491442909,0.5899695500750137,16
c26faa37-830e-4fdc-a2f1-f54ac98efc7c,0.04617387491442909,0.5899695500750137,16
c26faa37-830e-4fdc-a2f1-f54ac98efc7c,0.04617387491442909,0.5899695500750137,16
c26faa37-830e-4fdc-a2f1-f54ac98efc7c,0.04617387491442909,0.5899695500750137,16
c26faa37-830e-4fdc-a2f1-f54ac98efc7c,0.04617387491442909,0.5899695500750137,16
c26faa37-830e-4fdc-a2f1-f54ac98efc7c,0.04617387491442909,0.5899695500750137,16
c26faa37-830e-4fdc-a2f1-f54ac98efc7c,0.04617387491442909,0.5899695500750137,16
c26faa37-830e-4fdc-a2f1-f54ac98efc7c,0.04617387491442909,0.5899695500750137,16
c26faa37-830e-4fdc-a2f1-f54ac98efc7c,0.04617387491442909,0.5899695500750137,16
c26faa37-830e-4fdc-a2f1-f54ac98efc7c,0.04617387491442909,0.5899695500750137,16
335f45e0-c839-42bf-8b4f-dda388fbbf6f,0.03322026367306155,1.2637039705346669,17
335f45e0-c839-42bf-8b4f-dda388fbbf6f,0.03322026367306155,1.2637039705346669,17
335f45e0-c839-42bf-8b4f-dda388fbbf6f,0.03322026367306155,1.2637039705346669,17
335f45e0-c839-42bf-8b4f-dda388fbbf6f,0.03322026367306155,1.2637039705346669,17
335f45e0-c839-42bf-8b4f-dda388fbbf6f,0.03322026367306155,1.2637039705346669,17
335f45e0-c839-42bf-8b4f-dda388fbbf6f,0.03322026367306155,1.2637039705346669,17
335f45e0-c839-42bf-8b4f-dda388fbbf6f,0.03322026367306155,1.2637039705346669,17
335f45e0-c839-42bf-8b4f-dda388fbbf6f,0.03322026367306155,1.2637039705346669,17
335f45e0-c839-42bf-8b4f-dda388fbbf6f,0.03322026367306155,1.2637039705346669,17
335f45e0-c839-42bf-8b4f-dda388fbbf6f,0.03322026367306155,1.2637039705346669,17
335f45e0-c839-42bf-8b4f-dda388fbbf6f,0.03322026367306155,1.2637039705346669,17
335f45e0-c839-42bf-8b4f-dda388fbbf6f,0.03322026367306155,1.2637039705346669,17
335f45e0-c839-42bf-8b4f-dda388fbbf6f,0.03322026367306155,1.2637039705346669,17
335f45e0-c839-42bf-8b4f-dda388fbbf6f,0.03322026367306155,1.2637039705346669,17
335f45e0-c839-42bf-8b4f-dda388fbbf6f,0.03322026367306155,1.2637039705346669,17
335f45e0-c839-42bf-8b4f-dda388fbbf6f,0.03322026367306155,1.2637039705346669,17
335f45e0-c839-42bf-8b4f-dda388fbbf6f,0.03322026367306155,1.2637039705346669,17
335f45e0-c839-42bf-8b4f-dda388fbbf6f,0.03322026367306155,1.2637039705346669,17
335f45e0-c839-42bf-8b4f-dda388fbbf6f,0.03322026367306155,1.2637039705346669,17
335f45e0-c839-42bf-8b4f-dda388fbbf6f,0.03322026367306155,1.2637039705346669,17
335f45e0-c839-42bf-8b4f-dda388fbbf6f,0.03322026367306155,1.2637039705346669,17
335f45e0-c839-42bf-8b4f-dda388fbbf6f,0.03322026367306155,1.2637039705346669,17
335f45e0-c839-42bf-8b4f-dda388fbbf6f,0.03322026367306155,1.2637039705346669,17
335f45e0-c839-42bf-8b4f-dda388fbbf6f,0.03322026367306155,1.2637039705346669,17
335f45e0-c839-42bf-8b4f-dda388fbbf6f,0.03322026367306155,1.2637039705346669,17
335f45e0-c839-42bf-8b4f-dda388fbbf6f,0.03322026367306155,1.2637039705346669,17
04673a3a-5ac0-41ab-b1a6-05a63095ffff,0.06047642917843894,1.2838577193400849,16
04673a3a-5ac0-41ab-b1a6-05a63095ffff,0.06047642917843894,1.2838577193400849,16
04673a3a-5ac0-41ab-b1a6-05a63095ffff,0.06047642917843894,1.2838577193400849,16
04673a3a-5ac0-41ab-b1a6-05a63095ffff,0.06047642917843894,1.2838577193400849,16
04673a3a-5ac0-41ab-b1a6-05a63095ffff,0.06047642917843894,1.2838577193400849,16
04673a3a-5ac0-41ab-b1a6-05a63095ffff,0.06047642917843894,1.2838577193400849,16
04673a3a-5ac0-41ab-b1a6-05a63095ffff,0.06047642917843894,1.2838577193400849,16
04673a3a-5ac0-41ab-b1a6-05a63095ffff,0.06047642917843894,1.2838577193400849,16
04673a3a-5ac0-41ab-b1a6-05a63095ffff,0.06047642917843894,1.2838577193400849,16
04673a3a-5ac0-41ab-b1a6-05a63095ffff,0.06047642917843894,1.2838577193400849,16
04673a3a-5ac0-41ab-b1a6-05a63095ffff,0.06047642917843894,1.2838577193400849,16
04673a3a-5ac0-41ab-b1a6-05a63095ffff,0.06047642917843894,1.2838577193400849,16
04673a3a-5ac0-41ab-b1a6-05a63095ffff,0.06047642917843894,1.2838577193400849,16
04673a3a-5ac0-41ab-b1a6-05a63095ffff,0.06047642917843894,1.2838577193400849,16
04673a3a-5ac0-41ab-b1a6-05a63095ffff,0.06047642917843894,1.2838577193400849,16
04673a3a-5ac0-41ab-b1a6-05a63095ffff,0.06047642917843894,1.2838577193400849,16
04673a3a-5ac0-41ab-b1a6-05a63095ffff,0.06047642917843894,1.2838577193400849,16
04673a3a-5ac0-41ab-b1a6-05a63095ffff,0.06047642917843894,1.2838577193400849,16
04673a3a-5ac0-41ab-b1a6-05a63095ffff,0.06047642917843894,1.2838577193400849,16
04673a3a-5ac0-41ab-b1a6-05a63095ffff,0.06047642917843894,1.2838577193400849,16
04673a3a-5ac0-41ab-b1a6-05a63095ffff,0.06047642917843894,1.2838577193400849,16
04673a3a-5ac0-41ab-b1a6-05a63095ffff,0.06047642917843894,1.2838577193400849,16
04673a3a-5ac0-41ab-b1a6-05a63095ffff,0.06047642917843894,1.2838577193400849,16
04673a3a-5ac0-41ab-b1a6-05a63095ffff,0.06047642917843894,1.2838577193400849,16
04673a3a-5ac0-41ab-b1a6-05a63095ffff,0.06047642917843894,1.2838577193400849,16
be7f6809-f4f9-423c-b034-e0bb93fa5474,0.9200964884772552,1.5914320879357915,19
be7f6809-f4f9-423c-b034-e0bb93fa5474,0.9200964884772552,1.5914320879357915,19
be7f6809-f4f9-423c-b034-e0bb93fa5474,0.9200964884772552,1.5914320879357915,19
be7f6809-f4f9-423c-b034-e0bb93fa5474,0.9200964884772552,1.5914320879357915,19
be7f6809-f4f9-423c-b034-e0bb93fa5474,0.9200964884772552,1.5914320879357915,19
be7f6809-f4f9-423c-b034-e0bb93fa5474,0.9200964884772552,1.5914320879357915,19
be7f6809-f4f9-423c-b034-e0bb93fa5474,0.9200964884772552,1.5914320879357915,19
be7f6809-f4f9-423c-b034-e0bb93fa5474,0.9200964884772552,1.5914320879357915,19
be7f6809-f4f9-423c-b034-e0bb93fa5474,0.9200964884772552,1.5914320879357915,19
be7f6809-f4f9-423c-b034-e0bb93fa5474,0.9200964884772552,1.5914320879357915,19
be7f6809-f4f9-423c-b034-e0bb93fa5474,0.9200964884772552,1.5914320879357915,19
be7f6809-f4f9-423c-b034-e0bb93fa5474,0.9200964884772552,1.5914320879357915,19
be7f6809-f4f9-423c-b034-e0bb93fa5474,0.9200964884772552,1.5914320879357915,19
be7f6809-f4f9-423c-b034-e0bb93fa5474,0.9200964884772552,1.5914320879357915,19
be7f6809-f4f9-423c-b034-e0bb93fa5474,0.9200964884772552,1.5914320879357915,19
be7f6809-f4f9-423c-b034-e0bb93fa5474,0.9200964884772552,1.5914320879357915,19
be7f6809-f4f9-423c-b034-e0bb93fa5474,0.9200964884772552,1.5914320879357915,19
be7f6809-f4f9-423c-b034-e0bb93fa5474,0.9200964884772552,1.5914320879357915,19
be7f6809-f4f9-423c-b034-e0bb93fa5474,0.9200964884772552,1.5914320879357915,19
be7f6809-f4f9-423c-b034-e0bb93fa5474,0.9200964884772552,1.5914320879357915,19
be7f6809-f4f9-423c-b034-e0bb93fa5474,0.9200964884772552,1.5914320879357915,19
be7f6809-f4f9-423c-b034-e0bb93fa5474,0.9200964884772552,1.5914320879357915,19
be7f6809-f4f9-423c-b034-e0bb93fa5474,0.9200964884772552,1.5914320879357915,19
be7f6809-f4f9-423c-b034-e0bb93fa5474,0.9200964884772552,1.5914320879357915,19
be7f6809-f4f9-423c-b034-e0bb93fa5474,0.9200964884772552,1.5914320879357915,19
be7f6809-f4f9-423c-b034-e0bb93fa5474,0.9200964884772552,1.5914320879357915,19
be7f6809-f4f9-423c-b034-e0bb93fa5474,0.9200964884772552,1.5914320879357915,19
0b3b8316-df23-4d20-95c4-0fe935343253,0.02877520514203321,1.1177916921433355,17
0b3b8316-df23-4d20-95c4-0fe935343253,0.02877520514203321,1.1177916921433355,17
0b3b8316-df23-4d20-95c4-0fe935343253,0.02877520514203321,1.1177916921433355,17
0b3b8316-df23-4d20-95c4-0fe935343253,0.02877520514203321,1.1177916921433355,17
0b3b8316-df23-4d20-95c4-0fe935343253,0.02877520514203321,1.1177916921433355,17
0b3b8316-df23-4d20-95c4-0fe935343253,0.02877520514203321,1.1177916921433355,17
0b3b8316-df23-4d20-95c4-0fe935343253,0.02877520514203321,1.1177916921433355,17
0b3b8316-df23-4d20-95c4-0fe935343253,0.02877520514203321,1.1177916921433355,17
0b3b8316-df23-4d20-95c4-0fe935343253,0.02877520514203321,1.1177916921433355,17
0b3b8316-df23-4d20-95c4-0fe935343253,0.02877520514203321,1.1177916921433355,17
0b3b8316-df23-4d20-95c4-0fe935343253,0.02877520514203321,1.1177916921433355,17
0b3b8316-df23-4d20-95c4-0fe935343253,0.02877520514203321,1.1177916921433355,17
0b3b8316-df23-4d20-95c4-0fe935343253,0.02877520514203321,1.1177916921433355,17
0b3b8316-df23-4d20-95c4-0fe935343253,0.02877520514203321,1.1177916921433355,17
0b3b8316-df23-4d20-95c4-0fe935343253,0.02877520514203321,1.1177916921433355,17
0b3b8316-df23-4d20-95c4-0fe935343253,0.02877520514203321,1.1177916921433355,17
0b3b8316-df23-4d20-95c4-0fe935343253,0.02877520514203321,1.1177916921433355,17
0b3b8316-df23-4d20-95c4-0fe935343253,0.02877520514203321,1.1177916921433355,17
0b3b8316-df23-4d20-95c4-0fe935343253,0.02877520514203321,1.1177916921433355,17
0b3b8316-df23-4d20-95c4-0fe935343253,0.02877520514203321,1.1177916921433355,17
0b3b8316-df23-4d20-95c4-0fe935343253,0.02877520514203321,1.1177916921433355,17
0b3b8316-df23-4d20-95c4-0fe935343253,0.02877520514203321,1.1177916921433355,17
0b3b8316-df23-4d20-95c4-0fe935343253,0.02877520514203321,1.1177916921433355,17
06298746-5d52-49ee-b160-6b72f7507061,0.03911202498214224,1.291786845423728,16
06298746-5d52-49ee-b160-6b72f7507061,0.03911202498214224,1.291786845423728,16
06298746-5d52-49ee-b160-6b72f7507061,0.03911202498214224,1.291786845423728,16
06298746-5d52-49ee-b160-6b72f7507061,0.03911202498214224,1.291786845423728,16
06298746-5d52-49ee-b160-6b72f7507061,0.03911202498214224,1.291786845423728,16
06298746-5d52-49ee-b160-6b72f7507061,0.03911202498214224,1.291786845423728,16
06298746-5d52-49ee-b160-6b72f7507061,0.03911202498214224,1.291786845423728,16
06298746-5d52-49ee-b160-6b72f7507061,0.03911202498214224,1.291786845423728,16
06298746-5d52-49ee-b160-6b72f7507061,0.03911202498214224,1.291786845423728,16
06298746-5d52-49ee-b160-6b72f7507061,0.03911202498214224,1.291786845423728,16
06298746-5d52-49ee-b160-6b72f7507061,0.03911202498214224,1.291786845423728,16
06298746-5d52-49ee-b160-6b72f7507061,0.03911202498214224,1.291786845423728,16
06298746-5d52-49ee-b160-6b72f7507061,0.03911202498214224,1.291786845423728,16
06298746-5d52-49ee-b160-6b72f7507061,0.03911202498214224,1.291786845423728,16
06298746-5d52-49ee-b160-6b72f7507061,0.03911202498214224,1.291786845423728,16
06298746-5d52-49ee-b160-6b72f7507061,0.03911202498214224,1.291786845423728,16
06298746-5d52-49ee-b160-6b72f7507061,0.03911202498214224,1.291786845423728,16
06298746-5d52-49ee-b160-6b72f7507061,0.03911202498214224,1.291786845423728,16
06298746-5d52-49ee-b160-6b72f7507061,0.03911202498214224,1.291786845423728,16
06298746-5d52-49ee-b160-6b72f7507061,0.03911202498214224,1.291786845423728,16
06298746-5d52-49ee-b160-6b72f7507061,0.03911202498214224,1.291786845423728,16
06298746-5d52-49ee-b160-6b72f7507061,0.03911202498214224,1.291786845423728,16
06298746-5d52-49ee-b160-6b72f7507061,0.03911202498214224,1.291786845423728,16
84dfc2e9-30c9-4059-b127-87f61f173843,0.04673554290124759,0.6314892355127009,10
84dfc2e9-30c9-4059-b127-87f61f173843,0.04673554290124759,0.6314892355127009,10
84dfc2e9-30c9-4059-b127-87f61f173843,0.04673554290124759,0.6314892355127009,10
84dfc2e9-30c9-4059-b127-87f61f173843,0.04673554290124759,0.6314892355127009,10
84dfc2e9-30c9-4059-b127-87f61f173843,0.04673554290124759,0.6314892355127009,10
84dfc2e9-30c9-4059-b127-87f61f173843,0.04673554290124759,0.6314892355127009,10
84dfc2e9-30c9-4059-b127-87f61f173843,0.04673554290124759,0.6314892355127009,10
84dfc2e9-30c9-4059-b127-87f61f173843,0.04673554290124759,0.6314892355127009,10
84dfc2e9-30c9-4059-b127-87f61f173843,0.04673554290124759,0.6314892355127009,10
84dfc2e9-30c9-4059-b127-87f61f173843,0.04673554290124759,0.6314892355127009,10
84dfc2e9-30c9-4059-b127-87f61f173843,0.04673554290124759,0.6314892355127009,10
84dfc2e9-30c9-4059-b127-87f61f173843,0.04673554290124759,0.6314892355127009,10
84dfc2e9-30c9-4059-b127-87f61f173843,0.04673554290124759,0.6314892355127009,10
84dfc2e9-30c9-4059-b127-87f61f173843,0.04673554290124759,0.6314892355127009,10
84dfc2e9-30c9-4059-b127-87f61f173843,0.04673554290124759,0.6314892355127009,10
6b79eac2-9242-423e-9ce1-31e5ec477a95,0.03635106143931741,0.6703079150596101,12
6b79eac2-9242-423e-9ce1-31e5ec477a95,0.03635106143931741,0.6703079150596101,12
6b79eac2-9242-423e-9ce1-31e5ec477a95,0.03635106143931741,0.6703079150596101,12
6b79eac2-9242-423e-9ce1-31e5ec477a95,0.03635106143931741,0.6703079150596101,12
6b79eac2-9242-423e-9ce1-31e5ec477a95,0.03635106143931741,0.6703079150596101,12
6b79eac2-9242-423e-9ce1-31e5ec477a95,0.03635106143931741,0.6703079150596101,12
6b79eac2-9242-423e-9ce1-31e5ec477a95,0.03635106143931741,0.6703079150596101,12
6b79eac2-9242-423e-9ce1-31e5ec477a95,0.03635106143931741,0.6703079150596101,12
6b79eac2-9242-423e-9ce1-31e5ec477a95,0.03635106143931741,0.6703079150596101,12
6b79eac2-9242-423e-9ce1-31e5ec477a95,0.03635106143931741,0.6703079150596101,12
6b79eac2-9242-423e-9ce1-31e5ec477a95,0.03635106143931741,0.6703079150596101,12
6b79eac2-9242-423e-9ce1-31e5ec477a95,0.03635106143931741,0.6703079150596101,12
6b79eac2-9242-423e-9ce1-31e5ec477a95,0.03635106143931741,0.6703079150596101,12
6b79eac2-9242-423e-9ce1-31e5ec477a95,0.03635106143931741,0.6703079150596101,12
6b79eac2-9242-423e-9ce1-31e5ec477a95,0.03635106143931741,0.6703079150596101,12
6b79eac2-9242-423e-9ce1-31e5ec477a95,0.03635106143931741,0.6703079150596101,12
fe0ba7f3-fe76-4e75-b632-5b38d37b6806,0.02304211191003202,0.8466320629316995,14
fe0ba7f3-fe76-4e75-b632-5b38d37b6806,0.02304211191003202,0.8466320629316995,14
fe0ba7f3-fe76-4e75-b632-5b38d37b6806,0.02304211191003202,0.8466320629316995,14
fe0ba7f3-fe76-4e75-b632-5b38d37b6806,0.02304211191003202,0.8466320629316995,14
fe0ba7f3-fe76-4e75-b632-5b38d37b6806,0.02304211191003202,0.8466320629316995,14
fe0ba7f3-fe76-4e75-b632-5b38d37b6806,0.02304211191003202,0.8466320629316995,14
fe0ba7f3-fe76-4e75-b632-5b38d37b6806,0.02304211191003202,0.8466320629316995,14
fe0ba7f3-fe76-4e75-b632-5b38d37b6806,0.02304211191003202,0.8466320629316995,14
fe0ba7f3-fe76-4e75-b632-5b38d37b6806,0.02304211191003202,0.8466320629316995,14
fe0ba7f3-fe76-4e75-b632-5b38d37b6806,0.02304211191003202,0.8466320629316995,14
fe0ba7f3-fe76-4e75-b632-5b38d37b6806,0.02304211191003202,0.8466320629316995,14
fe0ba7f3-fe76-4e75-b632-5b38d37b6806,0.02304211191003202,0.8466320629316995,14
fe0ba7f3-fe76-4e75-b632-5b38d37b6806,0.02304211191003202,0.8466320629316995,14
fe0ba7f3-fe76-4e75-b632-5b38d37b6806,0.02304211191003202,0.8466320629316995,14
fe0ba7f3-fe76-4e75-b632-5b38d37b6806,0.02304211191003202,0.8466320629316995,14
fe0ba7f3-fe76-4e75-b632-5b38d37b6806,0.02304211191003202,0.8466320629316995,14
b260278a-be8a-4e49-8abf-297106ca74b6,0.04552692187709496,0.7057319122595449,18
b260278a-be8a-4e49-8abf-297106ca74b6,0.04552692187709496,0.7057319122595449,18
b260278a-be8a-4e49-8abf-297106ca74b6,0.04552692187709496,0.7057319122595449,18
b260278a-be8a-4e49-8abf-297106ca74b6,0.04552692187709496,0.7057319122595449,18
b260278a-be8a-4e49-8abf-297106ca74b6,0.04552692187709496,0.7057319122595449,18
b260278a-be8a-4e49-8abf-297106ca74b6,0.04552692187709496,0.7057319122595449,18
b260278a-be8a-4e49-8abf-297106ca74b6,0.04552692187709496,0.7057319122595449,18
b260278a-be8a-4e49-8abf-297106ca74b6,0.04552692187709496,0.7057319122595449,18
b260278a-be8a-4e49-8abf-297106ca74b6,0.04552692187709496,0.7057319122595449,18
b260278a-be8a-4e49-8abf-297106ca74b6,0.04552692187709496,0.7057319122595449,18
b260278a-be8a-4e49-8abf-297106ca74b6,0.04552692187709496,0.7057319122595449,18
b260278a-be8a-4e49-8abf-297106ca74b6,0.04552692187709496,0.7057319122595449,18
b260278a-be8a-4e49-8abf-297106ca74b6,0.04552692187709496,0.7057319122595449,18
b260278a-be8a-4e49-8abf-297106ca74b6,0.04552692187709496,0.7057319122595449,18
b260278a-be8a-4e49-8abf-297106ca74b6,0.04552692187709496,0.7057319122595449,18
b260278a-be8a-4e49-8abf-297106ca74b6,0.04552692187709496,0.7057319122595449,18
b260278a-be8a-4e49-8abf-297106ca74b6,0.04552692187709496,0.7057319122595449,18
b260278a-be8a-4e49-8abf-297106ca74b6,0.04552692187709496,0.7057319122595449,18
b260278a-be8a-4e49-8abf-297106ca74b6,0.04552692187709496,0.7057319122595449,18
b260278a-be8a-4e49-8abf-297106ca74b6,0.04552692187709496,0.7057319122595449,18
b260278a-be8a-4e49-8abf-297106ca74b6,0.04552692187709496,0.7057319122595449,18
b260278a-be8a-4e49-8abf-297106ca74b6,0.04552692187709496,0.7057319122595449,18
b260278a-be8a-4e49-8abf-297106ca74b6,0.04552692187709496,0.7057319122595449,18
b260278a-be8a-4e49-8abf-297106ca74b6,0.04552692187709496,0.7057319122595449,18
b260278a-be8a-4e49-8abf-297106ca74b6,0.04552692187709496,0.7057319122595449,18
b260278a-be8a-4e49-8abf-297106ca74b6,0.04552692187709496,0.7057319122595449,18
d0327f8a-5e09-40b5-8b07-98b3ceb036ce,0.029848663282890844,0.8371913781429318,12
d0327f8a-5e09-40b5-8b07-98b3ceb036ce,0.029848663282890844,0.8371913781429318,12
d0327f8a-5e09-40b5-8b07-98b3ceb036ce,0.029848663282890844,0.8371913781429318,12
d0327f8a-5e09-40b5-8b07-98b3ceb036ce,0.029848663282890844,0.8371913781429318,12
d0327f8a-5e09-40b5-8b07-98b3ceb036ce,0.029848663282890844,0.8371913781429318,12
d0327f8a-5e09-40b5-8b07-98b3ceb036ce,0.029848663282890844,0.8371913781429318,12
d0327f8a-5e09-40b5-8b07-98b3ceb036ce,0.029848663282890844,0.8371913781429318,12
d0327f8a-5e09-40b5-8b07-98b3ceb036ce,0.029848663282890844,0.8371913781429318,12
d0327f8a-5e09-40b5-8b07-98b3ceb036ce,0.029848663282890844,0.8371913781429318,12
d0327f8a-5e09-40b5-8b07-98b3ceb036ce,0.029848663282890844,0.8371913781429318,12
d0327f8a-5e09-40b5-8b07-98b3ceb036ce,0.029848663282890844,0.8371913781429318,12
d0327f8a-5e09-40b5-8b07-98b3ceb036ce,0.029848663282890844,0.8371913781429318,12
d0327f8a-5e09-40b5-8b07-98b3ceb036ce,0.029848663282890844,0.8371913781429318,12
d0327f8a-5e09-40b5-8b07-98b3ceb036ce,0.029848663282890844,0.8371913781429318,12
d0327f8a-5e09-40b5-8b07-98b3ceb036ce,0.029848663282890844,0.8371913781429318,12
6f12eb06-0bcd-4d7c-afd9-b9a88a8f6103,0.050770116975248726,2.427498342793424,14
6f12eb06-0bcd-4d7c-afd9-b9a88a8f6103,0.050770116975248726,2.427498342793424,14
6f12eb06-0bcd-4d7c-afd9-b9a88a8f6103,0.050770116975248726,2.427498342793424,14
6f12eb06-0bcd-4d7c-afd9-b9a88a8f6103,0.050770116975248726,2.427498342793424,14
6f12eb06-0bcd-4d7c-afd9-b9a88a8f6103,0.050770116975248726,2.427498342793424,14
6f12eb06-0bcd-4d7c-afd9-b9a88a8f6103,0.050770116975248726,2.427498342793424,14
6f12eb06-0bcd-4d7c-afd9-b9a88a8f6103,0.050770116975248726,2.427498342793424,14
6f12eb06-0bcd-4d7c-afd9-b9a88a8f6103,0.050770116975248726,2.427498342793424,14
6f12eb06-0bcd-4d7c-afd9-b9a88a8f6103,0.050770116975248726,2.427498342793424,14
6f12eb06-0bcd-4d7c-afd9-b9a88a8f6103,0.050770116975248726,2.427498342793424,14
6f12eb06-0bcd-4d7c-afd9-b9a88a8f6103,0.050770116975248726,2.427498342793424,14
6f12eb06-0bcd-4d7c-afd9-b9a88a8f6103,0.050770116975248726,2.427498342793424,14
6f12eb06-0bcd-4d7c-afd9-b9a88a8f6103,0.050770116975248726,2.427498342793424,14
6f12eb06-0bcd-4d7c-afd9-b9a88a8f6103,0.050770116975248726,2.427498342793424,14
6f12eb06-0bcd-4d7c-afd9-b9a88a8f6103,0.050770116975248726,2.427498342793424,14
6f12eb06-0bcd-4d7c-afd9-b9a88a8f6103,0.050770116975248726,2.427498342793424,14
6f12eb06-0bcd-4d7c-afd9-b9a88a8f6103,0.050770116975248726,2.427498342793424,14
6f12eb06-0bcd-4d7c-afd9-b9a88a8f6103,0.050770116975248726,2.427498342793424,14
6f12eb06-0bcd-4d7c-afd9-b9a88a8f6103,0.050770116975248726,2.427498342793424,14
6f12eb06-0bcd-4d7c-afd9-b9a88a8f6103,0.050770116975248726,2.427498342793424,14
f1a6dbfa-5ee9-4cf8-b6a3-7099b861f13b,0.08125644213757159,0.9543282624756114,18
f1a6dbfa-5ee9-4cf8-b6a3-7099b861f13b,0.08125644213757159,0.9543282624756114,18
f1a6dbfa-5ee9-4cf8-b6a3-7099b861f13b,0.08125644213757159,0.9543282624756114,18
f1a6dbfa-5ee9-4cf8-b6a3-7099b861f13b,0.08125644213757159,0.9543282624756114,18
f1a6dbfa-5ee9-4cf8-b6a3-7099b861f13b,0.08125644213757159,0.9543282624756114,18
f1a6dbfa-5ee9-4cf8-b6a3-7099b861f13b,0.08125644213757159,0.9543282624756114,18
f1a6dbfa-5ee9-4cf8-b6a3-7099b861f13b,0.08125644213757159,0.9543282624756114,18
f1a6dbfa-5ee9-4cf8-b6a3-7099b861f13b,0.08125644213757159,0.9543282624756114,18
f1a6dbfa-5ee9-4cf8-b6a3-7099b861f13b,0.08125644213757159,0.9543282624756114,18
f1a6dbfa-5ee9-4cf8-b6a3-7099b861f13b,0.08125644213757159,0.9543282624756114,18
f1a6dbfa-5ee9-4cf8-b6a3-7099b861f13b,0.08125644213757159,0.9543282624756114,18
f1a6dbfa-5ee9-4cf8-b6a3-7099b861f13b,0.08125644213757159,0.9543282624756114,18
f1a6dbfa-5ee9-4cf8-b6a3-7099b861f13b,0.08125644213757159,0.9543282624756114,18
f1a6dbfa-5ee9-4cf8-b6a3-7099b861f13b,0.08125644213757159,0.9543282624756114,18
f1a6dbfa-5ee9-4cf8-b6a3-7099b861f13b,0.08125644213757159,0.9543282624756114,18
f1a6dbfa-5ee9-4cf8-b6a3-7099b861f13b,0.08125644213757159,0.9543282624756114,18
f1a6dbfa-5ee9-4cf8-b6a3-7099b861f13b,0.08125644213757159,0.9543282624756114,18
f1a6dbfa-5ee9-4cf8-b6a3-7099b861f13b,0.08125644213757159,0.9543282624756114,18
f1a6dbfa-5ee9-4cf8-b6a3-7099b861f13b,0.08125644213757159,0.9543282624756114,18
f1a6dbfa-5ee9-4cf8-b6a3-7099b861f13b,0.08125644213757159,0.9543282624756114,18
f1a6dbfa-5ee9-4cf8-b6a3-7099b861f13b,0.08125644213757159,0.9543282624756114,18
f1a6dbfa-5ee9-4cf8-b6a3-7099b861f13b,0.08125644213757159,0.9543282624756114,18
f1a6dbfa-5ee9-4cf8-b6a3-7099b861f13b,0.08125644213757159,0.9543282624756114,18
f1a6dbfa-5ee9-4cf8-b6a3-7099b861f13b,0.08125644213757159,0.9543282624756114,18
f1a6dbfa-5ee9-4cf8-b6a3-7099b861f13b,0.08125644213757159,0.9543282624756114,18
f1a6dbfa-5ee9-4cf8-b6a3-7099b861f13b,0.08125644213757159,0.9543282624756114,18
f1a6dbfa-5ee9-4cf8-b6a3-7099b861f13b,0.08125644213757159,0.9543282624756114,18
f1a6dbfa-5ee9-4cf8-b6a3-7099b861f13b,0.08125644213757159,0.9543282624756114,18
f1a6dbfa-5ee9-4cf8-b6a3-7099b861f13b,0.08125644213757159,0.9543282624756114,18
f1a6dbfa-5ee9-4cf8-b6a3-7099b861f13b,0.08125644213757159,0.9543282624756114,18
1d256829-5384-45f3-824e-e27c74a9c1b9,0.024650597415665113,1.594637359852105,13
1d256829-5384-45f3-824e-e27c74a9c1b9,0.024650597415665113,1.594637359852105,13
1d256829-5384-45f3-824e-e27c74a9c1b9,0.024650597415665113,1.594637359852105,13
1d256829-5384-45f3-824e-e27c74a9c1b9,0.024650597415665113,1.594637359852105,13
1d256829-5384-45f3-824e-e27c74a9c1b9,0.024650597415665113,1.594637359852105,13
1d256829-5384-45f3-824e-e27c74a9c1b9,0.024650597415665113,1.594637359852105,13
1d256829-5384-45f3-824e-e27c74a9c1b9,0.024650597415665113,1.594637359852105,13
1d256829-5384-45f3-824e-e27c74a9c1b9,0.024650597415665113,1.594637359852105,13
1d256829-5384-45f3-824e-e27c74a9c1b9,0.024650597415665113,1.594637359852105,13
1d256829-5384-45f3-824e-e27c74a9c1b9,0.024650597415665113,1.594637359852105,13
1d256829-5384-45f3-824e-e27c74a9c1b9,0.024650597415665113,1.594637359852105,13
1d256829-5384-45f3-824e-e27c74a9c1b9,0.024650597415665113,1.594637359852105,13
1d256829-5384-45f3-824e-e27c74a9c1b9,0.024650597415665113,1.594637359852105,13
1d256829-5384-45f3-824e-e27c74a9c1b9,0.024650597415665113,1.594637359852105,13
1d256829-5384-45f3-824e-e27c74a9c1b9,0.024650597415665113,1.594637359852105,13
1d256829-5384-45f3-824e-e27c74a9c1b9,0.024650597415665113,1.594637359852105,13
1d256829-5384-45f3-824e-e27c74a9c1b9,0.024650597415665113,1.594637359852105,13
f4b10eb3-5a1b-4445-859f-1453f397d479,0.04488198754124718,1.0535709194167098,15
f4b10eb3-5a1b-4445-859f-1453f397d479,0.04488198754124718,1.0535709194167098,15
f4b10eb3-5a1b-4445-859f-1453f397d479,0.04488198754124718,1.0535709194167098,15
f4b10eb3-5a1b-4445-859f-1453f397d479,0.04488198754124718,1.0535709194167098,15
f4b10eb3-5a1b-4445-859f-1453f397d479,0.04488198754124718,1.0535709194167098,15
f4b10eb3-5a1b-4445-859f-1453f397d479,0.04488198754124718,1.0535709194167098,15
f4b10eb3-5a1b-4445-859f-1453f397d479,0.04488198754124718,1.0535709194167098,15
f4b10eb3-5a1b-4445-859f-1453f397d479,0.04488198754124718,1.0535709194167098,15
f4b10eb3-5a1b-4445-859f-1453f397d479,0.04488198754124718,1.0535709194167098,15
f4b10eb3-5a1b-4445-859f-1453f397d479,0.04488198754124718,1.0535709194167098,15
f4b10eb3-5a1b-4445-859f-1453f397d479,0.04488198754124718,1.0535709194167098,15
f4b10eb3-5a1b-4445-859f-1453f397d479,0.04488198754124718,1.0535709194167098,15
f4b10eb3-5a1b-4445-859f-1453f397d479,0.04488198754124718,1.0535709194167098,15
f4b10eb3-5a1b-4445-859f-1453f397d479,0.04488198754124718,1.0535709194167098,15
f4b10eb3-5a1b-4445-859f-1453f397d479,0.04488198754124718,1.0535709194167098,15
f4b10eb3-5a1b-4445-859f-1453f397d479,0.04488198754124718,1.0535709194167098,15
f4b10eb3-5a1b-4445-859f-1453f397d479,0.04488198754124718,1.0535709194167098,15
f4b10eb3-5a1b-4445-859f-1453f397d479,0.04488198754124718,1.0535709194167098,15
f4b10eb3-5a1b-4445-859f-1453f397d479,0.04488198754124718,1.0535709194167098,15
f4b10eb3-5a1b-4445-859f-1453f397d479,0.04488198754124718,1.0535709194167098,15
dc172189-0260-422e-a5bd-1d451ca9a07a,0.6913552277445334,2.022243283299292,16
dc172189-0260-422e-a5bd-1d451ca9a07a,0.6913552277445334,2.022243283299292,16
dc172189-0260-422e-a5bd-1d451ca9a07a,0.6913552277445334,2.022243283299292,16
dc172189-0260-422e-a5bd-1d451ca9a07a,0.6913552277445334,2.022243283299292,16
dc172189-0260-422e-a5bd-1d451ca9a07a,0.6913552277445334,2.022243283299292,16
dc172189-0260-422e-a5bd-1d451ca9a07a,0.6913552277445334,2.022243283299292,16
dc172189-0260-422e-a5bd-1d451ca9a07a,0.6913552277445334,2.022243283299292,16
dc172189-0260-422e-a5bd-1d451ca9a07a,0.6913552277445334,2.022243283299292,16
dc172189-0260-422e-a5bd-1d451ca9a07a,0.6913552277445334,2.022243283299292,16
dc172189-0260-422e-a5bd-1d451ca9a07a,0.6913552277445334,2.022243283299292,16
dc172189-0260-422e-a5bd-1d451ca9a07a,0.6913552277445334,2.022243283299292,16
dc172189-0260-422e-a5bd-1d451ca9a07a,0.6913552277445334,2.022243283299292,16
dc172189-0260-422e-a5bd-1d451ca9a07a,0.6913552277445334,2.022243283299292,16
dc172189-0260-422e-a5bd-1d451ca9a07a,0.6913552277445334,2.022243283299292,16
dc172189-0260-422e-a5bd-1d451ca9a07a,0.6913552277445334,2.022243283299292,16
dc172189-0260-422e-a5bd-1d451ca9a07a,0.6913552277445334,2.022243283299292,16
dc172189-0260-422e-a5bd-1d451ca9a07a,0.6913552277445334,2.022243283299292,16
dc172189-0260-422e-a5bd-1d451ca9a07a,0.6913552277445334,2.022243283299292,16
dc172189-0260-422e-a5bd-1d451ca9a07a,0.6913552277445334,2.022243283299292,16
dc172189-0260-422e-a5bd-1d451ca9a07a,0.6913552277445334,2.022243283299292,16
b3d0d16c-84c5-4f78-85a5-549354a8d772,0.0482027311759832,1.044550407352461,18
b3d0d16c-84c5-4f78-85a5-549354a8d772,0.0482027311759832,1.044550407352461,18
b3d0d16c-84c5-4f78-85a5-549354a8d772,0.0482027311759832,1.044550407352461,18
b3d0d16c-84c5-4f78-85a5-549354a8d772,0.0482027311759832,1.044550407352461,18
b3d0d16c-84c5-4f78-85a5-549354a8d772,0.0482027311759832,1.044550407352461,18
b3d0d16c-84c5-4f78-85a5-549354a8d772,0.0482027311759832,1.044550407352461,18
b3d0d16c-84c5-4f78-85a5-549354a8d772,0.0482027311759832,1.044550407352461,18
b3d0d16c-84c5-4f78-85a5-549354a8d772,0.0482027311759832,1.044550407352461,18
b3d0d16c-84c5-4f78-85a5-549354a8d772,0.0482027311759832,1.044550407352461,18
b3d0d16c-84c5-4f78-85a5-549354a8d772,0.0482027311759832,1.044550407352461,18
b3d0d16c-84c5-4f78-85a5-549354a8d772,0.0482027311759832,1.044550407352461,18
b3d0d16c-84c5-4f78-85a5-549354a8d772,0.0482027311759832,1.044550407352461,18
b3d0d16c-84c5-4f78-85a5-549354a8d772,0.0482027311759832,1.044550407352461,18
b3d0d16c-84c5-4f78-85a5-549354a8d772,0.0482027311759832,1.044550407352461,18
b3d0d16c-84c5-4f78-85a5-549354a8d772,0.0482027311759832,1.044550407352461,18
b3d0d16c-84c5-4f78-85a5-549354a8d772,0.0482027311759832,1.044550407352461,18
b3d0d16c-84c5-4f78-85a5-549354a8d772,0.0482027311759832,1.044550407352461,18
b3d0d16c-84c5-4f78-85a5-549354a8d772,0.0482027311759832,1.044550407352461,18
b3d0d16c-84c5-4f78-85a5-549354a8d772,0.0482027311759832,1.044550407352461,18
b3d0d16c-84c5-4f78-85a5-549354a8d772,0.0482027311759832,1.044550407352461,18
b3d0d16c-84c5-4f78-85a5-549354a8d772,0.0482027311759832,1.044550407352461,18
b3d0d16c-84c5-4f78-85a5-549354a8d772,0.0482027311759832,1.044550407352461,18
b3d0d16c-84c5-4f78-85a5-549354a8d772,0.0482027311759832,1.044550407352461,18
ded96d59-0272-4f78-9ef2-ba20b55b6714,0.07202259689855603,5.895717915297435,14
ded96d59-0272-4f78-9ef2-ba20b55b6714,0.07202259689855603,5.895717915297435,14
ded96d59-0272-4f78-9ef2-ba20b55b6714,0.07202259689855603,5.895717915297435,14
ded96d59-0272-4f78-9ef2-ba20b55b6714,0.07202259689855603,5.895717915297435,14
ded96d59-0272-4f78-9ef2-ba20b55b6714,0.07202259689855603,5.895717915297435,14
ded96d59-0272-4f78-9ef2-ba20b55b6714,0.07202259689855603,5.895717915297435,14
ded96d59-0272-4f78-9ef2-ba20b55b6714,0.07202259689855603,5.895717915297435,14
ded96d59-0272-4f78-9ef2-ba20b55b6714,0.07202259689855603,5.895717915297435,14
ded96d59-0272-4f78-9ef2-ba20b55b6714,0.07202259689855603,5.895717915297435,14
ded96d59-0272-4f78-9ef2-ba20b55b6714,0.07202259689855603,5.895717915297435,14
ded96d59-0272-4f78-9ef2-ba20b55b6714,0.07202259689855603,5.895717915297435,14
ded96d59-0272-4f78-9ef2-ba20b55b6714,0.07202259689855603,5.895717915297435,14
ded96d59-0272-4f78-9ef2-ba20b55b6714,0.07202259689855603,5.895717915297435,14
ded96d59-0272-4f78-9ef2-ba20b55b6714,0.07202259689855603,5.895717915297435,14
ded96d59-0272-4f78-9ef2-ba20b55b6714,0.07202259689855603,5.895717915297435,14
ded96d59-0272-4f78-9ef2-ba20b55b6714,0.07202259689855603,5.895717915297435,14
ded96d59-0272-4f78-9ef2-ba20b55b6714,0.07202259689855603,5.895717915297435,14
ded96d59-0272-4f78-9ef2-ba20b55b6714,0.07202259689855603,5.895717915297435,14
ded96d59-0272-4f78-9ef2-ba20b55b6714,0.07202259689855603,5.895717915297435,14
ded96d59-0272-4f78-9ef2-ba20b55b6714,0.07202259689855603,5.895717915297435,14
4028ab7e-20b2-4726-a6e4-4881b935aa41,0.04227520520100078,0.8821395592620592,12
4028ab7e-20b2-4726-a6e4-4881b935aa41,0.04227520520100078,0.8821395592620592,12
4028ab7e-20b2-4726-a6e4-4881b935aa41,0.04227520520100078,0.8821395592620592,12
4028ab7e-20b2-4726-a6e4-4881b935aa41,0.04227520520100078,0.8821395592620592,12
4028ab7e-20b2-4726-a6e4-4881b935aa41,0.04227520520100078,0.8821395592620592,12
4028ab7e-20b2-4726-a6e4-4881b935aa41,0.04227520520100078,0.8821395592620592,12
4028ab7e-20b2-4726-a6e4-4881b935aa41,0.04227520520100078,0.8821395592620592,12
4028ab7e-20b2-4726-a6e4-4881b935aa41,0.04227520520100078,0.8821395592620592,12
4028ab7e-20b2-4726-a6e4-4881b935aa41,0.04227520520100078,0.8821395592620592,12
4028ab7e-20b2-4726-a6e4-4881b935aa41,0.04227520520100078,0.8821395592620592,12
4028ab7e-20b2-4726-a6e4-4881b935aa41,0.04227520520100078,0.8821395592620592,12
4028ab7e-20b2-4726-a6e4-4881b935aa41,0.04227520520100078,0.8821395592620592,12
4028ab7e-20b2-4726-a6e4-4881b935aa41,0.04227520520100078,0.8821395592620592,12
4028ab7e-20b2-4726-a6e4-4881b935aa41,0.04227520520100078,0.8821395592620592,12
4028ab7e-20b2-4726-a6e4-4881b935aa41,0.04227520520100078,0.8821395592620592,12
4028ab7e-20b2-4726-a6e4-4881b935aa41,0.04227520520100078,0.8821395592620592,12
4028ab7e-20b2-4726-a6e4-4881b935aa41,0.04227520520100078,0.8821395592620592,12
4028ab7e-20b2-4726-a6e4-4881b935aa41,0.04227520520100078,0.8821395592620592,12
4028ab7e-20b2-4726-a6e4-4881b935aa41,0.04227520520100078,0.8821395592620592,12
bd7d777d-3f15-4817-8a12-a204f83712bb,0.02824709525606251,1.3791451821066034,18
bd7d777d-3f15-4817-8a12-a204f83712bb,0.02824709525606251,1.3791451821066034,18
bd7d777d-3f15-4817-8a12-a204f83712bb,0.02824709525606251,1.3791451821066034,18
bd7d777d-3f15-4817-8a12-a204f83712bb,0.02824709525606251,1.3791451821066034,18
bd7d777d-3f15-4817-8a12-a204f83712bb,0.02824709525606251,1.3791451821066034,18
bd7d777d-3f15-4817-8a12-a204f83712bb,0.02824709525606251,1.3791451821066034,18
bd7d777d-3f15-4817-8a12-a204f83712bb,0.02824709525606251,1.3791451821066034,18
bd7d777d-3f15-4817-8a12-a204f83712bb,0.02824709525606251,1.3791451821066034,18
bd7d777d-3f15-4817-8a12-a204f83712bb,0.02824709525606251,1.3791451821066034,18
bd7d777d-3f15-4817-8a12-a204f83712bb,0.02824709525606251,1.3791451821066034,18
bd7d777d-3f15-4817-8a12-a204f83712bb,0.02824709525606251,1.3791451821066034,18
bd7d777d-3f15-4817-8a12-a204f83712bb,0.02824709525606251,1.3791451821066034,18
bd7d777d-3f15-4817-8a12-a204f83712bb,0.02824709525606251,1.3791451821066034,18
bd7d777d-3f15-4817-8a12-a204f83712bb,0.02824709525606251,1.3791451821066034,18
bd7d777d-3f15-4817-8a12-a204f83712bb,0.02824709525606251,1.3791451821066034,18
bd7d777d-3f15-4817-8a12-a204f83712bb,0.02824709525606251,1.3791451821066034,18
bd7d777d-3f15-4817-8a12-a204f83712bb,0.02824709525606251,1.3791451821066034,18
bd7d777d-3f15-4817-8a12-a204f83712bb,0.02824709525606251,1.3791451821066034,18
bd7d777d-3f15-4817-8a12-a204f83712bb,0.02824709525606251,1.3791451821066034,18
bd7d777d-3f15-4817-8a12-a204f83712bb,0.02824709525606251,1.3791451821066034,18
bd7d777d-3f15-4817-8a12-a204f83712bb,0.02824709525606251,1.3791451821066034,18
bd7d777d-3f15-4817-8a12-a204f83712bb,0.02824709525606251,1.3791451821066034,18
bd7d777d-3f15-4817-8a12-a204f83712bb,0.02824709525606251,1.3791451821066034,18
bd7d777d-3f15-4817-8a12-a204f83712bb,0.02824709525606251,1.3791451821066034,18
bd7d777d-3f15-4817-8a12-a204f83712bb,0.02824709525606251,1.3791451821066034,18
bd7d777d-3f15-4817-8a12-a204f83712bb,0.02824709525606251,1.3791451821066034,18
bd7d777d-3f15-4817-8a12-a204f83712bb,0.02824709525606251,1.3791451821066034,18
bd7d777d-3f15-4817-8a12-a204f83712bb,0.02824709525606251,1.3791451821066034,18
bd7d777d-3f15-4817-8a12-a204f83712bb,0.02824709525606251,1.3791451821066034,18
bd7d777d-3f15-4817-8a12-a204f83712bb,0.02824709525606251,1.3791451821066034,18
6047bb3a-b51c-4fcd-97d2-fcc9dc88e5ee,0.030243072707106567,0.5270758878809462,13
6047bb3a-b51c-4fcd-97d2-fcc9dc88e5ee,0.030243072707106567,0.5270758878809462,13
6047bb3a-b51c-4fcd-97d2-fcc9dc88e5ee,0.030243072707106567,0.5270758878809462,13
6047bb3a-b51c-4fcd-97d2-fcc9dc88e5ee,0.030243072707106567,0.5270758878809462,13
6047bb3a-b51c-4fcd-97d2-fcc9dc88e5ee,0.030243072707106567,0.5270758878809462,13
6047bb3a-b51c-4fcd-97d2-fcc9dc88e5ee,0.030243072707106567,0.5270758878809462,13
6047bb3a-b51c-4fcd-97d2-fcc9dc88e5ee,0.030243072707106567,0.5270758878809462,13
6047bb3a-b51c-4fcd-97d2-fcc9dc88e5ee,0.030243072707106567,0.5270758878809462,13
6047bb3a-b51c-4fcd-97d2-fcc9dc88e5ee,0.030243072707106567,0.5270758878809462,13
6047bb3a-b51c-4fcd-97d2-fcc9dc88e5ee,0.030243072707106567,0.5270758878809462,13
6047bb3a-b51c-4fcd-97d2-fcc9dc88e5ee,0.030243072707106567,0.5270758878809462,13
6047bb3a-b51c-4fcd-97d2-fcc9dc88e5ee,0.030243072707106567,0.5270758878809462,13
6047bb3a-b51c-4fcd-97d2-fcc9dc88e5ee,0.030243072707106567,0.5270758878809462,13
6047bb3a-b51c-4fcd-97d2-fcc9dc88e5ee,0.030243072707106567,0.5270758878809462,13
6047bb3a-b51c-4fcd-97d2-fcc9dc88e5ee,0.030243072707106567,0.5270758878809462,13
6047bb3a-b51c-4fcd-97d2-fcc9dc88e5ee,0.030243072707106567,0.5270758878809462,13
6047bb3a-b51c-4fcd-97d2-fcc9dc88e5ee,0.030243072707106567,0.5270758878809462,13
6047bb3a-b51c-4fcd-97d2-fcc9dc88e5ee,0.030243072707106567,0.5270758878809462,13
6047bb3a-b51c-4fcd-97d2-fcc9dc88e5ee,0.030243072707106567,0.5270758878809462,13
6047bb3a-b51c-4fcd-97d2-fcc9dc88e5ee,0.030243072707106567,0.5270758878809462,13
6047bb3a-b51c-4fcd-97d2-fcc9dc88e5ee,0.030243072707106567,0.5270758878809462,13
6047bb3a-b51c-4fcd-97d2-fcc9dc88e5ee,0.030243072707106567,0.5270758878809462,13
6047bb3a-b51c-4fcd-97d2-fcc9dc88e5ee,0.030243072707106567,0.5270758878809462,13
6047bb3a-b51c-4fcd-97d2-fcc9dc88e5ee,0.030243072707106567,0.5270758878809462,13
51fa2db9-6832-4059-8908-0bd221f51ada,0.022922754482649976,0.6626845680479237,12
51fa2db9-6832-4059-8908-0bd221f51ada,0.022922754482649976,0.6626845680479237,12
51fa2db9-6832-4059-8908-0bd221f51ada,0.022922754482649976,0.6626845680479237,12
51fa2db9-6832-4059-8908-0bd221f51ada,0.022922754482649976,0.6626845680479237,12
51fa2db9-6832-4059-8908-0bd221f51ada,0.022922754482649976,0.6626845680479237,12
51fa2db9-6832-4059-8908-0bd221f51ada,0.022922754482649976,0.6626845680479237,12
51fa2db9-6832-4059-8908-0bd221f51ada,0.022922754482649976,0.6626845680479237,12
51fa2db9-6832-4059-8908-0bd221f51ada,0.022922754482649976,0.6626845680479237,12
51fa2db9-6832-4059-8908-0bd221f51ada,0.022922754482649976,0.6626845680479237,12
51fa2db9-6832-4059-8908-0bd221f51ada,0.022922754482649976,0.6626845680479237,12
51fa2db9-6832-4059-8908-0bd221f51ada,0.022922754482649976,0.6626845680479237,12
51fa2db9-6832-4059-8908-0bd221f51ada,0.022922754482649976,0.6626845680479237,12
51fa2db9-6832-4059-8908-0bd221f51ada,0.022922754482649976,0.6626845680479237,12
51fa2db9-6832-4059-8908-0bd221f51ada,0.022922754482649976,0.6626845680479237,12
51fa2db9-6832-4059-8908-0bd221f51ada,0.022922754482649976,0.6626845680479237,12
0a8affff-8e08-4013-88f4-db5030c8fad7,0.02552965744273458,2.8398294749735316,22
0a8affff-8e08-4013-88f4-db5030c8fad7,0.02552965744273458,2.8398294749735316,22
0a8affff-8e08-4013-88f4-db5030c8fad7,0.02552965744273458,2.8398294749735316,22
0a8affff-8e08-4013-88f4-db5030c8fad7,0.02552965744273458,2.8398294749735316,22
0a8affff-8e08-4013-88f4-db5030c8fad7,0.02552965744273458,2.8398294749735316,22
0a8affff-8e08-4013-88f4-db5030c8fad7,0.02552965744273458,2.8398294749735316,22
0a8affff-8e08-4013-88f4-db5030c8fad7,0.02552965744273458,2.8398294749735316,22
0a8affff-8e08-4013-88f4-db5030c8fad7,0.02552965744273458,2.8398294749735316,22
0a8affff-8e08-4013-88f4-db5030c8fad7,0.02552965744273458,2.8398294749735316,22
0a8affff-8e08-4013-88f4-db5030c8fad7,0.02552965744273458,2.8398294749735316,22
0a8affff-8e08-4013-88f4-db5030c8fad7,0.02552965744273458,2.8398294749735316,22
0a8affff-8e08-4013-88f4-db5030c8fad7,0.02552965744273458,2.8398294749735316,22
0a8affff-8e08-4013-88f4-db5030c8fad7,0.02552965744273458,2.8398294749735316,22
0a8affff-8e08-4013-88f4-db5030c8fad7,0.02552965744273458,2.8398294749735316,22
0a8affff-8e08-4013-88f4-db5030c8fad7,0.02552965744273458,2.8398294749735316,22
0a8affff-8e08-4013-88f4-db5030c8fad7,0.02552965744273458,2.8398294749735316,22
0a8affff-8e08-4013-88f4-db5030c8fad7,0.02552965744273458,2.8398294749735316,22
0a8affff-8e08-4013-88f4-db5030c8fad7,0.02552965744273458,2.8398294749735316,22
0a8affff-8e08-4013-88f4-db5030c8fad7,0.02552965744273458,2.8398294749735316,22
0a8affff-8e08-4013-88f4-db5030c8fad7,0.02552965744273458,2.8398294749735316,22
0a8affff-8e08-4013-88f4-db5030c8fad7,0.02552965744273458,2.8398294749735316,22
0a8affff-8e08-4013-88f4-db5030c8fad7,0.02552965744273458,2.8398294749735316,22
0a8affff-8e08-4013-88f4-db5030c8fad7,0.02552965744273458,2.8398294749735316,22
0a8affff-8e08-4013-88f4-db5030c8fad7,0.02552965744273458,2.8398294749735316,22
0a8affff-8e08-4013-88f4-db5030c8fad7,0.02552965744273458,2.8398294749735316,22
0a8affff-8e08-4013-88f4-db5030c8fad7,0.02552965744273458,2.8398294749735316,22
53ad2964-81c4-48c8-8f98-600b803e46d6,0.04148100672829545,0.821073546237538,20
53ad2964-81c4-48c8-8f98-600b803e46d6,0.04148100672829545,0.821073546237538,20
53ad2964-81c4-48c8-8f98-600b803e46d6,0.04148100672829545,0.821073546237538,20
53ad2964-81c4-48c8-8f98-600b803e46d6,0.04148100672829545,0.821073546237538,20
53ad2964-81c4-48c8-8f98-600b803e46d6,0.04148100672829545,0.821073546237538,20
53ad2964-81c4-48c8-8f98-600b803e46d6,0.04148100672829545,0.821073546237538,20
53ad2964-81c4-48c8-8f98-600b803e46d6,0.04148100672829545,0.821073546237538,20
53ad2964-81c4-48c8-8f98-600b803e46d6,0.04148100672829545,0.821073546237538,20
53ad2964-81c4-48c8-8f98-600b803e46d6,0.04148100672829545,0.821073546237538,20
53ad2964-81c4-48c8-8f98-600b803e46d6,0.04148100672829545,0.821073546237538,20
53ad2964-81c4-48c8-8f98-600b803e46d6,0.04148100672829545,0.821073546237538,20
53ad2964-81c4-48c8-8f98-600b803e46d6,0.04148100672829545,0.821073546237538,20
53ad2964-81c4-48c8-8f98-600b803e46d6,0.04148100672829545,0.821073546237538,20
53ad2964-81c4-48c8-8f98-600b803e46d6,0.04148100672829545,0.821073546237538,20
53ad2964-81c4-48c8-8f98-600b803e46d6,0.04148100672829545,0.821073546237538,20
53ad2964-81c4-48c8-8f98-600b803e46d6,0.04148100672829545,0.821073546237538,20
53ad2964-81c4-48c8-8f98-600b803e46d6,0.04148100672829545,0.821073546237538,20
53ad2964-81c4-48c8-8f98-600b803e46d6,0.04148100672829545,0.821073546237538,20
53ad2964-81c4-48c8-8f98-600b803e46d6,0.04148100672829545,0.821073546237538,20
53ad2964-81c4-48c8-8f98-600b803e46d6,0.04148100672829545,0.821073546237538,20
53ad2964-81c4-48c8-8f98-600b803e46d6,0.04148100672829545,0.821073546237538,20
53ad2964-81c4-48c8-8f98-600b803e46d6,0.04148100672829545,0.821073546237538,20
53ad2964-81c4-48c8-8f98-600b803e46d6,0.04148100672829545,0.821073546237538,20
53ad2964-81c4-48c8-8f98-600b803e46d6,0.04148100672829545,0.821073546237538,20
53ad2964-81c4-48c8-8f98-600b803e46d6,0.04148100672829545,0.821073546237538,20
53ad2964-81c4-48c8-8f98-600b803e46d6,0.04148100672829545,0.821073546237538,20
53ad2964-81c4-48c8-8f98-600b803e46d6,0.04148100672829545,0.821073546237538,20
53ad2964-81c4-48c8-8f98-600b803e46d6,0.04148100672829545,0.821073546237538,20
53ad2964-81c4-48c8-8f98-600b803e46d6,0.04148100672829545,0.821073546237538,20
bc173f0e-72de-47ed-afe1-e2f43a7cb6bb,0.019083793533803184,1.3484063461919173,21
bc173f0e-72de-47ed-afe1-e2f43a7cb6bb,0.019083793533803184,1.3484063461919173,21
bc173f0e-72de-47ed-afe1-e2f43a7cb6bb,0.019083793533803184,1.3484063461919173,21
bc173f0e-72de-47ed-afe1-e2f43a7cb6bb,0.019083793533803184,1.3484063461919173,21
bc173f0e-72de-47ed-afe1-e2f43a7cb6bb,0.019083793533803184,1.3484063461919173,21
bc173f0e-72de-47ed-afe1-e2f43a7cb6bb,0.019083793533803184,1.3484063461919173,21
bc173f0e-72de-47ed-afe1-e2f43a7cb6bb,0.019083793533803184,1.3484063461919173,21
bc173f0e-72de-47ed-afe1-e2f43a7cb6bb,0.019083793533803184,1.3484063461919173,21
bc173f0e-72de-47ed-afe1-e2f43a7cb6bb,0.019083793533803184,1.3484063461919173,21
bc173f0e-72de-47ed-afe1-e2f43a7cb6bb,0.019083793533803184,1.3484063461919173,21
bc173f0e-72de-47ed-afe1-e2f43a7cb6bb,0.019083793533803184,1.3484063461919173,21
bc173f0e-72de-47ed-afe1-e2f43a7cb6bb,0.019083793533803184,1.3484063461919173,21
bc173f0e-72de-47ed-afe1-e2f43a7cb6bb,0.019083793533803184,1.3484063461919173,21
bc173f0e-72de-47ed-afe1-e2f43a7cb6bb,0.019083793533803184,1.3484063461919173,21
bc173f0e-72de-47ed-afe1-e2f43a7cb6bb,0.019083793533803184,1.3484063461919173,21
bc173f0e-72de-47ed-afe1-e2f43a7cb6bb,0.019083793533803184,1.3484063461919173,21
bc173f0e-72de-47ed-afe1-e2f43a7cb6bb,0.019083793533803184,1.3484063461919173,21
bc173f0e-72de-47ed-afe1-e2f43a7cb6bb,0.019083793533803184,1.3484063461919173,21
bc173f0e-72de-47ed-afe1-e2f43a7cb6bb,0.019083793533803184,1.3484063461919173,21
bc173f0e-72de-47ed-afe1-e2f43a7cb6bb,0.019083793533803184,1.3484063461919173,21
bc173f0e-72de-47ed-afe1-e2f43a7cb6bb,0.019083793533803184,1.3484063461919173,21
bc173f0e-72de-47ed-afe1-e2f43a7cb6bb,0.019083793533803184,1.3484063461919173,21
bc173f0e-72de-47ed-afe1-e2f43a7cb6bb,0.019083793533803184,1.3484063461919173,21
bc173f0e-72de-47ed-afe1-e2f43a7cb6bb,0.019083793533803184,1.3484063461919173,21
bc173f0e-72de-47ed-afe1-e2f43a7cb6bb,0.019083793533803184,1.3484063461919173,21
bc173f0e-72de-47ed-afe1-e2f43a7cb6bb,0.019083793533803184,1.3484063461919173,21
bc173f0e-72de-47ed-afe1-e2f43a7cb6bb,0.019083793533803184,1.3484063461919173,21
bc173f0e-72de-47ed-afe1-e2f43a7cb6bb,0.019083793533803184,1.3484063461919173,21
bc173f0e-72de-47ed-afe1-e2f43a7cb6bb,0.019083793533803184,1.3484063461919173,21
74055d8e-635d-49d6-a97c-7341712910c8,0.10115270251451909,0.9400812051455385,17
74055d8e-635d-49d6-a97c-7341712910c8,0.10115270251451909,0.9400812051455385,17
74055d8e-635d-49d6-a97c-7341712910c8,0.10115270251451909,0.9400812051455385,17
74055d8e-635d-49d6-a97c-7341712910c8,0.10115270251451909,0.9400812051455385,17
74055d8e-635d-49d6-a97c-7341712910c8,0.10115270251451909,0.9400812051455385,17
74055d8e-635d-49d6-a97c-7341712910c8,0.10115270251451909,0.9400812051455385,17
74055d8e-635d-49d6-a97c-7341712910c8,0.10115270251451909,0.9400812051455385,17
74055d8e-635d-49d6-a97c-7341712910c8,0.10115270251451909,0.9400812051455385,17
74055d8e-635d-49d6-a97c-7341712910c8,0.10115270251451909,0.9400812051455385,17
74055d8e-635d-49d6-a97c-7341712910c8,0.10115270251451909,0.9400812051455385,17
74055d8e-635d-49d6-a97c-7341712910c8,0.10115270251451909,0.9400812051455385,17
74055d8e-635d-49d6-a97c-7341712910c8,0.10115270251451909,0.9400812051455385,17
74055d8e-635d-49d6-a97c-7341712910c8,0.10115270251451909,0.9400812051455385,17
74055d8e-635d-49d6-a97c-7341712910c8,0.10115270251451909,0.9400812051455385,17
74055d8e-635d-49d6-a97c-7341712910c8,0.10115270251451909,0.9400812051455385,17
74055d8e-635d-49d6-a97c-7341712910c8,0.10115270251451909,0.9400812051455385,17
74055d8e-635d-49d6-a97c-7341712910c8,0.10115270251451909,0.9400812051455385,17
74055d8e-635d-49d6-a97c-7341712910c8,0.10115270251451909,0.9400812051455385,17
74055d8e-635d-49d6-a97c-7341712910c8,0.10115270251451909,0.9400812051455385,17
74055d8e-635d-49d6-a97c-7341712910c8,0.10115270251451909,0.9400812051455385,17
74055d8e-635d-49d6-a97c-7341712910c8,0.10115270251451909,0.9400812051455385,17
74055d8e-635d-49d6-a97c-7341712910c8,0.10115270251451909,0.9400812051455385,17
74055d8e-635d-49d6-a97c-7341712910c8,0.10115270251451909,0.9400812051455385,17
74055d8e-635d-49d6-a97c-7341712910c8,0.10115270251451909,0.9400812051455385,17
6cd6a76a-de8c-47cb-8415-1e363f2f13a6,0.03319421141200206,0.7712349095181251,19
6cd6a76a-de8c-47cb-8415-1e363f2f13a6,0.03319421141200206,0.7712349095181251,19
6cd6a76a-de8c-47cb-8415-1e363f2f13a6,0.03319421141200206,0.7712349095181251,19
6cd6a76a-de8c-47cb-8415-1e363f2f13a6,0.03319421141200206,0.7712349095181251,19
6cd6a76a-de8c-47cb-8415-1e363f2f13a6,0.03319421141200206,0.7712349095181251,19
6cd6a76a-de8c-47cb-8415-1e363f2f13a6,0.03319421141200206,0.7712349095181251,19
6cd6a76a-de8c-47cb-8415-1e363f2f13a6,0.03319421141200206,0.7712349095181251,19
6cd6a76a-de8c-47cb-8415-1e363f2f13a6,0.03319421141200206,0.7712349095181251,19
6cd6a76a-de8c-47cb-8415-1e363f2f13a6,0.03319421141200206,0.7712349095181251,19
6cd6a76a-de8c-47cb-8415-1e363f2f13a6,0.03319421141200206,0.7712349095181251,19
6cd6a76a-de8c-47cb-8415-1e363f2f13a6,0.03319421141200206,0.7712349095181251,19
6cd6a76a-de8c-47cb-8415-1e363f2f13a6,0.03319421141200206,0.7712349095181251,19
6cd6a76a-de8c-47cb-8415-1e363f2f13a6,0.03319421141200206,0.7712349095181251,19
6cd6a76a-de8c-47cb-8415-1e363f2f13a6,0.03319421141200206,0.7712349095181251,19
6cd6a76a-de8c-47cb-8415-1e363f2f13a6,0.03319421141200206,0.7712349095181251,19
6cd6a76a-de8c-47cb-8415-1e363f2f13a6,0.03319421141200206,0.7712349095181251,19
6cd6a76a-de8c-47cb-8415-1e363f2f13a6,0.03319421141200206,0.7712349095181251,19
6cd6a76a-de8c-47cb-8415-1e363f2f13a6,0.03319421141200206,0.7712349095181251,19
6cd6a76a-de8c-47cb-8415-1e363f2f13a6,0.03319421141200206,0.7712349095181251,19
6cd6a76a-de8c-47cb-8415-1e363f2f13a6,0.03319421141200206,0.7712349095181251,19
6cd6a76a-de8c-47cb-8415-1e363f2f13a6,0.03319421141200206,0.7712349095181251,19
6cd6a76a-de8c-47cb-8415-1e363f2f13a6,0.03319421141200206,0.7712349095181251,19
6cd6a76a-de8c-47cb-8415-1e363f2f13a6,0.03319421141200206,0.7712349095181251,19
6cd6a76a-de8c-47cb-8415-1e363f2f13a6,0.03319421141200206,0.7712349095181251,19
6cd6a76a-de8c-47cb-8415-1e363f2f13a6,0.03319421141200206,0.7712349095181251,19
6cd6a76a-de8c-47cb-8415-1e363f2f13a6,0.03319421141200206,0.7712349095181251,19
6cd6a76a-de8c-47cb-8415-1e363f2f13a6,0.03319421141200206,0.7712349095181251,19
6cd6a76a-de8c-47cb-8415-1e363f2f13a6,0.03319421141200206,0.7712349095181251,19
6cd6a76a-de8c-47cb-8415-1e363f2f13a6,0.03319421141200206,0.7712349095181251,19
6cd6a76a-de8c-47cb-8415-1e363f2f13a6,0.03319421141200206,0.7712349095181251,19
c7ac3d32-5e9e-41e9-9054-a5dc35ef7e96,0.0625557509170505,0.5839422519740741,18
c7ac3d32-5e9e-41e9-9054-a5dc35ef7e96,0.0625557509170505,0.5839422519740741,18
c7ac3d32-5e9e-41e9-9054-a5dc35ef7e96,0.0625557509170505,0.5839422519740741,18
c7ac3d32-5e9e-41e9-9054-a5dc35ef7e96,0.0625557509170505,0.5839422519740741,18
c7ac3d32-5e9e-41e9-9054-a5dc35ef7e96,0.0625557509170505,0.5839422519740741,18
c7ac3d32-5e9e-41e9-9054-a5dc35ef7e96,0.0625557509170505,0.5839422519740741,18
c7ac3d32-5e9e-41e9-9054-a5dc35ef7e96,0.0625557509170505,0.5839422519740741,18
c7ac3d32-5e9e-41e9-9054-a5dc35ef7e96,0.0625557509170505,0.5839422519740741,18
c7ac3d32-5e9e-41e9-9054-a5dc35ef7e96,0.0625557509170505,0.5839422519740741,18
c7ac3d32-5e9e-41e9-9054-a5dc35ef7e96,0.0625557509170505,0.5839422519740741,18
c7ac3d32-5e9e-41e9-9054-a5dc35ef7e96,0.0625557509170505,0.5839422519740741,18
c7ac3d32-5e9e-41e9-9054-a5dc35ef7e96,0.0625557509170505,0.5839422519740741,18
c7ac3d32-5e9e-41e9-9054-a5dc35ef7e96,0.0625557509170505,0.5839422519740741,18
c7ac3d32-5e9e-41e9-9054-a5dc35ef7e96,0.0625557509170505,0.5839422519740741,18
c7ac3d32-5e9e-41e9-9054-a5dc35ef7e96,0.0625557509170505,0.5839422519740741,18
c7ac3d32-5e9e-41e9-9054-a5dc35ef7e96,0.0625557509170505,0.5839422519740741,18
c7ac3d32-5e9e-41e9-9054-a5dc35ef7e96,0.0625557509170505,0.5839422519740741,18
c7ac3d32-5e9e-41e9-9054-a5dc35ef7e96,0.0625557509170505,0.5839422519740741,18
c7ac3d32-5e9e-41e9-9054-a5dc35ef7e96,0.0625557509170505,0.5839422519740741,18
c7ac3d32-5e9e-41e9-9054-a5dc35ef7e96,0.0625557509170505,0.5839422519740741,18
c7ac3d32-5e9e-41e9-9054-a5dc35ef7e96,0.0625557509170505,0.5839422519740741,18
c7ac3d32-5e9e-41e9-9054-a5dc35ef7e96,0.0625557509170505,0.5839422519740741,18
c7ac3d32-5e9e-41e9-9054-a5dc35ef7e96,0.0625557509170505,0.5839422519740741,18
c7ac3d32-5e9e-41e9-9054-a5dc35ef7e96,0.0625557509170505,0.5839422519740741,18
c7ac3d32-5e9e-41e9-9054-a5dc35ef7e96,0.0625557509170505,0.5839422519740741,18
c7ac3d32-5e9e-41e9-9054-a5dc35ef7e96,0.0625557509170505,0.5839422519740741,18
c7ac3d32-5e9e-41e9-9054-a5dc35ef7e96,0.0625557509170505,0.5839422519740741,18
c7ac3d32-5e9e-41e9-9054-a5dc35ef7e96,0.0625557509170505,0.5839422519740741,18
c7ac3d32-5e9e-41e9-9054-a5dc35ef7e96,0.0625557509170505,0.5839422519740741,18
702e6df0-619a-4eb2-82a1-37a45fe35927,0.02593623868053621,0.7155728812888653,15
702e6df0-619a-4eb2-82a1-37a45fe35927,0.02593623868053621,0.7155728812888653,15
702e6df0-619a-4eb2-82a1-37a45fe35927,0.02593623868053621,0.7155728812888653,15
702e6df0-619a-4eb2-82a1-37a45fe35927,0.02593623868053621,0.7155728812888653,15
702e6df0-619a-4eb2-82a1-37a45fe35927,0.02593623868053621,0.7155728812888653,15
702e6df0-619a-4eb2-82a1-37a45fe35927,0.02593623868053621,0.7155728812888653,15
702e6df0-619a-4eb2-82a1-37a45fe35927,0.02593623868053621,0.7155728812888653,15
702e6df0-619a-4eb2-82a1-37a45fe35927,0.02593623868053621,0.7155728812888653,15
702e6df0-619a-4eb2-82a1-37a45fe35927,0.02593623868053621,0.7155728812888653,15
702e6df0-619a-4eb2-82a1-37a45fe35927,0.02593623868053621,0.7155728812888653,15
702e6df0-619a-4eb2-82a1-37a45fe35927,0.02593623868053621,0.7155728812888653,15
702e6df0-619a-4eb2-82a1-37a45fe35927,0.02593623868053621,0.7155728812888653,15
702e6df0-619a-4eb2-82a1-37a45fe35927,0.02593623868053621,0.7155728812888653,15
702e6df0-619a-4eb2-82a1-37a45fe35927,0.02593623868053621,0.7155728812888653,15
702e6df0-619a-4eb2-82a1-37a45fe35927,0.02593623868053621,0.7155728812888653,15
702e6df0-619a-4eb2-82a1-37a45fe35927,0.02593623868053621,0.7155728812888653,15
702e6df0-619a-4eb2-82a1-37a45fe35927,0.02593623868053621,0.7155728812888653,15
702e6df0-619a-4eb2-82a1-37a45fe35927,0.02593623868053621,0.7155728812888653,15
702e6df0-619a-4eb2-82a1-37a45fe35927,0.02593623868053621,0.7155728812888653,15
702e6df0-619a-4eb2-82a1-37a45fe35927,0.02593623868053621,0.7155728812888653,15
702e6df0-619a-4eb2-82a1-37a45fe35927,0.02593623868053621,0.7155728812888653,15
702e6df0-619a-4eb2-82a1-37a45fe35927,0.02593623868053621,0.7155728812888653,15
702e6df0-619a-4eb2-82a1-37a45fe35927,0.02593623868053621,0.7155728812888653,15
702e6df0-619a-4eb2-82a1-37a45fe35927,0.02593623868053621,0.7155728812888653,15
702e6df0-619a-4eb2-82a1-37a45fe35927,0.02593623868053621,0.7155728812888653,15
702e6df0-619a-4eb2-82a1-37a45fe35927,0.02593623868053621,0.7155728812888653,15
702e6df0-619a-4eb2-82a1-37a45fe35927,0.02593623868053621,0.7155728812888653,15
702e6df0-619a-4eb2-82a1-37a45fe35927,0.02593623868053621,0.7155728812888653,15
702e6df0-619a-4eb2-82a1-37a45fe35927,0.02593623868053621,0.7155728812888653,15
f87bf228-8aa4-41f0-90bf-2334c5e707cd,0.022634367030526355,0.793592486095748,11
f87bf228-8aa4-41f0-90bf-2334c5e707cd,0.022634367030526355,0.793592486095748,11
f87bf228-8aa4-41f0-90bf-2334c5e707cd,0.022634367030526355,0.793592486095748,11
f87bf228-8aa4-41f0-90bf-2334c5e707cd,0.022634367030526355,0.793592486095748,11
f87bf228-8aa4-41f0-90bf-2334c5e707cd,0.022634367030526355,0.793592486095748,11
f87bf228-8aa4-41f0-90bf-2334c5e707cd,0.022634367030526355,0.793592486095748,11
f87bf228-8aa4-41f0-90bf-2334c5e707cd,0.022634367030526355,0.793592486095748,11
f87bf228-8aa4-41f0-90bf-2334c5e707cd,0.022634367030526355,0.793592486095748,11
f87bf228-8aa4-41f0-90bf-2334c5e707cd,0.022634367030526355,0.793592486095748,11
f87bf228-8aa4-41f0-90bf-2334c5e707cd,0.022634367030526355,0.793592486095748,11
f87bf228-8aa4-41f0-90bf-2334c5e707cd,0.022634367030526355,0.793592486095748,11
f87bf228-8aa4-41f0-90bf-2334c5e707cd,0.022634367030526355,0.793592486095748,11
f87bf228-8aa4-41f0-90bf-2334c5e707cd,0.022634367030526355,0.793592486095748,11
f87bf228-8aa4-41f0-90bf-2334c5e707cd,0.022634367030526355,0.793592486095748,11
f87bf228-8aa4-41f0-90bf-2334c5e707cd,0.022634367030526355,0.793592486095748,11
f87bf228-8aa4-41f0-90bf-2334c5e707cd,0.022634367030526355,0.793592486095748,11
1dfb37d7-f388-4d8e-9a4b-b777f4851c24,0.046903776590020214,3.1270473358791664,13
1dfb37d7-f388-4d8e-9a4b-b777f4851c24,0.046903776590020214,3.1270473358791664,13
1dfb37d7-f388-4d8e-9a4b-b777f4851c24,0.046903776590020214,3.1270473358791664,13
1dfb37d7-f388-4d8e-9a4b-b777f4851c24,0.046903776590020214,3.1270473358791664,13
1dfb37d7-f388-4d8e-9a4b-b777f4851c24,0.046903776590020214,3.1270473358791664,13
1dfb37d7-f388-4d8e-9a4b-b777f4851c24,0.046903776590020214,3.1270473358791664,13
1dfb37d7-f388-4d8e-9a4b-b777f4851c24,0.046903776590020214,3.1270473358791664,13
1dfb37d7-f388-4d8e-9a4b-b777f4851c24,0.046903776590020214,3.1270473358791664,13
1dfb37d7-f388-4d8e-9a4b-b777f4851c24,0.046903776590020214,3.1270473358791664,13
1dfb37d7-f388-4d8e-9a4b-b777f4851c24,0.046903776590020214,3.1270473358791664,13
1dfb37d7-f388-4d8e-9a4b-b777f4851c24,0.046903776590020214,3.1270473358791664,13
1dfb37d7-f388-4d8e-9a4b-b777f4851c24,0.046903776590020214,3.1270473358791664,13
1dfb37d7-f388-4d8e-9a4b-b777f4851c24,0.046903776590020214,3.1270473358791664,13
1dfb37d7-f388-4d8e-9a4b-b777f4851c24,0.046903776590020214,3.1270473358791664,13
1dfb37d7-f388-4d8e-9a4b-b777f4851c24,0.046903776590020214,3.1270473358791664,13
1dfb37d7-f388-4d8e-9a4b-b777f4851c24,0.046903776590020214,3.1270473358791664,13
1dfb37d7-f388-4d8e-9a4b-b777f4851c24,0.046903776590020214,3.1270473358791664,13
8e7efba4-5787-430a-a4af-93edbad9a407,0.0368110740670864,7.854016018628883,14
8e7efba4-5787-430a-a4af-93edbad9a407,0.0368110740670864,7.854016018628883,14
8e7efba4-5787-430a-a4af-93edbad9a407,0.0368110740670864,7.854016018628883,14
8e7efba4-5787-430a-a4af-93edbad9a407,0.0368110740670864,7.854016018628883,14
8e7efba4-5787-430a-a4af-93edbad9a407,0.0368110740670864,7.854016018628883,14
8e7efba4-5787-430a-a4af-93edbad9a407,0.0368110740670864,7.854016018628883,14
8e7efba4-5787-430a-a4af-93edbad9a407,0.0368110740670864,7.854016018628883,14
8e7efba4-5787-430a-a4af-93edbad9a407,0.0368110740670864,7.854016018628883,14
8e7efba4-5787-430a-a4af-93edbad9a407,0.0368110740670864,7.854016018628883,14
8e7efba4-5787-430a-a4af-93edbad9a407,0.0368110740670864,7.854016018628883,14
8e7efba4-5787-430a-a4af-93edbad9a407,0.0368110740670864,7.854016018628883,14
8e7efba4-5787-430a-a4af-93edbad9a407,0.0368110740670864,7.854016018628883,14
8e7efba4-5787-430a-a4af-93edbad9a407,0.0368110740670864,7.854016018628883,14
8e7efba4-5787-430a-a4af-93edbad9a407,0.0368110740670864,7.854016018628883,14
8e7efba4-5787-430a-a4af-93edbad9a407,0.0368110740670864,7.854016018628883,14
8e7efba4-5787-430a-a4af-93edbad9a407,0.0368110740670864,7.854016018628883,14
8e7efba4-5787-430a-a4af-93edbad9a407,0.0368110740670864,7.854016018628883,14
8e7efba4-5787-430a-a4af-93edbad9a407,0.0368110740670864,7.854016018628883,14
d56b93f9-d329-45e4-a79a-e4bf7922ad7c,0.07766545436385741,1.3832118029780318,16
d56b93f9-d329-45e4-a79a-e4bf7922ad7c,0.07766545436385741,1.3832118029780318,16
d56b93f9-d329-45e4-a79a-e4bf7922ad7c,0.07766545436385741,1.3832118029780318,16
d56b93f9-d329-45e4-a79a-e4bf7922ad7c,0.07766545436385741,1.3832118029780318,16
d56b93f9-d329-45e4-a79a-e4bf7922ad7c,0.07766545436385741,1.3832118029780318,16
d56b93f9-d329-45e4-a79a-e4bf7922ad7c,0.07766545436385741,1.3832118029780318,16
d56b93f9-d329-45e4-a79a-e4bf7922ad7c,0.07766545436385741,1.3832118029780318,16
d56b93f9-d329-45e4-a79a-e4bf7922ad7c,0.07766545436385741,1.3832118029780318,16
d56b93f9-d329-45e4-a79a-e4bf7922ad7c,0.07766545436385741,1.3832118029780318,16
d56b93f9-d329-45e4-a79a-e4bf7922ad7c,0.07766545436385741,1.3832118029780318,16
d56b93f9-d329-45e4-a79a-e4bf7922ad7c,0.07766545436385741,1.3832118029780318,16
d56b93f9-d329-45e4-a79a-e4bf7922ad7c,0.07766545436385741,1.3832118029780318,16
d56b93f9-d329-45e4-a79a-e4bf7922ad7c,0.07766545436385741,1.3832118029780318,16
d56b93f9-d329-45e4-a79a-e4bf7922ad7c,0.07766545436385741,1.3832118029780318,16
d56b93f9-d329-45e4-a79a-e4bf7922ad7c,0.07766545436385741,1.3832118029780318,16
d56b93f9-d329-45e4-a79a-e4bf7922ad7c,0.07766545436385741,1.3832118029780318,16
d56b93f9-d329-45e4-a79a-e4bf7922ad7c,0.07766545436385741,1.3832118029780318,16
d56b93f9-d329-45e4-a79a-e4bf7922ad7c,0.07766545436385741,1.3832118029780318,16
d56b93f9-d329-45e4-a79a-e4bf7922ad7c,0.07766545436385741,1.3832118029780318,16
d56b93f9-d329-45e4-a79a-e4bf7922ad7c,0.07766545436385741,1.3832118029780318,16
d56b93f9-d329-45e4-a79a-e4bf7922ad7c,0.07766545436385741,1.3832118029780318,16
d56b93f9-d329-45e4-a79a-e4bf7922ad7c,0.07766545436385741,1.3832118029780318,16
d56b93f9-d329-45e4-a79a-e4bf7922ad7c,0.07766545436385741,1.3832118029780318,16
d56b93f9-d329-45e4-a79a-e4bf7922ad7c,0.07766545436385741,1.3832118029780318,16
d56b93f9-d329-45e4-a79a-e4bf7922ad7c,0.07766545436385741,1.3832118029780318,16
d56b93f9-d329-45e4-a79a-e4bf7922ad7c,0.07766545436385741,1.3832118029780318,16
d56b93f9-d329-45e4-a79a-e4bf7922ad7c,0.07766545436385741,1.3832118029780318,16
d56b93f9-d329-45e4-a79a-e4bf7922ad7c,0.07766545436385741,1.3832118029780318,16
d56b93f9-d329-45e4-a79a-e4bf7922ad7c,0.07766545436385741,1.3832118029780318,16
88d8d86d-01e2-4a08-80f4-a9abea3e84f8,0.02268165356373401,0.9917869058811671,16
88d8d86d-01e2-4a08-80f4-a9abea3e84f8,0.02268165356373401,0.9917869058811671,16
88d8d86d-01e2-4a08-80f4-a9abea3e84f8,0.02268165356373401,0.9917869058811671,16
88d8d86d-01e2-4a08-80f4-a9abea3e84f8,0.02268165356373401,0.9917869058811671,16
88d8d86d-01e2-4a08-80f4-a9abea3e84f8,0.02268165356373401,0.9917869058811671,16
88d8d86d-01e2-4a08-80f4-a9abea3e84f8,0.02268165356373401,0.9917869058811671,16
88d8d86d-01e2-4a08-80f4-a9abea3e84f8,0.02268165356373401,0.9917869058811671,16
88d8d86d-01e2-4a08-80f4-a9abea3e84f8,0.02268165356373401,0.9917869058811671,16
88d8d86d-01e2-4a08-80f4-a9abea3e84f8,0.02268165356373401,0.9917869058811671,16
88d8d86d-01e2-4a08-80f4-a9abea3e84f8,0.02268165356373401,0.9917869058811671,16
88d8d86d-01e2-4a08-80f4-a9abea3e84f8,0.02268165356373401,0.9917869058811671,16
88d8d86d-01e2-4a08-80f4-a9abea3e84f8,0.02268165356373401,0.9917869058811671,16
88d8d86d-01e2-4a08-80f4-a9abea3e84f8,0.02268165356373401,0.9917869058811671,16
88d8d86d-01e2-4a08-80f4-a9abea3e84f8,0.02268165356373401,0.9917869058811671,16
88d8d86d-01e2-4a08-80f4-a9abea3e84f8,0.02268165356373401,0.9917869058811671,16
88d8d86d-01e2-4a08-80f4-a9abea3e84f8,0.02268165356373401,0.9917869058811671,16
88d8d86d-01e2-4a08-80f4-a9abea3e84f8,0.02268165356373401,0.9917869058811671,16
88d8d86d-01e2-4a08-80f4-a9abea3e84f8,0.02268165356373401,0.9917869058811671,16
88d8d86d-01e2-4a08-80f4-a9abea3e84f8,0.02268165356373401,0.9917869058811671,16
88d8d86d-01e2-4a08-80f4-a9abea3e84f8,0.02268165356373401,0.9917869058811671,16
88d8d86d-01e2-4a08-80f4-a9abea3e84f8,0.02268165356373401,0.9917869058811671,16
88d8d86d-01e2-4a08-80f4-a9abea3e84f8,0.02268165356373401,0.9917869058811671,16
1200986d-d4ab-4391-819c-b62fe15cd20f,0.10372147978732925,1.180062816712542,14
1200986d-d4ab-4391-819c-b62fe15cd20f,0.10372147978732925,1.180062816712542,14
1200986d-d4ab-4391-819c-b62fe15cd20f,0.10372147978732925,1.180062816712542,14
1200986d-d4ab-4391-819c-b62fe15cd20f,0.10372147978732925,1.180062816712542,14
1200986d-d4ab-4391-819c-b62fe15cd20f,0.10372147978732925,1.180062816712542,14
1200986d-d4ab-4391-819c-b62fe15cd20f,0.10372147978732925,1.180062816712542,14
1200986d-d4ab-4391-819c-b62fe15cd20f,0.10372147978732925,1.180062816712542,14
1200986d-d4ab-4391-819c-b62fe15cd20f,0.10372147978732925,1.180062816712542,14
1200986d-d4ab-4391-819c-b62fe15cd20f,0.10372147978732925,1.180062816712542,14
1200986d-d4ab-4391-819c-b62fe15cd20f,0.10372147978732925,1.180062816712542,14
1200986d-d4ab-4391-819c-b62fe15cd20f,0.10372147978732925,1.180062816712542,14
1200986d-d4ab-4391-819c-b62fe15cd20f,0.10372147978732925,1.180062816712542,14
1200986d-d4ab-4391-819c-b62fe15cd20f,0.10372147978732925,1.180062816712542,14
1200986d-d4ab-4391-819c-b62fe15cd20f,0.10372147978732925,1.180062816712542,14
1200986d-d4ab-4391-819c-b62fe15cd20f,0.10372147978732925,1.180062816712542,14
1200986d-d4ab-4391-819c-b62fe15cd20f,0.10372147978732925,1.180062816712542,14
1200986d-d4ab-4391-819c-b62fe15cd20f,0.10372147978732925,1.180062816712542,14
1200986d-d4ab-4391-819c-b62fe15cd20f,0.10372147978732925,1.180062816712542,14
88fab9f8-d82c-49ae-90af-135eba0035d1,0.02067775245755222,1.7787413413816626,13
88fab9f8-d82c-49ae-90af-135eba0035d1,0.02067775245755222,1.7787413413816626,13
88fab9f8-d82c-49ae-90af-135eba0035d1,0.02067775245755222,1.7787413413816626,13
88fab9f8-d82c-49ae-90af-135eba0035d1,0.02067775245755222,1.7787413413816626,13
88fab9f8-d82c-49ae-90af-135eba0035d1,0.02067775245755222,1.7787413413816626,13
88fab9f8-d82c-49ae-90af-135eba0035d1,0.02067775245755222,1.7787413413816626,13
88fab9f8-d82c-49ae-90af-135eba0035d1,0.02067775245755222,1.7787413413816626,13
88fab9f8-d82c-49ae-90af-135eba0035d1,0.02067775245755222,1.7787413413816626,13
88fab9f8-d82c-49ae-90af-135eba0035d1,0.02067775245755222,1.7787413413816626,13
88fab9f8-d82c-49ae-90af-135eba0035d1,0.02067775245755222,1.7787413413816626,13
88fab9f8-d82c-49ae-90af-135eba0035d1,0.02067775245755222,1.7787413413816626,13
88fab9f8-d82c-49ae-90af-135eba0035d1,0.02067775245755222,1.7787413413816626,13
88fab9f8-d82c-49ae-90af-135eba0035d1,0.02067775245755222,1.7787413413816626,13
88fab9f8-d82c-49ae-90af-135eba0035d1,0.02067775245755222,1.7787413413816626,13
88fab9f8-d82c-49ae-90af-135eba0035d1,0.02067775245755222,1.7787413413816626,13
88fab9f8-d82c-49ae-90af-135eba0035d1,0.02067775245755222,1.7787413413816626,13
88fab9f8-d82c-49ae-90af-135eba0035d1,0.02067775245755222,1.7787413413816626,13
88fab9f8-d82c-49ae-90af-135eba0035d1,0.02067775245755222,1.7787413413816626,13
88fab9f8-d82c-49ae-90af-135eba0035d1,0.02067775245755222,1.7787413413816626,13
2e183374-a635-46d2-91f6-4b5cfed43959,0.023253273437337033,0.6343365410366616,19
2e183374-a635-46d2-91f6-4b5cfed43959,0.023253273437337033,0.6343365410366616,19
2e183374-a635-46d2-91f6-4b5cfed43959,0.023253273437337033,0.6343365410366616,19
2e183374-a635-46d2-91f6-4b5cfed43959,0.023253273437337033,0.6343365410366616,19
2e183374-a635-46d2-91f6-4b5cfed43959,0.023253273437337033,0.6343365410366616,19
2e183374-a635-46d2-91f6-4b5cfed43959,0.023253273437337033,0.6343365410366616,19
2e183374-a635-46d2-91f6-4b5cfed43959,0.023253273437337033,0.6343365410366616,19
2e183374-a635-46d2-91f6-4b5cfed43959,0.023253273437337033,0.6343365410366616,19
2e183374-a635-46d2-91f6-4b5cfed43959,0.023253273437337033,0.6343365410366616,19
2e183374-a635-46d2-91f6-4b5cfed43959,0.023253273437337033,0.6343365410366616,19
2e183374-a635-46d2-91f6-4b5cfed43959,0.023253273437337033,0.6343365410366616,19
2e183374-a635-46d2-91f6-4b5cfed43959,0.023253273437337033,0.6343365410366616,19
2e183374-a635-46d2-91f6-4b5cfed43959,0.023253273437337033,0.6343365410366616,19
2e183374-a635-46d2-91f6-4b5cfed43959,0.023253273437337033,0.6343365410366616,19
2e183374-a635-46d2-91f6-4b5cfed43959,0.023253273437337033,0.6343365410366616,19
2e183374-a635-46d2-91f6-4b5cfed43959,0.023253273437337033,0.6343365410366616,19
2e183374-a635-46d2-91f6-4b5cfed43959,0.023253273437337033,0.6343365410366616,19
2e183374-a635-46d2-91f6-4b5cfed43959,0.023253273437337033,0.6343365410366616,19
2e183374-a635-46d2-91f6-4b5cfed43959,0.023253273437337033,0.6343365410366616,19
2e183374-a635-46d2-91f6-4b5cfed43959,0.023253273437337033,0.6343365410366616,19
2e183374-a635-46d2-91f6-4b5cfed43959,0.023253273437337033,0.6343365410366616,19
2e183374-a635-46d2-91f6-4b5cfed43959,0.023253273437337033,0.6343365410366616,19
2e183374-a635-46d2-91f6-4b5cfed43959,0.023253273437337033,0.6343365410366616,19
2e183374-a635-46d2-91f6-4b5cfed43959,0.023253273437337033,0.6343365410366616,19
2e183374-a635-46d2-91f6-4b5cfed43959,0.023253273437337033,0.6343365410366616,19
2e183374-a635-46d2-91f6-4b5cfed43959,0.023253273437337033,0.6343365410366616,19
2e183374-a635-46d2-91f6-4b5cfed43959,0.023253273437337033,0.6343365410366616,19
13de26c1-6351-47c6-a706-bd164908f702,0.028075992570499083,1.5385874617616337,16
13de26c1-6351-47c6-a706-bd164908f702,0.028075992570499083,1.5385874617616337,16
13de26c1-6351-47c6-a706-bd164908f702,0.028075992570499083,1.5385874617616337,16
13de26c1-6351-47c6-a706-bd164908f702,0.028075992570499083,1.5385874617616337,16
13de26c1-6351-47c6-a706-bd164908f702,0.028075992570499083,1.5385874617616337,16
13de26c1-6351-47c6-a706-bd164908f702,0.028075992570499083,1.5385874617616337,16
13de26c1-6351-47c6-a706-bd164908f702,0.028075992570499083,1.5385874617616337,16
13de26c1-6351-47c6-a706-bd164908f702,0.028075992570499083,1.5385874617616337,16
13de26c1-6351-47c6-a706-bd164908f702,0.028075992570499083,1.5385874617616337,16
13de26c1-6351-47c6-a706-bd164908f702,0.028075992570499083,1.5385874617616337,16
13de26c1-6351-47c6-a706-bd164908f702,0.028075992570499083,1.5385874617616337,16
13de26c1-6351-47c6-a706-bd164908f702,0.028075992570499083,1.5385874617616337,16
13de26c1-6351-47c6-a706-bd164908f702,0.028075992570499083,1.5385874617616337,16
13de26c1-6351-47c6-a706-bd164908f702,0.028075992570499083,1.5385874617616337,16
13de26c1-6351-47c6-a706-bd164908f702,0.028075992570499083,1.5385874617616337,16
13de26c1-6351-47c6-a706-bd164908f702,0.028075992570499083,1.5385874617616337,16
13de26c1-6351-47c6-a706-bd164908f702,0.028075992570499083,1.5385874617616337,16
13de26c1-6351-47c6-a706-bd164908f702,0.028075992570499083,1.5385874617616337,16
13de26c1-6351-47c6-a706-bd164908f702,0.028075992570499083,1.5385874617616337,16
13de26c1-6351-47c6-a706-bd164908f702,0.028075992570499083,1.5385874617616337,16
13de26c1-6351-47c6-a706-bd164908f702,0.028075992570499083,1.5385874617616337,16
13de26c1-6351-47c6-a706-bd164908f702,0.028075992570499083,1.5385874617616337,16
13de26c1-6351-47c6-a706-bd164908f702,0.028075992570499083,1.5385874617616337,16
13de26c1-6351-47c6-a706-bd164908f702,0.028075992570499083,1.5385874617616337,16
13de26c1-6351-47c6-a706-bd164908f702,0.028075992570499083,1.5385874617616337,16
13de26c1-6351-47c6-a706-bd164908f702,0.028075992570499083,1.5385874617616337,16
13de26c1-6351-47c6-a706-bd164908f702,0.028075992570499083,1.5385874617616337,16
13de26c1-6351-47c6-a706-bd164908f702,0.028075992570499083,1.5385874617616337,16
3ebc82b4-d7ca-4725-9acb-c702f7e2fc0f,0.060295956827477466,0.9457733698048632,14
3ebc82b4-d7ca-4725-9acb-c702f7e2fc0f,0.060295956827477466,0.9457733698048632,14
3ebc82b4-d7ca-4725-9acb-c702f7e2fc0f,0.060295956827477466,0.9457733698048632,14
3ebc82b4-d7ca-4725-9acb-c702f7e2fc0f,0.060295956827477466,0.9457733698048632,14
3ebc82b4-d7ca-4725-9acb-c702f7e2fc0f,0.060295956827477466,0.9457733698048632,14
3ebc82b4-d7ca-4725-9acb-c702f7e2fc0f,0.060295956827477466,0.9457733698048632,14
3ebc82b4-d7ca-4725-9acb-c702f7e2fc0f,0.060295956827477466,0.9457733698048632,14
3ebc82b4-d7ca-4725-9acb-c702f7e2fc0f,0.060295956827477466,0.9457733698048632,14
3ebc82b4-d7ca-4725-9acb-c702f7e2fc0f,0.060295956827477466,0.9457733698048632,14
3ebc82b4-d7ca-4725-9acb-c702f7e2fc0f,0.060295956827477466,0.9457733698048632,14
3ebc82b4-d7ca-4725-9acb-c702f7e2fc0f,0.060295956827477466,0.9457733698048632,14
3ebc82b4-d7ca-4725-9acb-c702f7e2fc0f,0.060295956827477466,0.9457733698048632,14
3ebc82b4-d7ca-4725-9acb-c702f7e2fc0f,0.060295956827477466,0.9457733698048632,14
3ebc82b4-d7ca-4725-9acb-c702f7e2fc0f,0.060295956827477466,0.9457733698048632,14
3ebc82b4-d7ca-4725-9acb-c702f7e2fc0f,0.060295956827477466,0.9457733698048632,14
3ebc82b4-d7ca-4725-9acb-c702f7e2fc0f,0.060295956827477466,0.9457733698048632,14
3ebc82b4-d7ca-4725-9acb-c702f7e2fc0f,0.060295956827477466,0.9457733698048632,14
3ebc82b4-d7ca-4725-9acb-c702f7e2fc0f,0.060295956827477466,0.9457733698048632,14
3ebc82b4-d7ca-4725-9acb-c702f7e2fc0f,0.060295956827477466,0.9457733698048632,14
3ebc82b4-d7ca-4725-9acb-c702f7e2fc0f,0.060295956827477466,0.9457733698048632,14
3ebc82b4-d7ca-4725-9acb-c702f7e2fc0f,0.060295956827477466,0.9457733698048632,14
3ebc82b4-d7ca-4725-9acb-c702f7e2fc0f,0.060295956827477466,0.9457733698048632,14
3ebc82b4-d7ca-4725-9acb-c702f7e2fc0f,0.060295956827477466,0.9457733698048632,14
3ebc82b4-d7ca-4725-9acb-c702f7e2fc0f,0.060295956827477466,0.9457733698048632,14
54eddd02-86ed-449e-84ad-5365bde9da60,0.04178671904751247,0.48647722238182833,14
54eddd02-86ed-449e-84ad-5365bde9da60,0.04178671904751247,0.48647722238182833,14
54eddd02-86ed-449e-84ad-5365bde9da60,0.04178671904751247,0.48647722238182833,14
54eddd02-86ed-449e-84ad-5365bde9da60,0.04178671904751247,0.48647722238182833,14
54eddd02-86ed-449e-84ad-5365bde9da60,0.04178671904751247,0.48647722238182833,14
54eddd02-86ed-449e-84ad-5365bde9da60,0.04178671904751247,0.48647722238182833,14
54eddd02-86ed-449e-84ad-5365bde9da60,0.04178671904751247,0.48647722238182833,14
54eddd02-86ed-449e-84ad-5365bde9da60,0.04178671904751247,0.48647722238182833,14
54eddd02-86ed-449e-84ad-5365bde9da60,0.04178671904751247,0.48647722238182833,14
54eddd02-86ed-449e-84ad-5365bde9da60,0.04178671904751247,0.48647722238182833,14
54eddd02-86ed-449e-84ad-5365bde9da60,0.04178671904751247,0.48647722238182833,14
54eddd02-86ed-449e-84ad-5365bde9da60,0.04178671904751247,0.48647722238182833,14
54eddd02-86ed-449e-84ad-5365bde9da60,0.04178671904751247,0.48647722238182833,14
54eddd02-86ed-449e-84ad-5365bde9da60,0.04178671904751247,0.48647722238182833,14
54eddd02-86ed-449e-84ad-5365bde9da60,0.04178671904751247,0.48647722238182833,14
54eddd02-86ed-449e-84ad-5365bde9da60,0.04178671904751247,0.48647722238182833,14
2768d812-69ad-449f-aca6-25c6bb1279ab,0.05039432679938687,0.5233745253721391,14
2768d812-69ad-449f-aca6-25c6bb1279ab,0.05039432679938687,0.5233745253721391,14
2768d812-69ad-449f-aca6-25c6bb1279ab,0.05039432679938687,0.5233745253721391,14
2768d812-69ad-449f-aca6-25c6bb1279ab,0.05039432679938687,0.5233745253721391,14
2768d812-69ad-449f-aca6-25c6bb1279ab,0.05039432679938687,0.5233745253721391,14
2768d812-69ad-449f-aca6-25c6bb1279ab,0.05039432679938687,0.5233745253721391,14
2768d812-69ad-449f-aca6-25c6bb1279ab,0.05039432679938687,0.5233745253721391,14
2768d812-69ad-449f-aca6-25c6bb1279ab,0.05039432679938687,0.5233745253721391,14
2768d812-69ad-449f-aca6-25c6bb1279ab,0.05039432679938687,0.5233745253721391,14
2768d812-69ad-449f-aca6-25c6bb1279ab,0.05039432679938687,0.5233745253721391,14
2768d812-69ad-449f-aca6-25c6bb1279ab,0.05039432679938687,0.5233745253721391,14
2768d812-69ad-449f-aca6-25c6bb1279ab,0.05039432679938687,0.5233745253721391,14
2768d812-69ad-449f-aca6-25c6bb1279ab,0.05039432679938687,0.5233745253721391,14
2768d812-69ad-449f-aca6-25c6bb1279ab,0.05039432679938687,0.5233745253721391,14
2768d812-69ad-449f-aca6-25c6bb1279ab,0.05039432679938687,0.5233745253721391,14
2768d812-69ad-449f-aca6-25c6bb1279ab,0.05039432679938687,0.5233745253721391,14
2768d812-69ad-449f-aca6-25c6bb1279ab,0.05039432679938687,0.5233745253721391,14
2768d812-69ad-449f-aca6-25c6bb1279ab,0.05039432679938687,0.5233745253721391,14
2768d812-69ad-449f-aca6-25c6bb1279ab,0.05039432679938687,0.5233745253721391,14
2768d812-69ad-449f-aca6-25c6bb1279ab,0.05039432679938687,0.5233745253721391,14
2768d812-69ad-449f-aca6-25c6bb1279ab,0.05039432679938687,0.5233745253721391,14
2768d812-69ad-449f-aca6-25c6bb1279ab,0.05039432679938687,0.5233745253721391,14
041a98a0-d650-4089-8bbb-5a9fd6a17ee3,0.030046224009191755,0.7527421931020251,15
041a98a0-d650-4089-8bbb-5a9fd6a17ee3,0.030046224009191755,0.7527421931020251,15
041a98a0-d650-4089-8bbb-5a9fd6a17ee3,0.030046224009191755,0.7527421931020251,15
041a98a0-d650-4089-8bbb-5a9fd6a17ee3,0.030046224009191755,0.7527421931020251,15
041a98a0-d650-4089-8bbb-5a9fd6a17ee3,0.030046224009191755,0.7527421931020251,15
041a98a0-d650-4089-8bbb-5a9fd6a17ee3,0.030046224009191755,0.7527421931020251,15
041a98a0-d650-4089-8bbb-5a9fd6a17ee3,0.030046224009191755,0.7527421931020251,15
041a98a0-d650-4089-8bbb-5a9fd6a17ee3,0.030046224009191755,0.7527421931020251,15
041a98a0-d650-4089-8bbb-5a9fd6a17ee3,0.030046224009191755,0.7527421931020251,15
041a98a0-d650-4089-8bbb-5a9fd6a17ee3,0.030046224009191755,0.7527421931020251,15
041a98a0-d650-4089-8bbb-5a9fd6a17ee3,0.030046224009191755,0.7527421931020251,15
041a98a0-d650-4089-8bbb-5a9fd6a17ee3,0.030046224009191755,0.7527421931020251,15
041a98a0-d650-4089-8bbb-5a9fd6a17ee3,0.030046224009191755,0.7527421931020251,15
041a98a0-d650-4089-8bbb-5a9fd6a17ee3,0.030046224009191755,0.7527421931020251,15
041a98a0-d650-4089-8bbb-5a9fd6a17ee3,0.030046224009191755,0.7527421931020251,15
041a98a0-d650-4089-8bbb-5a9fd6a17ee3,0.030046224009191755,0.7527421931020251,15
041a98a0-d650-4089-8bbb-5a9fd6a17ee3,0.030046224009191755,0.7527421931020251,15
041a98a0-d650-4089-8bbb-5a9fd6a17ee3,0.030046224009191755,0.7527421931020251,15
041a98a0-d650-4089-8bbb-5a9fd6a17ee3,0.030046224009191755,0.7527421931020251,15
041a98a0-d650-4089-8bbb-5a9fd6a17ee3,0.030046224009191755,0.7527421931020251,15
041a98a0-d650-4089-8bbb-5a9fd6a17ee3,0.030046224009191755,0.7527421931020251,15
041a98a0-d650-4089-8bbb-5a9fd6a17ee3,0.030046224009191755,0.7527421931020251,15
041a98a0-d650-4089-8bbb-5a9fd6a17ee3,0.030046224009191755,0.7527421931020251,15
041a98a0-d650-4089-8bbb-5a9fd6a17ee3,0.030046224009191755,0.7527421931020251,15
041a98a0-d650-4089-8bbb-5a9fd6a17ee3,0.030046224009191755,0.7527421931020251,15
041a98a0-d650-4089-8bbb-5a9fd6a17ee3,0.030046224009191755,0.7527421931020251,15
041a98a0-d650-4089-8bbb-5a9fd6a17ee3,0.030046224009191755,0.7527421931020251,15
cba8f29e-a367-4e2f-a58e-01f05a42b948,0.030938996641795505,0.7666369617961282,19
cba8f29e-a367-4e2f-a58e-01f05a42b948,0.030938996641795505,0.7666369617961282,19
cba8f29e-a367-4e2f-a58e-01f05a42b948,0.030938996641795505,0.7666369617961282,19
cba8f29e-a367-4e2f-a58e-01f05a42b948,0.030938996641795505,0.7666369617961282,19
cba8f29e-a367-4e2f-a58e-01f05a42b948,0.030938996641795505,0.7666369617961282,19
cba8f29e-a367-4e2f-a58e-01f05a42b948,0.030938996641795505,0.7666369617961282,19
cba8f29e-a367-4e2f-a58e-01f05a42b948,0.030938996641795505,0.7666369617961282,19
cba8f29e-a367-4e2f-a58e-01f05a42b948,0.030938996641795505,0.7666369617961282,19
cba8f29e-a367-4e2f-a58e-01f05a42b948,0.030938996641795505,0.7666369617961282,19
cba8f29e-a367-4e2f-a58e-01f05a42b948,0.030938996641795505,0.7666369617961282,19
cba8f29e-a367-4e2f-a58e-01f05a42b948,0.030938996641795505,0.7666369617961282,19
cba8f29e-a367-4e2f-a58e-01f05a42b948,0.030938996641795505,0.7666369617961282,19
cba8f29e-a367-4e2f-a58e-01f05a42b948,0.030938996641795505,0.7666369617961282,19
cba8f29e-a367-4e2f-a58e-01f05a42b948,0.030938996641795505,0.7666369617961282,19
cba8f29e-a367-4e2f-a58e-01f05a42b948,0.030938996641795505,0.7666369617961282,19
cba8f29e-a367-4e2f-a58e-01f05a42b948,0.030938996641795505,0.7666369617961282,19
cba8f29e-a367-4e2f-a58e-01f05a42b948,0.030938996641795505,0.7666369617961282,19
cba8f29e-a367-4e2f-a58e-01f05a42b948,0.030938996641795505,0.7666369617961282,19
cba8f29e-a367-4e2f-a58e-01f05a42b948,0.030938996641795505,0.7666369617961282,19
cba8f29e-a367-4e2f-a58e-01f05a42b948,0.030938996641795505,0.7666369617961282,19
cba8f29e-a367-4e2f-a58e-01f05a42b948,0.030938996641795505,0.7666369617961282,19
cba8f29e-a367-4e2f-a58e-01f05a42b948,0.030938996641795505,0.7666369617961282,19
cba8f29e-a367-4e2f-a58e-01f05a42b948,0.030938996641795505,0.7666369617961282,19
cba8f29e-a367-4e2f-a58e-01f05a42b948,0.030938996641795505,0.7666369617961282,19
cba8f29e-a367-4e2f-a58e-01f05a42b948,0.030938996641795505,0.7666369617961282,19
cba8f29e-a367-4e2f-a58e-01f05a42b948,0.030938996641795505,0.7666369617961282,19
cba8f29e-a367-4e2f-a58e-01f05a42b948,0.030938996641795505,0.7666369617961282,19
20d58ea0-2022-4b22-96a3-7934fa8ce539,0.1107740420487015,0.7254094261201119,14
20d58ea0-2022-4b22-96a3-7934fa8ce539,0.1107740420487015,0.7254094261201119,14
20d58ea0-2022-4b22-96a3-7934fa8ce539,0.1107740420487015,0.7254094261201119,14
20d58ea0-2022-4b22-96a3-7934fa8ce539,0.1107740420487015,0.7254094261201119,14
20d58ea0-2022-4b22-96a3-7934fa8ce539,0.1107740420487015,0.7254094261201119,14
20d58ea0-2022-4b22-96a3-7934fa8ce539,0.1107740420487015,0.7254094261201119,14
20d58ea0-2022-4b22-96a3-7934fa8ce539,0.1107740420487015,0.7254094261201119,14
20d58ea0-2022-4b22-96a3-7934fa8ce539,0.1107740420487015,0.7254094261201119,14
20d58ea0-2022-4b22-96a3-7934fa8ce539,0.1107740420487015,0.7254094261201119,14
20d58ea0-2022-4b22-96a3-7934fa8ce539,0.1107740420487015,0.7254094261201119,14
20d58ea0-2022-4b22-96a3-7934fa8ce539,0.1107740420487015,0.7254094261201119,14
20d58ea0-2022-4b22-96a3-7934fa8ce539,0.1107740420487015,0.7254094261201119,14
20d58ea0-2022-4b22-96a3-7934fa8ce539,0.1107740420487015,0.7254094261201119,14
20d58ea0-2022-4b22-96a3-7934fa8ce539,0.1107740420487015,0.7254094261201119,14
20d58ea0-2022-4b22-96a3-7934fa8ce539,0.1107740420487015,0.7254094261201119,14
20d58ea0-2022-4b22-96a3-7934fa8ce539,0.1107740420487015,0.7254094261201119,14
20d58ea0-2022-4b22-96a3-7934fa8ce539,0.1107740420487015,0.7254094261201119,14
20d58ea0-2022-4b22-96a3-7934fa8ce539,0.1107740420487015,0.7254094261201119,14
fdc816e1-7445-44e1-b2d1-1f4eef89310e,0.0410515524480115,0.8451488889896372,14
fdc816e1-7445-44e1-b2d1-1f4eef89310e,0.0410515524480115,0.8451488889896372,14
fdc816e1-7445-44e1-b2d1-1f4eef89310e,0.0410515524480115,0.8451488889896372,14
fdc816e1-7445-44e1-b2d1-1f4eef89310e,0.0410515524480115,0.8451488889896372,14
fdc816e1-7445-44e1-b2d1-1f4eef89310e,0.0410515524480115,0.8451488889896372,14
fdc816e1-7445-44e1-b2d1-1f4eef89310e,0.0410515524480115,0.8451488889896372,14
fdc816e1-7445-44e1-b2d1-1f4eef89310e,0.0410515524480115,0.8451488889896372,14
fdc816e1-7445-44e1-b2d1-1f4eef89310e,0.0410515524480115,0.8451488889896372,14
fdc816e1-7445-44e1-b2d1-1f4eef89310e,0.0410515524480115,0.8451488889896372,14
fdc816e1-7445-44e1-b2d1-1f4eef89310e,0.0410515524480115,0.8451488889896372,14
fdc816e1-7445-44e1-b2d1-1f4eef89310e,0.0410515524480115,0.8451488889896372,14
fdc816e1-7445-44e1-b2d1-1f4eef89310e,0.0410515524480115,0.8451488889896372,14
fdc816e1-7445-44e1-b2d1-1f4eef89310e,0.0410515524480115,0.8451488889896372,14
fdc816e1-7445-44e1-b2d1-1f4eef89310e,0.0410515524480115,0.8451488889896372,14
fdc816e1-7445-44e1-b2d1-1f4eef89310e,0.0410515524480115,0.8451488889896372,14
fdc816e1-7445-44e1-b2d1-1f4eef89310e,0.0410515524480115,0.8451488889896372,14
fdc816e1-7445-44e1-b2d1-1f4eef89310e,0.0410515524480115,0.8451488889896372,14
fdc816e1-7445-44e1-b2d1-1f4eef89310e,0.0410515524480115,0.8451488889896372,14
fdc816e1-7445-44e1-b2d1-1f4eef89310e,0.0410515524480115,0.8451488889896372,14
667f2a79-aa2a-4322-83be-36b94272c6bb,0.11470029306023646,1.9032203721707226,14
667f2a79-aa2a-4322-83be-36b94272c6bb,0.11470029306023646,1.9032203721707226,14
667f2a79-aa2a-4322-83be-36b94272c6bb,0.11470029306023646,1.9032203721707226,14
667f2a79-aa2a-4322-83be-36b94272c6bb,0.11470029306023646,1.9032203721707226,14
667f2a79-aa2a-4322-83be-36b94272c6bb,0.11470029306023646,1.9032203721707226,14
667f2a79-aa2a-4322-83be-36b94272c6bb,0.11470029306023646,1.9032203721707226,14
667f2a79-aa2a-4322-83be-36b94272c6bb,0.11470029306023646,1.9032203721707226,14
667f2a79-aa2a-4322-83be-36b94272c6bb,0.11470029306023646,1.9032203721707226,14
667f2a79-aa2a-4322-83be-36b94272c6bb,0.11470029306023646,1.9032203721707226,14
667f2a79-aa2a-4322-83be-36b94272c6bb,0.11470029306023646,1.9032203721707226,14
667f2a79-aa2a-4322-83be-36b94272c6bb,0.11470029306023646,1.9032203721707226,14
667f2a79-aa2a-4322-83be-36b94272c6bb,0.11470029306023646,1.9032203721707226,14
667f2a79-aa2a-4322-83be-36b94272c6bb,0.11470029306023646,1.9032203721707226,14
667f2a79-aa2a-4322-83be-36b94272c6bb,0.11470029306023646,1.9032203721707226,14
667f2a79-aa2a-4322-83be-36b94272c6bb,0.11470029306023646,1.9032203721707226,14
667f2a79-aa2a-4322-83be-36b94272c6bb,0.11470029306023646,1.9032203721707226,14
667f2a79-aa2a-4322-83be-36b94272c6bb,0.11470029306023646,1.9032203721707226,14
667f2a79-aa2a-4322-83be-36b94272c6bb,0.11470029306023646,1.9032203721707226,14
667f2a79-aa2a-4322-83be-36b94272c6bb,0.11470029306023646,1.9032203721707226,14
667f2a79-aa2a-4322-83be-36b94272c6bb,0.11470029306023646,1.9032203721707226,14
667f2a79-aa2a-4322-83be-36b94272c6bb,0.11470029306023646,1.9032203721707226,14
667f2a79-aa2a-4322-83be-36b94272c6bb,0.11470029306023646,1.9032203721707226,14
667f2a79-aa2a-4322-83be-36b94272c6bb,0.11470029306023646,1.9032203721707226,14
a18dbee1-af9a-4dbf-92d7-789e79f8213a,0.10189917398910851,1.2093309157884846,15
a18dbee1-af9a-4dbf-92d7-789e79f8213a,0.10189917398910851,1.2093309157884846,15
a18dbee1-af9a-4dbf-92d7-789e79f8213a,0.10189917398910851,1.2093309157884846,15
a18dbee1-af9a-4dbf-92d7-789e79f8213a,0.10189917398910851,1.2093309157884846,15
a18dbee1-af9a-4dbf-92d7-789e79f8213a,0.10189917398910851,1.2093309157884846,15
a18dbee1-af9a-4dbf-92d7-789e79f8213a,0.10189917398910851,1.2093309157884846,15
a18dbee1-af9a-4dbf-92d7-789e79f8213a,0.10189917398910851,1.2093309157884846,15
a18dbee1-af9a-4dbf-92d7-789e79f8213a,0.10189917398910851,1.2093309157884846,15
a18dbee1-af9a-4dbf-92d7-789e79f8213a,0.10189917398910851,1.2093309157884846,15
a18dbee1-af9a-4dbf-92d7-789e79f8213a,0.10189917398910851,1.2093309157884846,15
a18dbee1-af9a-4dbf-92d7-789e79f8213a,0.10189917398910851,1.2093309157884846,15
a18dbee1-af9a-4dbf-92d7-789e79f8213a,0.10189917398910851,1.2093309157884846,15
a18dbee1-af9a-4dbf-92d7-789e79f8213a,0.10189917398910851,1.2093309157884846,15
a18dbee1-af9a-4dbf-92d7-789e79f8213a,0.10189917398910851,1.2093309157884846,15
a18dbee1-af9a-4dbf-92d7-789e79f8213a,0.10189917398910851,1.2093309157884846,15
a18dbee1-af9a-4dbf-92d7-789e79f8213a,0.10189917398910851,1.2093309157884846,15
a18dbee1-af9a-4dbf-92d7-789e79f8213a,0.10189917398910851,1.2093309157884846,15
a18dbee1-af9a-4dbf-92d7-789e79f8213a,0.10189917398910851,1.2093309157884846,15
a18dbee1-af9a-4dbf-92d7-789e79f8213a,0.10189917398910851,1.2093309157884846,15
a18dbee1-af9a-4dbf-92d7-789e79f8213a,0.10189917398910851,1.2093309157884846,15
a18dbee1-af9a-4dbf-92d7-789e79f8213a,0.10189917398910851,1.2093309157884846,15
a18dbee1-af9a-4dbf-92d7-789e79f8213a,0.10189917398910851,1.2093309157884846,15
a18dbee1-af9a-4dbf-92d7-789e79f8213a,0.10189917398910851,1.2093309157884846,15
a18dbee1-af9a-4dbf-92d7-789e79f8213a,0.10189917398910851,1.2093309157884846,15
a18dbee1-af9a-4dbf-92d7-789e79f8213a,0.10189917398910851,1.2093309157884846,15
a18dbee1-af9a-4dbf-92d7-789e79f8213a,0.10189917398910851,1.2093309157884846,15
a18dbee1-af9a-4dbf-92d7-789e79f8213a,0.10189917398910851,1.2093309157884846,15
3b1d15db-ca8a-4949-bd9a-bf6c33b5a8de,0.07376673391561135,0.7190835831940923,15
3b1d15db-ca8a-4949-bd9a-bf6c33b5a8de,0.07376673391561135,0.7190835831940923,15
3b1d15db-ca8a-4949-bd9a-bf6c33b5a8de,0.07376673391561135,0.7190835831940923,15
3b1d15db-ca8a-4949-bd9a-bf6c33b5a8de,0.07376673391561135,0.7190835831940923,15
3b1d15db-ca8a-4949-bd9a-bf6c33b5a8de,0.07376673391561135,0.7190835831940923,15
3b1d15db-ca8a-4949-bd9a-bf6c33b5a8de,0.07376673391561135,0.7190835831940923,15
3b1d15db-ca8a-4949-bd9a-bf6c33b5a8de,0.07376673391561135,0.7190835831940923,15
3b1d15db-ca8a-4949-bd9a-bf6c33b5a8de,0.07376673391561135,0.7190835831940923,15
3b1d15db-ca8a-4949-bd9a-bf6c33b5a8de,0.07376673391561135,0.7190835831940923,15
3b1d15db-ca8a-4949-bd9a-bf6c33b5a8de,0.07376673391561135,0.7190835831940923,15
3b1d15db-ca8a-4949-bd9a-bf6c33b5a8de,0.07376673391561135,0.7190835831940923,15
3b1d15db-ca8a-4949-bd9a-bf6c33b5a8de,0.07376673391561135,0.7190835831940923,15
3b1d15db-ca8a-4949-bd9a-bf6c33b5a8de,0.07376673391561135,0.7190835831940923,15
3b1d15db-ca8a-4949-bd9a-bf6c33b5a8de,0.07376673391561135,0.7190835831940923,15
3b1d15db-ca8a-4949-bd9a-bf6c33b5a8de,0.07376673391561135,0.7190835831940923,15
3b1d15db-ca8a-4949-bd9a-bf6c33b5a8de,0.07376673391561135,0.7190835831940923,15
3b1d15db-ca8a-4949-bd9a-bf6c33b5a8de,0.07376673391561135,0.7190835831940923,15
3b1d15db-ca8a-4949-bd9a-bf6c33b5a8de,0.07376673391561135,0.7190835831940923,15
3b1d15db-ca8a-4949-bd9a-bf6c33b5a8de,0.07376673391561135,0.7190835831940923,15
3b1d15db-ca8a-4949-bd9a-bf6c33b5a8de,0.07376673391561135,0.7190835831940923,15
3b1d15db-ca8a-4949-bd9a-bf6c33b5a8de,0.07376673391561135,0.7190835831940923,15
3b1d15db-ca8a-4949-bd9a-bf6c33b5a8de,0.07376673391561135,0.7190835831940923,15
3b1d15db-ca8a-4949-bd9a-bf6c33b5a8de,0.07376673391561135,0.7190835831940923,15
819e35c0-d864-428f-a7a4-9659cbd9ea13,0.049060346043063634,1.967146474680029,17
819e35c0-d864-428f-a7a4-9659cbd9ea13,0.049060346043063634,1.967146474680029,17
819e35c0-d864-428f-a7a4-9659cbd9ea13,0.049060346043063634,1.967146474680029,17
819e35c0-d864-428f-a7a4-9659cbd9ea13,0.049060346043063634,1.967146474680029,17
819e35c0-d864-428f-a7a4-9659cbd9ea13,0.049060346043063634,1.967146474680029,17
819e35c0-d864-428f-a7a4-9659cbd9ea13,0.049060346043063634,1.967146474680029,17
819e35c0-d864-428f-a7a4-9659cbd9ea13,0.049060346043063634,1.967146474680029,17
819e35c0-d864-428f-a7a4-9659cbd9ea13,0.049060346043063634,1.967146474680029,17
819e35c0-d864-428f-a7a4-9659cbd9ea13,0.049060346043063634,1.967146474680029,17
819e35c0-d864-428f-a7a4-9659cbd9ea13,0.049060346043063634,1.967146474680029,17
819e35c0-d864-428f-a7a4-9659cbd9ea13,0.049060346043063634,1.967146474680029,17
819e35c0-d864-428f-a7a4-9659cbd9ea13,0.049060346043063634,1.967146474680029,17
819e35c0-d864-428f-a7a4-9659cbd9ea13,0.049060346043063634,1.967146474680029,17
819e35c0-d864-428f-a7a4-9659cbd9ea13,0.049060346043063634,1.967146474680029,17
819e35c0-d864-428f-a7a4-9659cbd9ea13,0.049060346043063634,1.967146474680029,17
819e35c0-d864-428f-a7a4-9659cbd9ea13,0.049060346043063634,1.967146474680029,17
819e35c0-d864-428f-a7a4-9659cbd9ea13,0.049060346043063634,1.967146474680029,17
819e35c0-d864-428f-a7a4-9659cbd9ea13,0.049060346043063634,1.967146474680029,17
819e35c0-d864-428f-a7a4-9659cbd9ea13,0.049060346043063634,1.967146474680029,17
819e35c0-d864-428f-a7a4-9659cbd9ea13,0.049060346043063634,1.967146474680029,17
819e35c0-d864-428f-a7a4-9659cbd9ea13,0.049060346043063634,1.967146474680029,17
819e35c0-d864-428f-a7a4-9659cbd9ea13,0.049060346043063634,1.967146474680029,17
819e35c0-d864-428f-a7a4-9659cbd9ea13,0.049060346043063634,1.967146474680029,17
080ce44a-a8b6-42ff-8a8c-195207e47a3d,0.03800914276890319,0.45870354685532966,17
080ce44a-a8b6-42ff-8a8c-195207e47a3d,0.03800914276890319,0.45870354685532966,17
080ce44a-a8b6-42ff-8a8c-195207e47a3d,0.03800914276890319,0.45870354685532966,17
080ce44a-a8b6-42ff-8a8c-195207e47a3d,0.03800914276890319,0.45870354685532966,17
080ce44a-a8b6-42ff-8a8c-195207e47a3d,0.03800914276890319,0.45870354685532966,17
080ce44a-a8b6-42ff-8a8c-195207e47a3d,0.03800914276890319,0.45870354685532966,17
080ce44a-a8b6-42ff-8a8c-195207e47a3d,0.03800914276890319,0.45870354685532966,17
080ce44a-a8b6-42ff-8a8c-195207e47a3d,0.03800914276890319,0.45870354685532966,17
080ce44a-a8b6-42ff-8a8c-195207e47a3d,0.03800914276890319,0.45870354685532966,17
080ce44a-a8b6-42ff-8a8c-195207e47a3d,0.03800914276890319,0.45870354685532966,17
080ce44a-a8b6-42ff-8a8c-195207e47a3d,0.03800914276890319,0.45870354685532966,17
080ce44a-a8b6-42ff-8a8c-195207e47a3d,0.03800914276890319,0.45870354685532966,17
080ce44a-a8b6-42ff-8a8c-195207e47a3d,0.03800914276890319,0.45870354685532966,17
080ce44a-a8b6-42ff-8a8c-195207e47a3d,0.03800914276890319,0.45870354685532966,17
080ce44a-a8b6-42ff-8a8c-195207e47a3d,0.03800914276890319,0.45870354685532966,17
080ce44a-a8b6-42ff-8a8c-195207e47a3d,0.03800914276890319,0.45870354685532966,17
080ce44a-a8b6-42ff-8a8c-195207e47a3d,0.03800914276890319,0.45870354685532966,17
080ce44a-a8b6-42ff-8a8c-195207e47a3d,0.03800914276890319,0.45870354685532966,17
080ce44a-a8b6-42ff-8a8c-195207e47a3d,0.03800914276890319,0.45870354685532966,17
080ce44a-a8b6-42ff-8a8c-195207e47a3d,0.03800914276890319,0.45870354685532966,17
080ce44a-a8b6-42ff-8a8c-195207e47a3d,0.03800914276890319,0.45870354685532966,17
080ce44a-a8b6-42ff-8a8c-195207e47a3d,0.03800914276890319,0.45870354685532966,17
080ce44a-a8b6-42ff-8a8c-195207e47a3d,0.03800914276890319,0.45870354685532966,17
080ce44a-a8b6-42ff-8a8c-195207e47a3d,0.03800914276890319,0.45870354685532966,17
080ce44a-a8b6-42ff-8a8c-195207e47a3d,0.03800914276890319,0.45870354685532966,17
080ce44a-a8b6-42ff-8a8c-195207e47a3d,0.03800914276890319,0.45870354685532966,17
080ce44a-a8b6-42ff-8a8c-195207e47a3d,0.03800914276890319,0.45870354685532966,17
080ce44a-a8b6-42ff-8a8c-195207e47a3d,0.03800914276890319,0.45870354685532966,17
080ce44a-a8b6-42ff-8a8c-195207e47a3d,0.03800914276890319,0.45870354685532966,17
9df33518-e3fc-4509-ac4b-05c8fa317522,0.09900457972658369,4.564079225817045,17
9df33518-e3fc-4509-ac4b-05c8fa317522,0.09900457972658369,4.564079225817045,17
9df33518-e3fc-4509-ac4b-05c8fa317522,0.09900457972658369,4.564079225817045,17
9df33518-e3fc-4509-ac4b-05c8fa317522,0.09900457972658369,4.564079225817045,17
9df33518-e3fc-4509-ac4b-05c8fa317522,0.09900457972658369,4.564079225817045,17
9df33518-e3fc-4509-ac4b-05c8fa317522,0.09900457972658369,4.564079225817045,17
9df33518-e3fc-4509-ac4b-05c8fa317522,0.09900457972658369,4.564079225817045,17
9df33518-e3fc-4509-ac4b-05c8fa317522,0.09900457972658369,4.564079225817045,17
9df33518-e3fc-4509-ac4b-05c8fa317522,0.09900457972658369,4.564079225817045,17
9df33518-e3fc-4509-ac4b-05c8fa317522,0.09900457972658369,4.564079225817045,17
9df33518-e3fc-4509-ac4b-05c8fa317522,0.09900457972658369,4.564079225817045,17
9df33518-e3fc-4509-ac4b-05c8fa317522,0.09900457972658369,4.564079225817045,17
9df33518-e3fc-4509-ac4b-05c8fa317522,0.09900457972658369,4.564079225817045,17
9df33518-e3fc-4509-ac4b-05c8fa317522,0.09900457972658369,4.564079225817045,17
9df33518-e3fc-4509-ac4b-05c8fa317522,0.09900457972658369,4.564079225817045,17
9df33518-e3fc-4509-ac4b-05c8fa317522,0.09900457972658369,4.564079225817045,17
9df33518-e3fc-4509-ac4b-05c8fa317522,0.09900457972658369,4.564079225817045,17
9df33518-e3fc-4509-ac4b-05c8fa317522,0.09900457972658369,4.564079225817045,17
9df33518-e3fc-4509-ac4b-05c8fa317522,0.09900457972658369,4.564079225817045,17
9df33518-e3fc-4509-ac4b-05c8fa317522,0.09900457972658369,4.564079225817045,17
9df33518-e3fc-4509-ac4b-05c8fa317522,0.09900457972658369,4.564079225817045,17
9df33518-e3fc-4509-ac4b-05c8fa317522,0.09900457972658369,4.564079225817045,17
9df33518-e3fc-4509-ac4b-05c8fa317522,0.09900457972658369,4.564079225817045,17
9df33518-e3fc-4509-ac4b-05c8fa317522,0.09900457972658369,4.564079225817045,17
9df33518-e3fc-4509-ac4b-05c8fa317522,0.09900457972658369,4.564079225817045,17
9df33518-e3fc-4509-ac4b-05c8fa317522,0.09900457972658369,4.564079225817045,17
9df33518-e3fc-4509-ac4b-05c8fa317522,0.09900457972658369,4.564079225817045,17
9df33518-e3fc-4509-ac4b-05c8fa317522,0.09900457972658369,4.564079225817045,17
215a6dce-9d7e-4f91-b6e7-f2dba171ceba,0.0329897397476377,0.6652169942211853,15
215a6dce-9d7e-4f91-b6e7-f2dba171ceba,0.0329897397476377,0.6652169942211853,15
215a6dce-9d7e-4f91-b6e7-f2dba171ceba,0.0329897397476377,0.6652169942211853,15
215a6dce-9d7e-4f91-b6e7-f2dba171ceba,0.0329897397476377,0.6652169942211853,15
215a6dce-9d7e-4f91-b6e7-f2dba171ceba,0.0329897397476377,0.6652169942211853,15
215a6dce-9d7e-4f91-b6e7-f2dba171ceba,0.0329897397476377,0.6652169942211853,15
215a6dce-9d7e-4f91-b6e7-f2dba171ceba,0.0329897397476377,0.6652169942211853,15
215a6dce-9d7e-4f91-b6e7-f2dba171ceba,0.0329897397476377,0.6652169942211853,15
215a6dce-9d7e-4f91-b6e7-f2dba171ceba,0.0329897397476377,0.6652169942211853,15
215a6dce-9d7e-4f91-b6e7-f2dba171ceba,0.0329897397476377,0.6652169942211853,15
215a6dce-9d7e-4f91-b6e7-f2dba171ceba,0.0329897397476377,0.6652169942211853,15
215a6dce-9d7e-4f91-b6e7-f2dba171ceba,0.0329897397476377,0.6652169942211853,15
215a6dce-9d7e-4f91-b6e7-f2dba171ceba,0.0329897397476377,0.6652169942211853,15
215a6dce-9d7e-4f91-b6e7-f2dba171ceba,0.0329897397476377,0.6652169942211853,15
215a6dce-9d7e-4f91-b6e7-f2dba171ceba,0.0329897397476377,0.6652169942211853,15
215a6dce-9d7e-4f91-b6e7-f2dba171ceba,0.0329897397476377,0.6652169942211853,15
215a6dce-9d7e-4f91-b6e7-f2dba171ceba,0.0329897397476377,0.6652169942211853,15
215a6dce-9d7e-4f91-b6e7-f2dba171ceba,0.0329897397476377,0.6652169942211853,15
215a6dce-9d7e-4f91-b6e7-f2dba171ceba,0.0329897397476377,0.6652169942211853,15
215a6dce-9d7e-4f91-b6e7-f2dba171ceba,0.0329897397476377,0.6652169942211853,15
215a6dce-9d7e-4f91-b6e7-f2dba171ceba,0.0329897397476377,0.6652169942211853,15
215a6dce-9d7e-4f91-b6e7-f2dba171ceba,0.0329897397476377,0.6652169942211853,15
215a6dce-9d7e-4f91-b6e7-f2dba171ceba,0.0329897397476377,0.6652169942211853,15
c3c4b1e3-4543-4e58-8b16-817809d0a552,0.05522262011377565,0.68913738954818,13
c3c4b1e3-4543-4e58-8b16-817809d0a552,0.05522262011377565,0.68913738954818,13
c3c4b1e3-4543-4e58-8b16-817809d0a552,0.05522262011377565,0.68913738954818,13
c3c4b1e3-4543-4e58-8b16-817809d0a552,0.05522262011377565,0.68913738954818,13
c3c4b1e3-4543-4e58-8b16-817809d0a552,0.05522262011377565,0.68913738954818,13
c3c4b1e3-4543-4e58-8b16-817809d0a552,0.05522262011377565,0.68913738954818,13
c3c4b1e3-4543-4e58-8b16-817809d0a552,0.05522262011377565,0.68913738954818,13
c3c4b1e3-4543-4e58-8b16-817809d0a552,0.05522262011377565,0.68913738954818,13
c3c4b1e3-4543-4e58-8b16-817809d0a552,0.05522262011377565,0.68913738954818,13
c3c4b1e3-4543-4e58-8b16-817809d0a552,0.05522262011377565,0.68913738954818,13
c3c4b1e3-4543-4e58-8b16-817809d0a552,0.05522262011377565,0.68913738954818,13
c3c4b1e3-4543-4e58-8b16-817809d0a552,0.05522262011377565,0.68913738954818,13
c3c4b1e3-4543-4e58-8b16-817809d0a552,0.05522262011377565,0.68913738954818,13
c3c4b1e3-4543-4e58-8b16-817809d0a552,0.05522262011377565,0.68913738954818,13
c3c4b1e3-4543-4e58-8b16-817809d0a552,0.05522262011377565,0.68913738954818,13
c3c4b1e3-4543-4e58-8b16-817809d0a552,0.05522262011377565,0.68913738954818,13
1e52e427-9ff2-495d-aca6-7e0fb65c04c3,0.034853450309993546,0.8045628452331391,18
1e52e427-9ff2-495d-aca6-7e0fb65c04c3,0.034853450309993546,0.8045628452331391,18
1e52e427-9ff2-495d-aca6-7e0fb65c04c3,0.034853450309993546,0.8045628452331391,18
1e52e427-9ff2-495d-aca6-7e0fb65c04c3,0.034853450309993546,0.8045628452331391,18
1e52e427-9ff2-495d-aca6-7e0fb65c04c3,0.034853450309993546,0.8045628452331391,18
1e52e427-9ff2-495d-aca6-7e0fb65c04c3,0.034853450309993546,0.8045628452331391,18
1e52e427-9ff2-495d-aca6-7e0fb65c04c3,0.034853450309993546,0.8045628452331391,18
1e52e427-9ff2-495d-aca6-7e0fb65c04c3,0.034853450309993546,0.8045628452331391,18
1e52e427-9ff2-495d-aca6-7e0fb65c04c3,0.034853450309993546,0.8045628452331391,18
1e52e427-9ff2-495d-aca6-7e0fb65c04c3,0.034853450309993546,0.8045628452331391,18
1e52e427-9ff2-495d-aca6-7e0fb65c04c3,0.034853450309993546,0.8045628452331391,18
1e52e427-9ff2-495d-aca6-7e0fb65c04c3,0.034853450309993546,0.8045628452331391,18
1e52e427-9ff2-495d-aca6-7e0fb65c04c3,0.034853450309993546,0.8045628452331391,18
1e52e427-9ff2-495d-aca6-7e0fb65c04c3,0.034853450309993546,0.8045628452331391,18
1e52e427-9ff2-495d-aca6-7e0fb65c04c3,0.034853450309993546,0.8045628452331391,18
1e52e427-9ff2-495d-aca6-7e0fb65c04c3,0.034853450309993546,0.8045628452331391,18
1e52e427-9ff2-495d-aca6-7e0fb65c04c3,0.034853450309993546,0.8045628452331391,18
1e52e427-9ff2-495d-aca6-7e0fb65c04c3,0.034853450309993546,0.8045628452331391,18
1e52e427-9ff2-495d-aca6-7e0fb65c04c3,0.034853450309993546,0.8045628452331391,18
1e52e427-9ff2-495d-aca6-7e0fb65c04c3,0.034853450309993546,0.8045628452331391,18
1e52e427-9ff2-495d-aca6-7e0fb65c04c3,0.034853450309993546,0.8045628452331391,18
1e52e427-9ff2-495d-aca6-7e0fb65c04c3,0.034853450309993546,0.8045628452331391,18
1e52e427-9ff2-495d-aca6-7e0fb65c04c3,0.034853450309993546,0.8045628452331391,18
1e52e427-9ff2-495d-aca6-7e0fb65c04c3,0.034853450309993546,0.8045628452331391,18
1e52e427-9ff2-495d-aca6-7e0fb65c04c3,0.034853450309993546,0.8045628452331391,18
1e52e427-9ff2-495d-aca6-7e0fb65c04c3,0.034853450309993546,0.8045628452331391,18
1e52e427-9ff2-495d-aca6-7e0fb65c04c3,0.034853450309993546,0.8045628452331391,18
