width,creator_id,height,video_description,comment_count,like_count,duration,create_time,view_count,share_count,video_id
720,54c845c9-e0a1-4c1f-a498-3b5f1c966383,720,reaction on travel!,79,80154,168,1748443083,,3339,4ad573ea-b5f8-4232-bf1f-0a52fb15372b
720,54c845c9-e0a1-4c1f-a498-3b5f1c966383,1080,unboxing on tech!,,405778,36,1749911883,451241,1484,c14195b2-7499-4a17-b595-88ad714eb639
1080,54c845c9-e0a1-4c1f-a498-3b5f1c966383,1080,reaction on beauty!,4687,89147,44,1748875083,432844,2328,fb09b652-98ff-4e0e-9c8d-0b66edd9913b
720,54c845c9-e0a1-4c1f-a498-3b5f1c966383,1080,review on beauty!,7805,,101,1750343883,NaN,3702,2864b264-2a85-431a-af90-e570a06c3167
1080,54c845c9-e0a1-4c1f-a498-3b5f1c966383,1080,unboxing on beauty!,?,342942,37,1753022283,455493,2747,36d3d35a-6dbe-48e4-8a2a-38a7f74ba021
1080,54c845c9-e0a1-4c1f-a498-3b5f1c966383,1080,challenge on travel!,1326,472471,35,1748011083,410904,4485,325abb36-a63c-41be-991a-ca40797761fc
1080,54c845c9-e0a1-4c1f-a498-3b5f1c966383,720,reaction on fashion!,,357097,51,1748356683,771809,434,fe2ac8e3-541c-47ef-a90c-68fc86e4e0af
720,54c845c9-e0a1-4c1f-a498-3b5f1c966383,720,review on fitness!,3434,307570,10,1751899083,348276,762,68157706-8798-4d4a-88c5-d17ff577bfe9
1080,54c845c9-e0a1-4c1f-a498-3b5f1c966383,1080,review on travel!,9104,0.0.0,26,1750516683,732103,4662,b624dd8e-1c19-4f08-a7d6-94fa3d0ba54d
1080,54c845c9-e0a1-4c1f-a498-3b5f1c966383,1080,vlog on travel!,7508,13453,59,1752935883,100739,767,84abfed6-d76f-49cc-8bbd-e86a5e9dfa2c
1080,54c845c9-e0a1-4c1f-a498-3b5f1c966383,720,vlog on travel!,8764,163724,174,1749047883,690284,2886,b8b6f7a3-6ff0-46f7-b806-cba0827f37fb
1080,54c845c9-e0a1-4c1f-a498-3b5f1c966383,720,unboxing on fitness!,894,,113,1751121483,467376,2806,6fc2cf3d-3f77-4b7e-9d21-899fc10feaf3
720,54c845c9-e0a1-4c1f-a498-3b5f1c966383,1080,reaction on tech!,501,,121,1749307083,706444,479,80bceb49-5e65-4a00-a27f-0c4ed1e12f3b
720,54c845c9-e0a1-4c1f-a498-3b5f1c966383,720,review on fitness!,8566,0.0.0,139,1751553483,459364,2369,
1080,54c845c9-e0a1-4c1f-a498-3b5f1c966383,1080,review on food!,7093,93031,0.0.0,1751207883,859267,1028,45495106-ed0a-4a0f-8d3a-d761b0ce6e20
1080,54c845c9-e0a1-4c1f-a498-3b5f1c966383,1080,challenge on travel!,6634,340109,110,1749220683,NaN,3307,98c37ff6-7b4f-4098-855a-4ad05d1477f5
,54c845c9-e0a1-4c1f-a498-3b5f1c966383,1080,unboxing on fitness!,NaN,160424,106,1749479883,317115,1148,275f181c-5634-4182-b617-929ef67b3bc5
,54c845c9-e0a1-4c1f-a498-3b5f1c966383,720,challenge on fashion!,8393,366450,30,1749825483,624507,3350,b35cc896-65c6-4ef3-ac03-e4aab9505bab
720,54c845c9-e0a1-4c1f-a498-3b5f1c966383,1080,reaction on beauty!,0.0.0,470377,72,1751294283,,4329,5dfe4c56-9ffc-4dca-8f92-b7187c215beb
1080,54c845c9-e0a1-4c1f-a498-3b5f1c966383,720,reaction on beauty!,8985,7409,64,1748788683,171986,1680,0307e248-afb2-437d-95e3-1143324d1569
,54c845c9-e0a1-4c1f-a498-3b5f1c966383,1080,review on beauty!,6375,,153,1748011083,906453,4830,c106bc5e-fb35-4e71-b0c4-290b7221350c
0.0.0,54c845c9-e0a1-4c1f-a498-3b5f1c966383,,reaction on tech!,3884,124634,128,1749998283,608367,940,a9c3fbe3-809b-4e20-8b24-56e1534fd15b
720,54c845c9-e0a1-4c1f-a498-3b5f1c966383,720,vlog on fitness!,5458,222360,,1751467083,282749,72,511175ca-0870-41cf-929f-0cb6fe8d1942
720,54c845c9-e0a1-4c1f-a498-3b5f1c966383,720,review on tech!,8680,32503,102,1750257483,89040,986,bc2e0735-c878-4f57-bf95-aaeadf33ce8c
720,54c845c9-e0a1-4c1f-a498-3b5f1c966383,1080,challenge on fitness!,7506,0.0.0,93,1752849483,193103,1544,2ed5fe1e-7150-4b00-9973-273695a0f8fb
1080,54c845c9-e0a1-4c1f-a498-3b5f1c966383,1080,challenge on food!,8925,90514,143,1752849483,730970,2906,966f994f-ce35-45c3-bd21-2e81fbeac6f4
,54c845c9-e0a1-4c1f-a498-3b5f1c966383,720,review on travel!,4501,441970,97,1751726283,761798,3711,be707dd2-7d20-4cd7-817b-4e1e82c9757b
1080,54c845c9-e0a1-4c1f-a498-3b5f1c966383,720,unboxing on fashion!,3861,167944,37,1750516683,513288,854,ce0c8b0b-d6e1-4f96-a6d2-b02df2509b4f
1080,25c4ef1e-7cbf-4a69-956b-ffff60a1edd5,1080,challenge on food!,240,465233,56,1752503883,56512,4545,4da6a662-2c76-408f-b3da-bb9d50f315c3
720,25c4ef1e-7cbf-4a69-956b-ffff60a1edd5,720,vlog on fashion!,3431,341491,128,1751294283,444591,4356,0f5db5d9-b1f8-4f14-b269-eeaa1705b404
720,25c4ef1e-7cbf-4a69-956b-ffff60a1edd5,1080,challenge on tech!,NaN,367943,164,1748961483,138273,464,107ce313-fa4b-464b-92e6-97c55589abfe
720,25c4ef1e-7cbf-4a69-956b-ffff60a1edd5,1080,vlog on tech!,2252,380750,20,1750084683,144116,522,bd7c277b-5ec4-4432-aa1d-f51e0cce668d
1080,25c4ef1e-7cbf-4a69-956b-ffff60a1edd5,720,vlog on fitness!,6872,NaN,87,1750862283,409887,3650,fdbaab06-8ac7-420c-8b6c-b8bd71569e1f
720,25c4ef1e-7cbf-4a69-956b-ffff60a1edd5,1080,reaction on fitness!,,12763,133,1752417483,257857,1854,e96199a7-11f4-48e1-989e-612f13a71e22
720,25c4ef1e-7cbf-4a69-956b-ffff60a1edd5,1080,review on food!,1936,270530,157,1750689483,179582,834,f4cd4d81-34d2-4f17-a19f-cade3dd4f09b
720,25c4ef1e-7cbf-4a69-956b-ffff60a1edd5,1080,unboxing on beauty!,4233,130998,19,1749047883,226479,2188,67873809-a532-43f3-b0f8-d15ef75e85e9
720,25c4ef1e-7cbf-4a69-956b-ffff60a1edd5,,challenge on beauty!,8867,58284,20,1749566283,544836,2222,4c739bb1-c8ec-4a45-9f21-8a0c6083f3b4
720,25c4ef1e-7cbf-4a69-956b-ffff60a1edd5,720,challenge on fashion!,7613,368243,,1750343883,129917,2069,49e13121-1b65-45b0-97ab-a93f7e40b37b
720,25c4ef1e-7cbf-4a69-956b-ffff60a1edd5,1080,unboxing on beauty!,5836,125661,40,1753022283,449940,1721,d5f7cbb0-006a-4e08-940a-1fcfa553ecf0
1080,25c4ef1e-7cbf-4a69-956b-ffff60a1edd5,1080,reaction on fitness!,5481,84917,33,1749825483,,4236,4bba0288-0ee2-48b2-b8f1-590e9c1da268
1080,25c4ef1e-7cbf-4a69-956b-ffff60a1edd5,1080,vlog on food!,4649,183801,50,1749134283,868527,3999,c7624eaf-d92a-49f1-853a-f0efc9dd2db4
720,25c4ef1e-7cbf-4a69-956b-ffff60a1edd5,720,vlog on beauty!,4003,151110,90,1748875083,,2998,d842da6e-8321-4e1c-950c-38cf216ad341
1080,25c4ef1e-7cbf-4a69-956b-ffff60a1edd5,1080,reaction on fitness!,142,0.0.0,73,1752676683,577732,243,f64096d4-d145-4b73-9b51-af9b2dd4fd76
720,25c4ef1e-7cbf-4a69-956b-ffff60a1edd5,720,vlog on travel!,6277,109845,24,1749652683,955490,2175,3e32f731-b523-457d-b84b-000445523634
1080,25c4ef1e-7cbf-4a69-956b-ffff60a1edd5,NaN,reaction on food!,,11998,74,1752244683,926095,14,2f7153a7-431e-4f98-b154-b84c496bc458
720,25c4ef1e-7cbf-4a69-956b-ffff60a1edd5,720,unboxing on fitness!,9047,472959,79,1750689483,458747,1776,83e08ff6-30de-42d3-b207-c2fbec17e967
1080,25c4ef1e-7cbf-4a69-956b-ffff60a1edd5,1080,challenge on fashion!,1626,121521,,1748097483,555316,4268,749e6a21-485e-439a-9fc5-57090ad71edb
1080,25c4ef1e-7cbf-4a69-956b-ffff60a1edd5,1080,unboxing on travel!,4931,471167,50,1749307083,666448,,33e5f9ff-ba6b-4f21-8a34-d4b22e33f57e
720,25c4ef1e-7cbf-4a69-956b-ffff60a1edd5,720,reaction on beauty!,2338,140164,165,1749393483,198467,995,641249a2-41f8-4470-92b9-47cf8085719e
1080,25c4ef1e-7cbf-4a69-956b-ffff60a1edd5,720,vlog on beauty!,1227,292070,149,1747838283,221237,2884,52c8ca32-6dd1-41cd-8da1-651c6ce04982
720,25c4ef1e-7cbf-4a69-956b-ffff60a1edd5,720,unboxing on food!,5600,,92,1747838283,747550,1002,1a5f41c3-1bb1-4769-898f-2ffd7e1a4c62
1080,25c4ef1e-7cbf-4a69-956b-ffff60a1edd5,720,challenge on fashion!,3983,490850,61,1748961483,340580,2120,77239311-f922-49c7-ba7f-5372e9540d63
1080,25c4ef1e-7cbf-4a69-956b-ffff60a1edd5,720,unboxing on fashion!,,9086,170,1750257483,57564,2446,4bb15824-6423-47b4-bcf2-635fc4f7e7f5
720,25c4ef1e-7cbf-4a69-956b-ffff60a1edd5,720,reaction on tech!,1394,472310,118,1749998283,563119,846,f61ce08f-ce51-4c3f-8e29-00bab3181b1c
720,25c4ef1e-7cbf-4a69-956b-ffff60a1edd5,1080,review on fashion!,5038,NaN,41,1751726283,499510,2658,f947a433-44e0-43c6-a042-18256a2bb8cb
720,25c4ef1e-7cbf-4a69-956b-ffff60a1edd5,,reaction on beauty!,?,105612,145,1752676683,702507,4481,394e20d8-73c2-461a-abdf-ddf7bd94a3ac
1080,8d671101-5462-42fa-9652-3b01351ae912,720,vlog on food!,6659,136118,169,1752244683,533826,1052,b979c6e6-313e-4bfa-be99-deccb4f3bb98
720,8d671101-5462-42fa-9652-3b01351ae912,720,challenge on travel!,2833,206532,60,1748615883,115482,1452,2fb0d993-aa5b-42ce-88a9-4c7ed0f93c76
1080,8d671101-5462-42fa-9652-3b01351ae912,720,reaction on beauty!,2065,292763,172,1751467083,898962,1852,3d4e9322-8cdc-4f13-8c60-8af773a0d636
720,8d671101-5462-42fa-9652-3b01351ae912,720,review on food!,NaN,368698,74,1748788683,804948,2114,3c19a59f-7e7f-4ddb-89e7-b74a8f19ecbb
1080,8d671101-5462-42fa-9652-3b01351ae912,1080,reaction on fashion!,221,151589,15,1749393483,,3297,7bb298d2-fed3-423c-ace4-8584bc19f4a7
720,8d671101-5462-42fa-9652-3b01351ae912,720,vlog on travel!,6255,?,95,1749393483,369608,1737,092b279b-b7c5-423e-8c35-f08f8e326198
1080,8d671101-5462-42fa-9652-3b01351ae912,1080,unboxing on beauty!,,344188,37,1748788683,776458,4806,ce4ed480-a24f-427f-a040-033a9ee3835d
,8d671101-5462-42fa-9652-3b01351ae912,1080,review on food!,6822,313554,132,1748529483,,0.0.0,c97b4944-a13f-4457-9255-2d0a36fb3495
1080,8d671101-5462-42fa-9652-3b01351ae912,1080,review on fitness!,9893,197986,169,1748270283,?,0.0.0,b5901899-adf3-42ea-a75e-b0aa3f99603a
720,8d671101-5462-42fa-9652-3b01351ae912,1080,reaction on food!,3345,,39,1752503883,578673,4887,db0565eb-1c71-4291-babd-0d55dfaeca5f
1080,8d671101-5462-42fa-9652-3b01351ae912,720,unboxing on fitness!,9396,419439,158,1752935883,0.0.0,3182,3ebde1c2-7288-4373-b37e-1a4c7e0cf1b2
720,8d671101-5462-42fa-9652-3b01351ae912,1080,reaction on tech!,8453,198821,92,1748443083,870242,2694,36a17360-0453-4b1e-a6c7-6770a8132981
720,8d671101-5462-42fa-9652-3b01351ae912,720,review on fitness!,8363,,144,1753022283,732968,101,d3ec77d6-5322-40b5-9fa8-f317c4a4da0e
,8d671101-5462-42fa-9652-3b01351ae912,1080,unboxing on food!,4841,,25,1749134283,341752,,920faaa8-c29e-4f4d-99f0-2f02b8d03200
720,8d671101-5462-42fa-9652-3b01351ae912,720,reaction on fashion!,835,475521,88,1751207883,327472,2286,738d9146-e6a3-4c88-8e54-254e3a5f7085
1080,8d671101-5462-42fa-9652-3b01351ae912,720,unboxing on beauty!,6072,398455,73,1751639883,,3358,d578a37c-fb78-4ac6-98c0-45e918c29ab8
720,7ef7d968-0779-44aa-9019-409de5cfcae9,720,unboxing on fashion!,8362,150923,94,1749393483,888796,2889,66c4f734-0e2d-4ba0-a94f-93f90c5ed20c
1080,7ef7d968-0779-44aa-9019-409de5cfcae9,720,vlog on fitness!,,388622,128,1752244683,813700,4985,11a73307-fea6-40a8-b5e5-36ba9fced4ed
720,7ef7d968-0779-44aa-9019-409de5cfcae9,1080,review on travel!,7327,419350,25,1749393483,308251,3985,9e47afd0-dfcf-46a7-a21c-05779ab53c12
720,7ef7d968-0779-44aa-9019-409de5cfcae9,1080,vlog on tech!,2137,35746,176,1749393483,760110,7,431b42f7-e826-43b4-b79f-5cb29c8624b8
720,7ef7d968-0779-44aa-9019-409de5cfcae9,720,vlog on fitness!,9352,177319,133,1748183883,,4082,a8605de0-6d80-4a5b-a9a5-c5386a1f6e31
1080,7ef7d968-0779-44aa-9019-409de5cfcae9,720,challenge on beauty!,4526,56827,39,1750171083,317858,4236,cac4013e-c81b-4eb2-927d-79dcff6093b7
1080,7ef7d968-0779-44aa-9019-409de5cfcae9,720,challenge on tech!,5023,177541,84,1749739083,415079,3537,d99b9f5f-3685-409c-b31a-58b4786f9483
1080,7ef7d968-0779-44aa-9019-409de5cfcae9,1080,challenge on tech!,7783,412877,14,1749739083,684894,308,e2e1df36-13c8-4a88-8367-77564e28e7e0
1080,7ef7d968-0779-44aa-9019-409de5cfcae9,1080,challenge on tech!,4547,366595,111,1751380683,653451,3573,8e792893-4e09-419f-bf64-c88b4137a0a2
720,7ef7d968-0779-44aa-9019-409de5cfcae9,720,reaction on food!,482,397873,20,1751467083,70305,3558,911eb379-4d10-4dda-8d92-9cb3effa800b
720,7ef7d968-0779-44aa-9019-409de5cfcae9,1080,challenge on fashion!,9527,?,51,1749393483,540977,3366,ac264089-0032-41cc-881e-6e047452da22
1080,7ef7d968-0779-44aa-9019-409de5cfcae9,1080,vlog on beauty!,7673,435214,NaN,1750775883,860014,2473,3e028f23-d293-4721-af1b-27275450701f
720,7ef7d968-0779-44aa-9019-409de5cfcae9,720,review on beauty!,,159683,79,1749479883,713092,2106,d40053d0-4c23-4cc9-88c4-0b55f9d0a9b6
1080,7ef7d968-0779-44aa-9019-409de5cfcae9,1080,unboxing on travel!,1064,295379,61,1752331083,132296,4297,70ac0625-1c0a-4a5d-bbb5-b8020b6c01ac
720,7ef7d968-0779-44aa-9019-409de5cfcae9,1080,challenge on tech!,6095,NaN,141,1748011083,771443,891,e19888ec-d071-48f9-9288-6aea81a10549
1080,7ef7d968-0779-44aa-9019-409de5cfcae9,1080,challenge on food!,5483,,177,1747838283,782599,2495,1bdf5e7e-8f28-429c-bf8d-8be6d5937278
1080,7ef7d968-0779-44aa-9019-409de5cfcae9,1080,vlog on beauty!,3981,,,1753022283,196974,1748,1badede4-0454-4cea-a1dc-7934a9eecc0c
1080,7ef7d968-0779-44aa-9019-409de5cfcae9,720,challenge on travel!,7095,63347,165,1753022283,935158,4883,63c08d62-7ede-4a86-b74b-6f98078bb864
,7ef7d968-0779-44aa-9019-409de5cfcae9,1080,vlog on beauty!,3347,,39,1748875083,886843,1165,8a3eed05-ca9d-4890-ac5b-7724d2c346be
1080,7ef7d968-0779-44aa-9019-409de5cfcae9,1080,vlog on beauty!,9721,234960,19,1752503883,189174,1168,3ad99254-68f3-4ba2-84c0-f53f60c5ddfd
720,7ef7d968-0779-44aa-9019-409de5cfcae9,1080,unboxing on beauty!,5815,319054,138,1747924683,40583,382,a193847e-a82f-47f1-9ef0-2bdbc779f26b
1080,7ef7d968-0779-44aa-9019-409de5cfcae9,720,challenge on fashion!,6002,390868,67,1753022283,472414,,9e14a276-3d88-4730-9025-f5ad5993dcb0
1080,a98043a6-757e-4d8e-84cd-eb69677402a5,1080,vlog on fashion!,1209,?,,1752763083,105398,502,5191d777-22bb-4dd1-84fd-d7a6bf719911
1080,a98043a6-757e-4d8e-84cd-eb69677402a5,720,reaction on fitness!,3793,,89,1751294283,730311,4929,9df10708-602f-432b-b0de-63533e132946
1080,a98043a6-757e-4d8e-84cd-eb69677402a5,1080,challenge on travel!,4285,229819,40,1748443083,398128,2152,780087d1-2542-424c-8ef4-2d67441935d7
1080,a98043a6-757e-4d8e-84cd-eb69677402a5,720,unboxing on fitness!,5988,34530,43,1749307083,379128,3717,a68f6b27-9c50-4906-87fa-9122d447e4b7
720,a98043a6-757e-4d8e-84cd-eb69677402a5,720,challenge on beauty!,2808,246986,113,1749911883,681793,238,2b94c10b-97e2-4e2f-9c01-e82a28dda479
1080,a98043a6-757e-4d8e-84cd-eb69677402a5,1080,unboxing on beauty!,6352,54898,156,1751812683,935539,?,c592c82a-0938-4368-8c62-d03e0f3a7551
1080,a98043a6-757e-4d8e-84cd-eb69677402a5,1080,unboxing on travel!,3184,269618,75,1750343883,964314,664,f5c4df94-3554-4ab8-a09f-11241b5747b7
720,a98043a6-757e-4d8e-84cd-eb69677402a5,1080,challenge on travel!,6152,,39,1750948683,721890,4854,f3824cdc-5f7e-49ec-b6a0-e4658ce47f0b
720,a98043a6-757e-4d8e-84cd-eb69677402a5,1080,vlog on travel!,6593,81615,109,1752763083,162266,1523,a11d4e93-5851-4e32-b71d-2305a3cc1c6d
1080,a98043a6-757e-4d8e-84cd-eb69677402a5,?,review on fitness!,1430,,46,1749652683,314664,2707,e47315eb-2498-4483-b41f-41b422d6a91e
720,a98043a6-757e-4d8e-84cd-eb69677402a5,?,vlog on food!,8671,442263,172,1750257483,831842,4109,309b6f4f-9419-4972-8311-e1a21fd2fdad
1080,a98043a6-757e-4d8e-84cd-eb69677402a5,1080,unboxing on fashion!,564,74890,30,1748702283,194126,1659,5261bd99-2d36-48ee-888d-6ff2eed4fccf
720,a98043a6-757e-4d8e-84cd-eb69677402a5,1080,unboxing on food!,6272,328909,170,1748183883,403676,3268,a3c04a0b-cf56-4eca-9bcb-9fddec6f02e7
1080,a98043a6-757e-4d8e-84cd-eb69677402a5,720,review on tech!,6799,292473,20,1748183883,524844,2559,e5ad1ef0-8385-467f-a7f9-0a14bb764a75
720,a98043a6-757e-4d8e-84cd-eb69677402a5,720,vlog on food!,1746,390831,178,1749911883,930314,668,4fddf1f6-9e49-448a-9501-49542f6ed17f
720,a98043a6-757e-4d8e-84cd-eb69677402a5,720,challenge on fitness!,,284764,NaN,1750171083,934303,4978,2a409947-89f8-4611-8b9c-075e2d8671a5
1080,a98043a6-757e-4d8e-84cd-eb69677402a5,1080,vlog on tech!,910,469725,169,1750171083,NaN,3427,977a6976-ec7c-4708-9499-7d98ce3658dd
1080,a98043a6-757e-4d8e-84cd-eb69677402a5,720,reaction on tech!,1091,?,NaN,1752331083,239686,2046,999e799a-4264-404a-ac65-6b54e13d303f
1080,a98043a6-757e-4d8e-84cd-eb69677402a5,720,challenge on travel!,3456,245421,17,1748443083,584960,3922,c474534d-0bbc-4563-bc47-c6eb09352976
720,a98043a6-757e-4d8e-84cd-eb69677402a5,1080,unboxing on food!,6985,334921,?,1750343883,868567,,24af9dc3-6493-4f82-beb0-59fcf195129d
720,a98043a6-757e-4d8e-84cd-eb69677402a5,720,unboxing on travel!,9693,235906,26,1751294283,961463,1261,59137894-fe72-4c03-be10-03b78994d795
1080,a98043a6-757e-4d8e-84cd-eb69677402a5,720,reaction on beauty!,,?,11,1748529483,50235,NaN,f50e77c8-8ab3-44c9-878f-18e3994424e9
720,b7945511-7688-442e-8795-99b90ed33e15,720,challenge on fitness!,2233,0.0.0,76,1751467083,2912,2043,dfacc408-02ee-403c-95f4-b6fab75b0bce
1080,b7945511-7688-442e-8795-99b90ed33e15,1080,unboxing on fitness!,5848,57943,98,1748011083,,1691,f09b6e45-8da7-408f-b5ff-2aa44417e38d
720,b7945511-7688-442e-8795-99b90ed33e15,1080,challenge on travel!,9269,,93,1751553483,111105,577,bf7ff3cf-7470-4999-bc2d-b12f495fedd8
1080,b7945511-7688-442e-8795-99b90ed33e15,720,unboxing on food!,8565,494426,175,1749825483,NaN,4804,f28d76d9-d5e9-4fad-acc0-e50701fa5c3f
720,b7945511-7688-442e-8795-99b90ed33e15,720,review on food!,33,99661,43,1750430283,667523,715,19fa6893-9e52-4841-bbc6-bdc0050fdfaa
720,b7945511-7688-442e-8795-99b90ed33e15,720,unboxing on food!,2842,204985,26,1748788683,776108,2472,dd43dc24-a9a4-42a2-8e0d-88f0b0f26111
1080,b7945511-7688-442e-8795-99b90ed33e15,1080,review on travel!,5880,0.0.0,131,1751985483,809299,3998,c1a194a6-ec7f-46ab-86fd-b374387b3eae
720,b7945511-7688-442e-8795-99b90ed33e15,720,review on fitness!,2160,240013,61,1749911883,98782,4862,01b89d03-f270-4d22-9852-67bb351c8aef
1080,b7945511-7688-442e-8795-99b90ed33e15,720,vlog on fashion!,1664,,54,1751899083,40170,2832,87c34c33-b0f4-4d32-bede-0f14426869ec
1080,b7945511-7688-442e-8795-99b90ed33e15,1080,review on food!,8050,,123,1749393483,290657,4591,bc42f101-ab4e-460e-a5d6-f505ae845cd7
1080,b7945511-7688-442e-8795-99b90ed33e15,1080,challenge on food!,4458,126270,139,1751467083,?,1412,25ab6dc7-a255-4b11-bd63-2f56d19ce0cb
1080,b7945511-7688-442e-8795-99b90ed33e15,1080,challenge on beauty!,6442,105713,106,1751207883,992567,191,88f7ba9f-dccb-44bd-84a8-9f56ac507a35
720,b7945511-7688-442e-8795-99b90ed33e15,1080,review on tech!,309,,52,1748356683,619849,NaN,2dd9ea57-d730-4087-a89f-1fb675fb7d51
1080,b7945511-7688-442e-8795-99b90ed33e15,720,reaction on fitness!,3929,444755,144,1750603083,113021,3994,6898e065-97f6-4f43-a9a9-3966fa27f5d1
0.0.0,b7945511-7688-442e-8795-99b90ed33e15,0.0.0,reaction on tech!,2891,,20,1749479883,333194,4457,df4fe57d-925a-4041-a6a1-a165b10bd437
0.0.0,b7945511-7688-442e-8795-99b90ed33e15,720,reaction on tech!,2634,,,1750084683,523038,4818,85837239-0535-4bf4-b098-808716747f39
1080,b7945511-7688-442e-8795-99b90ed33e15,1080,reaction on fitness!,7535,267434,36,1751812683,845055,992,e1bdbc4c-b00c-475f-b29e-7c0d33dd020d
720,b7945511-7688-442e-8795-99b90ed33e15,720,unboxing on fashion!,5489,0.0.0,?,1749220683,646215,2008,b4a306c8-3dcb-46e6-9acf-efb7d25c0cbb
1080,b7945511-7688-442e-8795-99b90ed33e15,1080,vlog on travel!,7985,341266,125,1751899083,999814,,ebeb5e9a-c8eb-4762-957c-deb714878de7
720,b7945511-7688-442e-8795-99b90ed33e15,1080,challenge on tech!,9639,?,176,1752331083,232273,0.0.0,3daedb96-2787-43ba-900c-d211a4577490
720,b7945511-7688-442e-8795-99b90ed33e15,1080,unboxing on fashion!,,423214,153,1748011083,274370,1926,40edb0a9-2ded-4a2d-bb22-c3a0994077ca
1080,b7945511-7688-442e-8795-99b90ed33e15,720,challenge on beauty!,9416,226552,136,1748356683,423441,437,f0c3fa57-b69d-4d9f-9475-60933e8702f6
1080,b7945511-7688-442e-8795-99b90ed33e15,720,reaction on travel!,2106,,84,1748788683,698148,0.0.0,a8471f46-5ebf-44a2-a109-2fb9af618340
,b7945511-7688-442e-8795-99b90ed33e15,720,review on travel!,,46483,43,1749479883,,4808,b316942a-6418-46cb-86de-824b3e1c432d
720,b7945511-7688-442e-8795-99b90ed33e15,1080,unboxing on tech!,,176929,167,1750516683,166933,3340,9432e816-3a78-4087-8eb2-0ca1450e0d73
720,b7945511-7688-442e-8795-99b90ed33e15,720,unboxing on fashion!,,430099,31,1747838283,914989,2774,
720,b7945511-7688-442e-8795-99b90ed33e15,720,review on tech!,3901,443756,124,1748615883,144097,1171,6762b37e-133e-456a-9355-a5bae744d60c
720,b7945511-7688-442e-8795-99b90ed33e15,720,review on beauty!,,454444,12,1752071883,225545,3997,594db655-ad51-4237-be03-de4985944ebb
720,bf935ec7-d76a-459d-bb79-6d1617c1d1af,1080,vlog on beauty!,9732,351480,41,1751380683,NaN,4078,8fe4303e-4b69-4e1b-bd4e-722a7b945264
1080,bf935ec7-d76a-459d-bb79-6d1617c1d1af,1080,review on travel!,2560,396585,126,1748961483,746040,943,f369de10-89d8-41fc-9c86-250dd36c6b3e
720,bf935ec7-d76a-459d-bb79-6d1617c1d1af,720,unboxing on beauty!,8148,137550,168,1747838283,345585,4923,efb207b9-0fc6-4e4e-b259-5197a8edaef6
720,bf935ec7-d76a-459d-bb79-6d1617c1d1af,1080,vlog on fashion!,,479625,93,1752417483,677497,4816,a771b172-b4ab-4139-aec3-b648584790b2
1080,bf935ec7-d76a-459d-bb79-6d1617c1d1af,720,unboxing on fitness!,2307,436496,169,1750171083,382482,2068,8b4d9ff8-0666-4c99-8f6b-c7ee50267310
720,bf935ec7-d76a-459d-bb79-6d1617c1d1af,1080,reaction on beauty!,6785,408404,88,1753022283,722261,1524,ec9180b3-7888-4f9d-b6e6-53f77cb65688
1080,bf935ec7-d76a-459d-bb79-6d1617c1d1af,1080,vlog on fashion!,,117638,34,1752763083,525359,830,cb572758-807c-4b2d-8f61-e444ba8cb48c
1080,bf935ec7-d76a-459d-bb79-6d1617c1d1af,1080,unboxing on beauty!,6296,200409,NaN,1747838283,455540,2931,cee29e9e-28c1-4405-b65b-e057f92b6920
720,bf935ec7-d76a-459d-bb79-6d1617c1d1af,,reaction on tech!,6633,,178,1752763083,NaN,1752,67e85fe7-de01-4444-897b-27ae24044084
1080,bf935ec7-d76a-459d-bb79-6d1617c1d1af,720,vlog on food!,,167388,145,1748183883,65907,953,b46c0184-2ad0-4328-b133-1275e0f8e234
720,bf935ec7-d76a-459d-bb79-6d1617c1d1af,1080,unboxing on fashion!,5443,225412,111,1748961483,996936,2380,d110dcdf-8167-4ae3-900b-641e251f738f
1080,bf935ec7-d76a-459d-bb79-6d1617c1d1af,1080,unboxing on tech!,4116,178322,85,1749479883,578678,,85d2e816-c22d-4ecf-b913-e09e5bda633a
720,bf935ec7-d76a-459d-bb79-6d1617c1d1af,1080,reaction on fashion!,7479,410366,57,1750948683,301358,2565,51c7b8ff-a0f8-4957-a7f7-efd3b0179fdc
1080,bf935ec7-d76a-459d-bb79-6d1617c1d1af,720,reaction on food!,6975,336314,93,1751294283,824309,,c15ad8ff-4674-483b-8dbc-5aefd983e19b
0.0.0,bf935ec7-d76a-459d-bb79-6d1617c1d1af,720,vlog on beauty!,8104,339216,72,1751121483,932593,669,21d36da4-9e01-4fb8-bbbb-45c84caf485e
720,bf935ec7-d76a-459d-bb79-6d1617c1d1af,1080,reaction on travel!,3111,292663,NaN,1747838283,201008,4156,2ff9f79b-c4b8-4f40-a706-a93200f0065e
720,bf935ec7-d76a-459d-bb79-6d1617c1d1af,720,vlog on fitness!,?,NaN,34,1751985483,217476,4644,d4a6ebf8-05cf-4a21-859c-0737c8970120
1080,bf935ec7-d76a-459d-bb79-6d1617c1d1af,720,unboxing on tech!,5201,268070,58,1751035083,986102,3940,8c456004-0289-44f8-affc-a202b511bcb9
720,bf935ec7-d76a-459d-bb79-6d1617c1d1af,1080,vlog on tech!,9135,344465,,1748443083,263466,173,bd5b9965-f9a7-4273-85e8-e7af9322b746
1080,bf935ec7-d76a-459d-bb79-6d1617c1d1af,720,unboxing on fashion!,1139,,121,1750343883,342984,1557,4bb4ee23-f24f-422a-bbf9-a55a082eafa5
720,bf935ec7-d76a-459d-bb79-6d1617c1d1af,1080,reaction on fitness!,0.0.0,,54,1752763083,19679,3353,554bf368-b732-4c5b-8807-daceab351fdb
1080,bf935ec7-d76a-459d-bb79-6d1617c1d1af,720,review on tech!,3054,36035,127,1748788683,896664,3413,a8aa8ec0-0ed7-4621-bf36-14bab09dfc0b
1080,bf935ec7-d76a-459d-bb79-6d1617c1d1af,720,vlog on fashion!,6868,278587,81,1750948683,36694,2469,d13c3a01-2d07-4f95-b825-2b890c635e62
1080,bf935ec7-d76a-459d-bb79-6d1617c1d1af,1080,review on fitness!,3241,3088,100,1752331083,223274,1066,c6942c4d-bd70-4213-84c5-cf8c49921905
0.0.0,485fcadd-a716-48a2-a1d0-833af92f5535,0.0.0,unboxing on fashion!,8143,473527,50,1750257483,318456,845,174d20dc-2a2f-4335-a4d0-be6e08ed0d2a
720,485fcadd-a716-48a2-a1d0-833af92f5535,1080,challenge on food!,5459,438174,10,1752244683,838148,2227,82779212-6d93-410b-a046-bc4dd3b8e363
1080,485fcadd-a716-48a2-a1d0-833af92f5535,720,reaction on food!,2199,48168,82,1752935883,575980,1256,2743ee4e-7d08-4dd0-8cc9-105b9647368d
720,485fcadd-a716-48a2-a1d0-833af92f5535,1080,challenge on travel!,5897,55608,?,1750084683,342155,1899,409d9c96-6fcd-4046-bb74-3fc34bc02ffd
720,485fcadd-a716-48a2-a1d0-833af92f5535,?,challenge on tech!,,481515,30,1751812683,986408,71,e6a43956-ba20-4166-a4af-7dd7420dc25f
1080,485fcadd-a716-48a2-a1d0-833af92f5535,1080,unboxing on travel!,2507,360881,24,1750775883,863433,1506,a191fd80-926d-400d-a580-926e6c64e9c9
1080,485fcadd-a716-48a2-a1d0-833af92f5535,720,review on beauty!,?,?,116,1751553483,0.0.0,3313,14bd956c-ad12-4b0a-aa62-deac160f182c
1080,485fcadd-a716-48a2-a1d0-833af92f5535,1080,review on travel!,717,309837,113,1749307083,NaN,,21964282-c4b4-4815-a9e0-fc42183a918c
720,485fcadd-a716-48a2-a1d0-833af92f5535,720,unboxing on travel!,5188,198070,128,1748011083,651627,1809,373bb870-c6fe-4a4d-ad7a-5e80e334eb36
720,485fcadd-a716-48a2-a1d0-833af92f5535,1080,review on food!,2059,355689,120,1752676683,906638,4443,65aaaae0-8a41-47be-afcd-cd9db930b59c
720,485fcadd-a716-48a2-a1d0-833af92f5535,720,reaction on tech!,474,NaN,104,1749307083,720868,93,98bf53a6-714e-4fe3-bfe9-c3237682d540
1080,485fcadd-a716-48a2-a1d0-833af92f5535,1080,unboxing on food!,1337,240553,71,1751639883,507141,973,b6842cbf-6afd-4bb5-ade1-685717eb5e0d
720,485fcadd-a716-48a2-a1d0-833af92f5535,1080,review on fitness!,4102,81526,101,1750516683,880882,4679,563a96bd-9ba7-4ba2-8cdd-59061d0278c7
720,485fcadd-a716-48a2-a1d0-833af92f5535,0.0.0,vlog on travel!,1514,268532,20,1750689483,0.0.0,4287,42f5d117-1a7e-43e5-b543-f426970ecf75
1080,485fcadd-a716-48a2-a1d0-833af92f5535,720,unboxing on tech!,?,,120,1751553483,13167,4316,ab623318-a346-4e02-ba73-9bf80a669e40
720,485fcadd-a716-48a2-a1d0-833af92f5535,0.0.0,reaction on fitness!,8672,408593,175,1750516683,800036,4538,c60cde0b-ff1b-4e7b-bd62-22de5c418b19
1080,485fcadd-a716-48a2-a1d0-833af92f5535,1080,reaction on food!,9227,338998,146,1751553483,786152,3690,d9ce07b0-be24-4575-8080-e9c0f6db11e6
720,485fcadd-a716-48a2-a1d0-833af92f5535,1080,reaction on food!,7526,0.0.0,163,1751467083,734777,2779,a024976c-d6b6-42b5-9ade-cfb44a9df93c
1080,485fcadd-a716-48a2-a1d0-833af92f5535,1080,vlog on fashion!,,13387,161,1751467083,247551,2023,320189b3-a89f-498f-8d15-526467cd6d83
720,d7ad4bdf-ef7c-448e-968d-8b79fc1e241c,720,reaction on food!,3546,,19,1752503883,NaN,2236,efe23bb0-7231-41ff-94fa-5a116d94c91e
1080,d7ad4bdf-ef7c-448e-968d-8b79fc1e241c,1080,reaction on food!,4477,259132,165,1752590283,189902,0.0.0,39f52183-cfe0-4810-b42c-01b84456e236
1080,d7ad4bdf-ef7c-448e-968d-8b79fc1e241c,720,challenge on beauty!,3314,,105,1752676683,566035,731,c1d10f8d-3def-49ae-9dab-c737940da7af
1080,d7ad4bdf-ef7c-448e-968d-8b79fc1e241c,1080,vlog on food!,0.0.0,7512,,1749825483,137459,3032,58b1aacd-875d-4e8f-b5f9-aefe955d9d39
1080,d7ad4bdf-ef7c-448e-968d-8b79fc1e241c,,challenge on beauty!,3953,167839,151,1749393483,794180,189,c120499b-c5ed-416c-881d-6e17e6b9f95c
720,d7ad4bdf-ef7c-448e-968d-8b79fc1e241c,1080,vlog on tech!,?,241351,146,1749825483,372671,3534,141ebec4-db3c-4ceb-848f-3617ebef3562
720,d7ad4bdf-ef7c-448e-968d-8b79fc1e241c,1080,vlog on fitness!,3235,,18,1750343883,271069,4845,d800c82d-5e42-4641-b8c2-2741d935c018
720,d7ad4bdf-ef7c-448e-968d-8b79fc1e241c,720,review on travel!,2432,28946,169,1748702283,6591,3144,d62c7544-0543-4daa-adc8-cf5f975cf51b
720,d7ad4bdf-ef7c-448e-968d-8b79fc1e241c,720,reaction on beauty!,5192,434473,99,1750775883,218802,,999a09ed-0cc9-41e0-b0bd-e60a0bc67305
1080,d7ad4bdf-ef7c-448e-968d-8b79fc1e241c,720,review on travel!,7907,295873,116,1751726283,596503,3188,af51c8ef-291b-491d-911b-267e66b9aea8
720,d7ad4bdf-ef7c-448e-968d-8b79fc1e241c,720,challenge on fitness!,7854,352827,128,1749566283,389614,2779,76ee0f8a-2808-41bc-8a70-6a2a466b1010
1080,d7ad4bdf-ef7c-448e-968d-8b79fc1e241c,720,reaction on tech!,9949,216183,59,1748011083,737237,4243,0aca7cc9-d889-4871-89f4-0d6efd8bfb3e
1080,d7ad4bdf-ef7c-448e-968d-8b79fc1e241c,1080,reaction on beauty!,1452,80821,92,1748011083,226837,3422,05c851ab-e466-49cd-bf8f-33e4457b24e5
1080,d7ad4bdf-ef7c-448e-968d-8b79fc1e241c,720,challenge on fitness!,4090,82460,109,1751726283,527811,3650,70514759-1ed8-45e1-a948-3fdc10e733e1
NaN,d7ad4bdf-ef7c-448e-968d-8b79fc1e241c,720,unboxing on fitness!,9321,17769,121,1747838283,894560,,c105fd7e-6ba3-45bf-b6eb-80a7b8bfa4ae
720,97aa9797-2f3f-43bb-ba1b-70a6e2a3a2b2,720,unboxing on tech!,852,175987,,1753022283,789267,600,c20091e6-47f0-433a-bf36-8746947ed99f
720,97aa9797-2f3f-43bb-ba1b-70a6e2a3a2b2,1080,reaction on travel!,815,278941,62,1752590283,553688,4719,f71d2546-8116-4327-8431-008dc584c135
720,97aa9797-2f3f-43bb-ba1b-70a6e2a3a2b2,1080,reaction on tech!,636,0.0.0,93,1749479883,879504,2558,a8a1e718-b9d4-4273-b4b8-39948b364ec4
1080,97aa9797-2f3f-43bb-ba1b-70a6e2a3a2b2,720,reaction on tech!,2084,446575,64,1748270283,607183,3001,539d73f7-8ab7-4696-aa6c-5077e5b21392
1080,97aa9797-2f3f-43bb-ba1b-70a6e2a3a2b2,1080,reaction on beauty!,5475,466145,137,1750084683,74340,NaN,9c47a042-386f-41de-8fb0-7c72317a4792
1080,97aa9797-2f3f-43bb-ba1b-70a6e2a3a2b2,1080,vlog on travel!,3904,189057,76,1749479883,0.0.0,2692,d9c319a4-23f3-4f7f-a298-3fd7c31288dc
720,,720,unboxing on beauty!,5463,421780,22,1749739083,100632,3180,c80630f6-8ab2-497f-8c1a-97d7672106f5
720,97aa9797-2f3f-43bb-ba1b-70a6e2a3a2b2,1080,vlog on tech!,6214,228501,17,1749307083,723409,2795,86378db9-009c-45dc-a5c3-9390f9329e92
1080,97aa9797-2f3f-43bb-ba1b-70a6e2a3a2b2,720,unboxing on beauty!,4646,235714,19,1749652683,881971,1798,7aaae24c-9b02-4d76-8a20-ae913236972a
720,97aa9797-2f3f-43bb-ba1b-70a6e2a3a2b2,720,reaction on food!,7997,,49,1750084683,601579,3394,501e571d-e762-4893-9f31-7783d6cf1d64
1080,97aa9797-2f3f-43bb-ba1b-70a6e2a3a2b2,720,review on fashion!,6620,290003,60,1752158283,9572,4686,08c9d71a-a60d-4d3a-89c0-0d1790648710
720,97aa9797-2f3f-43bb-ba1b-70a6e2a3a2b2,720,unboxing on tech!,3520,NaN,16,1753022283,0.0.0,,bc5664af-9450-4430-a047-39b3394917b5
720,97aa9797-2f3f-43bb-ba1b-70a6e2a3a2b2,720,challenge on fitness!,938,236533,84,1748183883,861338,3485,c7fe81fb-8a3c-4136-9227-b8bbb1a6f867
1080,97aa9797-2f3f-43bb-ba1b-70a6e2a3a2b2,720,review on beauty!,3627,366806,41,1749998283,123579,1712,730181f8-45a2-451f-8f41-56995e237861
720,97aa9797-2f3f-43bb-ba1b-70a6e2a3a2b2,720,challenge on tech!,?,255430,107,1747924683,534470,1289,18e4bd0d-bcad-4ad5-8ec5-e44a16c6d100
1080,97aa9797-2f3f-43bb-ba1b-70a6e2a3a2b2,1080,unboxing on fitness!,1964,417213,146,1747924683,725517,1915,c647d9f7-89bf-4104-a343-51ec626a453b
720,97aa9797-2f3f-43bb-ba1b-70a6e2a3a2b2,1080,challenge on fitness!,,145635,92,1749566283,713448,3478,41a4c605-bd8b-4afc-848b-d30f702c486c
1080,97aa9797-2f3f-43bb-ba1b-70a6e2a3a2b2,720,reaction on tech!,?,1845,67,1747924683,8174,2042,af299e2d-eb56-4e64-acc0-fd4ce3ca8a0b
720,97aa9797-2f3f-43bb-ba1b-70a6e2a3a2b2,1080,unboxing on food!,1009,201086,67,1749911883,,2809,050ebfd6-5b35-4b1b-a591-64738e634f98
720,97aa9797-2f3f-43bb-ba1b-70a6e2a3a2b2,1080,reaction on beauty!,4903,58374,98,1752244683,957726,1099,4cdda16e-66e7-4a19-8718-d534d149a5e8
720,97aa9797-2f3f-43bb-ba1b-70a6e2a3a2b2,1080,vlog on travel!,4597,0.0.0,131,1748961483,851989,718,a9905385-4672-474a-bd5e-bda7a0df9579
1080,97aa9797-2f3f-43bb-ba1b-70a6e2a3a2b2,720,review on fitness!,2495,341705,36,1751121483,656106,4099,cbf607a9-fda7-42df-b894-8f6543f2285e
720,97aa9797-2f3f-43bb-ba1b-70a6e2a3a2b2,1080,review on fashion!,8816,490487,69,1748875083,676038,1093,0ed5d1b5-bd5b-4d32-b086-f6475661eff5
?,97aa9797-2f3f-43bb-ba1b-70a6e2a3a2b2,,review on food!,3990,51544,40,1748011083,558593,973,d2be95d6-ae4b-4079-8f77-9c1e67b473c9
720,97aa9797-2f3f-43bb-ba1b-70a6e2a3a2b2,1080,unboxing on travel!,9279,65667,86,1752158283,305332,0.0.0,5fdaedcc-9582-4417-8a03-617888b81ca6
1080,9791c974-f052-4167-8ed1-58407d9c7e86,720,reaction on fitness!,1554,387300,175,1749134283,400747,1816,47f30c7e-acbe-465e-b1b7-f8372bc68c11
1080,9791c974-f052-4167-8ed1-58407d9c7e86,1080,unboxing on fashion!,?,71905,115,1749134283,794559,3382,b0123e46-e084-4ce1-9310-54e50076cf57
0.0.0,9791c974-f052-4167-8ed1-58407d9c7e86,1080,vlog on fitness!,5249,0.0.0,0.0.0,1753022283,260880,3041,df0d9bc8-c410-4ad8-9d10-ab7eac72b5e4
720,9791c974-f052-4167-8ed1-58407d9c7e86,1080,reaction on food!,2586,244908,102,1752331083,632344,2546,c0183e53-98ac-4d99-ae6d-6e930ec6a0d5
720,9791c974-f052-4167-8ed1-58407d9c7e86,1080,review on food!,2657,0.0.0,154,1749998283,51403,4661,907c9a38-472f-4cd9-8c9b-1e0ee9ab8f54
720,9791c974-f052-4167-8ed1-58407d9c7e86,1080,vlog on tech!,3122,109070,136,1751639883,383648,2613,16e6b876-79f0-4496-ac03-039c5ddb5c21
1080,9791c974-f052-4167-8ed1-58407d9c7e86,1080,reaction on tech!,2974,275020,153,1752158283,920780,2448,b05f1dc3-4a91-4a0f-a842-75d181674f43
720,9791c974-f052-4167-8ed1-58407d9c7e86,720,review on travel!,4930,445261,148,1747924683,557416,2241,c6829eb7-0eb5-4677-a1c8-28300bce1bd2
1080,9791c974-f052-4167-8ed1-58407d9c7e86,720,challenge on travel!,7753,NaN,167,1752071883,243746,1824,8460ab44-9807-48c5-994f-3db496c9acf9
1080,9791c974-f052-4167-8ed1-58407d9c7e86,1080,unboxing on food!,,224759,69,1750775883,421546,4979,f053c0d3-cc6c-465f-8c0d-1f5bcd5a1c16
1080,9791c974-f052-4167-8ed1-58407d9c7e86,1080,challenge on travel!,3344,493465,156,1749307083,286047,3817,8e9ae63e-1c0a-4c6c-8d85-54446a82a12f
1080,9791c974-f052-4167-8ed1-58407d9c7e86,NaN,unboxing on fitness!,8178,15876,153,1749566283,17675,0.0.0,daa4bffa-0245-4731-9206-84da07f46b84
1080,9791c974-f052-4167-8ed1-58407d9c7e86,720,unboxing on fitness!,5354,153647,119,1751207883,237666,988,7c43f73c-7ac5-4683-a751-dea225239a75
720,9791c974-f052-4167-8ed1-58407d9c7e86,720,vlog on food!,7192,385606,165,1749134283,120653,495,35072b63-40c7-402f-b9c4-6c2922504c28
720,9791c974-f052-4167-8ed1-58407d9c7e86,1080,review on travel!,9693,351760,110,1749998283,164045,720,eb1d1c79-8e9a-4b9d-a2c3-2afb3e15a62f
720,9791c974-f052-4167-8ed1-58407d9c7e86,1080,review on tech!,0.0.0,228023,35,1747838283,336587,,358814d4-4e8d-4fa9-be5e-1634523fce35
1080,9791c974-f052-4167-8ed1-58407d9c7e86,720,reaction on food!,1486,262103,117,1751639883,356483,1979,ab51acc5-d0e0-408b-8336-357d2f66a483
1080,9791c974-f052-4167-8ed1-58407d9c7e86,720,vlog on travel!,5444,81317,172,1748615883,939734,497,352f2930-4558-4df7-b4fe-c7044bf0d3be
1080,9791c974-f052-4167-8ed1-58407d9c7e86,720,reaction on tech!,2104,382100,169,1750430283,66461,4818,d15ad892-0e80-4a69-992a-f9c22ffd4bc0
1080,9791c974-f052-4167-8ed1-58407d9c7e86,1080,reaction on travel!,3328,432164,126,1749825483,716225,3533,60b7f958-bbb0-40be-9bf8-de96d7ad1dda
720,9791c974-f052-4167-8ed1-58407d9c7e86,,unboxing on tech!,8909,154045,74,1751294283,190368,1775,39a8a207-f40c-4038-9ef0-f5143f765fb9
1080,9791c974-f052-4167-8ed1-58407d9c7e86,720,vlog on food!,2098,382251,157,1752503883,774069,305,29e6aa39-a1bf-430f-8a91-c7eedb4ff670
1080,9791c974-f052-4167-8ed1-58407d9c7e86,720,vlog on travel!,?,295714,,1748702283,44415,4706,b0df07a7-db3e-48af-9a51-ec6a0b7e16b5
720,9791c974-f052-4167-8ed1-58407d9c7e86,1080,reaction on food!,8037,135139,30,1752590283,760470,726,d14d7845-7e20-4180-acdd-9effa63905f9
1080,9791c974-f052-4167-8ed1-58407d9c7e86,1080,challenge on fashion!,8513,34357,140,1750775883,891780,2264,9981fd71-ed6d-412c-9a88-0cce9a025024
1080,9791c974-f052-4167-8ed1-58407d9c7e86,720,reaction on fitness!,5754,220732,159,1750603083,963072,194,b4ce51f7-4e5c-46d7-a5b4-b04b9f3a0860
1080,c8990055-a1cd-454f-aecc-6662ef91fd4a,1080,challenge on travel!,2055,403193,71,1749479883,393370,2873,fc9a5af4-1e92-4a9a-bf66-eda1e63a7597
720,c8990055-a1cd-454f-aecc-6662ef91fd4a,1080,unboxing on fashion!,9716,393548,155,1750775883,770137,1561,f39830fa-6a81-4e5f-958c-8ce016aee07f
1080,c8990055-a1cd-454f-aecc-6662ef91fd4a,720,vlog on travel!,9092,81040,52,1749652683,362167,1219,a58ce09e-f73b-4732-a67a-a8d2480b6b1b
720,c8990055-a1cd-454f-aecc-6662ef91fd4a,720,challenge on food!,7308,423865,153,1750689483,988442,1012,ac3ca4ef-6f69-4b4c-89d3-3b58b1e698be
1080,c8990055-a1cd-454f-aecc-6662ef91fd4a,720,review on travel!,3136,280481,107,1750689483,726394,1596,bcfd79c5-8a0d-45e4-8dfb-278c26eda153
1080,c8990055-a1cd-454f-aecc-6662ef91fd4a,720,review on fitness!,6030,165092,98,1748356683,143028,627,c2124e28-b08d-44c7-80e9-d88528119b8e
720,c8990055-a1cd-454f-aecc-6662ef91fd4a,1080,challenge on fitness!,9207,?,75,1751035083,316140,4889,20e1ba30-f403-43cc-b02f-2e10c891b6c6
720,c8990055-a1cd-454f-aecc-6662ef91fd4a,1080,review on food!,925,135761,132,1750948683,931675,2122,b0307de8-2268-447e-8e7a-5c6985527312
720,c8990055-a1cd-454f-aecc-6662ef91fd4a,1080,reaction on fashion!,4759,166472,80,1752071883,322660,,db6f035b-2915-44a3-81be-3472d8eb5690
720,c8990055-a1cd-454f-aecc-6662ef91fd4a,720,unboxing on tech!,168,423580,178,1752676683,297953,1794,9ff0d7b5-6a1e-4295-978d-c8918820f775
1080,c8990055-a1cd-454f-aecc-6662ef91fd4a,720,vlog on tech!,9127,341960,153,1749047883,229890,1804,dbd80cbf-aa15-45cd-b913-35d3dedc6fa7
1080,c8990055-a1cd-454f-aecc-6662ef91fd4a,720,vlog on beauty!,,327971,46,1752158283,390623,,5df150f5-3de3-46cb-8dc7-6899974425b0
720,c8990055-a1cd-454f-aecc-6662ef91fd4a,1080,vlog on beauty!,1481,448034,114,1748875083,630856,,1749b738-46b7-422d-a20a-37329aad89ea
1080,c8990055-a1cd-454f-aecc-6662ef91fd4a,720,reaction on tech!,974,361804,58,1752849483,0.0.0,739,41930786-ae60-4f5f-a1dd-88522c3ecffe
720,c8990055-a1cd-454f-aecc-6662ef91fd4a,1080,review on tech!,0.0.0,454746,111,1752244683,663854,4116,912148da-1324-4c35-957c-7d413a8ed4f3
720,c8990055-a1cd-454f-aecc-6662ef91fd4a,1080,reaction on travel!,4339,409790,159,1749220683,245689,1687,a5a8a613-85a4-4aaa-b8fc-b3912b408c74
720,c8990055-a1cd-454f-aecc-6662ef91fd4a,1080,unboxing on travel!,9129,219403,0.0.0,1749652683,679699,4468,bd447bc1-8863-42a8-b278-d00ef651dcc6
720,c8990055-a1cd-454f-aecc-6662ef91fd4a,720,unboxing on beauty!,2239,249595,53,1749307083,465732,2973,027aa1fe-46ab-4626-86fe-4fffcdec3f2f
720,c8990055-a1cd-454f-aecc-6662ef91fd4a,720,unboxing on travel!,3647,177813,30,1750516683,660949,0.0.0,e07c51f5-46b2-493d-aa01-bcb01a9b5b8f
720,c8990055-a1cd-454f-aecc-6662ef91fd4a,720,reaction on fashion!,0.0.0,386075,154,1752676683,276090,4471,143becde-b844-41d3-b9fc-59f94f425b6c
1080,c8990055-a1cd-454f-aecc-6662ef91fd4a,720,unboxing on fashion!,6992,180877,81,1752071883,929557,2745,69799548-e1e9-443d-8319-91105180fe9a
720,c8990055-a1cd-454f-aecc-6662ef91fd4a,720,challenge on fashion!,53,?,151,1748788683,,4980,0e03f393-6ada-4550-a447-660b72b8dbcf
720,6c08497b-24cc-4143-b6dc-1de429fb9ca0,1080,unboxing on fitness!,7057,NaN,146,1752071883,246305,2009,cc956dac-80c6-41ff-bbf6-dba9fe7b5bf6
720,6c08497b-24cc-4143-b6dc-1de429fb9ca0,720,reaction on fitness!,7377,121416,167,1747838283,333948,1402,69571333-2c40-4a38-b33d-a326b3378b82
720,6c08497b-24cc-4143-b6dc-1de429fb9ca0,1080,challenge on fashion!,0.0.0,451548,49,1750084683,710478,2880,d501b4f0-860d-4d56-ab4d-12691905c73b
720,6c08497b-24cc-4143-b6dc-1de429fb9ca0,1080,review on beauty!,2217,195344,155,1750775883,,,0029f5f0-25ae-4640-bf5e-9b882a85474d
720,6c08497b-24cc-4143-b6dc-1de429fb9ca0,720,challenge on travel!,1747,486345,25,1749134283,815074,NaN,25f58b98-8459-4c0c-afdf-d817300f3cc2
720,6c08497b-24cc-4143-b6dc-1de429fb9ca0,1080,vlog on fitness!,,477551,103,1749911883,?,1448,3551a0c7-213e-4103-b210-737a06f0d1d8
1080,6c08497b-24cc-4143-b6dc-1de429fb9ca0,720,unboxing on food!,7015,317130,89,1752763083,337816,3209,aabf83f6-8b14-4394-a1c8-d7c7d81c99cd
720,6c08497b-24cc-4143-b6dc-1de429fb9ca0,720,vlog on fashion!,16,450443,128,1750343883,247100,4652,d8d6318e-6054-4d81-a341-c92fff3955f9
720,6c08497b-24cc-4143-b6dc-1de429fb9ca0,,unboxing on fashion!,?,326840,11,1748529483,140305,2156,35e66c47-6d67-4fc5-9bb9-64680bcad69a
1080,6c08497b-24cc-4143-b6dc-1de429fb9ca0,720,challenge on tech!,7007,495841,110,1751121483,760948,4177,fa80b14c-e0ec-4c37-8bb1-bc2af653cc22
720,6c08497b-24cc-4143-b6dc-1de429fb9ca0,720,reaction on travel!,2554,383973,41,1750948683,359891,3320,3a0a3536-86bf-4c59-b11e-af585c16ad79
720,6c08497b-24cc-4143-b6dc-1de429fb9ca0,720,vlog on travel!,2581,419829,62,1752849483,360849,1735,9946ef96-92c8-4061-9fb1-a4171e5940c1
720,6c08497b-24cc-4143-b6dc-1de429fb9ca0,720,review on food!,2568,159383,155,1749479883,33169,2386,88f1aa6c-031a-4dfe-b510-cf133e89002c
1080,6c08497b-24cc-4143-b6dc-1de429fb9ca0,1080,unboxing on beauty!,2977,421761,61,1749134283,838704,2372,4281a0b6-50f3-4c7d-9771-f161a08f3875
720,6c08497b-24cc-4143-b6dc-1de429fb9ca0,720,vlog on tech!,1092,195626,138,1750603083,315,4312,7cbafc74-2a08-4476-9afe-eb08103ea906
1080,6c08497b-24cc-4143-b6dc-1de429fb9ca0,0.0.0,review on fashion!,1949,136434,167,1749998283,0.0.0,3789,2aa2aa84-535c-4421-825d-d2a82f2e178a
1080,6c08497b-24cc-4143-b6dc-1de429fb9ca0,1080,vlog on fitness!,5913,16391,102,1751812683,NaN,,0b6cb68b-4186-4a14-8292-1d5276345fa2
1080,6c08497b-24cc-4143-b6dc-1de429fb9ca0,720,unboxing on fashion!,9453,151683,69,1752244683,600685,3887,f403a065-73c4-425f-bf0d-b85f6abd86b7
1080,6c08497b-24cc-4143-b6dc-1de429fb9ca0,1080,unboxing on food!,3109,NaN,58,1752503883,609774,3649,b3d02456-11fd-4236-977b-f190853d7e47
720,6c08497b-24cc-4143-b6dc-1de429fb9ca0,720,unboxing on fitness!,8774,,155,1749220683,48775,2686,cab80a26-0652-4fda-8b82-62f70e6d9b6d
?,ea7fabd0-4102-4eed-86b2-5905391c1411,720,reaction on fitness!,4595,37792,113,1749047883,230506,4163,1d4e13df-e43a-437f-a089-0fee570a80f1
1080,ea7fabd0-4102-4eed-86b2-5905391c1411,720,vlog on fitness!,3150,224154,13,1751294283,59725,4424,a0402a6e-46b9-442a-add9-5e4fb628fda7
1080,ea7fabd0-4102-4eed-86b2-5905391c1411,720,review on tech!,7981,323286,158,1750948683,NaN,,79980f1b-1303-45d0-9505-5064518f613c
720,ea7fabd0-4102-4eed-86b2-5905391c1411,1080,challenge on fitness!,5433,80048,58,1753022283,48768,552,41accb1a-9ab4-49da-b918-b097e43d4595
1080,ea7fabd0-4102-4eed-86b2-5905391c1411,1080,unboxing on food!,541,475048,?,1750689483,809610,3295,b44ef05e-64af-47a0-9e83-010f14911e4c
1080,ea7fabd0-4102-4eed-86b2-5905391c1411,720,vlog on fitness!,3214,437993,115,1750257483,191037,?,bf696d3d-c8ce-4fe9-ab79-d1e3d1a6abca
720,ea7fabd0-4102-4eed-86b2-5905391c1411,720,review on food!,8314,450525,104,1752503883,655791,1272,32a0ef24-3bd9-4ae8-bc03-39f514d571d2
1080,ea7fabd0-4102-4eed-86b2-5905391c1411,,review on beauty!,3780,,142,1749047883,102568,4579,46dccf83-2a1f-4983-926d-8b689a738dce
1080,ea7fabd0-4102-4eed-86b2-5905391c1411,720,challenge on beauty!,6485,0.0.0,113,1752417483,656133,2900,9a7f533b-d136-4422-9180-4282008a46c4
1080,ea7fabd0-4102-4eed-86b2-5905391c1411,1080,vlog on fashion!,3470,NaN,129,1748875083,652038,869,e07796f9-8a89-4c9c-a073-793ba877aec1
720,ea7fabd0-4102-4eed-86b2-5905391c1411,720,reaction on tech!,5520,357974,61,1751812683,593609,0.0.0,06cb6c46-3afb-4de2-b471-e7e0940f71b7
720,ea7fabd0-4102-4eed-86b2-5905391c1411,1080,challenge on tech!,2392,80791,171,1750689483,158176,2285,430f92e2-ab29-45f9-8d3e-d97d8df460b9
720,ea7fabd0-4102-4eed-86b2-5905391c1411,1080,unboxing on food!,1452,NaN,61,1752590283,644325,2468,4a792e85-8ad4-419a-baab-1d6e2a41d0cc
1080,ea7fabd0-4102-4eed-86b2-5905391c1411,720,vlog on fashion!,3742,193084,17,1752071883,606415,2898,684c8fec-d6fc-4c2b-8ccf-0e0aa9ea50f0
1080,ea7fabd0-4102-4eed-86b2-5905391c1411,720,review on travel!,,120857,55,1748615883,764787,852,4f1fc5d8-36c6-41fc-985e-bad3066265f8
1080,ea7fabd0-4102-4eed-86b2-5905391c1411,1080,vlog on food!,3882,263183,93,1749911883,543192,532,1144770a-63b6-4437-af74-c94a079e9179
720,ea7fabd0-4102-4eed-86b2-5905391c1411,720,challenge on beauty!,6661,393975,75,1749220683,?,1597,4bc4652e-e9df-469c-9738-a44fc016cb91
1080,77b24328-1b84-4c56-8279-088c5798a433,?,unboxing on fitness!,7939,191578,84,1751812683,189072,1181,8725847a-6909-4610-a859-774e034dc5ea
720,77b24328-1b84-4c56-8279-088c5798a433,1080,review on tech!,6323,343599,118,1751380683,21191,4869,acd79857-a4bc-4b17-9826-2f5032f68d8b
720,77b24328-1b84-4c56-8279-088c5798a433,720,reaction on tech!,6951,,87,1750862283,614755,4604,ec3b6644-5f08-440a-a736-93739400aff3
720,77b24328-1b84-4c56-8279-088c5798a433,720,challenge on tech!,3332,338994,175,1749307083,904375,3337,e6f54b78-0e80-4b43-acc7-558e53e3004a
720,77b24328-1b84-4c56-8279-088c5798a433,720,vlog on tech!,7344,428594,10,1751726283,137133,963,595aab1e-d6ce-4ac2-ba24-d8923a62e942
720,77b24328-1b84-4c56-8279-088c5798a433,720,challenge on food!,1258,,,1751985483,,4490,3547c607-90e9-473c-a2ce-76f6b3a49ac4
1080,77b24328-1b84-4c56-8279-088c5798a433,720,review on travel!,5630,459308,NaN,1752244683,784404,3873,e4e2bada-68a2-4c06-b1b0-b5f0d426c3fd
1080,77b24328-1b84-4c56-8279-088c5798a433,1080,unboxing on fashion!,451,24461,34,1751726283,143595,142,d0d05f86-6b5c-44b0-9aa7-f2e8cf6f24d2
1080,77b24328-1b84-4c56-8279-088c5798a433,1080,vlog on fashion!,,,136,1751207883,59364,2377,adc6ff10-1830-42f6-8ce9-3028115a2da6
1080,77b24328-1b84-4c56-8279-088c5798a433,1080,review on travel!,9921,319218,32,1748875083,15738,1844,a04d33fb-ce00-40f4-95f3-c6757cb7387a
720,77b24328-1b84-4c56-8279-088c5798a433,720,reaction on beauty!,64,172846,116,1750775883,NaN,1208,27eda3d5-3472-47bf-bfbc-e16c6eab06ac
720,77b24328-1b84-4c56-8279-088c5798a433,720,unboxing on fashion!,371,455142,58,1751726283,874380,1180,9ce34a11-eabb-479e-9fd9-9e787c40c272
720,77b24328-1b84-4c56-8279-088c5798a433,NaN,challenge on food!,5957,0.0.0,136,1748961483,,2315,d12fe222-553b-4d07-aa25-b421e5a14b83
720,77b24328-1b84-4c56-8279-088c5798a433,720,challenge on tech!,9664,470420,148,1750948683,825895,821,ccee70be-0c48-4e9a-8e1b-11bd7b05c109
1080,77b24328-1b84-4c56-8279-088c5798a433,1080,vlog on food!,2607,430622,10,1749652683,72671,1843,b957fa1e-0bea-4d1e-a9af-0d870843143e
720,77b24328-1b84-4c56-8279-088c5798a433,720,reaction on food!,2975,0.0.0,106,1749739083,114425,0.0.0,e70af499-ad3a-43d4-adf9-9aa7780ba565
1080,77b24328-1b84-4c56-8279-088c5798a433,1080,review on food!,3378,323845,98,1749307083,,2000,0065830b-9135-4a7b-8f39-5c9f28def27a
1080,77b24328-1b84-4c56-8279-088c5798a433,1080,vlog on food!,5733,51728,112,1750171083,185565,1703,b79951f7-c574-49e8-b06a-26f89f44bb3f
1080,77b24328-1b84-4c56-8279-088c5798a433,720,challenge on travel!,6585,319553,175,1751467083,NaN,,1925cbea-bb00-419e-a3c0-ecc75002af57
1080,77b24328-1b84-4c56-8279-088c5798a433,1080,challenge on fitness!,,271860,118,1752935883,862839,3476,834c69b2-7fec-41c3-bb2c-0008eb611f1b
720,77b24328-1b84-4c56-8279-088c5798a433,1080,review on fashion!,4394,138422,55,1752331083,921429,474,28eee870-51b3-4253-8746-40fcdd248d3e
?,77b24328-1b84-4c56-8279-088c5798a433,1080,vlog on food!,9468,363323,113,1750516683,169007,4561,bf5dcde5-289d-44ec-b3a6-525ba2d12594
1080,77b24328-1b84-4c56-8279-088c5798a433,720,review on tech!,1947,200113,163,1752417483,593914,4548,d7ed393b-20c6-4b3b-8a05-8f0056ad6f75
720,77b24328-1b84-4c56-8279-088c5798a433,1080,unboxing on fashion!,6117,344745,29,1752417483,674050,3451,b45931d5-c2d2-4c24-a5ed-8598164362ff
1080,77b24328-1b84-4c56-8279-088c5798a433,1080,vlog on food!,7420,277530,98,1748875083,951226,?,54b28f55-24e9-450f-a853-6ef52aa96ea2
1080,262abdcd-5621-47f3-b818-bd56b9d8f3cb,1080,vlog on tech!,717,409814,,1749047883,635603,NaN,971b807f-6576-4ba9-b6eb-b4691ff3c011
720,262abdcd-5621-47f3-b818-bd56b9d8f3cb,1080,challenge on tech!,,58193,130,1751207883,800444,674,860e8bb7-e828-47cd-9e87-413d6a52ae96
1080,262abdcd-5621-47f3-b818-bd56b9d8f3cb,720,challenge on fashion!,4245,125810,42,1750084683,730654,2407,1a32c5e2-4172-4892-8bd2-fc4ab5a3386f
1080,262abdcd-5621-47f3-b818-bd56b9d8f3cb,1080,unboxing on fitness!,910,NaN,59,1752158283,495880,,48dd84e6-e7b2-4c96-bba9-b6366367ab91
720,262abdcd-5621-47f3-b818-bd56b9d8f3cb,1080,challenge on fashion!,6644,15758,111,1749652683,77630,1549,e0d59fbf-e2e6-4060-87ed-ce98519bb360
720,262abdcd-5621-47f3-b818-bd56b9d8f3cb,1080,vlog on beauty!,4546,68541,?,1749652683,457915,419,feed8b2f-50d7-47bc-ae88-a6ac686017a5
1080,262abdcd-5621-47f3-b818-bd56b9d8f3cb,720,unboxing on beauty!,9328,59877,21,1749479883,537496,4512,d9b984f4-ae17-4f70-a72d-d02ac0369f86
1080,262abdcd-5621-47f3-b818-bd56b9d8f3cb,720,reaction on fashion!,?,447095,177,1749479883,560818,156,9d8bda44-f28a-4c80-a04b-c65ac2a3a5ec
720,262abdcd-5621-47f3-b818-bd56b9d8f3cb,720,reaction on tech!,609,179247,20,1751121483,837613,4749,20586567-b886-4882-9b0f-df2fcd074188
1080,262abdcd-5621-47f3-b818-bd56b9d8f3cb,1080,reaction on travel!,8327,373076,17,1752849483,225874,1545,d353b657-c75b-416a-8e5e-de4aab3d6612
720,262abdcd-5621-47f3-b818-bd56b9d8f3cb,720,reaction on food!,2519,272426,163,1752849483,843882,4151,4dbf4c35-636d-42fd-99c9-1b5baf41e35c
1080,262abdcd-5621-47f3-b818-bd56b9d8f3cb,1080,challenge on beauty!,4168,38175,128,1750862283,393496,4088,2fd6cce3-18eb-4767-8067-68d88b9c89ea
1080,262abdcd-5621-47f3-b818-bd56b9d8f3cb,720,unboxing on travel!,3854,?,41,1751726283,254904,3983,f49924a7-497a-40e5-87b0-82190f0503c5
720,262abdcd-5621-47f3-b818-bd56b9d8f3cb,1080,unboxing on fashion!,9392,420395,35,1749911883,156802,3524,9087e86b-4d07-4328-8b60-9358cf8b232c
1080,262abdcd-5621-47f3-b818-bd56b9d8f3cb,?,vlog on beauty!,7100,426598,110,1750862283,5335,396,fa2e3a3f-4bb0-40a0-9d30-4934fd1dcf3d
1080,262abdcd-5621-47f3-b818-bd56b9d8f3cb,1080,challenge on food!,,65317,99,1752244683,408734,3075,419ef7f4-d585-463c-9b17-7334aecba406
1080,262abdcd-5621-47f3-b818-bd56b9d8f3cb,720,review on food!,8606,NaN,169,1748961483,759015,4114,6e390628-0eda-4861-a08f-47003bdf186b
1080,262abdcd-5621-47f3-b818-bd56b9d8f3cb,1080,challenge on fashion!,8308,407411,122,1749134283,681336,99,f1511e23-cb7c-4a86-935e-b96bb88ab455
720,262abdcd-5621-47f3-b818-bd56b9d8f3cb,1080,reaction on tech!,6304,331414,41,1748011083,323162,2512,7ed57889-bdd1-4c6f-a140-0b3f40b15223
1080,262abdcd-5621-47f3-b818-bd56b9d8f3cb,1080,unboxing on tech!,8541,409788,157,1752590283,657089,2872,3f1ab145-ef98-4817-b164-7cf9c3f01de1
720,262abdcd-5621-47f3-b818-bd56b9d8f3cb,1080,review on tech!,5751,368084,180,1751812683,490952,4190,5a3e236a-d7de-484e-bbc0-2582ecdead93
1080,262abdcd-5621-47f3-b818-bd56b9d8f3cb,720,vlog on food!,1931,306387,?,1749739083,682417,4580,8d2cee2f-4f8e-4472-b39c-44d56511e9c6
720,cd84cb50-cf4b-4687-8922-06db5018d0ff,720,vlog on fashion!,9136,3556,125,1751467083,504057,4881,21f15fc6-1a23-45bb-9db1-483ae7876a87
720,cd84cb50-cf4b-4687-8922-06db5018d0ff,1080,reaction on fashion!,6078,247079,167,1749307083,380763,3378,1a06ed36-52db-4dde-aa94-4fbce7e6bba6
720,cd84cb50-cf4b-4687-8922-06db5018d0ff,720,reaction on tech!,2637,76289,18,1749047883,160339,1373,9de27a63-2411-4f7d-aa06-caedae5bebde
720,cd84cb50-cf4b-4687-8922-06db5018d0ff,1080,vlog on beauty!,3490,430476,31,1747838283,702380,160,fc73e7c9-f60a-4657-8902-5ce43b0eefd6
NaN,cd84cb50-cf4b-4687-8922-06db5018d0ff,1080,unboxing on beauty!,4914,396961,145,1747924683,394852,4923,b4b9ee5a-0e6d-4207-bfca-1a736a457f91
1080,cd84cb50-cf4b-4687-8922-06db5018d0ff,1080,vlog on tech!,5512,41152,79,1748356683,810623,4024,1386346b-360a-4966-a8e8-df1ae1e3539d
1080,cd84cb50-cf4b-4687-8922-06db5018d0ff,720,challenge on fitness!,3152,172644,143,1749652683,60877,84,f0390dd6-3352-4803-9959-7aedcb104749
720,cd84cb50-cf4b-4687-8922-06db5018d0ff,720,vlog on travel!,0.0.0,415857,13,1748788683,,4405,c0566027-55aa-4e3d-873d-8f90f174cce8
720,cd84cb50-cf4b-4687-8922-06db5018d0ff,1080,review on food!,,,120,1750430283,297520,2199,538428b7-1e24-461b-b001-628a2e442013
1080,cd84cb50-cf4b-4687-8922-06db5018d0ff,1080,review on travel!,2995,,138,1750775883,877637,609,1994da70-5a3d-4393-be1b-93db4599336a
1080,cd84cb50-cf4b-4687-8922-06db5018d0ff,1080,vlog on travel!,321,157833,89,1750689483,668987,824,8e1238e0-e963-4803-b8c2-3fbf15dd72a4
720,cd84cb50-cf4b-4687-8922-06db5018d0ff,720,reaction on beauty!,370,186906,41,1749134283,,2400,d0f9c971-1e9a-416b-8a2c-6b57b69ae107
1080,cd84cb50-cf4b-4687-8922-06db5018d0ff,720,unboxing on fashion!,7768,417317,40,1749739083,368744,4017,86d9b885-9c8c-4b3e-a65e-44775bf74347
1080,cd84cb50-cf4b-4687-8922-06db5018d0ff,720,vlog on travel!,5748,80395,48,1750516683,129487,1981,cd94dc69-34f8-49f5-9f4c-547677477140
1080,cd84cb50-cf4b-4687-8922-06db5018d0ff,1080,vlog on travel!,8629,412746,87,1749134283,829693,,9aca151f-3357-4feb-8e28-bf67f5035b79
720,cd84cb50-cf4b-4687-8922-06db5018d0ff,720,review on fitness!,7286,219368,111,1748270283,600096,3657,169a432b-936f-43b0-8f0f-868f5ab844f1
720,cd84cb50-cf4b-4687-8922-06db5018d0ff,,reaction on fitness!,3102,82839,141,1749134283,295760,3522,db60b3a6-ecbc-4af7-ac8a-3988749c2f70
1080,cd84cb50-cf4b-4687-8922-06db5018d0ff,720,reaction on travel!,7761,185726,54,1750689483,456284,117,79fc500f-8817-48f7-8b73-f5042e9eebb9
1080,cd84cb50-cf4b-4687-8922-06db5018d0ff,720,review on food!,5851,NaN,45,1752590283,585261,1452,2dba9d7d-69c3-4ae6-bd89-99f9978a0488
1080,cd84cb50-cf4b-4687-8922-06db5018d0ff,720,vlog on travel!,3673,2242,114,1751553483,989696,755,86980eea-8a9c-452a-9522-e64fb1daa811
1080,cd84cb50-cf4b-4687-8922-06db5018d0ff,1080,unboxing on food!,343,98299,,1749307083,939099,478,3e52fee1-beba-48a6-9e4c-c4352ff4c7f3
720,cd84cb50-cf4b-4687-8922-06db5018d0ff,1080,challenge on beauty!,9056,436888,?,1751121483,494531,2111,90eb6587-7015-4130-bcc0-d17a3ebea0ee
720,cd84cb50-cf4b-4687-8922-06db5018d0ff,720,reaction on tech!,0.0.0,367344,145,1750603083,322181,4067,87940763-bfea-4b71-805a-e483271dd8a8
1080,cd84cb50-cf4b-4687-8922-06db5018d0ff,720,review on beauty!,1919,30993,117,1752331083,16738,4021,49802284-baa6-4e04-b806-aead15d0cba9
1080,cd84cb50-cf4b-4687-8922-06db5018d0ff,1080,challenge on beauty!,,266840,149,1753022283,472674,1523,2ed3be2f-6212-4ab5-a200-cc8ea668c6cf
?,2ae36e69-28d6-4908-ad14-6b25ad4139b0,1080,reaction on fashion!,127,358287,122,1749825483,35462,1539,942476cd-0750-4460-9148-4a8f527b9d3e
720,2ae36e69-28d6-4908-ad14-6b25ad4139b0,720,vlog on tech!,5795,471284,163,1751812683,15166,4907,1bafdf48-1e54-410c-be7b-5dc193af2f5f
720,2ae36e69-28d6-4908-ad14-6b25ad4139b0,720,reaction on fitness!,145,346502,13,1749911883,995084,2262,2e0ac94a-963b-4af0-9ebf-ed60be6b6f74
1080,2ae36e69-28d6-4908-ad14-6b25ad4139b0,1080,review on food!,4490,301588,40,1752244683,687733,757,f14a59b1-9290-459d-af78-301f1b200b49
1080,2ae36e69-28d6-4908-ad14-6b25ad4139b0,720,review on beauty!,9461,160766,59,1749998283,320547,4129,023bd668-55d6-4cd8-bc0f-52086a75766b
720,2ae36e69-28d6-4908-ad14-6b25ad4139b0,1080,reaction on travel!,8515,113977,88,1749393483,,4550,d91eb205-0758-4a89-8e10-35b2f8104fa1
1080,2ae36e69-28d6-4908-ad14-6b25ad4139b0,1080,unboxing on beauty!,NaN,363262,83,1749047883,102382,430,430da69a-c4bd-4a96-bd4e-88b8d1bbd8dd
1080,2ae36e69-28d6-4908-ad14-6b25ad4139b0,720,challenge on tech!,?,282375,81,1748270283,37032,3752,6d60bf0d-cf26-407e-a9a9-e3137f4d4f7f
720,2ae36e69-28d6-4908-ad14-6b25ad4139b0,720,vlog on fitness!,1307,163859,170,1753022283,623036,4942,f172bd68-8d20-4e14-9beb-2ab3f0bcd22b
1080,2ae36e69-28d6-4908-ad14-6b25ad4139b0,?,reaction on fashion!,3476,19215,NaN,,996919,4331,0e679486-c2a8-47a0-aeb0-0f5a8b38d7df
1080,2ae36e69-28d6-4908-ad14-6b25ad4139b0,720,unboxing on beauty!,6874,363756,169,1747838283,41844,1279,e76d71af-23bc-4e35-b015-dd8f5b96cdc9
720,2ae36e69-28d6-4908-ad14-6b25ad4139b0,1080,challenge on tech!,320,293250,55,1751639883,592948,NaN,17826a23-7d4f-4daf-af1e-b002af162729
1080,2ae36e69-28d6-4908-ad14-6b25ad4139b0,720,review on food!,9097,335278,164,1748529483,576459,3408,7cf756d2-fc22-45b0-90a8-387f72fb5ee9
?,2ae36e69-28d6-4908-ad14-6b25ad4139b0,720,reaction on food!,,395177,37,1750948683,548278,2217,687bb8b9-062f-454e-8856-a2d39f77c9c7
1080,2ae36e69-28d6-4908-ad14-6b25ad4139b0,0.0.0,vlog on fitness!,6316,5904,81,1750343883,79520,1935,1d9be4d1-e69b-4b2d-a1d5-a0f01de67690
720,2ae36e69-28d6-4908-ad14-6b25ad4139b0,720,challenge on food!,,70707,146,1751294283,908106,4835,5fb78f30-18bc-4a84-8427-0473a1221ff4
1080,2ae36e69-28d6-4908-ad14-6b25ad4139b0,720,reaction on fitness!,7330,387676,107,1751553483,0.0.0,3064,3eb26ae6-bd4d-4e54-b76c-8ff9443e61ee
1080,2ae36e69-28d6-4908-ad14-6b25ad4139b0,1080,reaction on fitness!,9032,177385,165,1751380683,745868,4035,187979d4-631b-4d45-8cf6-917e91e3eab5
,2ae36e69-28d6-4908-ad14-6b25ad4139b0,1080,reaction on tech!,0.0.0,142093,0.0.0,,276825,2060,18c03290-235e-49f4-a4e2-817db0bcba05
1080,bfdd9767-22e9-4743-bd36-10f156c7d966,1080,review on tech!,,211720,172,1748961483,660332,3908,31464a8b-ab1e-465e-b062-0b2eafbfb8f9
1080,bfdd9767-22e9-4743-bd36-10f156c7d966,?,unboxing on beauty!,854,222345,180,1751726283,714923,1510,dafd1ea1-8945-4441-a2b7-19152919bf1c
1080,bfdd9767-22e9-4743-bd36-10f156c7d966,1080,vlog on food!,527,210261,39,1751899083,426648,1271,3af1966a-8547-48ff-8d20-c1e131dbd674
720,bfdd9767-22e9-4743-bd36-10f156c7d966,1080,vlog on beauty!,,73541,24,1749566283,533833,892,bb202707-368a-422e-bbc1-8b697e131d09
720,bfdd9767-22e9-4743-bd36-10f156c7d966,1080,review on travel!,8489,203647,75,1749566283,57002,3730,bbd7d275-b85b-4143-abac-e75dbf5f4771
1080,bfdd9767-22e9-4743-bd36-10f156c7d966,720,vlog on tech!,8538,484162,136,1752849483,703692,2963,7a42f5a7-3cf0-440d-b9aa-077e35cef683
720,bfdd9767-22e9-4743-bd36-10f156c7d966,720,unboxing on fitness!,4395,232350,107,1750775883,106774,552,63673eb2-e98f-4682-bc11-a3dd00ce816c
720,bfdd9767-22e9-4743-bd36-10f156c7d966,720,reaction on fitness!,6240,185737,120,1750689483,117883,3204,50829ac3-37c5-47ef-a78f-de99d90faeb0
720,bfdd9767-22e9-4743-bd36-10f156c7d966,1080,vlog on fashion!,4341,164313,74,1750257483,548338,3729,b079696f-ef5b-43ea-a9fb-5d8071c1dfd4
720,bfdd9767-22e9-4743-bd36-10f156c7d966,1080,reaction on fitness!,7448,317010,165,1750862283,,2323,fb127450-cfdf-4fb4-8d8e-ac2bc159aae8
1080,bfdd9767-22e9-4743-bd36-10f156c7d966,720,review on tech!,2568,403907,136,1750689483,560615,NaN,77046fcd-6da4-45e1-aa35-98f2c7096d48
720,bfdd9767-22e9-4743-bd36-10f156c7d966,720,vlog on fashion!,9346,307129,148,1752071883,390446,3583,6efcc381-3515-471e-a495-2b656e9f4667
1080,bfdd9767-22e9-4743-bd36-10f156c7d966,1080,review on fitness!,9401,43709,0.0.0,1751207883,311430,1719,e0ebe23b-7d18-46a5-ac73-f5bec132fabe
720,bfdd9767-22e9-4743-bd36-10f156c7d966,1080,review on fashion!,8252,167228,177,1749479883,,853,7cce888f-263c-4a23-9901-d60ad06fccb2
720,bfdd9767-22e9-4743-bd36-10f156c7d966,720,review on beauty!,NaN,11171,117,1752503883,325812,2071,c7ccc831-92bf-4ff8-ac02-e315471b9593
720,84446618-f396-4ee3-a396-801ade40633c,720,review on tech!,3235,382909,76,1748011083,513909,80,8470bcf0-d097-4799-81e7-53b767d590a8
1080,84446618-f396-4ee3-a396-801ade40633c,720,unboxing on fitness!,2465,394617,32,1751467083,433748,972,64554747-5631-438b-a3b1-eed58757fa19
720,84446618-f396-4ee3-a396-801ade40633c,720,unboxing on beauty!,8512,246647,34,1748011083,977670,3596,d588d920-6340-45ee-8990-b58b663315f0
720,84446618-f396-4ee3-a396-801ade40633c,1080,review on travel!,0.0.0,326018,94,1751121483,869551,NaN,31d8c7ba-37f1-4dfb-81fb-bcbf8f16d749
720,84446618-f396-4ee3-a396-801ade40633c,1080,challenge on fashion!,9160,?,53,1751812683,200002,1493,18411a17-4238-402d-9b5f-7ab62a3a42cc
1080,84446618-f396-4ee3-a396-801ade40633c,1080,reaction on travel!,2336,150040,138,1752503883,12090,3443,882513f3-f24c-4895-a95d-34cee31f6d76
720,84446618-f396-4ee3-a396-801ade40633c,720,challenge on travel!,435,180028,66,1748097483,593479,1228,dba83263-4207-4cee-afed-6de078a278e6
720,84446618-f396-4ee3-a396-801ade40633c,1080,review on fitness!,6536,198981,163,1749047883,0.0.0,3300,55aaf687-e28a-42ee-add9-746f7a4157d3
1080,84446618-f396-4ee3-a396-801ade40633c,720,vlog on beauty!,3004,,116,1750343883,728865,4656,ab6ce748-1266-4d3e-ae6b-5f5166640f81
1080,84446618-f396-4ee3-a396-801ade40633c,720,unboxing on beauty!,411,312543,131,1749566283,0.0.0,3068,6d468a1e-e035-410e-b77d-e4d3e91055cd
720,84446618-f396-4ee3-a396-801ade40633c,720,unboxing on travel!,5014,142616,10,1752244683,981377,3644,d69b8cb6-7b30-4806-bcb4-15476aaec5cd
720,84446618-f396-4ee3-a396-801ade40633c,720,unboxing on fashion!,,NaN,121,1752676683,75376,1693,33ad6269-3883-4bd7-b272-1648e725a770
1080,84446618-f396-4ee3-a396-801ade40633c,1080,vlog on beauty!,5269,NaN,32,1751121483,953683,3941,698d84ae-46aa-4ed0-bd3c-65c631435c2b
720,84446618-f396-4ee3-a396-801ade40633c,720,review on fashion!,1362,108842,114,1748183883,719207,1750,5f99ef80-ce29-4950-853a-d88d6d463161
720,84446618-f396-4ee3-a396-801ade40633c,,reaction on fitness!,3913,339245,30,1748011083,35567,1793,72dcdd15-d4a8-4602-9a48-f0dbcf613848
720,84446618-f396-4ee3-a396-801ade40633c,720,reaction on fitness!,7964,66312,43,1749134283,306652,2878,0dbc095a-d406-44c0-93d6-61452eb18582
720,84446618-f396-4ee3-a396-801ade40633c,1080,unboxing on food!,2201,137154,170,1752158283,70562,3646,373af17e-cffa-46a3-9710-b3e33c4e8277
720,84446618-f396-4ee3-a396-801ade40633c,1080,unboxing on fashion!,4290,205692,33,1751726283,301674,4257,36f3c64d-6518-4c29-993b-b821a1f916ed
1080,84446618-f396-4ee3-a396-801ade40633c,1080,review on tech!,905,43315,159,1749825483,895765,1901,84fa4ffc-11f7-40db-8126-6967affd0a29
1080,84446618-f396-4ee3-a396-801ade40633c,720,reaction on beauty!,NaN,,49,1752417483,728792,4140,5a0af026-8dd0-41be-808b-1135dc356fcb
720,84446618-f396-4ee3-a396-801ade40633c,720,vlog on travel!,NaN,157376,135,1752417483,734331,710,51c82562-45ed-4412-85c0-942b7f4c38be
720,84446618-f396-4ee3-a396-801ade40633c,1080,review on fitness!,5538,454530,107,1750603083,161528,844,79bef589-7cd7-44ed-8c44-c834bf327a79
1080,84446618-f396-4ee3-a396-801ade40633c,720,unboxing on beauty!,0.0.0,259959,,1749825483,271679,?,db557d46-a378-43ff-986d-135d3e3ccf3f
1080,84446618-f396-4ee3-a396-801ade40633c,1080,unboxing on beauty!,139,185500,115,1748270283,866958,4359,e6780660-dfcf-412f-be23-7c6d047ad2e2
1080,84446618-f396-4ee3-a396-801ade40633c,720,review on fashion!,1736,105758,24,1749652683,559920,4848,0447220a-7b59-4aff-8569-21ad668bbdb0
720,a3426bca-8b94-48e1-8c7c-ed677084fcf3,1080,vlog on travel!,642,266566,169,1753022283,874789,3831,01521702-0d17-46bc-b748-842c13c289de
1080,a3426bca-8b94-48e1-8c7c-ed677084fcf3,1080,review on fashion!,3324,441611,151,1749739083,723000,2652,82f3b899-2d2e-4133-8548-45cdeefa4c4f
720,a3426bca-8b94-48e1-8c7c-ed677084fcf3,720,reaction on tech!,3391,762,121,1748270283,491213,4016,d8bb63fa-0975-4c15-b238-0adaa4faad4f
1080,a3426bca-8b94-48e1-8c7c-ed677084fcf3,720,reaction on tech!,8723,169565,139,1750948683,792972,4619,71a5a245-6a40-4d36-a8bc-0591cb2bb090
1080,a3426bca-8b94-48e1-8c7c-ed677084fcf3,0.0.0,reaction on tech!,1403,356577,22,1750516683,616933,1622,4aeb0f97-e48f-47ec-bca5-acf64e80e7a9
1080,a3426bca-8b94-48e1-8c7c-ed677084fcf3,1080,review on fitness!,210,100784,NaN,1752763083,74424,4112,d1ffec04-d080-4d7b-9373-20fea1ff38cd
720,a3426bca-8b94-48e1-8c7c-ed677084fcf3,1080,reaction on beauty!,9920,215862,148,1749220683,84954,2430,4fc2984f-9ff3-429f-8e77-9ebb454172ec
1080,a3426bca-8b94-48e1-8c7c-ed677084fcf3,1080,reaction on fashion!,7407,?,,1749220683,377837,665,a36b3ecd-bde6-4d84-b45c-bb0452cf8a1a
720,a3426bca-8b94-48e1-8c7c-ed677084fcf3,720,vlog on beauty!,7086,68833,118,1752244683,12751,1102,76eb0730-7e79-4f39-881a-ed7a4b496832
1080,a3426bca-8b94-48e1-8c7c-ed677084fcf3,1080,challenge on fitness!,,300651,166,1752676683,218233,4681,b8010e7a-4330-40da-82ef-4c1345f1e5ec
1080,a3426bca-8b94-48e1-8c7c-ed677084fcf3,1080,vlog on travel!,3940,188975,131,1750689483,354023,,0860e861-20ef-441a-9369-811e95c53c67
1080,a3426bca-8b94-48e1-8c7c-ed677084fcf3,1080,unboxing on fashion!,3404,234424,131,1748961483,259040,694,52ccfdf4-f79a-4bb1-abf4-2aa38242e6fc
720,a3426bca-8b94-48e1-8c7c-ed677084fcf3,1080,review on travel!,3292,80082,168,1749998283,687323,4994,d1a566cc-0659-48a8-9529-6d4b0e741154
1080,a3426bca-8b94-48e1-8c7c-ed677084fcf3,720,challenge on tech!,8055,367030,172,1752503883,366865,2852,884d6aa6-55c6-4fdf-a572-9799b7a71ed3
1080,a3426bca-8b94-48e1-8c7c-ed677084fcf3,720,review on fashion!,,263932,163,1749307083,999133,5,6fa5bd69-388e-4dc8-a60c-ccd4bf608908
1080,a3426bca-8b94-48e1-8c7c-ed677084fcf3,1080,review on tech!,7047,,163,1748097483,749321,2538,6cb55728-60ec-419f-9d12-c650a28a78dc
720,a3426bca-8b94-48e1-8c7c-ed677084fcf3,720,review on food!,7638,326236,146,1751121483,853091,4428,fe7512e2-f6ac-46d3-af13-e19b5082cf07
1080,a3426bca-8b94-48e1-8c7c-ed677084fcf3,1080,vlog on travel!,4676,82878,42,1750948683,489625,4946,920f4c5b-f7a1-446b-8bf6-338ebeaa6782
720,a3426bca-8b94-48e1-8c7c-ed677084fcf3,720,vlog on fitness!,3378,233357,28,1747924683,368556,4411,a418bf6e-1584-47a5-9b10-cea520fe7a71
NaN,a3426bca-8b94-48e1-8c7c-ed677084fcf3,1080,review on travel!,1255,152410,138,1748875083,636313,808,7e77d61e-9d06-4f69-8faa-a9024fd6be5e
720,a3426bca-8b94-48e1-8c7c-ed677084fcf3,720,review on beauty!,8669,427573,36,1752503883,565433,3658,be6aa379-99b0-4421-92c2-e4362a210c89
720,8b18b5e6-eada-4cb0-aa7b-1bf360830550,1080,vlog on travel!,4889,57640,165,1748702283,621370,4032,7f0efa46-0c59-46b6-ad65-be03507e25d2
1080,8b18b5e6-eada-4cb0-aa7b-1bf360830550,720,vlog on food!,2893,147793,102,1751726283,864188,2523,80fc779d-ce64-4af6-a18f-99cbf9781e69
1080,8b18b5e6-eada-4cb0-aa7b-1bf360830550,1080,reaction on food!,9641,124450,77,1751639883,887771,2381,15337e1a-3bf6-4007-b3e2-4b588282066f
720,8b18b5e6-eada-4cb0-aa7b-1bf360830550,1080,challenge on travel!,6373,115735,28,1748183883,124848,NaN,568da697-fc3d-47d4-8ec8-899b22af42cb
720,8b18b5e6-eada-4cb0-aa7b-1bf360830550,1080,reaction on fashion!,6649,230252,,1748443083,366367,2745,0bee4347-f943-4071-b5e9-f8cb87f3d6c6
?,8b18b5e6-eada-4cb0-aa7b-1bf360830550,1080,vlog on tech!,2596,183273,133,1752244683,266410,4972,78f6e7f9-f6a2-4329-83ed-8c426e8d605f
1080,8b18b5e6-eada-4cb0-aa7b-1bf360830550,720,review on tech!,8751,,94,1749393483,71426,1805,f8a09d2f-cc8d-49ef-9eda-fe257bf7db55
720,8b18b5e6-eada-4cb0-aa7b-1bf360830550,1080,unboxing on tech!,2562,326556,112,1747838283,730876,2091,b832b851-962a-4da9-bbd6-fc8e7d24d272
720,8b18b5e6-eada-4cb0-aa7b-1bf360830550,1080,challenge on tech!,1463,,146,1752244683,30538,2924,f4aeff2e-0d12-409c-8805-ad4d90da3a3f
1080,8b18b5e6-eada-4cb0-aa7b-1bf360830550,1080,vlog on tech!,2949,NaN,41,1749652683,909691,3373,65dfa0e8-64b9-4c64-92ec-5df9c0a973f0
720,8b18b5e6-eada-4cb0-aa7b-1bf360830550,1080,review on tech!,6020,,147,1748702283,343377,2999,
1080,8b18b5e6-eada-4cb0-aa7b-1bf360830550,1080,unboxing on food!,6246,423912,46,1750689483,827420,646,d078c0aa-ea9f-4b6b-a323-b0c761370048
1080,8b18b5e6-eada-4cb0-aa7b-1bf360830550,1080,reaction on travel!,6979,194401,168,1752763083,146678,2198,b51c29f6-0487-4a9c-8949-e897ca273e09
1080,8b18b5e6-eada-4cb0-aa7b-1bf360830550,720,reaction on food!,290,163052,179,1748183883,686136,2683,c1d95a9c-da19-4327-bcde-b1ab241b4fbc
720,8b18b5e6-eada-4cb0-aa7b-1bf360830550,720,reaction on beauty!,?,57693,51,1748961483,,795,34d43505-4592-408a-b623-d5407cd6e020
720,8b18b5e6-eada-4cb0-aa7b-1bf360830550,1080,vlog on travel!,2834,374523,140,1748702283,616110,4166,50205f1f-5c44-4ebe-b687-1038da752c78
1080,8b18b5e6-eada-4cb0-aa7b-1bf360830550,1080,unboxing on tech!,949,375344,91,1752417483,115521,3788,e44f3880-7c63-40cf-989e-6374f5ee9c00
720,8b18b5e6-eada-4cb0-aa7b-1bf360830550,720,unboxing on fashion!,7482,353554,102,1751639883,205915,4304,f582e62a-4d44-43e0-b873-dd90399c0f91
720,8b18b5e6-eada-4cb0-aa7b-1bf360830550,720,vlog on travel!,6091,104765,55,1751726283,672192,4591,13ab4d9f-1138-4b73-9b5c-679ee81213af
720,8b18b5e6-eada-4cb0-aa7b-1bf360830550,1080,review on travel!,8859,80521,123,1749220683,,4914,605c8940-1712-488e-a389-973410436f47
720,8b18b5e6-eada-4cb0-aa7b-1bf360830550,1080,challenge on food!,2379,202476,12,1748443083,203115,196,025c4f83-b575-49ba-a18b-34bdc4f3a609
1080,8b18b5e6-eada-4cb0-aa7b-1bf360830550,720,review on beauty!,6592,10249,33,1750689483,674797,,898a3298-86fd-44eb-a46f-1f91dee13375
720,8b18b5e6-eada-4cb0-aa7b-1bf360830550,1080,unboxing on tech!,8565,378959,101,1752676683,471759,NaN,d82aa9e9-be5b-42a7-ab5e-4ec0f4bfdad4
1080,8b18b5e6-eada-4cb0-aa7b-1bf360830550,1080,challenge on fitness!,3882,499860,141,1747838283,568248,2899,d22e2c58-2a4d-4ec8-b7d1-eaaab3fe4418
1080,8b18b5e6-eada-4cb0-aa7b-1bf360830550,720,challenge on tech!,3826,,49,1750948683,841292,1984,c666f969-4b39-4802-99dc-f42e0a3b0617
1080,8b18b5e6-eada-4cb0-aa7b-1bf360830550,720,review on beauty!,7929,232075,,1749911883,386461,4191,cc06a291-2c4e-483c-b3ad-5cb0cb865f11
720,e406d89e-4f9c-4bf1-b823-9e71c611b320,1080,review on fashion!,5126,262743,142,1750603083,108446,1930,61e1091b-d530-420f-acd6-a1a9b964c6be
1080,e406d89e-4f9c-4bf1-b823-9e71c611b320,720,review on fashion!,2801,315431,28,1748615883,165713,2945,f18506cc-92a3-4081-85f1-0e2378754cbd
720,e406d89e-4f9c-4bf1-b823-9e71c611b320,720,vlog on fashion!,1306,158027,82,1749307083,103629,353,8132a669-d9cc-42a2-af45-f29a17663def
1080,e406d89e-4f9c-4bf1-b823-9e71c611b320,1080,unboxing on fashion!,6022,0.0.0,68,1750516683,849772,0.0.0,8cffd7b4-132a-46b7-8034-a49466cca8c0
720,e406d89e-4f9c-4bf1-b823-9e71c611b320,720,unboxing on fitness!,1263,39684,72,1751812683,54838,4971,0c907ccd-87f4-4826-89f3-0c2a9455a286
720,e406d89e-4f9c-4bf1-b823-9e71c611b320,1080,review on fashion!,2951,222757,31,1748356683,231171,4834,a0f04c22-962b-4281-b3f0-4f4ba8c51e64
?,e406d89e-4f9c-4bf1-b823-9e71c611b320,1080,vlog on tech!,9610,303653,171,1750948683,994585,4041,51993b71-cff1-474e-b797-d18ddf5afc8f
1080,e406d89e-4f9c-4bf1-b823-9e71c611b320,720,unboxing on tech!,4610,367821,149,1749047883,158616,3739,262a0290-da6d-41aa-a99e-19a6946d835a
1080,e406d89e-4f9c-4bf1-b823-9e71c611b320,720,vlog on fashion!,4785,9740,NaN,1752244683,592725,4762,921505ef-c6a9-4085-b8ca-398ab760fcaa
720,e406d89e-4f9c-4bf1-b823-9e71c611b320,1080,review on tech!,4169,389177,161,1748788683,370494,742,a0a229bc-80c7-4549-937b-0cff564c91fe
1080,e406d89e-4f9c-4bf1-b823-9e71c611b320,720,unboxing on tech!,8967,246715,14,1752244683,520711,3464,08e7f632-adef-45b8-a52c-00445ae5fa98
1080,e406d89e-4f9c-4bf1-b823-9e71c611b320,720,unboxing on food!,5184,162286,144,1748702283,36284,3061,8540b781-eaf8-4deb-87dc-bbb4c42ac1e2
1080,e406d89e-4f9c-4bf1-b823-9e71c611b320,1080,unboxing on fitness!,4633,410691,115,1750603083,163750,3009,660d4450-5753-4eae-afe0-38b7633e13ab
1080,e406d89e-4f9c-4bf1-b823-9e71c611b320,1080,vlog on fitness!,1183,197488,108,1747838283,21661,1910,87011ca5-de8c-4199-8889-3a7246097f54
1080,e406d89e-4f9c-4bf1-b823-9e71c611b320,720,unboxing on beauty!,6525,2884,48,1748702283,332311,3540,c463cd57-89c7-4c39-a33f-c9ffbb750d76
720,43ffbf0c-7a13-4398-8c00-6250a2b50ae2,720,vlog on fitness!,?,285730,123,1748615883,706597,4246,0c6b9fa1-94ca-427c-9972-8648493afcc3
1080,43ffbf0c-7a13-4398-8c00-6250a2b50ae2,720,vlog on fitness!,,412300,22,1750689483,57558,1039,16f6fd5d-97c6-479f-8fc6-3556f03237d1
720,43ffbf0c-7a13-4398-8c00-6250a2b50ae2,1080,challenge on fitness!,4775,313457,171,1750343883,801027,3552,292eac92-967b-4c1b-9759-0fde89d40fa8
1080,43ffbf0c-7a13-4398-8c00-6250a2b50ae2,720,unboxing on travel!,5162,172193,128,1750775883,87967,247,d6d48dc5-3a6d-43b1-ab14-3ef591d127d7
720,43ffbf0c-7a13-4398-8c00-6250a2b50ae2,1080,review on travel!,0.0.0,13606,69,1751380683,260984,1875,bc1c404b-b62a-4963-9fe9-f37263b99183
720,43ffbf0c-7a13-4398-8c00-6250a2b50ae2,1080,unboxing on travel!,855,12472,162,1750084683,733028,2889,24cdf84f-c5a9-4233-8bcc-75e56ba524b9
1080,43ffbf0c-7a13-4398-8c00-6250a2b50ae2,720,unboxing on food!,6405,96484,17,1747924683,866903,1414,4249fe66-dacd-47d4-af9b-bccea03f0ffa
?,43ffbf0c-7a13-4398-8c00-6250a2b50ae2,720,reaction on food!,6755,98303,81,1748702283,1579,4463,8f67874f-7922-4ba7-8ae3-adeb83f15008
1080,43ffbf0c-7a13-4398-8c00-6250a2b50ae2,1080,review on fitness!,6130,3884,124,1752503883,249164,4012,a57512ed-c6ab-407b-a738-124c81a1ecd8
720,43ffbf0c-7a13-4398-8c00-6250a2b50ae2,1080,review on fitness!,1732,0.0.0,53,1751035083,539169,1522,50c93d09-68bf-48f2-801f-de09649d4d0e
1080,43ffbf0c-7a13-4398-8c00-6250a2b50ae2,0.0.0,reaction on travel!,636,377963,132,1748443083,962775,1585,1fb1d64e-5f74-451c-bac3-6b22a1452d0d
1080,43ffbf0c-7a13-4398-8c00-6250a2b50ae2,1080,challenge on fitness!,4683,183842,174,1751035083,376157,434,c86bf9e7-f74c-4298-9b9e-6ed0947d9ab5
720,43ffbf0c-7a13-4398-8c00-6250a2b50ae2,720,challenge on tech!,97,481266,144,1751207883,129129,1445,0cb2b627-34af-465a-9ee8-f8f3be60b621
1080,43ffbf0c-7a13-4398-8c00-6250a2b50ae2,1080,vlog on tech!,,497598,127,1748615883,475942,2117,248bc880-4aaa-46eb-abd5-9140170459d7
720,43ffbf0c-7a13-4398-8c00-6250a2b50ae2,1080,challenge on food!,399,319966,143,1752849483,,1101,b6b556dd-d23d-4c53-a3a4-b4c543406b90
1080,43ffbf0c-7a13-4398-8c00-6250a2b50ae2,720,unboxing on food!,8884,307818,161,1749911883,446068,2340,4c7163e8-77ac-4efb-9a1f-a654b645b5b0
720,43ffbf0c-7a13-4398-8c00-6250a2b50ae2,1080,challenge on fashion!,6447,120516,68,1753022283,155012,2137,f94a4085-f349-47a0-b523-7f84e6299560
720,,720,challenge on fashion!,1323,,12,1750171083,?,2568,ff0a9276-0478-426b-86a2-bb635e4ba5f3
720,a2fe4938-38e3-4f93-ad1e-eff1df9ca05e,1080,reaction on beauty!,5576,284373,79,1747924683,324876,2859,6e0d0eaf-2a5b-414e-89d9-f175aef887d4
1080,a2fe4938-38e3-4f93-ad1e-eff1df9ca05e,1080,vlog on beauty!,9826,NaN,68,1752331083,418005,4286,56b2476a-6673-4648-80ae-074133f35e6c
1080,a2fe4938-38e3-4f93-ad1e-eff1df9ca05e,720,review on fitness!,0.0.0,45143,172,1748097483,217367,?,61c78143-879d-430f-a150-1d694414c50b
1080,a2fe4938-38e3-4f93-ad1e-eff1df9ca05e,720,challenge on food!,7716,481522,175,1750516683,631937,,818287d3-4cab-45d3-b4cb-0c3f67ae7680
720,a2fe4938-38e3-4f93-ad1e-eff1df9ca05e,1080,unboxing on fitness!,,126914,,1749479883,NaN,1620,358704df-595c-45a2-9e57-af742e3052c7
720,a2fe4938-38e3-4f93-ad1e-eff1df9ca05e,720,reaction on travel!,6688,46167,161,1750257483,830026,,5c10e388-b749-4c08-b150-3b37ceba3dbb
720,a2fe4938-38e3-4f93-ad1e-eff1df9ca05e,1080,unboxing on food!,588,324424,111,1750862283,343871,4440,1d46f97a-6f1a-478b-946a-a919083320dc
1080,a2fe4938-38e3-4f93-ad1e-eff1df9ca05e,720,reaction on travel!,5759,280096,89,1749134283,128511,2122,c059af5e-5ef9-4387-9bd2-eab34d356f31
720,a2fe4938-38e3-4f93-ad1e-eff1df9ca05e,1080,unboxing on travel!,6403,136727,36,1752763083,619601,2066,2ccd2f6a-91d2-4152-9078-c4c701163ef1
720,a2fe4938-38e3-4f93-ad1e-eff1df9ca05e,720,challenge on beauty!,6166,420855,104,1751726283,58271,1425,81131aea-116a-462a-8132-edffa5f4d69c
1080,a2fe4938-38e3-4f93-ad1e-eff1df9ca05e,1080,unboxing on fashion!,1991,0.0.0,128,1748788683,346856,2061,ddb12a08-471c-4c04-940e-aec6f9caf7b9
1080,a2fe4938-38e3-4f93-ad1e-eff1df9ca05e,720,vlog on fashion!,3591,119691,,1749134283,45755,2971,a11e4515-605b-4923-935c-8e6f59c552d2
720,a2fe4938-38e3-4f93-ad1e-eff1df9ca05e,720,vlog on beauty!,908,?,46,1748788683,754047,907,85fe65c0-b188-45a4-a142-f9cd5011e8d9
1080,a2fe4938-38e3-4f93-ad1e-eff1df9ca05e,720,unboxing on tech!,,173706,169,1748702283,61847,3881,231d3c67-d5d9-48fd-9c70-f47b224dc17d
720,a2fe4938-38e3-4f93-ad1e-eff1df9ca05e,720,unboxing on fashion!,7915,426036,75,1749998283,810507,2092,9a5d91e0-4d5b-447e-9d7e-ee565e702f3b
1080,a2fe4938-38e3-4f93-ad1e-eff1df9ca05e,,challenge on food!,1012,74030,178,1752763083,53371,1469,ce51b6ad-6626-46cb-8b94-2e5c27637039
720,a2fe4938-38e3-4f93-ad1e-eff1df9ca05e,1080,vlog on food!,,121556,42,1748097483,317529,3918,e9cf0511-1b36-439d-83bb-b05f8539f34d
720,a2fe4938-38e3-4f93-ad1e-eff1df9ca05e,720,challenge on beauty!,491,412946,132,1748443083,955851,4979,607a333c-5ccb-4aeb-a8ca-7136b78b0ca3
720,a2fe4938-38e3-4f93-ad1e-eff1df9ca05e,720,vlog on beauty!,2230,NaN,129,1749652683,35135,4905,360e00dc-d00f-4094-bb32-1287d4dcee3d
720,00311047-4aea-4c19-ae7e-a08039441b24,1080,review on food!,8161,0.0.0,12,1748875083,680297,4770,ad4dc649-300b-44e8-bc4d-49e73858e758
1080,00311047-4aea-4c19-ae7e-a08039441b24,1080,unboxing on beauty!,7359,483993,82,1750689483,419796,2745,9404cf33-904c-47e0-8dc8-d148a89ca655
720,00311047-4aea-4c19-ae7e-a08039441b24,720,reaction on food!,,,97,1750084683,569706,3128,bdeb1002-edba-4d9e-b086-c25dbf8671ca
720,00311047-4aea-4c19-ae7e-a08039441b24,720,vlog on beauty!,8807,56400,125,1748443083,NaN,4209,c001bba4-1da8-4584-8ac3-350a6c16f372
720,00311047-4aea-4c19-ae7e-a08039441b24,720,reaction on travel!,5094,486217,122,1752417483,98239,317,8f68ca87-ca61-4c74-8e31-98f7b94e3ec2
720,00311047-4aea-4c19-ae7e-a08039441b24,1080,challenge on fashion!,4696,74157,126,1752849483,12613,2676,49cec294-27e7-4e69-80df-d4bf947a8e12
1080,00311047-4aea-4c19-ae7e-a08039441b24,1080,vlog on fashion!,2152,252530,51,1752071883,887796,2970,55b2db0c-909e-4104-9a43-e15684362ba9
720,00311047-4aea-4c19-ae7e-a08039441b24,720,vlog on tech!,9578,124928,143,1751207883,543168,505,74b8e83c-6f12-4839-8370-be03af14f2a7
720,00311047-4aea-4c19-ae7e-a08039441b24,720,unboxing on fitness!,,119359,88,1751121483,813435,,6d6de30c-2290-4f61-9f25-32224e8e39ce
1080,00311047-4aea-4c19-ae7e-a08039441b24,1080,challenge on travel!,9666,37295,152,1749652683,918014,283,4f95e81c-ee15-444d-873c-8bf6726a4569
1080,00311047-4aea-4c19-ae7e-a08039441b24,1080,challenge on beauty!,2014,237334,53,1752244683,559374,1211,24ad6a3d-f63b-423b-a2b4-5974671ce0d7
720,00311047-4aea-4c19-ae7e-a08039441b24,1080,challenge on travel!,7144,479051,179,1749134283,950078,1854,f5289505-2edb-448e-a28d-098999b48bd3
720,00311047-4aea-4c19-ae7e-a08039441b24,720,unboxing on fitness!,4776,150113,97,1751035083,907839,3120,ad1c431c-733b-424e-8c00-778aa8db8625
720,00311047-4aea-4c19-ae7e-a08039441b24,720,challenge on beauty!,4941,387644,156,1751553483,60451,?,3ca1cea4-8b51-47ff-b98c-991901c98316
1080,00311047-4aea-4c19-ae7e-a08039441b24,720,vlog on tech!,0.0.0,480536,18,1749220683,591169,3879,18c1268f-3a54-4792-9f24-12ac5db8faee
720,00311047-4aea-4c19-ae7e-a08039441b24,720,reaction on travel!,4187,245529,131,1748875083,209307,2402,c2a2a444-4cb5-4dc8-a6f0-2ddac7b85856
720,bbb760d6-5e63-4969-adb3-c3b85e5aa8c5,,reaction on fashion!,227,349387,18,1752158283,988686,3022,e1d17aad-e93a-4c0a-aaa1-c76fa9f1efac
720,bbb760d6-5e63-4969-adb3-c3b85e5aa8c5,720,review on tech!,8440,201271,40,1751985483,440882,3158,044dd1dd-ad86-46da-bb1f-3e9a6fcdea33
1080,bbb760d6-5e63-4969-adb3-c3b85e5aa8c5,1080,challenge on food!,5210,96905,117,1750084683,982013,104,f15abd35-e888-4381-8fdf-2d95a5cb12fe
,bbb760d6-5e63-4969-adb3-c3b85e5aa8c5,0.0.0,challenge on tech!,5072,99928,24,1750689483,466463,3834,c4779d93-4e1f-4cb0-96ff-d317dfecbb5e
1080,bbb760d6-5e63-4969-adb3-c3b85e5aa8c5,,unboxing on food!,2236,143148,161,1749825483,238089,1390,69d9f403-4a9f-4685-9b9a-b5158b0e4a48
1080,bbb760d6-5e63-4969-adb3-c3b85e5aa8c5,1080,review on fitness!,6021,0.0.0,37,1748097483,998512,4220,f245023f-ff14-461a-a115-1a6bc2e2d7de
720,bbb760d6-5e63-4969-adb3-c3b85e5aa8c5,1080,vlog on beauty!,9167,348121,78,1750862283,399867,?,4ed12d05-d963-4dd2-a213-e24410546812
720,bbb760d6-5e63-4969-adb3-c3b85e5aa8c5,720,challenge on fashion!,6706,219975,130,1749739083,347946,1107,220c1fa2-cc27-4c47-8a9d-c8544a6e7124
720,bbb760d6-5e63-4969-adb3-c3b85e5aa8c5,720,vlog on food!,2364,333924,170,,407897,628,8cf749f5-840d-4093-90cf-c3f3d47d9861
720,bbb760d6-5e63-4969-adb3-c3b85e5aa8c5,1080,vlog on fitness!,9956,,25,1752676683,,3663,aa3a629f-27b1-483a-8103-64b68046e229
720,bbb760d6-5e63-4969-adb3-c3b85e5aa8c5,720,challenge on fashion!,8577,398755,?,1752071883,945472,3730,cb483907-7851-46b7-939d-c05417dfdbbd
720,bbb760d6-5e63-4969-adb3-c3b85e5aa8c5,720,unboxing on fitness!,2073,,38,1749479883,831959,,9141cc80-7615-47ce-9ca7-4efd9a13b40f
1080,bbb760d6-5e63-4969-adb3-c3b85e5aa8c5,1080,unboxing on food!,7440,24394,105,1752071883,377674,332,fa80165e-be95-4df3-a6b6-d92f666c77f1
1080,bbb760d6-5e63-4969-adb3-c3b85e5aa8c5,,review on fitness!,1132,495993,157,1749479883,855182,4648,c3d3ddcc-5ba2-4369-bf02-6ab70407d637
720,bbb760d6-5e63-4969-adb3-c3b85e5aa8c5,720,reaction on tech!,2913,?,131,1749047883,989949,730,8748ef49-2753-4c53-b5c4-b165af1e83bb
720,bbb760d6-5e63-4969-adb3-c3b85e5aa8c5,1080,challenge on fitness!,2375,441879,32,1750343883,409033,0.0.0,ef4a83dd-7bab-4f34-90b7-8904adde1b34
720,bbb760d6-5e63-4969-adb3-c3b85e5aa8c5,,review on fitness!,6817,418045,98,1749566283,425212,2397,d290ba9c-8452-465e-8cae-50ab2012673e
1080,feebb52c-4a98-497c-af21-29ba46eade95,,vlog on beauty!,8370,124897,105,1750689483,184532,3850,95f61ef9-81fd-4626-ad44-c6b3ded61002
1080,feebb52c-4a98-497c-af21-29ba46eade95,1080,reaction on fitness!,1961,441294,58,1752158283,622210,,aaa63416-7429-4f5f-939e-a4ae9fcf1bce
1080,feebb52c-4a98-497c-af21-29ba46eade95,720,review on beauty!,3286,379201,55,1749825483,36401,4043,f4cb039f-dff8-423d-853c-f64917c23782
720,feebb52c-4a98-497c-af21-29ba46eade95,1080,review on fashion!,4743,309259,131,1752935883,522168,498,d39244fa-eb25-4496-8e8a-5061b7d339de
1080,feebb52c-4a98-497c-af21-29ba46eade95,,reaction on fitness!,7038,,90,1748097483,133940,2983,df538109-4301-48e9-b959-b7eed0758b67
1080,feebb52c-4a98-497c-af21-29ba46eade95,1080,reaction on fitness!,9401,243234,14,1753022283,345719,4925,40777b76-c766-481b-9298-6b5a91cf69d3
1080,feebb52c-4a98-497c-af21-29ba46eade95,720,vlog on travel!,9096,141211,115,1749739083,92152,2418,eb1a5067-5d1d-4c5c-acb9-87caf2447e0c
720,feebb52c-4a98-497c-af21-29ba46eade95,1080,unboxing on tech!,8762,0.0.0,120,1751380683,681596,2902,fbc45eaf-3aeb-470f-99d5-f51c637524fc
1080,feebb52c-4a98-497c-af21-29ba46eade95,720,review on fashion!,0.0.0,344998,22,1752590283,218675,2818,caa4c6c5-0a47-42c9-b1bc-a6e1ffa52e25
720,feebb52c-4a98-497c-af21-29ba46eade95,1080,unboxing on beauty!,,107726,103,1748961483,464493,1258,55824fba-a64e-47f8-af5f-8a3e65c84859
1080,feebb52c-4a98-497c-af21-29ba46eade95,720,review on fitness!,7643,50781,173,1750689483,121444,706,4ff9c420-ec8f-4a51-a060-e21da37db899
720,feebb52c-4a98-497c-af21-29ba46eade95,720,vlog on beauty!,801,?,98,1749739083,515472,1981,61527a35-309f-4120-a883-c64ece120c58
1080,feebb52c-4a98-497c-af21-29ba46eade95,1080,challenge on fitness!,6267,103813,112,1750343883,900048,4026,f4c5a41e-5b10-4d86-9e4f-40461b41ac75
1080,feebb52c-4a98-497c-af21-29ba46eade95,720,reaction on food!,8669,368080,112,1749652683,281311,4002,b861644f-88bb-4fff-8410-8e862f5a3655
1080,feebb52c-4a98-497c-af21-29ba46eade95,1080,unboxing on fitness!,9933,138584,56,1748529483,895062,2653,9b6447a9-319c-4027-943f-0e711e127d52
720,feebb52c-4a98-497c-af21-29ba46eade95,1080,challenge on fitness!,9188,480618,51,1751035083,184920,3279,b0b22cad-019e-4a0a-862f-5f0d968c0a64
1080,feebb52c-4a98-497c-af21-29ba46eade95,1080,vlog on fashion!,2210,420030,141,1748788683,?,1757,f5110a5f-7224-4121-bb22-9fd1357d29a7
720,bf3dab3c-360f-4236-9ca4-9471952d5be2,1080,vlog on beauty!,4603,1626,12,1748615883,690348,2733,d8ade890-8822-4f11-ba2a-42c3b9287270
1080,bf3dab3c-360f-4236-9ca4-9471952d5be2,1080,unboxing on food!,7430,243517,20,1749652683,280402,937,5a5f93f8-77ad-4d66-af01-abd6cff07972
1080,bf3dab3c-360f-4236-9ca4-9471952d5be2,1080,reaction on beauty!,,35516,155,1752158283,473013,606,771e05e0-619f-428c-9f03-6bc82ba23ad6
1080,bf3dab3c-360f-4236-9ca4-9471952d5be2,1080,unboxing on fashion!,7068,71753,159,1750516683,863451,215,6e7d1d66-9a5d-41eb-947d-67c2df758b84
1080,bf3dab3c-360f-4236-9ca4-9471952d5be2,1080,review on travel!,NaN,473527,39,1749911883,134,2937,40f4a080-c52d-45f1-bcfd-f5c04ec7cb0c
1080,bf3dab3c-360f-4236-9ca4-9471952d5be2,720,review on fashion!,,275485,119,1750257483,333187,2912,03745578-c4a2-4e64-9a3c-742d6a2b23d6
720,bf3dab3c-360f-4236-9ca4-9471952d5be2,720,unboxing on fashion!,2419,74327,119,1748097483,732242,4208,b87fab51-502b-4c44-9a6a-1af51d67f0f1
720,bf3dab3c-360f-4236-9ca4-9471952d5be2,720,review on fitness!,8877,109862,58,1752158283,58764,966,9b7d4c1b-3c43-40cc-b367-9005f6805a12
1080,bf3dab3c-360f-4236-9ca4-9471952d5be2,720,vlog on food!,9132,,176,1750516683,374498,0.0.0,3e2138ac-3dd1-41a8-939d-546b06ce2dd9
720,bf3dab3c-360f-4236-9ca4-9471952d5be2,0.0.0,reaction on fitness!,,306444,26,1752676683,789740,1882,d17a95d6-4913-4aad-8f5a-c33c7a73db8b
720,bf3dab3c-360f-4236-9ca4-9471952d5be2,720,reaction on food!,,454754,117,1749998283,507433,0.0.0,6af5c5e4-7e4a-4059-845e-7f915d7b7568
1080,bf3dab3c-360f-4236-9ca4-9471952d5be2,720,vlog on fitness!,3750,299078,116,1750257483,382137,4319,00bb6908-c757-435d-8219-6e3ddab68b44
720,bf3dab3c-360f-4236-9ca4-9471952d5be2,720,vlog on travel!,3421,?,41,1752590283,961209,737,a5948cb4-0f2d-4f80-a43b-76a0474245db
720,bf3dab3c-360f-4236-9ca4-9471952d5be2,1080,unboxing on tech!,7381,368387,41,1748615883,,2608,2a48d08f-208a-404d-9287-32d6c6afe3e9
1080,bf3dab3c-360f-4236-9ca4-9471952d5be2,720,review on food!,7722,244818,170,1752676683,582765,2719,19dd1d2d-e6a7-4cba-a65e-2ee3df2d7675
NaN,bf3dab3c-360f-4236-9ca4-9471952d5be2,1080,review on tech!,5490,283457,59,1749220683,384170,2069,14bcc3d5-6455-4222-bfbf-846493129ef1
1080,bf3dab3c-360f-4236-9ca4-9471952d5be2,720,review on food!,7417,328377,40,1749566283,471544,4554,00426b5b-2fcd-4656-be79-00867a66633b
1080,bf3dab3c-360f-4236-9ca4-9471952d5be2,720,review on tech!,829,?,57,1748183883,943286,1250,63980712-9442-45f9-89ef-719ca9c3e76f
1080,bf3dab3c-360f-4236-9ca4-9471952d5be2,720,review on travel!,6453,305662,,1747924683,297279,3358,66325492-a5e7-4a6f-8e03-7b2e414b8427
0.0.0,bf3dab3c-360f-4236-9ca4-9471952d5be2,720,review on food!,4557,495001,75,1750257483,443960,1209,ab86af20-b4da-438c-a8cb-7e51e1c0f30a
720,bf3dab3c-360f-4236-9ca4-9471952d5be2,0.0.0,review on tech!,717,,23,1749652683,332027,4269,e594cc56-6f84-4dc9-b62a-b56121d303f4
720,9e6096bf-d0b7-42e4-9b7f-75bebe371200,720,vlog on fashion!,,0.0.0,104,1751380683,872945,4960,637f2146-0d4b-48aa-b793-35fa39c4ff52
1080,9e6096bf-d0b7-42e4-9b7f-75bebe371200,720,reaction on food!,7607,44576,94,1748443083,376554,2161,9b6b44b4-8cc5-48ea-8ccc-8a08993cfa0b
720,9e6096bf-d0b7-42e4-9b7f-75bebe371200,720,reaction on fitness!,2334,145037,39,1752417483,607922,1046,527c0651-ade6-421f-89ec-d99770eb5128
1080,9e6096bf-d0b7-42e4-9b7f-75bebe371200,1080,unboxing on fitness!,8946,70481,10,1748615883,813200,1339,6bd4feba-322e-4447-90b5-54b67182c89c
720,9e6096bf-d0b7-42e4-9b7f-75bebe371200,720,unboxing on beauty!,1213,494620,60,1748529483,333497,4165,79ab7028-4667-43e8-8c07-df198b1c200f
1080,9e6096bf-d0b7-42e4-9b7f-75bebe371200,1080,vlog on fitness!,5221,260487,146,1751899083,446900,530,935637a5-03ad-409d-b702-dcb946720e92
720,9e6096bf-d0b7-42e4-9b7f-75bebe371200,1080,challenge on travel!,3267,86059,132,1748875083,782120,170,cb65ad64-2653-47f5-8759-a87f5e9907ac
1080,9e6096bf-d0b7-42e4-9b7f-75bebe371200,720,unboxing on tech!,5153,0.0.0,154,1752244683,255624,1152,a76a1781-c0cd-41e1-8a3a-59fbb0056e42
720,9e6096bf-d0b7-42e4-9b7f-75bebe371200,720,unboxing on travel!,9259,,178,1750862283,539845,1543,0e0ae545-23a9-4cf4-b08b-4baea739166b
720,9e6096bf-d0b7-42e4-9b7f-75bebe371200,1080,review on beauty!,8056,425068,101,1748615883,739048,4166,2fe8bf94-4ae1-45fe-8653-316f2df7376f
1080,9e6096bf-d0b7-42e4-9b7f-75bebe371200,720,vlog on food!,8930,487819,167,1752158283,835713,1638,89f7debf-93c8-4f34-bd8a-506483f81f75
720,9e6096bf-d0b7-42e4-9b7f-75bebe371200,?,vlog on travel!,140,269011,12,1751553483,89142,1136,560bb168-be3a-47b3-b7ac-e9f4055c05ac
720,9e6096bf-d0b7-42e4-9b7f-75bebe371200,720,challenge on beauty!,9851,255105,49,1750430283,224776,3155,40e90e95-2074-4490-a666-a684d0c2286a
720,9e6096bf-d0b7-42e4-9b7f-75bebe371200,1080,vlog on tech!,124,60330,117,1751726283,894532,4132,cecc09ea-3fd3-4e84-bc53-141ed7c991a1
1080,9e6096bf-d0b7-42e4-9b7f-75bebe371200,,review on beauty!,,22507,95,1750171083,164516,550,cca88e4b-dcc8-4e55-8703-55681c440812
720,9e6096bf-d0b7-42e4-9b7f-75bebe371200,1080,unboxing on beauty!,2642,?,23,1750084683,893978,4888,5cc167b8-44fd-4dd1-8de5-28f8007f73a2
1080,9e6096bf-d0b7-42e4-9b7f-75bebe371200,720,reaction on fitness!,5472,463424,143,1752071883,208404,4610,06010f39-67bb-4eb8-98b7-148398ceb7af
1080,9e6096bf-d0b7-42e4-9b7f-75bebe371200,720,review on tech!,3998,383151,91,1748183883,,,bb0855d0-6866-4207-8e99-60fed0549b31
720,9e6096bf-d0b7-42e4-9b7f-75bebe371200,1080,unboxing on beauty!,?,235608,0.0.0,1751121483,770950,?,2ab6655b-4991-4b07-988b-f9777eae5f76
720,9e6096bf-d0b7-42e4-9b7f-75bebe371200,1080,vlog on tech!,5272,330456,127,1747924683,301328,3034,d0ea5e34-2859-4b56-ad7f-8cb6ec7950ea
1080,9e6096bf-d0b7-42e4-9b7f-75bebe371200,NaN,unboxing on fitness!,,313039,111,1748875083,667294,,427300f0-ab7e-45f2-b6b4-a7c78a727354
720,9e6096bf-d0b7-42e4-9b7f-75bebe371200,720,challenge on fashion!,,267278,66,1752763083,582542,4302,9ec7bea2-fa80-48e7-a920-632809443f64
1080,9e6096bf-d0b7-42e4-9b7f-75bebe371200,1080,reaction on fitness!,9777,391782,40,1748270283,840740,542,f0936e17-a6ae-4cb0-b5d8-7b8e97f82197
1080,9e6096bf-d0b7-42e4-9b7f-75bebe371200,1080,review on tech!,,485620,89,1748011083,49874,?,835c5fd4-4f2b-4875-83c5-33433f444eb0
720,9e6096bf-d0b7-42e4-9b7f-75bebe371200,1080,unboxing on food!,6462,288409,124,1752849483,983933,1701,5c66867c-b544-424c-ad03-4b2f77b2a63c
1080,9e6096bf-d0b7-42e4-9b7f-75bebe371200,0.0.0,challenge on food!,6274,379656,167,1750084683,906332,2828,a9720bc5-0382-428a-b867-5dd99abd4d28
1080,9e6096bf-d0b7-42e4-9b7f-75bebe371200,NaN,reaction on travel!,4779,24045,76,1748183883,387810,350,23704064-b72a-44e3-a985-6bb7f63c9029
720,9e6096bf-d0b7-42e4-9b7f-75bebe371200,1080,vlog on travel!,9668,98380,106,1751639883,842638,1402,2860132e-e550-4b1e-bfb8-68851425e8d4
,9e6096bf-d0b7-42e4-9b7f-75bebe371200,1080,challenge on beauty!,0.0.0,,79,1750257483,206512,4634,10680fc8-5b66-402a-a710-e872d3e695ed
720,9e6096bf-d0b7-42e4-9b7f-75bebe371200,1080,review on fitness!,1106,142740,155,1749479883,694884,2631,945847cd-b955-4c3d-8d16-b23581271aaf
720,517e3398-7196-4fd6-85d1-f20211931d09,1080,reaction on fashion!,,340176,45,1751380683,356925,712,a5636568-10a0-410c-8ede-1d068dfed07e
0.0.0,517e3398-7196-4fd6-85d1-f20211931d09,1080,vlog on fashion!,3695,,94,1749652683,294949,?,2e07f086-ea62-4321-961d-e6caec3de0ab
720,517e3398-7196-4fd6-85d1-f20211931d09,1080,vlog on fitness!,2988,94068,63,1750257483,733414,2844,00d93ca9-9ef7-46c8-899e-0e3da3cda16f
1080,517e3398-7196-4fd6-85d1-f20211931d09,1080,review on fitness!,8414,,74,1750948683,,1138,8c799f10-45ca-492a-9c07-02c5745d2462
1080,517e3398-7196-4fd6-85d1-f20211931d09,720,challenge on tech!,6716,47355,83,1752935883,932960,3519,0a06d673-f770-4fd7-9c57-caaff8ccde87
720,517e3398-7196-4fd6-85d1-f20211931d09,720,review on food!,,110609,11,1748875083,544585,1197,1ba10783-f0ed-4611-9faa-5fc476515b9b
720,517e3398-7196-4fd6-85d1-f20211931d09,720,reaction on fitness!,1194,377244,14,1748961483,268185,2067,fefda097-1413-4888-87d5-0c1da7a1934b
1080,517e3398-7196-4fd6-85d1-f20211931d09,720,unboxing on travel!,?,15906,69,1751553483,468800,4497,c353748f-9cd0-4b17-a0d2-7665682b91c8
1080,517e3398-7196-4fd6-85d1-f20211931d09,720,unboxing on fitness!,7157,,25,1749134283,364423,2629,b7941867-e236-4117-99c9-b7cbfe05461f
1080,517e3398-7196-4fd6-85d1-f20211931d09,720,unboxing on beauty!,2437,186824,109,1749998283,457256,4215,2605049a-9885-48d4-8909-d24ca83594a3
720,517e3398-7196-4fd6-85d1-f20211931d09,1080,unboxing on travel!,9179,NaN,55,1751985483,766479,4080,027c643f-e010-40de-82ba-67697c9c5675
720,517e3398-7196-4fd6-85d1-f20211931d09,NaN,vlog on food!,5467,0.0.0,43,1749998283,588216,3169,48997ac1-e697-481d-b43f-cd657ca60fc8
,517e3398-7196-4fd6-85d1-f20211931d09,720,reaction on beauty!,4601,317365,85,1750171083,394227,2260,c1e3112c-c823-4d70-b004-e65c5beaf124
720,517e3398-7196-4fd6-85d1-f20211931d09,720,unboxing on tech!,9210,15103,0.0.0,1750516683,?,3456,1f9324e4-118a-4f22-92fb-502df2bba5c7
720,517e3398-7196-4fd6-85d1-f20211931d09,720,vlog on travel!,4771,421898,57,1749739083,831371,4430,af40d000-05ab-4290-85aa-68a1fa1c3205
720,517e3398-7196-4fd6-85d1-f20211931d09,720,reaction on food!,663,334904,113,1748702283,372692,3490,f33b98a1-d14e-495c-93df-93a4a5f4d9eb
1080,517e3398-7196-4fd6-85d1-f20211931d09,1080,vlog on food!,0.0.0,91895,109,1752417483,170717,3604,006d72c7-c83a-4e37-817b-f42a6a5c6a8d
720,517e3398-7196-4fd6-85d1-f20211931d09,720,,6251,291271,179,1750257483,243511,2030,429460af-4d30-4c98-bdc6-2f72e1256d23
720,517e3398-7196-4fd6-85d1-f20211931d09,1080,reaction on food!,3180,238618,180,1749652683,8485,3475,d520395e-9d7f-4208-a909-9ec6591efab4
720,517e3398-7196-4fd6-85d1-f20211931d09,720,challenge on travel!,NaN,46656,158,1749393483,241443,3029,97de9ddb-d562-4782-a47b-87de67595239
720,517e3398-7196-4fd6-85d1-f20211931d09,720,unboxing on fashion!,9850,492141,135,1752071883,584968,1303,16947b68-4775-4cb0-936e-ea44f0222a74
720,74b91d4e-b531-4439-b204-4969540d7eee,720,vlog on fitness!,3828,?,56,1751553483,194743,3141,fac6cbc8-bd8b-4d7e-b990-123584830539
720,74b91d4e-b531-4439-b204-4969540d7eee,1080,review on tech!,7153,406377,62,1752590283,134259,3379,fdfb2a00-689a-4c83-963d-1642e60f487b
720,74b91d4e-b531-4439-b204-4969540d7eee,720,review on food!,2430,367461,163,1748702283,780268,3619,62f58166-4473-4fec-bcfc-170cf060b671
720,,720,review on food!,2067,146698,113,1752331083,973146,924,a035c011-69ce-4c6e-8c31-459e1ba6de70
720,74b91d4e-b531-4439-b204-4969540d7eee,1080,vlog on fashion!,8900,414935,26,1751553483,537429,,264769ec-b130-47c8-9b41-dff85fe3105e
720,74b91d4e-b531-4439-b204-4969540d7eee,720,vlog on fitness!,3279,NaN,85,1750603083,280964,3205,df68351f-2187-4690-8bb5-35b1af696ae1
720,74b91d4e-b531-4439-b204-4969540d7eee,1080,unboxing on beauty!,,147375,18,1750603083,632941,1468,8e8d252c-bb4d-4f21-8c02-edd2f83cfc67
720,74b91d4e-b531-4439-b204-4969540d7eee,1080,vlog on fitness!,3533,432884,90,1751985483,914525,2818,6b067507-b5cf-40bb-8e5c-fb52abf28f26
720,74b91d4e-b531-4439-b204-4969540d7eee,1080,review on beauty!,3474,,107,1748702283,409332,3130,2b9da862-9bd0-41bf-918d-060a8f56bd9a
720,74b91d4e-b531-4439-b204-4969540d7eee,720,vlog on tech!,4855,272013,60,1750171083,730262,2019,e97349ea-9fd2-4dde-8b7c-ded4d883efb8
720,74b91d4e-b531-4439-b204-4969540d7eee,1080,reaction on beauty!,4255,15969,18,1752676683,730927,3755,12e21db4-3ac5-4197-ac82-e7ca73c9f01b
720,74b91d4e-b531-4439-b204-4969540d7eee,0.0.0,reaction on food!,NaN,297557,107,1748443083,238554,731,9e53a771-7192-41d7-88f7-76ff51bf2d7f
1080,74b91d4e-b531-4439-b204-4969540d7eee,1080,review on tech!,1156,434525,118,1751380683,69465,2900,c5b9c481-8c2f-41af-bd14-2281d03d07a0
1080,74b91d4e-b531-4439-b204-4969540d7eee,720,challenge on fitness!,2528,,44,1751985483,204142,1388,2656e717-031f-4b56-a272-9422100454e5
720,74b91d4e-b531-4439-b204-4969540d7eee,720,vlog on fitness!,8670,167561,42,1750948683,441390,2563,7956f0fa-fa64-4c82-8595-df130dfc485e
720,74b91d4e-b531-4439-b204-4969540d7eee,720,reaction on beauty!,6448,481357,71,1748615883,932305,4397,10179684-4f3a-4e64-8611-d119eddea5ad
,74b91d4e-b531-4439-b204-4969540d7eee,1080,unboxing on food!,2864,460129,24,1751207883,223439,0.0.0,1fca33ab-db10-4ebe-b52d-96d1ca692892
1080,74b91d4e-b531-4439-b204-4969540d7eee,1080,challenge on travel!,224,0.0.0,180,1752590283,120279,2332,f2926671-524c-4d43-ac3c-379b08ec36a2
1080,74b91d4e-b531-4439-b204-4969540d7eee,1080,challenge on food!,5868,435000,60,1752331083,682427,4502,c14f22ec-4c19-49bf-a1a0-f99130750c41
720,74b91d4e-b531-4439-b204-4969540d7eee,720,review on fitness!,5425,384890,89,1751294283,561421,3775,ead41784-339f-4c4c-8a2a-668d76585b91
720,74b91d4e-b531-4439-b204-4969540d7eee,1080,review on beauty!,4785,349544,166,1751553483,163015,?,5599aa53-fdd4-4257-ba34-12320d324b89
1080,4b0f0d7a-4321-4bda-822d-a2fc14f5cc66,720,review on beauty!,NaN,435838,21,1752071883,916456,4655,678a71b3-a8e5-4666-a554-c41992585706
1080,4b0f0d7a-4321-4bda-822d-a2fc14f5cc66,1080,challenge on fitness!,4496,468486,114,1749479883,192169,3804,c26e64d4-e510-4f4f-801f-292913b2398e
720,4b0f0d7a-4321-4bda-822d-a2fc14f5cc66,1080,reaction on tech!,520,133369,119,1751121483,79794,3855,6452b841-6b11-4ad4-988c-79c9a4a9dd0c
720,4b0f0d7a-4321-4bda-822d-a2fc14f5cc66,1080,unboxing on food!,,404730,130,1750430283,586712,4072,85279cfb-331a-4d61-9117-cccea52eb97c
1080,4b0f0d7a-4321-4bda-822d-a2fc14f5cc66,1080,vlog on fashion!,2738,478938,180,1750603083,282873,694,aac21dfa-d803-4908-9e22-e5c8d6479a02
720,4b0f0d7a-4321-4bda-822d-a2fc14f5cc66,720,challenge on food!,8347,245002,161,1752590283,NaN,3688,bad8e475-afd0-403c-8995-2e6e2c4e2af1
720,4b0f0d7a-4321-4bda-822d-a2fc14f5cc66,720,challenge on travel!,3594,350513,170,1751726283,150504,1836,d5999390-5488-4fd5-9682-f0cb04223119
720,4b0f0d7a-4321-4bda-822d-a2fc14f5cc66,1080,vlog on tech!,NaN,286397,0.0.0,1750862283,439560,3462,f1ac405d-7715-4c38-93ca-c15bd4e3dd98
1080,4b0f0d7a-4321-4bda-822d-a2fc14f5cc66,720,reaction on fashion!,7860,110234,57,1750257483,991193,1271,e06d82a4-1b58-47d9-9481-34a7e5d7e377
1080,4b0f0d7a-4321-4bda-822d-a2fc14f5cc66,720,review on food!,0.0.0,?,21,1748097483,199053,3918,3de86e7b-d8d1-4358-acda-c22bffd42535
720,4b0f0d7a-4321-4bda-822d-a2fc14f5cc66,720,review on fitness!,5086,181018,68,1752676683,879343,2968,bc73d850-9789-466b-b205-af721aa84009
720,4b0f0d7a-4321-4bda-822d-a2fc14f5cc66,720,vlog on tech!,NaN,359375,96,1750084683,889146,438,d98dd3de-4dc2-409e-b601-d8bd8ef9902d
720,4b0f0d7a-4321-4bda-822d-a2fc14f5cc66,1080,challenge on fashion!,5882,0.0.0,166,1749307083,605075,4641,f6a4814d-40cf-4360-9fc8-c39f092377ae
1080,4b0f0d7a-4321-4bda-822d-a2fc14f5cc66,1080,challenge on travel!,8826,40672,0.0.0,1752331083,670552,629,58267b19-f9d8-4f7c-9acd-6e6b95b91209
720,4b0f0d7a-4321-4bda-822d-a2fc14f5cc66,1080,unboxing on beauty!,4333,153602,154,1751899083,429838,2942,b152252a-c161-4184-9252-ebc5b1e90579
1080,61cf44b0-5525-411f-8501-46b77a562ed4,1080,reaction on beauty!,6965,494195,,1749911883,?,3203,7ac963bc-96a8-4d56-9f7b-b9f744691f0d
1080,61cf44b0-5525-411f-8501-46b77a562ed4,720,unboxing on fitness!,NaN,116775,42,1749652683,238421,4131,c94ecf95-30ea-4c67-b81b-28e17b9c7c4a
1080,61cf44b0-5525-411f-8501-46b77a562ed4,720,unboxing on travel!,4554,474364,29,1751553483,486710,3256,26f85ee8-8ec6-4d82-b1a1-d9d87d302598
1080,61cf44b0-5525-411f-8501-46b77a562ed4,720,unboxing on tech!,1905,182708,105,1750862283,650480,4117,d25456b4-0a93-4aee-abe8-40257f74b047
1080,61cf44b0-5525-411f-8501-46b77a562ed4,720,challenge on fitness!,6695,,36,1749825483,345982,3593,9f2aaaa5-707a-4438-b79d-0774478786a2
720,61cf44b0-5525-411f-8501-46b77a562ed4,720,reaction on tech!,129,406513,147,1750775883,103516,1294,acd2d0a0-b4ff-485e-b421-ef6c310b560c
720,61cf44b0-5525-411f-8501-46b77a562ed4,720,challenge on tech!,6622,218127,96,1750948683,949693,1902,fff44f5f-7f10-4d77-ad25-fffb0e557acc
720,61cf44b0-5525-411f-8501-46b77a562ed4,1080,unboxing on fashion!,9262,55236,139,1751899083,596414,2767,dc3cb755-1a6c-4cfc-8619-12a8fff431a0
1080,61cf44b0-5525-411f-8501-46b77a562ed4,1080,review on travel!,9273,,60,1748961483,156167,3248,f8b65775-84a3-4af1-9059-a253e55fa0ea
1080,61cf44b0-5525-411f-8501-46b77a562ed4,720,challenge on tech!,1212,192709,104,1752158283,989578,2184,c2d41813-e454-48bc-bb18-35248ae70f1c
720,61cf44b0-5525-411f-8501-46b77a562ed4,1080,reaction on travel!,2575,250280,32,1751812683,?,328,873f1428-7b74-423e-a516-4666c27f3783
720,61cf44b0-5525-411f-8501-46b77a562ed4,720,review on beauty!,2104,442386,100,1750516683,504044,3625,1c7bb795-e159-4bd6-906f-20406e3bde7a
1080,61cf44b0-5525-411f-8501-46b77a562ed4,720,reaction on food!,9598,,109,1748183883,713356,1942,307af863-c042-4cab-8635-bb9344b92437
720,61cf44b0-5525-411f-8501-46b77a562ed4,1080,unboxing on food!,0.0.0,17308,63,1752331083,330212,3227,0ceb9bbd-d501-45ba-a04a-38ccad5b7286
,61cf44b0-5525-411f-8501-46b77a562ed4,720,reaction on fashion!,5594,314237,96,1749479883,718693,3815,f98d02ec-47ee-448c-a7dc-ce923a0ec2f5
720,61cf44b0-5525-411f-8501-46b77a562ed4,1080,vlog on fitness!,2332,81944,99,1752158283,242922,1499,bafe5093-0efa-4752-9226-b7d409045dbb
1080,61cf44b0-5525-411f-8501-46b77a562ed4,720,challenge on fitness!,282,0.0.0,125,1749998283,93545,1386,1d07c817-23ff-47f1-ac3b-262146d8fba5
1080,61cf44b0-5525-411f-8501-46b77a562ed4,720,vlog on beauty!,3576,317050,68,1751553483,167288,2147,730feb66-2658-4001-bed7-d2d517d38615
720,61cf44b0-5525-411f-8501-46b77a562ed4,1080,review on fashion!,5239,97477,37,1752503883,311445,2909,e724c0f7-bd7a-4d16-b6f8-761dbe475bd4
720,61cf44b0-5525-411f-8501-46b77a562ed4,720,review on fitness!,9905,6564,118,1751553483,649549,345,b1699a8a-e1e6-43f5-bfe1-5ace5d5cecf1
,9d15e1c7-898d-4239-84d0-c40100418bf5,1080,vlog on tech!,3232,282517,172,1751207883,877444,2344,1c8b277b-c5f0-4280-a183-34b2db921d1d
1080,9d15e1c7-898d-4239-84d0-c40100418bf5,720,reaction on beauty!,5235,231949,163,1751899083,985899,917,0c490bf4-fb5f-4259-9d9c-0b1f72cd6dd5
1080,9d15e1c7-898d-4239-84d0-c40100418bf5,720,reaction on beauty!,7472,139500,132,1748183883,306666,1413,553003fb-c6af-4ebb-882c-3be92c160a05
720,9d15e1c7-898d-4239-84d0-c40100418bf5,720,unboxing on fashion!,NaN,252929,87,1749566283,514956,417,9614a5cf-9aa3-4951-a2be-4f042e1183fd
720,9d15e1c7-898d-4239-84d0-c40100418bf5,1080,reaction on beauty!,6991,440568,113,1750516683,179663,2190,3a38820b-bf79-4775-87a3-e103850e824c
1080,9d15e1c7-898d-4239-84d0-c40100418bf5,1080,reaction on fitness!,1063,301702,?,1748011083,0.0.0,4911,a9ac7cbc-db1e-4169-af3a-3ccc38cb3b05
720,9d15e1c7-898d-4239-84d0-c40100418bf5,1080,challenge on fitness!,5766,107398,21,1749134283,661723,1364,8c15e75f-ad3a-420e-997e-5f000407d207
720,9d15e1c7-898d-4239-84d0-c40100418bf5,720,vlog on fitness!,?,157576,133,1750948683,797404,,ac9ac8cc-dafc-40a0-873b-e703710467f4
720,9d15e1c7-898d-4239-84d0-c40100418bf5,1080,review on food!,970,378263,150,1748011083,438161,944,1c0f3f67-4d37-4715-aac2-1f5ec8da6f89
1080,9d15e1c7-898d-4239-84d0-c40100418bf5,720,unboxing on food!,,164407,126,1751553483,738500,NaN,0a532fa0-64dc-4211-b39a-3e248c0b2442
1080,9d15e1c7-898d-4239-84d0-c40100418bf5,720,reaction on beauty!,3243,492060,20,1747924683,520389,3475,646b1783-7d72-4447-9f58-d8ced2ecd941
720,9d15e1c7-898d-4239-84d0-c40100418bf5,1080,challenge on fashion!,271,222872,68,1749220683,638441,1195,5e5a47de-8791-4c51-ade4-fc246bc3787e
720,9d15e1c7-898d-4239-84d0-c40100418bf5,1080,review on food!,3581,99209,27,1751467083,734416,4699,ca63c983-b459-4901-b198-9db695294b85
1080,9d15e1c7-898d-4239-84d0-c40100418bf5,720,unboxing on fashion!,8435,309806,42,1749393483,NaN,2854,844be288-f43f-4c5a-bd32-ec69110b39c2
720,9d15e1c7-898d-4239-84d0-c40100418bf5,720,reaction on beauty!,NaN,30760,70,1749479883,89640,4327,41374f7d-37bc-4a80-a3d2-38a44c8efdb3
1080,9d15e1c7-898d-4239-84d0-c40100418bf5,720,review on travel!,8470,480478,NaN,1751985483,348202,3183,1f2ffcfe-9bd2-40f5-aa18-53543f5e81cf
1080,9d15e1c7-898d-4239-84d0-c40100418bf5,1080,challenge on fitness!,5549,98756,169,1748788683,198710,3261,c36023f1-6c54-4d90-bd97-ce4893e3ee8e
720,9d15e1c7-898d-4239-84d0-c40100418bf5,1080,review on fashion!,4696,345194,146,1750948683,865633,4738,97c8539d-52f6-47fd-aa45-37ed11452866
720,9d15e1c7-898d-4239-84d0-c40100418bf5,1080,challenge on tech!,NaN,319487,24,1751726283,,1126,9d2bc3fc-ecdf-4614-97dc-0fbf9b413306
1080,9d15e1c7-898d-4239-84d0-c40100418bf5,1080,challenge on beauty!,1042,,58,1749220683,998556,,cfe5a2f7-58ed-4bde-b6e1-4907c7897681
720,9d15e1c7-898d-4239-84d0-c40100418bf5,1080,reaction on travel!,NaN,315955,175,1749998283,464838,4200,caae547e-ee88-4dde-a293-8b44811b613e
1080,9d15e1c7-898d-4239-84d0-c40100418bf5,720,unboxing on tech!,8428,,112,1748270283,298658,4471,8b5633ff-62f7-491d-a201-515b528a1e9c
720,9d15e1c7-898d-4239-84d0-c40100418bf5,1080,review on tech!,141,291635,69,1750084683,198256,4651,afe2e6f3-a53d-4cac-9766-582ee2f97baa
1080,9d15e1c7-898d-4239-84d0-c40100418bf5,1080,reaction on beauty!,9892,262571,52,1752331083,869255,1214,4fa6e723-3c09-4a15-9ec3-75fae12711f3
1080,9d15e1c7-898d-4239-84d0-c40100418bf5,,review on tech!,2258,289147,87,1750257483,?,3773,c5430ca3-e8a7-4f53-b3ae-68667579eb39
720,01d30d8a-d9e4-4c81-958d-319f63e8b730,1080,challenge on food!,4495,42682,41,1751639883,830981,2077,f9c382f8-acef-47ab-91f0-2d573334a5d5
1080,01d30d8a-d9e4-4c81-958d-319f63e8b730,1080,vlog on beauty!,0.0.0,89143,120,1749047883,178830,4006,ad94e4e7-0a20-4263-8793-518055f7271c
1080,01d30d8a-d9e4-4c81-958d-319f63e8b730,1080,review on tech!,8401,NaN,86,1749393483,882168,2708,202bb005-f762-4359-a59c-0659ee582e57
1080,01d30d8a-d9e4-4c81-958d-319f63e8b730,720,review on fashion!,,254990,177,1749479883,962235,3729,9dde2fc9-d284-4f87-96bc-3724b96fdfa1
720,01d30d8a-d9e4-4c81-958d-319f63e8b730,720,challenge on food!,?,206585,46,1752417483,155534,2625,896a53bd-0abe-4074-bb63-a5fbbb04f5ce
1080,01d30d8a-d9e4-4c81-958d-319f63e8b730,1080,challenge on beauty!,5830,?,28,1750775883,949325,3603,1c1e3884-638c-40c6-b831-25da5c3190b7
720,01d30d8a-d9e4-4c81-958d-319f63e8b730,720,review on food!,2877,0.0.0,40,1749393483,647883,2044,b56cb5a5-d416-4de2-98a1-ae1524401965
720,01d30d8a-d9e4-4c81-958d-319f63e8b730,720,review on tech!,6030,450944,37,1750257483,417647,1442,0b10c548-2492-41c7-b964-3cc201e9aa61
720,01d30d8a-d9e4-4c81-958d-319f63e8b730,720,challenge on travel!,8487,201079,144,1750689483,,1166,fb372338-3a34-44c1-b9d4-f55d5efd205b
1080,01d30d8a-d9e4-4c81-958d-319f63e8b730,1080,unboxing on food!,5862,186570,159,1753022283,0.0.0,2349,38c52cef-ba14-47be-9d69-5f05a21c59f9
720,01d30d8a-d9e4-4c81-958d-319f63e8b730,720,challenge on fitness!,8959,169316,0.0.0,1751294283,286514,2320,535e3bdc-b17d-444d-9b05-d5bcdf5051e0
720,01d30d8a-d9e4-4c81-958d-319f63e8b730,NaN,reaction on fitness!,5101,462347,104,1747924683,661074,619,ed39d783-194d-4ce6-b627-a71fdc4d114f
720,01d30d8a-d9e4-4c81-958d-319f63e8b730,720,unboxing on tech!,2064,88815,121,1749479883,908450,2571,8bbc0796-3245-4b6c-805b-d794e86d791f
720,01d30d8a-d9e4-4c81-958d-319f63e8b730,720,review on fashion!,1462,484324,100,1752158283,657552,?,c59affbb-728b-4a5a-aa0e-83a8b6572745
1080,01d30d8a-d9e4-4c81-958d-319f63e8b730,720,reaction on food!,4505,NaN,94,1752158283,967187,4731,3414b25e-dac7-4519-835d-4dde7cb1ca7f
720,01d30d8a-d9e4-4c81-958d-319f63e8b730,1080,challenge on fashion!,,494402,80,1747924683,313091,4866,3162c918-8e72-43b7-9544-ac5113162f12
720,01d30d8a-d9e4-4c81-958d-319f63e8b730,720,unboxing on tech!,3665,NaN,31,1752071883,847331,1386,ce8597b9-80e8-44c8-864c-7a3c87ee3501
1080,01d30d8a-d9e4-4c81-958d-319f63e8b730,,reaction on fashion!,8916,163869,,1750862283,892097,2377,757d50b8-a6bf-4bcf-918b-27e45ac5e268
1080,01d30d8a-d9e4-4c81-958d-319f63e8b730,720,challenge on travel!,8093,324123,167,1749911883,188982,2888,35670d8f-26b4-4fd5-94d8-29f4c3ba023e
1080,258eef1d-b87f-4c68-bd31-7cf57049eda6,?,review on travel!,2982,64201,50,1749307083,162500,4695,03e96253-3b6a-4676-94cf-d741873b710b
1080,258eef1d-b87f-4c68-bd31-7cf57049eda6,1080,review on beauty!,4666,73275,61,1748529483,307861,2838,35ff81a8-9990-4182-bcf9-57a262f98fc7
720,258eef1d-b87f-4c68-bd31-7cf57049eda6,720,challenge on travel!,47,445860,57,1752590283,585245,2304,21a4525a-9b11-47e3-8c15-bd4eefc7eb2e
1080,258eef1d-b87f-4c68-bd31-7cf57049eda6,1080,vlog on fitness!,624,1285,134,1752331083,707928,?,64c941ea-53bf-49c3-a495-13fb265a99ce
720,258eef1d-b87f-4c68-bd31-7cf57049eda6,720,review on travel!,7062,495404,42,1747924683,934327,2246,c47ec576-8afc-48c1-b363-93caa0351e0a
720,258eef1d-b87f-4c68-bd31-7cf57049eda6,1080,review on travel!,3311,?,115,1747838283,621187,647,375a874b-6ad9-495e-8e43-c251d4df0c2e
1080,258eef1d-b87f-4c68-bd31-7cf57049eda6,720,unboxing on tech!,9976,248194,29,1753022283,225800,1650,e045f4b3-7e8a-4ddb-a40a-e443f203c560
1080,258eef1d-b87f-4c68-bd31-7cf57049eda6,1080,challenge on travel!,8090,232537,39,1749479883,127813,3694,61cad710-fe9e-40e4-af3c-ad98a09b6522
1080,258eef1d-b87f-4c68-bd31-7cf57049eda6,1080,review on food!,3265,155720,26,1749825483,,2007,6b5c192f-5496-4201-88eb-c1ba5b35f07c
1080,258eef1d-b87f-4c68-bd31-7cf57049eda6,1080,unboxing on fitness!,4581,415231,19,1752417483,476132,3920,a2809714-77d8-47c1-8abc-799a1872ea33
720,258eef1d-b87f-4c68-bd31-7cf57049eda6,1080,challenge on beauty!,5480,146770,160,1749825483,,,86d7b143-f276-4f4f-9cb7-d3ce60972cbb
1080,258eef1d-b87f-4c68-bd31-7cf57049eda6,720,unboxing on travel!,8543,,105,1749998283,889167,194,fe6f3af0-1f15-418e-b183-5604c84f4f37
1080,258eef1d-b87f-4c68-bd31-7cf57049eda6,1080,challenge on travel!,4522,490098,31,1751121483,296452,4496,50ec05b6-4186-456e-8adf-0c6e4e57f088
720,258eef1d-b87f-4c68-bd31-7cf57049eda6,720,challenge on travel!,2762,430250,96,1752590283,35596,0.0.0,eb94ad26-4fee-444e-9293-af0b4f9c36b9
1080,258eef1d-b87f-4c68-bd31-7cf57049eda6,1080,reaction on food!,1863,,30,1752590283,,3130,d513f00f-6777-4430-9441-212643cb5437
1080,258eef1d-b87f-4c68-bd31-7cf57049eda6,720,review on fashion!,7085,320796,109,1752676683,270530,1985,3726a9b7-61e5-47cd-85a7-4ed33da216f9
720,258eef1d-b87f-4c68-bd31-7cf57049eda6,720,unboxing on travel!,1897,467092,92,1749566283,763272,3767,70226275-0fb1-43bc-aef8-1063e4b4da6d
720,258eef1d-b87f-4c68-bd31-7cf57049eda6,720,review on food!,3613,265500,131,1752590283,865599,4375,5eda961d-92e4-48ca-859f-ad175a7bc096
720,258eef1d-b87f-4c68-bd31-7cf57049eda6,1080,review on travel!,2116,249868,74,1752244683,223108,970,acaf21ec-26d1-4270-b69d-9ebe2131fde5
720,258eef1d-b87f-4c68-bd31-7cf57049eda6,1080,unboxing on food!,8883,40304,51,1748183883,574085,765,ca4f16dd-5f6f-4caf-a741-b0e5b0a38ed6
1080,258eef1d-b87f-4c68-bd31-7cf57049eda6,1080,unboxing on travel!,2032,,114,1749047883,119678,2696,3fe2777a-f033-4b1a-9ca5-8bf9ad1fd106
1080,258eef1d-b87f-4c68-bd31-7cf57049eda6,1080,reaction on food!,8962,0.0.0,81,1750171083,771934,2408,5c4c34cb-aa3a-4266-8d4d-0c7c63d801b6
1080,96f72b0a-aaba-4832-87c9-dd971a7d6895,720,unboxing on tech!,7386,269758,28,1749911883,NaN,154,425f1540-e989-4c85-bd2d-b98bdadc40c7
0.0.0,96f72b0a-aaba-4832-87c9-dd971a7d6895,720,unboxing on food!,8091,370877,106,1748443083,954732,4418,8a2cbb72-fa0d-4e1f-9d41-9d885ff1957b
1080,96f72b0a-aaba-4832-87c9-dd971a7d6895,1080,vlog on fashion!,8141,199075,14,1750603083,64178,,fc2fe5fe-ac45-4221-a41f-6cf94905b35b
720,96f72b0a-aaba-4832-87c9-dd971a7d6895,720,reaction on fashion!,2141,296386,178,1751035083,944777,2725,0993bdc1-2730-43b5-a033-f8e6d9bf7668
720,96f72b0a-aaba-4832-87c9-dd971a7d6895,720,vlog on fitness!,1416,,88,1751467083,351879,4835,06be76dd-6af7-42eb-8d66-72d3befaa509
1080,96f72b0a-aaba-4832-87c9-dd971a7d6895,720,vlog on beauty!,5019,95276,176,1748788683,557169,4789,dcecdd25-26ec-4803-ab2d-fe63e48d748d
1080,96f72b0a-aaba-4832-87c9-dd971a7d6895,1080,vlog on travel!,5271,486181,77,1752331083,721458,4378,25961fd2-cb34-44d2-9dbc-0e100933d31c
720,96f72b0a-aaba-4832-87c9-dd971a7d6895,720,vlog on food!,9783,106385,117,1752331083,96930,3663,f98464ad-deca-4a60-94a6-b27008b756b1
720,96f72b0a-aaba-4832-87c9-dd971a7d6895,720,review on fitness!,6444,202566,36,1747838283,268731,0.0.0,333dca0a-f5a6-4d31-81b8-24ef179ea25e
1080,96f72b0a-aaba-4832-87c9-dd971a7d6895,1080,challenge on fashion!,2570,250896,22,1748702283,382401,2028,8ff4b406-c09f-4e8d-afca-30bbd8888c45
720,96f72b0a-aaba-4832-87c9-dd971a7d6895,720,unboxing on fashion!,9268,0.0.0,64,1748788683,811062,3830,1c69e6f9-67fe-490e-9f04-a98d85ec1187
1080,96f72b0a-aaba-4832-87c9-dd971a7d6895,720,reaction on tech!,1890,491178,85,1750775883,29980,3945,f7a39163-eefa-480c-a906-eb85e1c34f68
720,96f72b0a-aaba-4832-87c9-dd971a7d6895,720,unboxing on food!,5432,293213,165,1749911883,344754,4948,f96bf45e-b5a8-4472-81fc-dbf02d56e860
,96f72b0a-aaba-4832-87c9-dd971a7d6895,1080,vlog on fitness!,8826,200917,115,1750603083,589031,768,88b2f05b-4adc-45c9-b8f0-169f18934461
720,96f72b0a-aaba-4832-87c9-dd971a7d6895,1080,reaction on beauty!,1945,18085,131,1751812683,,616,9c445707-cb6f-4a61-81fe-dbd43b832d2e
1080,96f72b0a-aaba-4832-87c9-dd971a7d6895,NaN,vlog on fashion!,5055,205271,52,1747924683,897477,4550,9c9028c1-a40d-4bca-8df1-0b6c5e93f133
1080,96f72b0a-aaba-4832-87c9-dd971a7d6895,1080,unboxing on food!,,483023,,1752158283,328487,1126,4bec9438-4371-461f-a402-b61b25d3c49d
1080,96f72b0a-aaba-4832-87c9-dd971a7d6895,1080,challenge on tech!,8023,312720,75,1751553483,50111,?,4e9a2418-7809-4dd0-8fc6-c03f6b2040a1
1080,96f72b0a-aaba-4832-87c9-dd971a7d6895,1080,unboxing on tech!,8349,,174,1748615883,647142,2920,f0d1599a-663e-4d0e-bdc8-b2da21ce4576
1080,96f72b0a-aaba-4832-87c9-dd971a7d6895,720,unboxing on beauty!,2280,243061,43,1749739083,630929,?,e5cddc96-06ce-4f7b-9d63-00d03b4e9e1f
1080,96f72b0a-aaba-4832-87c9-dd971a7d6895,720,unboxing on food!,2030,446985,75,1752935883,130592,3534,fe33e8f8-ff38-4d81-a2dc-e289477dff11
720,96f72b0a-aaba-4832-87c9-dd971a7d6895,720,unboxing on travel!,,472497,142,1749134283,924771,1708,a538a9a7-6b80-4c4b-871c-5d7f70e7e064
1080,96f72b0a-aaba-4832-87c9-dd971a7d6895,720,review on fashion!,8565,172606,17,1751899083,173215,1550,de896ab6-c811-4270-b53b-a56e5b125566
1080,96f72b0a-aaba-4832-87c9-dd971a7d6895,720,challenge on food!,2252,NaN,100,1748875083,393938,0.0.0,aaa797a4-7aba-4a70-9744-9ed6007091ce
720,96f72b0a-aaba-4832-87c9-dd971a7d6895,720,reaction on fashion!,?,78086,22,1749479883,117435,1755,2df726ea-dd14-4222-aeb3-7ed77132e080
1080,96f72b0a-aaba-4832-87c9-dd971a7d6895,1080,review on food!,2972,395400,148,1751207883,29686,2801,127b8545-f138-429d-8aea-74b39c563fed
720,96f72b0a-aaba-4832-87c9-dd971a7d6895,720,reaction on fitness!,7423,466785,106,1748270283,836326,1707,0079836f-4072-477c-a998-3cfe1f90466d
1080,96f72b0a-aaba-4832-87c9-dd971a7d6895,1080,unboxing on tech!,3414,2533,113,1748443083,750166,1545,86d558bb-ba41-42da-80f7-fa4e92f0fe50
0.0.0,31859246-5b80-488e-a771-3bd7c1d68c6c,1080,review on food!,,154936,48,1748356683,234935,1760,0381e578-70f6-4f61-a9f0-56b4917e5057
720,31859246-5b80-488e-a771-3bd7c1d68c6c,720,vlog on fitness!,8087,41384,67,1750084683,680883,1570,8f7d6b20-ea95-48a8-8070-6fb2624d95fe
720,31859246-5b80-488e-a771-3bd7c1d68c6c,1080,unboxing on food!,9392,63557,124,1750862283,248779,425,b84cd5d7-53ec-4fb4-a5bb-302dae4fc09f
1080,31859246-5b80-488e-a771-3bd7c1d68c6c,720,challenge on fitness!,6604,407786,135,1750516683,749458,2069,6479d4b0-d818-4d6a-b740-82ed1eceb50c
720,31859246-5b80-488e-a771-3bd7c1d68c6c,720,review on travel!,1712,0.0.0,106,1748875083,86998,862,bdeeea87-0175-417f-b4a5-47c1b71f2537
720,31859246-5b80-488e-a771-3bd7c1d68c6c,720,review on tech!,356,277881,29,1748875083,297633,1861,006ec375-b24c-4b0e-aec5-9dad39bb7fb8
1080,31859246-5b80-488e-a771-3bd7c1d68c6c,1080,challenge on travel!,7451,70136,45,1749739083,801360,4799,988ec899-bdad-4ef4-8d76-f91614214813
1080,31859246-5b80-488e-a771-3bd7c1d68c6c,1080,review on tech!,403,409823,151,1748702283,407352,4519,003ab1e9-4a48-490c-903e-57209e6d9ce5
1080,31859246-5b80-488e-a771-3bd7c1d68c6c,720,review on food!,6581,166729,166,1748702283,885731,,9f630827-48d6-4783-b25b-85a6be712afe
720,31859246-5b80-488e-a771-3bd7c1d68c6c,1080,vlog on fashion!,1002,413364,166,1749739083,532746,1143,8e4d0c10-d346-4d2e-9645-85b57537578d
1080,31859246-5b80-488e-a771-3bd7c1d68c6c,720,unboxing on fashion!,5758,379378,NaN,1748443083,360516,1813,04865b86-e858-4a65-867e-db4747582988
1080,31859246-5b80-488e-a771-3bd7c1d68c6c,720,vlog on food!,0.0.0,383215,10,1749220683,175834,4276,b6d33412-357e-4a69-8f66-4b87cc0591e1
1080,31859246-5b80-488e-a771-3bd7c1d68c6c,1080,unboxing on beauty!,3372,158219,165,1751380683,237632,1978,f5da50dc-bac9-42c2-b579-2c08ddf5f588
1080,31859246-5b80-488e-a771-3bd7c1d68c6c,720,reaction on food!,5424,293127,56,1750603083,?,4982,f3640fcb-ee88-4e67-8643-47d6805c5de1
720,31859246-5b80-488e-a771-3bd7c1d68c6c,720,reaction on beauty!,5227,228375,18,1747924683,759939,3509,1a2020c3-b962-4635-98ef-1865a675c8a2
720,31859246-5b80-488e-a771-3bd7c1d68c6c,1080,unboxing on beauty!,2491,292779,49,1749134283,,3406,a30c96b5-2d6b-4c6b-9c5b-0b9d25234af1
1080,31859246-5b80-488e-a771-3bd7c1d68c6c,720,vlog on travel!,431,332794,24,1751812683,44932,2177,dae9311a-2f10-4e96-8669-8a417396df22
1080,31859246-5b80-488e-a771-3bd7c1d68c6c,1080,vlog on beauty!,3143,NaN,105,1752849483,NaN,NaN,ca14436e-bab9-4c3d-90a8-182ae1fdcdea
720,31859246-5b80-488e-a771-3bd7c1d68c6c,1080,vlog on food!,8698,,63,1748615883,613263,1438,795ffaee-3c26-4173-81c3-2ab35b13113c
720,31859246-5b80-488e-a771-3bd7c1d68c6c,720,challenge on beauty!,5740,378302,100,1751121483,484287,4770,498a40bc-0ebf-469d-9622-2949d35773df
720,31859246-5b80-488e-a771-3bd7c1d68c6c,1080,review on beauty!,0.0.0,489272,95,1752331083,325533,2078,93c28886-b0fa-4eb0-b68a-b6bd2a389cc2
720,31859246-5b80-488e-a771-3bd7c1d68c6c,720,reaction on beauty!,3844,90901,65,1751207883,477415,1331,3471cfea-7133-44d7-a248-ca582ef17797
720,31859246-5b80-488e-a771-3bd7c1d68c6c,720,reaction on beauty!,4889,379687,43,1748788683,86259,2421,7092e6a0-3efe-4ab7-9b02-245f4deac6b8
1080,72f7986e-d51c-4467-a8fb-ad19342a0c51,1080,review on fitness!,5072,27050,78,1751380683,271593,696,0ee132a7-9998-40cc-a33f-2e207b9d3528
720,72f7986e-d51c-4467-a8fb-ad19342a0c51,1080,vlog on fitness!,4548,420283,152,1751812683,28022,3589,ae60ef6b-7d87-425d-aec9-388083cd3d70
720,72f7986e-d51c-4467-a8fb-ad19342a0c51,720,vlog on beauty!,2390,211964,62,1751121483,738520,3487,8a199147-3f2b-4eff-91d2-2a03abd1f6f1
1080,72f7986e-d51c-4467-a8fb-ad19342a0c51,1080,review on food!,5407,143562,25,1749307083,241866,723,192e4728-e5a9-4519-a5c9-fa0cbe94f388
1080,72f7986e-d51c-4467-a8fb-ad19342a0c51,1080,reaction on tech!,NaN,135191,49,1748875083,,4360,79e9b094-cedc-4ce7-8ba2-1961f6661249
1080,72f7986e-d51c-4467-a8fb-ad19342a0c51,720,,4794,85755,114,1750948683,954029,3585,1706c394-601b-4da3-9ff1-8c5609520af0
720,72f7986e-d51c-4467-a8fb-ad19342a0c51,720,vlog on fitness!,760,281111,54,1751380683,495455,61,f4c7cfb6-3fa9-41a2-b8c3-e5051269ff42
720,72f7986e-d51c-4467-a8fb-ad19342a0c51,720,unboxing on fitness!,5791,39294,102,1749047883,182731,3161,deaabb74-2f2b-4efa-ae41-8dbe39fcea8d
720,72f7986e-d51c-4467-a8fb-ad19342a0c51,720,challenge on fitness!,1335,123234,48,1751207883,641574,3134,c44cf22e-d869-48f5-b91e-bda138578ba5
720,72f7986e-d51c-4467-a8fb-ad19342a0c51,NaN,vlog on tech!,5107,168486,112,1748702283,683331,2538,c75120ca-4d29-4d99-b669-8e435f78dfcb
1080,72f7986e-d51c-4467-a8fb-ad19342a0c51,720,challenge on beauty!,2771,314495,69,1752503883,823579,4737,b95a98bf-5d58-4e2e-b3c4-5b7080d534a5
720,72f7986e-d51c-4467-a8fb-ad19342a0c51,720,reaction on travel!,9190,82019,75,1749220683,737372,173,ae2e6dc3-aeaf-41bc-80d5-4296e59e1d38
1080,72f7986e-d51c-4467-a8fb-ad19342a0c51,1080,vlog on travel!,82,,161,1749393483,443714,4369,67dfa843-c1b4-4596-b5a3-6a07ea6b22ce
720,72f7986e-d51c-4467-a8fb-ad19342a0c51,720,reaction on tech!,146,481738,133,1751380683,98383,2089,7f1eb7d4-a2c2-40bc-ac7e-ef10185f55bd
1080,72f7986e-d51c-4467-a8fb-ad19342a0c51,1080,vlog on food!,3239,387955,73,1752158283,202497,2939,7066e293-74ff-491d-9d40-bdb08bd7fd1a
720,72f7986e-d51c-4467-a8fb-ad19342a0c51,1080,vlog on fashion!,1732,405607,45,1748615883,185810,3382,33b7a12f-821f-4fa3-844b-a34421d486a9
1080,72f7986e-d51c-4467-a8fb-ad19342a0c51,,unboxing on fitness!,9960,180796,24,1750084683,221359,4106,db2af03c-bd1c-4e7a-af5a-e11eebaf4748
720,b125a889-653c-409e-8db6-09350ac586ee,720,challenge on food!,9326,334161,106,1752071883,106390,2845,2f9f7ff5-b9d5-44d9-a1aa-bb3cd1da8a06
720,b125a889-653c-409e-8db6-09350ac586ee,1080,challenge on food!,8172,253606,65,1752417483,0.0.0,3501,0830e654-768b-4bc4-be05-101f7ad4882d
720,b125a889-653c-409e-8db6-09350ac586ee,720,reaction on beauty!,6231,53257,64,1752935883,234604,43,ed66d9c0-f71f-4fa7-8904-fe549b5cf01f
720,b125a889-653c-409e-8db6-09350ac586ee,,challenge on food!,8704,490085,96,1752935883,,2003,12cf7035-ebf5-4b7d-afbf-cc256699790b
1080,b125a889-653c-409e-8db6-09350ac586ee,,review on fashion!,516,46662,11,1752071883,496613,1924,053eb332-8d8e-401d-aa72-c9ad6daabb28
720,b125a889-653c-409e-8db6-09350ac586ee,720,review on fitness!,,374666,125,1747838283,161265,4679,857c51dd-5deb-4273-94e8-2f0d25eb063b
1080,b125a889-653c-409e-8db6-09350ac586ee,1080,vlog on travel!,4180,326223,162,1749047883,929010,3501,b5852be4-07b6-486d-b9e7-59637240bc47
720,,1080,reaction on fashion!,1928,329851,71,1749479883,792221,1729,f4937c18-c442-4650-969b-ec6b03ab7113
1080,b125a889-653c-409e-8db6-09350ac586ee,720,challenge on tech!,7115,493833,171,1748702283,322834,4875,e1913078-c311-48d3-aa7d-80e643cab5ec
720,b125a889-653c-409e-8db6-09350ac586ee,1080,unboxing on tech!,2982,94588,124,1748615883,526155,2058,fd2d10dd-a77c-47a1-8945-836c1fb277fb
720,b125a889-653c-409e-8db6-09350ac586ee,1080,vlog on travel!,887,139895,180,1752244683,423015,2412,018de082-cd78-415b-90a5-35dbae0c4f65
1080,b125a889-653c-409e-8db6-09350ac586ee,720,challenge on tech!,3099,445534,166,1749825483,542145,,241af5c1-aaac-4f6a-9302-af8b740e14d1
1080,b125a889-653c-409e-8db6-09350ac586ee,1080,challenge on food!,?,NaN,109,1752158283,259267,3447,cd7203e7-042a-43f6-91cd-a0fbbfd1e6fc
720,b125a889-653c-409e-8db6-09350ac586ee,1080,challenge on tech!,3942,417040,117,1750603083,147890,600,19248665-3657-4ecb-92f0-a1b011f32f29
1080,b125a889-653c-409e-8db6-09350ac586ee,720,vlog on fashion!,3078,?,141,1751467083,901927,3985,7b45b566-5fbb-476d-8197-a7b49c402559
720,b125a889-653c-409e-8db6-09350ac586ee,720,challenge on fitness!,2001,277491,48,1752071883,826370,1445,3e93a604-bc2a-4220-9102-efa3c1e42cfa
,b125a889-653c-409e-8db6-09350ac586ee,720,challenge on travel!,5160,195189,168,1751726283,729651,240,21989a70-4e91-4c3a-a0d5-489af0586ee3
1080,b125a889-653c-409e-8db6-09350ac586ee,1080,review on fashion!,2799,25017,180,1751899083,43879,2513,cbade2ee-d7e0-4bac-9b84-796a4d11f269
0.0.0,b125a889-653c-409e-8db6-09350ac586ee,1080,review on tech!,3277,315663,166,1751207883,817248,1559,2c7450db-e8b9-4456-bf73-d1600189cb29
720,b125a889-653c-409e-8db6-09350ac586ee,1080,review on tech!,8042,?,92,1750603083,229293,550,ca6e5ca1-9fdc-4926-bf5b-fcb321416923
1080,b125a889-653c-409e-8db6-09350ac586ee,720,unboxing on fashion!,4630,389920,11,1751035083,589307,2884,a7c7b153-b1e9-4d72-bcac-f98fe3b93217
720,b125a889-653c-409e-8db6-09350ac586ee,1080,reaction on tech!,8939,256868,144,1750689483,434171,880,86d2206f-9790-4472-a476-56e1d46ebbbb
1080,b125a889-653c-409e-8db6-09350ac586ee,720,vlog on food!,9496,179548,129,1752935883,951632,3767,92e77ac3-17aa-4454-85b9-87f99493167d
,b125a889-653c-409e-8db6-09350ac586ee,1080,vlog on tech!,5380,438537,88,1750775883,868325,4943,a4848873-d629-4244-828c-fa64a785ad1f
1080,f4d3ce25-a3f0-419c-8207-708d084c1be5,720,vlog on beauty!,5840,0.0.0,60,1748615883,400761,4128,b1f18759-3db3-4f1d-a2c6-14fae7a0be6b
1080,f4d3ce25-a3f0-419c-8207-708d084c1be5,1080,challenge on fitness!,,,158,1750775883,687453,1038,a56be547-97bb-490b-9e8a-9aeacfbf551d
?,f4d3ce25-a3f0-419c-8207-708d084c1be5,1080,reaction on travel!,4153,262306,79,1749739083,0.0.0,2661,4ba5c3bd-4023-42c3-89fa-e2aef4969348
720,f4d3ce25-a3f0-419c-8207-708d084c1be5,720,unboxing on tech!,?,128775,125,1750430283,942498,NaN,882b3591-1b8d-4321-9c0e-3a9c15a0bc76
1080,f4d3ce25-a3f0-419c-8207-708d084c1be5,1080,challenge on food!,9780,291442,144,1751380683,121007,3051,0fdaaad3-832f-4bbc-b9ff-eb604a747018
1080,f4d3ce25-a3f0-419c-8207-708d084c1be5,1080,unboxing on fitness!,3428,349740,59,1749393483,0.0.0,4058,10239423-2852-4dd7-ae03-135da14b4136
NaN,f4d3ce25-a3f0-419c-8207-708d084c1be5,720,vlog on fashion!,45,1538,112,1751812683,391126,2607,0a608aa4-4de7-437a-9a23-578c075054dc
1080,f4d3ce25-a3f0-419c-8207-708d084c1be5,1080,vlog on food!,3075,419547,178,1752158283,677502,1310,9f3877cd-bbb4-4f49-be35-1ebf53fed375
720,f4d3ce25-a3f0-419c-8207-708d084c1be5,720,unboxing on travel!,8255,,120,1749652683,521873,3318,971c03f2-7300-40fb-a386-e2179ee908c9
1080,f4d3ce25-a3f0-419c-8207-708d084c1be5,1080,unboxing on tech!,?,151649,174,1750603083,,1573,6d638bfb-075b-43e3-be7d-7d7c34814939
720,f4d3ce25-a3f0-419c-8207-708d084c1be5,720,reaction on beauty!,7300,16694,33,1750948683,150659,?,3279be86-ba60-463c-841e-af5ea8233457
720,f4d3ce25-a3f0-419c-8207-708d084c1be5,720,vlog on beauty!,8612,,42,1749134283,68325,686,0b1486ff-76d5-4e20-9d30-df4d378bf425
1080,f4d3ce25-a3f0-419c-8207-708d084c1be5,1080,unboxing on food!,9365,19737,109,1751380683,578449,1003,77a18e8b-3696-4a9c-b2eb-29c14610734f
720,f4d3ce25-a3f0-419c-8207-708d084c1be5,1080,unboxing on fitness!,2522,125415,59,1749566283,,1123,4caa66ca-1ee8-4394-95ae-b8f935f75d9f
1080,f4d3ce25-a3f0-419c-8207-708d084c1be5,720,reaction on tech!,420,114911,138,1748183883,202196,416,66938fa8-302f-4c3d-86c9-c735fea08dbc
NaN,f4d3ce25-a3f0-419c-8207-708d084c1be5,1080,review on fitness!,4119,0.0.0,100,1747924683,450256,,14d5b20f-e1da-402c-9f83-6a94b8ec09ef
1080,f4d3ce25-a3f0-419c-8207-708d084c1be5,1080,reaction on fashion!,?,490971,132,1752676683,802290,2571,4ecee844-6afc-42fa-b8ec-9d9f26c3b1b9
1080,f4d3ce25-a3f0-419c-8207-708d084c1be5,1080,review on fitness!,,368720,127,1748011083,119055,NaN,d5fd6552-9c8c-4b64-ab40-8de33a50b4d4
720,f4d3ce25-a3f0-419c-8207-708d084c1be5,1080,unboxing on fashion!,8411,25382,64,1752158283,26536,3317,f9a41211-732f-488d-a96d-c29f03ac280b
,f4d3ce25-a3f0-419c-8207-708d084c1be5,720,reaction on travel!,4200,298306,27,1752590283,995121,1243,cfe1ac15-fb33-46c7-ba78-fd0baef878a1
NaN,f4d3ce25-a3f0-419c-8207-708d084c1be5,1080,review on fashion!,1332,51860,65,1749739083,,0.0.0,86d40d9d-3c53-47a2-9d5c-36b91143fa98
1080,f4d3ce25-a3f0-419c-8207-708d084c1be5,1080,reaction on food!,7350,178688,35,1751639883,,2222,b35585e9-e1af-4692-84fe-336f32caf47b
720,f4d3ce25-a3f0-419c-8207-708d084c1be5,1080,challenge on tech!,6805,13559,82,1749911883,431938,3924,42d37cf8-2bf8-4974-af30-9ef6e2ed8a12
720,f4d3ce25-a3f0-419c-8207-708d084c1be5,720,vlog on travel!,2733,175155,93,1751121483,674029,600,6835f952-8471-4993-845e-91bd39fc11c1
1080,dc07beac-960a-4534-936d-0ac32e1178ed,1080,reaction on travel!,5621,94534,?,1749307083,686967,NaN,1f0e8bcf-b036-43f9-9df3-a63e7543e627
1080,dc07beac-960a-4534-936d-0ac32e1178ed,720,review on fitness!,5477,378109,86,1748356683,911736,?,d0a61121-6481-460f-9ee1-2d7ff5db9f88
1080,dc07beac-960a-4534-936d-0ac32e1178ed,720,review on beauty!,9492,229510,174,1752331083,118009,1424,c0708112-7100-41a3-9fc5-8486e75ec043
720,dc07beac-960a-4534-936d-0ac32e1178ed,720,review on food!,9654,10890,12,1750516683,623797,1024,4ea64612-d219-4f61-bfb2-2d1e125ba9fa
720,dc07beac-960a-4534-936d-0ac32e1178ed,1080,unboxing on food!,3781,186165,115,1752331083,584729,1026,93d9a741-bf16-42d3-8f56-9ab398293225
1080,dc07beac-960a-4534-936d-0ac32e1178ed,720,unboxing on fashion!,,434364,,1749307083,983128,4489,023718e1-4d6d-4e17-b0f6-265460cf0e3a
1080,dc07beac-960a-4534-936d-0ac32e1178ed,1080,review on fashion!,5369,435021,55,1749911883,,1007,bf6d1125-6301-4466-8e35-8a645b96c0b1
1080,dc07beac-960a-4534-936d-0ac32e1178ed,1080,review on fitness!,0.0.0,477520,21,1748615883,316208,2865,2550ba06-d1b2-4d06-8c88-9350bbeabd79
720,dc07beac-960a-4534-936d-0ac32e1178ed,1080,review on fashion!,1837,46399,132,1751985483,70221,2859,714bc1e1-0eb3-49b0-97a9-3b31701260c5
720,dc07beac-960a-4534-936d-0ac32e1178ed,720,review on food!,5752,450425,175,1749134283,,1807,80b9b497-8ec3-4d6e-812d-eabc4f808276
720,dc07beac-960a-4534-936d-0ac32e1178ed,720,unboxing on fashion!,6940,0.0.0,79,1748356683,407549,2627,d8b66dc0-fb1d-45f5-a1d8-bfe14ece7814
720,dc07beac-960a-4534-936d-0ac32e1178ed,1080,vlog on fitness!,6990,349079,102,1751467083,817813,1384,75a6a40b-152a-431d-883a-f909db47591b
1080,dc07beac-960a-4534-936d-0ac32e1178ed,720,unboxing on fashion!,6382,342960,22,1752158283,101935,2009,5303477e-b36d-4129-b22f-e19dbefe1349
720,dc07beac-960a-4534-936d-0ac32e1178ed,1080,unboxing on travel!,5362,284469,57,1748443083,?,1536,8c76a78c-52c6-44ad-9645-a42e4ed7e828
720,dc07beac-960a-4534-936d-0ac32e1178ed,1080,review on food!,3561,429384,79,1751899083,401275,2918,ae2a48b6-69e6-4516-891a-443dad5fa450
1080,dc07beac-960a-4534-936d-0ac32e1178ed,720,challenge on food!,442,444878,13,1748875083,950648,1448,93173dbd-481b-407c-8624-d4946ca3161b
1080,c51253aa-2f09-4e2a-83de-038a7a96675a,720,reaction on travel!,2045,131790,72,1751899083,143269,4657,4dc55ae9-8ad3-48f8-b96b-aed12a0e95e9
720,c51253aa-2f09-4e2a-83de-038a7a96675a,1080,review on fitness!,8626,0.0.0,166,1747838283,851861,1524,7bb4efd3-4624-4f12-a9ac-eb30fc1d495a
1080,c51253aa-2f09-4e2a-83de-038a7a96675a,720,unboxing on food!,3195,123498,23,1749998283,227917,2421,781615b1-36e3-4082-aca0-0205ea0c861f
720,c51253aa-2f09-4e2a-83de-038a7a96675a,720,challenge on beauty!,9654,118628,44,1750689483,243262,2894,281683fa-07ab-41a1-be80-d3949f6fbed2
720,c51253aa-2f09-4e2a-83de-038a7a96675a,0.0.0,review on fitness!,798,496103,98,1748702283,640005,?,613a37e9-75b5-41d7-8d79-e2d327b5f09f
1080,c51253aa-2f09-4e2a-83de-038a7a96675a,1080,vlog on travel!,1608,40371,25,1752590283,?,1857,87bf9de5-ef17-48bb-9eb6-41e7da8102fa
720,c51253aa-2f09-4e2a-83de-038a7a96675a,1080,challenge on fitness!,?,22603,10,1747838283,702591,1921,d914ac72-1d08-47b5-b0ea-20e416f0fbcf
1080,c51253aa-2f09-4e2a-83de-038a7a96675a,1080,,568,45637,90,1748011083,261191,NaN,f83f132f-d4f3-4ab6-84ea-99c4fec943e6
1080,c51253aa-2f09-4e2a-83de-038a7a96675a,1080,vlog on beauty!,2171,92616,91,1751985483,199227,3575,5d0ba3e0-b655-4c04-907e-5fb01a32105c
720,c51253aa-2f09-4e2a-83de-038a7a96675a,1080,review on beauty!,1031,423604,141,1751035083,28725,3880,bc758394-4430-461d-a323-6fcdc3aaee20
720,c51253aa-2f09-4e2a-83de-038a7a96675a,720,unboxing on food!,8877,193918,61,1749047883,0.0.0,?,88487364-5738-4f83-84d9-637bb8fc7868
720,c51253aa-2f09-4e2a-83de-038a7a96675a,1080,review on fitness!,3579,NaN,117,1751467083,952571,103,9ae03f6d-0da7-442f-9d91-b040c202faca
720,c51253aa-2f09-4e2a-83de-038a7a96675a,1080,vlog on travel!,9520,32613,79,1748961483,NaN,2360,1a6a4b97-0363-482a-9420-4ac8d961370a
1080,c51253aa-2f09-4e2a-83de-038a7a96675a,720,challenge on fashion!,,412374,52,1752158283,197137,2909,da49e344-34e3-40d1-947f-988d65c040a7
1080,c51253aa-2f09-4e2a-83de-038a7a96675a,720,vlog on fashion!,6052,106836,162,1748270283,549247,4910,7c4ad5c7-3406-4613-a7d0-d688469be182
1080,c51253aa-2f09-4e2a-83de-038a7a96675a,720,review on fashion!,6768,246497,18,1752935883,727448,4666,9bc63675-3d46-47da-b412-1a11e7b03edd
1080,c51253aa-2f09-4e2a-83de-038a7a96675a,1080,challenge on fashion!,?,305671,102,1750689483,400961,NaN,8523a0cb-2411-4a15-95ae-225dfdb59a9e
720,c51253aa-2f09-4e2a-83de-038a7a96675a,720,vlog on beauty!,5537,218861,82,1750862283,444754,,e311c900-96d1-477b-b565-050226d8b39b
1080,c51253aa-2f09-4e2a-83de-038a7a96675a,720,review on fashion!,1896,402576,118,1750084683,536140,4656,43f9558c-a3f0-4407-ab2f-cc4c4cc9ae6c
1080,c51253aa-2f09-4e2a-83de-038a7a96675a,1080,vlog on beauty!,4521,338787,170,1748443083,292858,1386,1118fcea-0e49-471f-b79f-72a0b0dd3e45
1080,c51253aa-2f09-4e2a-83de-038a7a96675a,1080,vlog on fashion!,4873,233069,96,1752158283,333175,NaN,dfcac50f-3e1e-464f-9700-94b685d5f78a
1080,c51253aa-2f09-4e2a-83de-038a7a96675a,NaN,review on food!,3396,443672,77,1750516683,472404,953,a802e26e-85fb-4e17-b0d9-df1e91809f9e
1080,c51253aa-2f09-4e2a-83de-038a7a96675a,1080,reaction on tech!,1308,330470,45,1748443083,216826,3753,335aa777-448c-4d4d-adf3-d6f770fa754c
720,c51253aa-2f09-4e2a-83de-038a7a96675a,1080,review on beauty!,,238147,23,1750948683,461736,,62bda259-55db-44fe-80e3-1952fefeadd8
1080,c51253aa-2f09-4e2a-83de-038a7a96675a,720,unboxing on tech!,1275,6605,114,1749825483,703785,,54868e78-99c0-4af8-9cfd-b3440d276a8a
1080,c51253aa-2f09-4e2a-83de-038a7a96675a,1080,unboxing on food!,16,205423,31,1749047883,212637,4871,4a220f74-d048-407b-8da8-c9a9dbfbf396
720,c51253aa-2f09-4e2a-83de-038a7a96675a,720,review on food!,1062,201321,58,1751726283,532077,1263,34dc00b9-bb48-46d3-8cbb-3d99a5d1fdea
1080,c51253aa-2f09-4e2a-83de-038a7a96675a,720,vlog on tech!,,385719,102,1751812683,332303,2978,4b80169b-5906-4c02-aac3-fdf0e868bd9c
1080,c51253aa-2f09-4e2a-83de-038a7a96675a,720,vlog on fitness!,8068,0.0.0,120,1748961483,713888,4450,1839a4b5-ce9d-44c5-b3ee-ae1f73fc16fa
720,722061e3-ff8a-4591-8b10-75f7a51b5854,720,reaction on fashion!,NaN,303712,180,1752331083,365387,,37c68a59-f76a-4022-8c80-90be76dd9622
720,722061e3-ff8a-4591-8b10-75f7a51b5854,720,vlog on beauty!,5202,58776,34,1751985483,,111,33519d0e-7dab-4c4d-97cd-ddb62e62b31e
1080,722061e3-ff8a-4591-8b10-75f7a51b5854,720,vlog on tech!,3560,407487,158,1752590283,109893,NaN,a8122463-56f5-4876-b4cf-5a35f71eecda
720,722061e3-ff8a-4591-8b10-75f7a51b5854,1080,vlog on fashion!,4085,187170,99,1747838283,79840,3398,fc32b229-9d1e-4327-801b-70f58088c169
1080,722061e3-ff8a-4591-8b10-75f7a51b5854,1080,reaction on fashion!,7800,53356,96,1751121483,345059,2248,c5fbbcf0-af10-4a79-a490-721d13eac629
1080,722061e3-ff8a-4591-8b10-75f7a51b5854,1080,reaction on fashion!,4234,100543,139,1748529483,445140,2639,fc19abad-24b5-4276-9a69-8b93682bcaff
1080,722061e3-ff8a-4591-8b10-75f7a51b5854,720,unboxing on travel!,6130,433560,85,1749911883,904849,3655,afd45bbd-3c11-496b-8e97-2c21083f7232
1080,722061e3-ff8a-4591-8b10-75f7a51b5854,1080,vlog on beauty!,6828,174406,118,1752417483,800249,4934,ca69f160-816a-4be2-980f-dfd2daf05478
720,722061e3-ff8a-4591-8b10-75f7a51b5854,1080,vlog on travel!,9537,389421,130,1749566283,122879,622,5fe7817a-1ffb-4081-8488-92693591f83b
1080,722061e3-ff8a-4591-8b10-75f7a51b5854,1080,review on fashion!,9923,61632,113,1751121483,78442,3684,b2058e2b-a4e0-416a-944e-16dfad9418d1
720,722061e3-ff8a-4591-8b10-75f7a51b5854,1080,reaction on beauty!,5490,250478,148,1748097483,241870,4,e1921ab8-264d-4974-a670-27a5cf68e75f
720,722061e3-ff8a-4591-8b10-75f7a51b5854,1080,review on travel!,8953,346690,118,1749134283,780614,4103,f2c5baef-c1eb-4e75-83ad-c7d7d46a3342
720,722061e3-ff8a-4591-8b10-75f7a51b5854,1080,vlog on travel!,2401,486796,65,1750948683,,?,c5707452-56aa-4651-b2ee-cbf22fd27865
720,722061e3-ff8a-4591-8b10-75f7a51b5854,720,vlog on food!,2971,0.0.0,146,1752676683,103264,4547,9fd00eb3-f316-4f68-9f87-f90c599f424e
NaN,722061e3-ff8a-4591-8b10-75f7a51b5854,720,unboxing on food!,1449,11931,23,1750775883,545256,4034,bab224ff-d47e-4055-b2d3-7d2386efc61b
1080,722061e3-ff8a-4591-8b10-75f7a51b5854,1080,vlog on travel!,2800,386935,111,1751207883,578505,1356,979beba7-0b71-4622-ac86-54cf4c8f6afc
1080,722061e3-ff8a-4591-8b10-75f7a51b5854,1080,challenge on tech!,3260,172945,127,1748183883,118506,638,02a2a5e1-7644-4100-8b8b-6330cbd38aca
1080,722061e3-ff8a-4591-8b10-75f7a51b5854,1080,vlog on beauty!,1915,194661,13,1748615883,628646,2249,846eddea-e7d3-4802-ae4b-e776019d863a
720,722061e3-ff8a-4591-8b10-75f7a51b5854,1080,review on fitness!,1315,160214,159,1750775883,83445,1749,74a9821c-6c25-4082-8d0e-44b41ebd0d8c
1080,722061e3-ff8a-4591-8b10-75f7a51b5854,1080,unboxing on tech!,7397,322089,0.0.0,1749307083,913554,325,d046a1ed-49cb-416f-88da-12457b146b67
720,722061e3-ff8a-4591-8b10-75f7a51b5854,720,review on travel!,5035,279187,?,1751985483,26284,982,fafa44b1-4d66-4de3-86f3-8a0029b6ae7b
720,722061e3-ff8a-4591-8b10-75f7a51b5854,1080,review on fitness!,8633,237424,0.0.0,1749047883,633292,3111,4707954d-8262-4468-a1d4-296b3052e06d
720,722061e3-ff8a-4591-8b10-75f7a51b5854,720,review on food!,1416,105014,180,1751553483,174502,4670,bbcc2790-d198-4138-8ced-0da1f4bf888e
720,722061e3-ff8a-4591-8b10-75f7a51b5854,1080,challenge on beauty!,9534,154218,64,1751035083,486848,748,cecb7ffa-c1a1-43d5-bfdb-1a48e3f83832
1080,722061e3-ff8a-4591-8b10-75f7a51b5854,720,reaction on travel!,4599,NaN,14,1750343883,679307,1948,ed65dcbf-f5fb-4359-bebd-663829daedb0
720,722061e3-ff8a-4591-8b10-75f7a51b5854,,vlog on fitness!,529,111166,151,1752331083,312876,3253,5c888a5c-8c4c-4a86-bb3d-57459cd60764
1080,722061e3-ff8a-4591-8b10-75f7a51b5854,1080,reaction on fitness!,1160,289989,172,1751899083,326239,4902,74098d22-ae2b-469e-a286-215c0d458490
720,49a8b0ed-a3d0-4db9-8e2a-d88f2835f2cf,1080,reaction on fashion!,4281,,161,1751812683,761490,1675,d206b06b-1263-45b7-bc79-d50cc36214ea
720,49a8b0ed-a3d0-4db9-8e2a-d88f2835f2cf,1080,review on beauty!,5345,217612,155,1751467083,19210,4241,16e18879-66ca-493d-bb73-61cd207f8240
1080,49a8b0ed-a3d0-4db9-8e2a-d88f2835f2cf,1080,review on food!,5306,57270,33,1751726283,976144,3364,40a8bcac-89b4-461f-9327-e0cf25b04cf5
1080,49a8b0ed-a3d0-4db9-8e2a-d88f2835f2cf,720,challenge on food!,1057,481287,133,1752158283,711097,2951,282286b1-0142-4ff4-9875-d923727e61ea
1080,49a8b0ed-a3d0-4db9-8e2a-d88f2835f2cf,1080,reaction on tech!,1476,329125,?,1748875083,845432,771,98581540-a74c-4716-9723-852eca57f48b
720,49a8b0ed-a3d0-4db9-8e2a-d88f2835f2cf,1080,reaction on travel!,3220,258694,25,1747838283,861278,4664,a27ec860-5b5f-4209-8790-a6e8d7dc1181
720,49a8b0ed-a3d0-4db9-8e2a-d88f2835f2cf,720,review on fashion!,3393,115046,134,1751639883,407090,3839,e72941ca-ee3d-43fa-8f82-05c93207a83c
720,49a8b0ed-a3d0-4db9-8e2a-d88f2835f2cf,720,reaction on tech!,,251360,79,1750430283,354551,4025,41742dfa-fff9-4c39-8ba1-cb7e01bed262
NaN,49a8b0ed-a3d0-4db9-8e2a-d88f2835f2cf,1080,unboxing on beauty!,2009,207599,23,1749134283,410266,1312,14d1c9cd-be69-46a5-8d11-8197c654c0c7
1080,49a8b0ed-a3d0-4db9-8e2a-d88f2835f2cf,720,challenge on food!,3485,362498,109,1748702283,600819,3552,e384be67-f778-4d85-ab07-2a70a14e5d6b
720,49a8b0ed-a3d0-4db9-8e2a-d88f2835f2cf,1080,challenge on food!,1314,335256,66,1749134283,400181,2795,7d8cf2e4-0f09-4073-b426-3602b968981a
1080,49a8b0ed-a3d0-4db9-8e2a-d88f2835f2cf,720,vlog on travel!,479,66021,157,1748702283,982013,419,d0585488-d937-4a1b-b982-4dfb21c69cf1
720,49a8b0ed-a3d0-4db9-8e2a-d88f2835f2cf,720,challenge on fitness!,?,205544,86,1750948683,,?,2d343885-eb41-4273-9b9f-1d28bd04be1d
720,49a8b0ed-a3d0-4db9-8e2a-d88f2835f2cf,720,challenge on fashion!,9072,198431,107,1752244683,361173,?,48be6a1d-0482-4910-bf27-38b34de70c95
720,49a8b0ed-a3d0-4db9-8e2a-d88f2835f2cf,720,unboxing on fashion!,4391,17088,42,1751985483,200680,112,a31b1e4c-23f2-4066-b2cd-ed673c77a066
720,49a8b0ed-a3d0-4db9-8e2a-d88f2835f2cf,720,review on fitness!,3769,417095,49,1749307083,399907,1473,01312334-ac36-4aff-872f-1f82f879b295
1080,49a8b0ed-a3d0-4db9-8e2a-d88f2835f2cf,720,review on fitness!,2223,75854,14,1749998283,390160,3203,6f4de9f3-111d-4985-9024-fa3af945218e
720,49a8b0ed-a3d0-4db9-8e2a-d88f2835f2cf,1080,reaction on travel!,0.0.0,323206,36,1751294283,878117,NaN,83425177-6092-4597-90c8-28c8aec64728
1080,49a8b0ed-a3d0-4db9-8e2a-d88f2835f2cf,1080,reaction on food!,4625,294403,180,1751553483,491154,2814,056e339e-05af-49d0-ab9b-fc9b8b0f4869
1080,49a8b0ed-a3d0-4db9-8e2a-d88f2835f2cf,1080,challenge on beauty!,4279,156334,61,1752071883,132571,4562,07db51bf-8822-4770-9924-20331379c573
720,49a8b0ed-a3d0-4db9-8e2a-d88f2835f2cf,720,review on travel!,2320,151065,162,1748011083,468407,1803,ad47246f-ee36-43ec-8970-b9f56d79dabb
1080,49a8b0ed-a3d0-4db9-8e2a-d88f2835f2cf,1080,challenge on beauty!,9307,303341,48,1751899083,744178,1275,567e8d94-9dfd-4290-a604-1d78b4e6a2f4
1080,49a8b0ed-a3d0-4db9-8e2a-d88f2835f2cf,720,reaction on tech!,9385,361658,44,1750516683,451760,407,068300a0-474b-411b-b9ef-0788e4ba81ba
720,49a8b0ed-a3d0-4db9-8e2a-d88f2835f2cf,720,review on tech!,2297,351300,175,1748875083,90790,15,b740231c-a21c-4f2c-a505-3517dcfad0b7
1080,49a8b0ed-a3d0-4db9-8e2a-d88f2835f2cf,1080,review on travel!,3147,354420,17,1748961483,5858,3205,ade31b16-e211-45f8-a5ab-8b3807ac484c
720,49a8b0ed-a3d0-4db9-8e2a-d88f2835f2cf,1080,review on fitness!,2182,271366,66,1753022283,439903,4924,15715306-29f2-4b21-8b9f-809807837262
720,49a8b0ed-a3d0-4db9-8e2a-d88f2835f2cf,,reaction on fashion!,8069,228548,125,1749911883,101877,790,6fc98e7f-75c7-4728-a982-814f54bd0572
1080,49a8b0ed-a3d0-4db9-8e2a-d88f2835f2cf,720,unboxing on fitness!,8542,282579,68,1750171083,586824,2792,e3882662-2e8e-4ff0-ad9b-5fe674670579
1080,49a8b0ed-a3d0-4db9-8e2a-d88f2835f2cf,1080,vlog on fitness!,1690,298413,14,1751121483,285166,560,a5966d7d-3273-4a6d-b1d0-e9dfb2016c30
720,dac32ded-6f31-48b7-a0d6-67918bbb5ed1,720,vlog on beauty!,0.0.0,389504,171,1751726283,149782,4764,4ec58c8e-e25e-4724-914f-c753d6190d1c
720,dac32ded-6f31-48b7-a0d6-67918bbb5ed1,720,unboxing on travel!,,496812,149,1749393483,64900,3287,aaba4938-bcbd-4c1c-95b6-33efdec95564
720,dac32ded-6f31-48b7-a0d6-67918bbb5ed1,720,unboxing on fitness!,9132,391755,46,1752071883,137334,4450,5ae3efec-67c9-4122-9530-b20b5375429c
720,dac32ded-6f31-48b7-a0d6-67918bbb5ed1,1080,unboxing on fitness!,3092,278290,116,1751639883,27393,1185,53db6cc2-4730-44ad-86fb-8e584cb94b32
1080,dac32ded-6f31-48b7-a0d6-67918bbb5ed1,1080,unboxing on food!,3434,?,47,1750084683,810078,3555,9ad95e1a-976b-4d03-8489-436493897ec6
1080,dac32ded-6f31-48b7-a0d6-67918bbb5ed1,1080,vlog on food!,2591,329473,67,1747838283,543657,151,9c950082-d3b0-4029-9ed0-67ddd1d78cc1
720,dac32ded-6f31-48b7-a0d6-67918bbb5ed1,720,review on beauty!,9196,234336,47,1752676683,496454,3442,e866fa3b-a70a-4d6b-9214-cd2831c25d4a
1080,dac32ded-6f31-48b7-a0d6-67918bbb5ed1,1080,reaction on travel!,9113,320321,123,1748788683,113606,NaN,73289d76-4b5a-4fd7-84e3-26701b33583e
1080,dac32ded-6f31-48b7-a0d6-67918bbb5ed1,720,unboxing on fashion!,8410,454778,58,1752590283,569920,3851,e318ecdf-5a3f-4cad-9607-6b94f2974933
720,dac32ded-6f31-48b7-a0d6-67918bbb5ed1,1080,reaction on food!,1352,?,48,1752071883,688380,1051,a4f1ac84-31bf-4e28-811b-670a2118ea89
1080,dac32ded-6f31-48b7-a0d6-67918bbb5ed1,720,review on fashion!,2607,285099,67,1750689483,961945,4721,1bc330b4-fce7-41ce-97dd-a26687b2c325
720,dac32ded-6f31-48b7-a0d6-67918bbb5ed1,720,vlog on tech!,2405,481692,129,1752849483,699765,4659,4d33ccfc-6883-44e2-8e08-c6cb191dae23
1080,dac32ded-6f31-48b7-a0d6-67918bbb5ed1,1080,reaction on fashion!,7042,209103,40,1751553483,62925,,cd6aa782-7d9c-4d62-a92f-eeff48f06af6
720,dac32ded-6f31-48b7-a0d6-67918bbb5ed1,720,challenge on beauty!,7225,NaN,173,1748875083,707212,2492,7cc04fee-6039-45f7-94fe-63af4fd41ea4
1080,dac32ded-6f31-48b7-a0d6-67918bbb5ed1,720,unboxing on food!,5728,204493,17,1750430283,256681,3073,7bcf965f-7f18-47a6-a28f-a59182715662
1080,dac32ded-6f31-48b7-a0d6-67918bbb5ed1,1080,unboxing on travel!,8711,422157,,1752158283,,974,901ffb72-a07e-4183-9046-ca6dd904fb40
720,dac32ded-6f31-48b7-a0d6-67918bbb5ed1,1080,vlog on fitness!,3940,0.0.0,36,1748961483,702083,3238,a3c14234-3f56-44c4-8b66-37075b2d85e2
1080,dac32ded-6f31-48b7-a0d6-67918bbb5ed1,720,review on tech!,4360,NaN,152,1748961483,417555,1327,e9d88ecb-e82c-4869-8ff6-155035196864
720,dac32ded-6f31-48b7-a0d6-67918bbb5ed1,1080,unboxing on travel!,NaN,60479,118,1749652683,658900,1296,6038ec7c-0491-4b37-86eb-5c101612214f
720,dac32ded-6f31-48b7-a0d6-67918bbb5ed1,720,unboxing on travel!,0.0.0,182750,123,1750171083,920036,2626,4dff3ef9-b8f2-4bf0-9090-5eb514267918
720,dac32ded-6f31-48b7-a0d6-67918bbb5ed1,,unboxing on fashion!,4318,359070,173,1750171083,513179,3350,df2a1048-5833-4057-aa15-c0277dd4af9e
720,dac32ded-6f31-48b7-a0d6-67918bbb5ed1,1080,reaction on food!,7414,476616,127,1749393483,924343,3832,1aa5b876-8570-43fd-b325-8263bd6dae4f
720,dac32ded-6f31-48b7-a0d6-67918bbb5ed1,1080,review on tech!,1194,234950,112,1749911883,775032,?,b55241df-5c8c-4b2d-9604-097ab5d40273
1080,dac32ded-6f31-48b7-a0d6-67918bbb5ed1,1080,unboxing on fitness!,6232,424460,91,1750948683,303673,4058,acdd1187-ffa7-4a62-96ce-74dc7a456eef
720,dac32ded-6f31-48b7-a0d6-67918bbb5ed1,720,vlog on fashion!,2530,,45,1750862283,436172,4862,83cf8270-ccf5-4f3c-b2be-b7a7c2adcadd
1080,dac32ded-6f31-48b7-a0d6-67918bbb5ed1,1080,vlog on tech!,8994,,22,1751985483,759999,3659,44280651-c8b7-4d41-9f39-38d4a8f001fd
720,dac32ded-6f31-48b7-a0d6-67918bbb5ed1,720,unboxing on fitness!,,412723,83,1750775883,884465,1639,b221589b-dc39-4e4b-8120-eab7643f347b
1080,4fc2ca0a-3c05-4717-a064-9e6ed651a04b,1080,unboxing on fashion!,431,434773,0.0.0,1752417483,442704,2794,f4ebebf7-10ff-4ed2-95bd-d05602ed3871
720,4fc2ca0a-3c05-4717-a064-9e6ed651a04b,720,review on tech!,,106805,92,1752503883,59487,670,a8fa1080-aab1-4010-a96e-ef051e486ad9
720,4fc2ca0a-3c05-4717-a064-9e6ed651a04b,720,challenge on food!,1407,,138,1748097483,492823,,3c731424-f5d1-4227-a383-19c6818c8796
1080,4fc2ca0a-3c05-4717-a064-9e6ed651a04b,1080,review on food!,3924,6962,25,1751639883,831925,44,988f3023-b54e-4bde-89fd-aed9f68c1007
720,4fc2ca0a-3c05-4717-a064-9e6ed651a04b,1080,review on beauty!,1663,142160,97,1752331083,608330,4689,079941c9-7189-4ab2-8116-577c27000466
720,4fc2ca0a-3c05-4717-a064-9e6ed651a04b,720,vlog on fashion!,1922,152944,17,1749220683,671840,2978,d7a00ab5-052e-49bb-833a-8daa59e34c27
720,4fc2ca0a-3c05-4717-a064-9e6ed651a04b,720,vlog on fitness!,661,298075,60,1749393483,876223,2927,fc946aaa-0075-47f0-af1d-25ebb78f383e
1080,4fc2ca0a-3c05-4717-a064-9e6ed651a04b,720,vlog on food!,6096,0.0.0,176,1747838283,632596,3053,882a8a49-a9ef-463f-9319-cf623ff07935
1080,4fc2ca0a-3c05-4717-a064-9e6ed651a04b,720,reaction on beauty!,6073,263648,66,1748270283,692294,4268,a23e4bea-ed41-42a8-a2c6-09bee9ec1281
NaN,4fc2ca0a-3c05-4717-a064-9e6ed651a04b,720,unboxing on tech!,9462,45794,66,1752503883,65148,,6899ea59-6b72-44bb-93ad-7bf604fb7d90
720,4fc2ca0a-3c05-4717-a064-9e6ed651a04b,,review on fitness!,,,75,1751121483,529752,808,af55a162-c914-4e47-a502-9a9f6bde7036
720,4fc2ca0a-3c05-4717-a064-9e6ed651a04b,720,review on tech!,8055,131550,116,1748615883,651269,4381,e3ec3296-96d7-44e0-a597-1fda65d1bd58
720,4fc2ca0a-3c05-4717-a064-9e6ed651a04b,720,challenge on food!,2842,287128,10,,510057,4537,36dfa7a5-cbec-47fc-869d-a025d9b760e1
1080,4fc2ca0a-3c05-4717-a064-9e6ed651a04b,1080,challenge on fitness!,8369,401526,58,1752849483,588796,3430,e639450b-6d2d-454e-af2a-b001c2936d75
720,4fc2ca0a-3c05-4717-a064-9e6ed651a04b,1080,reaction on travel!,5650,237935,65,1748702283,711182,2908,bd09ee44-e45c-445a-9015-f0df411b96e3
720,4fc2ca0a-3c05-4717-a064-9e6ed651a04b,720,reaction on fitness!,664,279975,27,1748702283,70529,4942,87adb8f0-d5cf-4ec6-af40-32ade16c1a84
1080,4fc2ca0a-3c05-4717-a064-9e6ed651a04b,1080,vlog on fashion!,7939,111776,142,1750084683,628398,820,fb58f0ea-8eb7-46d4-b5f4-bda9aae2b894
,4fc2ca0a-3c05-4717-a064-9e6ed651a04b,1080,unboxing on fitness!,0.0.0,391551,46,1748615883,655185,891,c0171e38-6b4d-4acb-94b8-50616a54aa3f
720,4fc2ca0a-3c05-4717-a064-9e6ed651a04b,720,vlog on tech!,7030,38154,70,1752849483,162134,3076,005afdce-65dc-422c-a12f-81455f531150
1080,4fc2ca0a-3c05-4717-a064-9e6ed651a04b,720,review on fashion!,,445908,174,1749998283,839570,,643d24dc-d2ec-4fd0-9698-a16ec6def9d8
1080,4fc2ca0a-3c05-4717-a064-9e6ed651a04b,720,challenge on travel!,,207517,75,1748270283,241751,1319,5d34ec3e-2c65-4c46-828f-c2b34072525a
720,4fc2ca0a-3c05-4717-a064-9e6ed651a04b,720,challenge on food!,8223,,169,1748183883,117440,2204,ebc6152c-cee0-403d-804c-ed853f9b60e8
1080,4fc2ca0a-3c05-4717-a064-9e6ed651a04b,1080,challenge on food!,2609,238032,123,1752676683,,1996,3f7d449e-53dc-405f-94e1-80843f6891b8
1080,4fc2ca0a-3c05-4717-a064-9e6ed651a04b,1080,vlog on travel!,7501,2246,93,1751812683,651706,?,8dff36ba-65b8-4aa9-af47-1218a12dfbe3
720,4fc2ca0a-3c05-4717-a064-9e6ed651a04b,720,review on food!,3212,2179,30,1749220683,55862,2126,dd50d2aa-9576-4521-90df-fa34a47a8184
720,4fc2ca0a-3c05-4717-a064-9e6ed651a04b,720,reaction on beauty!,8507,90692,30,1749479883,853542,2347,58938169-508c-45dd-9fea-0bbb7e2136a6
1080,ab08eccd-0761-4b6f-b6dc-43e53990229a,720,unboxing on tech!,6097,494456,148,1751121483,,,993140b8-8b4f-4832-a584-248a990c3f49
1080,ab08eccd-0761-4b6f-b6dc-43e53990229a,1080,review on food!,3586,,35,1752417483,649807,1532,b2a7468d-6aaa-4110-ac1a-3c9c827c6530
1080,ab08eccd-0761-4b6f-b6dc-43e53990229a,1080,review on beauty!,9361,292862,16,1749911883,800492,3839,67649404-2bf3-4d6f-bdff-dab3019d2e81
720,ab08eccd-0761-4b6f-b6dc-43e53990229a,720,vlog on beauty!,853,291179,140,1750862283,9929,3362,5fa36d1c-247e-41c6-8e52-acf8eeb69ffb
720,ab08eccd-0761-4b6f-b6dc-43e53990229a,720,review on travel!,,396911,32,1751380683,301742,4304,d16d60c9-91ac-4abf-a9d3-06ae277469c9
1080,ab08eccd-0761-4b6f-b6dc-43e53990229a,1080,review on fitness!,?,479307,102,1750257483,411370,401,dddb2949-2637-403e-9fc1-804c747523af
1080,ab08eccd-0761-4b6f-b6dc-43e53990229a,1080,challenge on beauty!,8459,236002,145,1751726283,351343,NaN,cc5c6afb-69c6-4bb2-90ef-cedf17ae8d52
720,ab08eccd-0761-4b6f-b6dc-43e53990229a,720,review on beauty!,9289,334568,38,1748875083,NaN,4174,61825622-dd15-4a5f-a886-0bc8274d0cf3
1080,ab08eccd-0761-4b6f-b6dc-43e53990229a,720,review on fitness!,5829,,24,1752763083,710229,3156,8a7de6ba-3248-4d1a-87ed-bb9198f5c365
720,ab08eccd-0761-4b6f-b6dc-43e53990229a,720,unboxing on travel!,8025,338244,138,1748097483,740089,4131,211f5936-f8c2-485c-beea-2f75f9a666a3
1080,ab08eccd-0761-4b6f-b6dc-43e53990229a,720,challenge on travel!,655,50961,NaN,1749652683,NaN,4691,1d54b98b-0991-4ef2-aefb-36e3e0f66cdc
1080,ab08eccd-0761-4b6f-b6dc-43e53990229a,1080,review on fashion!,8739,403319,150,1750084683,101704,4409,a2c23714-f6c6-403f-82fa-a9a7d2860b74
720,ab08eccd-0761-4b6f-b6dc-43e53990229a,720,reaction on tech!,NaN,,42,1749393483,,279,603f4dad-1208-4ded-8028-98e5e0f307b0
720,ab08eccd-0761-4b6f-b6dc-43e53990229a,720,unboxing on beauty!,3768,140788,53,1749307083,920069,4280,be41b842-719e-4d30-9976-60ebcd4aa527
720,ab08eccd-0761-4b6f-b6dc-43e53990229a,720,review on tech!,0.0.0,186628,10,1749566283,603940,3901,75cd1b7f-905a-405d-958e-4d0ff18cf4cf
1080,ab08eccd-0761-4b6f-b6dc-43e53990229a,720,vlog on food!,3168,166325,36,1751121483,250247,3870,5913e230-5b1f-4660-941a-cdba397bcb57
720,ab08eccd-0761-4b6f-b6dc-43e53990229a,720,review on fashion!,1889,381103,114,1752417483,122330,3353,404546cc-896b-48e3-b85f-c1290627cfc1
720,ab08eccd-0761-4b6f-b6dc-43e53990229a,1080,review on food!,,458713,128,1748443083,125371,1751,6e8767a3-fc6c-4e8f-acb7-4bc90d5e8a88
720,ab08eccd-0761-4b6f-b6dc-43e53990229a,720,review on tech!,7690,412872,133,1752503883,302461,2456,39d2734a-a1f7-4fb3-bc32-1287cb2e94e3
720,ab08eccd-0761-4b6f-b6dc-43e53990229a,1080,unboxing on food!,2444,77948,147,1747838283,,NaN,bade7614-c02d-4466-800e-db1967c04116
1080,ab08eccd-0761-4b6f-b6dc-43e53990229a,720,review on fitness!,2441,478371,15,1752849483,829552,2965,4143ff60-6ce6-4db2-a761-8e959baf0cac
720,ab08eccd-0761-4b6f-b6dc-43e53990229a,720,reaction on beauty!,2668,330771,12,1747838283,44929,1103,ff4e5cc9-0737-4af8-8717-520637d4a052
1080,ab08eccd-0761-4b6f-b6dc-43e53990229a,1080,challenge on tech!,426,488500,37,1747924683,662536,1727,5b49172e-70e8-482c-80c1-3661b7b2262f
720,ab08eccd-0761-4b6f-b6dc-43e53990229a,1080,vlog on travel!,,166414,18,1748011083,479305,NaN,b900a423-3b9c-47e7-b664-557746be3dec
1080,ab08eccd-0761-4b6f-b6dc-43e53990229a,1080,review on fitness!,9559,,47,1750343883,39102,1238,c018ab92-0081-4db4-950b-17582e8f864e
1080,ab08eccd-0761-4b6f-b6dc-43e53990229a,720,review on food!,847,403814,163,1750603083,588715,2110,b5d94f04-d32b-4248-9d97-ab73ceb79974
720,ab08eccd-0761-4b6f-b6dc-43e53990229a,0.0.0,reaction on fitness!,9533,90200,165,1749393483,987309,?,77c82c15-cd83-4c58-9e0e-1bdbfb00e075
,ab08eccd-0761-4b6f-b6dc-43e53990229a,1080,unboxing on tech!,1638,120313,55,1750689483,655034,1004,d28ad67a-8983-4818-9802-3a7886311352
,ab08eccd-0761-4b6f-b6dc-43e53990229a,720,review on beauty!,0.0.0,431157,73,1751467083,71755,3347,257aee8c-1a85-4d57-accf-e20de338673a
1080,3f112fa4-429e-42ed-beb7-fc120254ace0,1080,vlog on travel!,2895,228949,49,1752503883,722306,4101,4c9d3f4d-00ff-4cd6-99e0-4a515cf616ce
1080,3f112fa4-429e-42ed-beb7-fc120254ace0,1080,vlog on beauty!,,76258,57,1750171083,537060,3861,da466d2b-13bc-4959-a13d-302a874cfd6d
1080,3f112fa4-429e-42ed-beb7-fc120254ace0,720,vlog on beauty!,6314,324921,152,1748097483,975611,412,03788e84-5555-4748-b3e3-226356e10b84
1080,3f112fa4-429e-42ed-beb7-fc120254ace0,1080,unboxing on tech!,8049,361604,101,1749911883,355443,488,0d9437fb-c915-4992-a552-c8a5f8871da4
720,3f112fa4-429e-42ed-beb7-fc120254ace0,1080,vlog on food!,1982,10679,118,1750257483,270544,39,288f284b-95cb-4158-aecc-8a01010b767f
1080,3f112fa4-429e-42ed-beb7-fc120254ace0,1080,vlog on tech!,4144,184093,42,1751726283,416454,4594,93584383-e5f8-431a-aeee-24e4e9db3be4
1080,3f112fa4-429e-42ed-beb7-fc120254ace0,1080,challenge on food!,1289,418758,74,1747924683,680416,280,778954e0-ea0a-4b7e-b81b-01acba9beaa4
720,3f112fa4-429e-42ed-beb7-fc120254ace0,1080,review on fashion!,6947,448357,NaN,1747838283,407839,4888,90efe637-3a8b-4d92-9522-e6442de58bab
720,3f112fa4-429e-42ed-beb7-fc120254ace0,1080,vlog on tech!,4970,457269,119,1748183883,330334,1424,664563db-d91d-4c17-b134-09156f6bcf07
NaN,3f112fa4-429e-42ed-beb7-fc120254ace0,1080,vlog on fitness!,8565,305989,42,1748961483,192098,4626,f83a94e1-c04c-4b04-b642-a1176dcad0e6
720,3f112fa4-429e-42ed-beb7-fc120254ace0,1080,reaction on travel!,4752,283033,37,1752503883,463151,4907,ba187f95-c0e3-4bc6-86fc-d574c1cded72
720,3f112fa4-429e-42ed-beb7-fc120254ace0,720,review on travel!,3528,,88,1752158283,267439,1867,6f5c6655-7864-4374-867c-919b4ea9059d
1080,3f112fa4-429e-42ed-beb7-fc120254ace0,720,vlog on travel!,8382,14996,110,1752503883,643366,427,4ab1c544-c0f8-496f-93c2-06bbf8b091eb
720,3f112fa4-429e-42ed-beb7-fc120254ace0,720,unboxing on fashion!,311,,NaN,1748097483,712518,2003,34c58e9f-5499-4764-aa2d-cc7f32db191d
1080,3f112fa4-429e-42ed-beb7-fc120254ace0,NaN,review on beauty!,7122,229634,167,1749911883,336260,355,b3396bd1-8e5b-49d6-a5b1-242dfa934176
1080,3f112fa4-429e-42ed-beb7-fc120254ace0,1080,vlog on beauty!,2005,384041,13,1749652683,241722,3489,8b5e8083-38e5-4f63-83a7-01f1b5e721dd
1080,3f112fa4-429e-42ed-beb7-fc120254ace0,1080,vlog on fashion!,3266,82343,59,1752590283,910826,,d686e975-df68-48c7-9b6f-1e4ea8015e01
1080,3f112fa4-429e-42ed-beb7-fc120254ace0,1080,challenge on travel!,8568,176888,41,1748097483,9242,3580,bdf1c246-7817-4c5b-94dc-804bf563c1a4
720,3da7ddc1-6d67-4bdd-bb8f-df31a66d31f7,1080,reaction on fitness!,?,381655,37,1750603083,394825,1257,b24a68dd-9461-4a43-a4ad-15130993ce56
720,3da7ddc1-6d67-4bdd-bb8f-df31a66d31f7,1080,challenge on beauty!,7620,228107,63,1752849483,223965,338,1d67fb9a-bffd-453e-a05e-ff2ef5ec92d9
720,3da7ddc1-6d67-4bdd-bb8f-df31a66d31f7,720,review on fitness!,9259,475250,97,1751121483,677721,51,987bd9df-295e-4e1e-a5f4-82880303ad32
1080,3da7ddc1-6d67-4bdd-bb8f-df31a66d31f7,1080,reaction on tech!,3476,?,76,1748875083,139460,328,28624ac2-1656-469b-8790-b5571d51430a
720,3da7ddc1-6d67-4bdd-bb8f-df31a66d31f7,720,challenge on fitness!,6658,315683,49,1749911883,550884,1842,37afe841-b927-4c51-9680-6e3c9238e6d3
1080,3da7ddc1-6d67-4bdd-bb8f-df31a66d31f7,1080,challenge on fashion!,9934,326637,152,1751726283,898334,2170,9db3f8db-41bf-450d-93f3-609c811a8eb8
1080,3da7ddc1-6d67-4bdd-bb8f-df31a66d31f7,,vlog on fashion!,7597,,62,1752935883,0.0.0,3390,9c6baf3a-7ad5-441d-a6bf-04bf65252041
1080,3da7ddc1-6d67-4bdd-bb8f-df31a66d31f7,720,challenge on travel!,6614,439616,121,1752244683,,3474,49a5de6a-3a9b-469d-8bed-feef2baaad18
1080,3da7ddc1-6d67-4bdd-bb8f-df31a66d31f7,720,unboxing on beauty!,9560,238188,164,1749739083,684984,1398,171a8cba-6105-4f67-90a9-2dc027fbb639
1080,3da7ddc1-6d67-4bdd-bb8f-df31a66d31f7,1080,unboxing on travel!,4562,276449,53,1749393483,544249,3468,430824ed-d3ab-4603-8ef1-0eee582df488
720,3da7ddc1-6d67-4bdd-bb8f-df31a66d31f7,1080,review on fitness!,4209,194755,149,1752244683,850828,4033,6d008deb-1d78-41c5-a7be-0e48877042e0
1080,3da7ddc1-6d67-4bdd-bb8f-df31a66d31f7,720,reaction on fitness!,4262,465055,177,1748270283,635927,?,255dfc33-dca8-4729-86cf-ed53377705b1
720,3da7ddc1-6d67-4bdd-bb8f-df31a66d31f7,1080,reaction on travel!,5296,396613,168,1750084683,915939,4965,33c6ca39-dafc-419e-9656-7f5a9be29fc3
720,3da7ddc1-6d67-4bdd-bb8f-df31a66d31f7,720,unboxing on fashion!,0.0.0,12703,89,1752331083,217562,,48e685e4-9e4a-4cc5-8e8d-1019e7f05980
720,3da7ddc1-6d67-4bdd-bb8f-df31a66d31f7,1080,vlog on fashion!,,90391,96,1748529483,177248,2018,f1ceeed3-419d-41e1-88c1-96530f0c838e
720,3da7ddc1-6d67-4bdd-bb8f-df31a66d31f7,1080,review on fashion!,4540,239774,36,1752071883,972847,2314,d31ddf90-97cb-4423-9356-63f1cf5bf97c
720,3da7ddc1-6d67-4bdd-bb8f-df31a66d31f7,720,unboxing on beauty!,5627,364767,117,1750603083,957230,57,296a5a4e-466d-47ed-9281-480cb8f5e4c5
720,3da7ddc1-6d67-4bdd-bb8f-df31a66d31f7,720,unboxing on tech!,,156767,108,1748961483,816058,1548,b176547c-55c3-4a19-b0d7-4754e816859b
720,3da7ddc1-6d67-4bdd-bb8f-df31a66d31f7,1080,vlog on fashion!,2465,71006,45,1748270283,819058,4789,5219f0c4-603e-47c8-9c74-277479689231
1080,1bf0e67c-b2ec-4f8d-ae02-ed7f93bef404,720,reaction on beauty!,1693,NaN,87,1748097483,,1902,56a40849-33b3-4076-8739-bab2e274e1e1
1080,1bf0e67c-b2ec-4f8d-ae02-ed7f93bef404,720,reaction on fashion!,,243138,122,1751812683,507770,2055,0fa9f79b-2814-40a8-b2e0-ead4a95c5fb4
720,1bf0e67c-b2ec-4f8d-ae02-ed7f93bef404,720,reaction on tech!,5448,453183,112,1751467083,798596,3494,82de9fb0-3128-460d-bcdb-9af11fccd637
1080,1bf0e67c-b2ec-4f8d-ae02-ed7f93bef404,720,unboxing on beauty!,9748,402792,67,1749911883,182973,2557,338eb3ad-ac58-439b-b60c-c6319767613c
720,1bf0e67c-b2ec-4f8d-ae02-ed7f93bef404,1080,unboxing on fashion!,6692,NaN,145,1752331083,353269,3364,05e4ab27-b0f4-4775-998e-19dadc0d1501
720,1bf0e67c-b2ec-4f8d-ae02-ed7f93bef404,720,vlog on travel!,5969,119553,66,1749393483,110144,3127,ff455704-c326-4326-ad85-85a7b89d9ca4
1080,1bf0e67c-b2ec-4f8d-ae02-ed7f93bef404,720,challenge on beauty!,3062,,100,1750603083,7123,4978,b394102d-412e-44dd-9b13-90a8ebde378b
1080,1bf0e67c-b2ec-4f8d-ae02-ed7f93bef404,720,challenge on fashion!,,385416,54,1748615883,886331,?,39745da5-7941-48fa-b481-fe8249cd7669
720,1bf0e67c-b2ec-4f8d-ae02-ed7f93bef404,720,review on fitness!,3280,0.0.0,95,1748011083,143764,1595,1eb9f762-4e32-417f-a281-daad052fe5f4
720,1bf0e67c-b2ec-4f8d-ae02-ed7f93bef404,1080,unboxing on fashion!,4004,108396,73,1752071883,874502,4512,381e195c-4fd6-496a-b3a0-ea3f28668c82
720,1bf0e67c-b2ec-4f8d-ae02-ed7f93bef404,1080,reaction on food!,?,144604,84,1749393483,631575,0.0.0,c467ee96-50af-4930-9406-cb6cb44906b6
1080,1bf0e67c-b2ec-4f8d-ae02-ed7f93bef404,720,review on fitness!,8137,86628,180,1749566283,?,2569,1e369c8c-8720-46d0-bd70-6f3de639e19a
720,1bf0e67c-b2ec-4f8d-ae02-ed7f93bef404,1080,vlog on fashion!,6732,248769,167,1748615883,NaN,3055,9d4ad3ef-9486-487c-b7e3-250ff7122651
720,1bf0e67c-b2ec-4f8d-ae02-ed7f93bef404,,vlog on tech!,3019,414807,,1752676683,4220,2977,6aada132-fa6c-4b25-b154-806223c0b30e
720,1bf0e67c-b2ec-4f8d-ae02-ed7f93bef404,1080,reaction on food!,4042,60847,23,1750775883,917213,2285,dda149d4-ae64-4461-a7bf-201adc3d44f1
720,1bf0e67c-b2ec-4f8d-ae02-ed7f93bef404,720,challenge on tech!,1573,440967,66,1750603083,406025,3144,085ac76c-1d9b-4047-b7d5-0b248b084e8f
1080,1bf0e67c-b2ec-4f8d-ae02-ed7f93bef404,720,challenge on fitness!,0.0.0,264072,148,1749566283,,1602,a1733e22-ad79-4e3d-a772-da0bc15b95f3
720,1bf0e67c-b2ec-4f8d-ae02-ed7f93bef404,NaN,unboxing on beauty!,4168,9897,58,1748443083,75459,3696,181f9a25-bebd-4d99-b405-f86ad36cd44a
1080,1bf0e67c-b2ec-4f8d-ae02-ed7f93bef404,720,review on fashion!,9616,353299,0.0.0,1751985483,248660,1125,5187fa20-25f4-406e-bd17-5d4c37664963
720,1bf0e67c-b2ec-4f8d-ae02-ed7f93bef404,,review on fitness!,2986,0.0.0,10,1748270283,178608,,c962fd9e-db42-44c9-a0c1-78ba73a9b707
720,1bf0e67c-b2ec-4f8d-ae02-ed7f93bef404,1080,unboxing on tech!,6986,464505,89,1749998283,171191,70,957f1fdd-950c-4342-886e-643d6ae7862d
720,1bf0e67c-b2ec-4f8d-ae02-ed7f93bef404,720,reaction on food!,4897,23847,146,1751035083,575176,2730,7fb1b2f7-7aba-4639-bf05-b69d413fce53
720,1bf0e67c-b2ec-4f8d-ae02-ed7f93bef404,1080,unboxing on travel!,2810,104232,55,1752849483,814683,309,cf42cad2-4491-44c0-8fb9-3170cc353b9d
720,f847b966-8035-4d70-ae44-7d655d4d4822,0.0.0,review on food!,3283,188034,162,1750171083,108642,2610,7e987572-8f77-48a9-902f-caa48faabd89
720,f847b966-8035-4d70-ae44-7d655d4d4822,720,review on travel!,2968,224547,128,1751899083,194127,4550,99b7aa61-7afa-4af7-ab9b-2e504d1f3e30
1080,f847b966-8035-4d70-ae44-7d655d4d4822,720,review on fashion!,5075,?,114,1750603083,523478,4615,21a41779-eb22-47ea-99c5-6640bf4026db
720,f847b966-8035-4d70-ae44-7d655d4d4822,1080,challenge on tech!,4898,0.0.0,128,1748270283,,?,47e2f33a-459b-41b6-8cb1-31b5c731082e
1080,f847b966-8035-4d70-ae44-7d655d4d4822,1080,reaction on food!,5687,269686,61,1752071883,422648,1226,c1a4cf54-4e72-4d16-a116-bfc5d21d8ece
?,f847b966-8035-4d70-ae44-7d655d4d4822,720,unboxing on tech!,3616,292207,38,1750430283,814068,2192,263b5cce-4dc9-41d4-bc9e-2b7e8019cd0e
1080,f847b966-8035-4d70-ae44-7d655d4d4822,0.0.0,unboxing on fitness!,6475,363120,66,1748702283,506286,4234,737f5300-6151-49c3-9b7a-3ac6c747eec5
1080,f847b966-8035-4d70-ae44-7d655d4d4822,720,review on fashion!,5168,49573,112,1749825483,547505,4419,48bdd142-b650-48fb-b20d-541c1d433036
1080,f847b966-8035-4d70-ae44-7d655d4d4822,720,review on fashion!,2996,3297,36,1748875083,502916,333,d52891b3-b940-4e98-9c6c-e61940686c46
1080,f847b966-8035-4d70-ae44-7d655d4d4822,720,challenge on fitness!,2071,?,72,1752503883,,737,61c713ca-0815-45be-af78-28bb9c14fb51
720,f847b966-8035-4d70-ae44-7d655d4d4822,720,unboxing on fitness!,8655,129295,74,1749134283,834217,4932,5c5b8bed-95f9-463f-bbd0-07415356df5e
720,f847b966-8035-4d70-ae44-7d655d4d4822,1080,vlog on tech!,9060,310966,64,1748788683,NaN,1727,9028fbf8-5cfb-42ac-a957-e4d6fdb5a5af
1080,f847b966-8035-4d70-ae44-7d655d4d4822,720,unboxing on food!,9856,217920,12,1751207883,542901,2249,f680237f-8fbc-41a3-9afa-b29c6aac0bdb
720,f847b966-8035-4d70-ae44-7d655d4d4822,720,review on travel!,2333,465065,173,1749825483,167785,2740,29298b21-3948-4d7c-8899-a017abb0c9aa
1080,f847b966-8035-4d70-ae44-7d655d4d4822,1080,unboxing on beauty!,6392,488717,100,1751553483,29522,123,6ac56580-8eee-4daa-ba38-d12b2041bfd0
720,f847b966-8035-4d70-ae44-7d655d4d4822,720,review on fitness!,7596,206699,142,1752676683,13627,272,85321679-0ca2-4d0c-9f5a-b1eb622db5ed
1080,f847b966-8035-4d70-ae44-7d655d4d4822,1080,unboxing on food!,,251774,49,1748097483,662979,,b304a2aa-e5ad-4dc8-b20d-7081cda064f7
1080,5ccee1e5-8659-4038-81c4-b59bca0c7ca6,720,challenge on tech!,8484,257195,60,1751207883,441233,,ee4887a5-7d51-45a7-83e5-af23ae3b3a28
1080,5ccee1e5-8659-4038-81c4-b59bca0c7ca6,720,vlog on travel!,6787,220170,162,1752417483,310692,1180,f6caae42-946e-4f9d-b5f3-cc96892536d9
720,5ccee1e5-8659-4038-81c4-b59bca0c7ca6,720,vlog on tech!,9467,262507,145,1748529483,387721,1052,970717d3-7421-4c5a-9f4d-5d382d5cc32d
1080,5ccee1e5-8659-4038-81c4-b59bca0c7ca6,1080,reaction on travel!,4368,284375,35,1748011083,931315,2369,c878dbd8-6e3c-43e7-9958-d2fa1e8c5381
720,5ccee1e5-8659-4038-81c4-b59bca0c7ca6,1080,challenge on food!,126,397362,33,1750084683,906092,1151,cc85a435-5779-4989-b58a-85fa9415c546
1080,5ccee1e5-8659-4038-81c4-b59bca0c7ca6,720,challenge on tech!,NaN,469845,42,1752417483,924557,3523,e816dc62-4da7-43e8-adb4-471803dd8c8d
1080,5ccee1e5-8659-4038-81c4-b59bca0c7ca6,720,unboxing on travel!,NaN,255846,70,1750775883,474011,3120,8fcd483b-1612-4354-96c4-a1b10485698d
720,5ccee1e5-8659-4038-81c4-b59bca0c7ca6,1080,vlog on tech!,182,226277,138,1749479883,806325,2863,a6d9154a-ce37-438a-9297-64fd8f4fc5bb
720,5ccee1e5-8659-4038-81c4-b59bca0c7ca6,720,vlog on fashion!,NaN,465203,145,1747924683,888290,3490,f69bbcf2-eac1-4838-9143-1a751f552497
720,5ccee1e5-8659-4038-81c4-b59bca0c7ca6,1080,unboxing on food!,,75900,137,1752244683,323357,1948,cee7a425-a225-4945-9c47-000dcf247c7c
720,5ccee1e5-8659-4038-81c4-b59bca0c7ca6,720,reaction on fashion!,6635,117088,128,1752935883,19636,310,f9dbddd5-fc08-4d74-a465-8f4d69ec5d0f
720,5ccee1e5-8659-4038-81c4-b59bca0c7ca6,720,unboxing on beauty!,5005,426630,NaN,1748788683,333546,970,6d6e027a-15f8-48d6-82b1-4e14f7b2ffcf
720,5ccee1e5-8659-4038-81c4-b59bca0c7ca6,1080,reaction on travel!,4017,0.0.0,102,1748961483,175145,3855,6521228f-72ee-42bb-91ca-aba33e6a03de
720,5ccee1e5-8659-4038-81c4-b59bca0c7ca6,1080,vlog on beauty!,7049,275403,18,1750948683,?,,b1d0c30b-9242-4aae-a13e-2c462a70ed5a
1080,5ccee1e5-8659-4038-81c4-b59bca0c7ca6,720,review on beauty!,8478,232998,71,1751467083,475128,3089,0c7e1650-752f-4d8c-b1cf-eeb323fe5f86
720,5ccee1e5-8659-4038-81c4-b59bca0c7ca6,,reaction on food!,,322755,68,1749134283,784528,962,8c298299-360d-4ea3-b3dc-2046e8be1cf5
720,5ccee1e5-8659-4038-81c4-b59bca0c7ca6,1080,reaction on fitness!,9042,360565,170,1751639883,828965,4037,7385186f-6ae5-446d-8465-d23e4044af0c
1080,5ccee1e5-8659-4038-81c4-b59bca0c7ca6,1080,vlog on beauty!,6449,64841,161,1751639883,902739,4462,8fcc6086-782d-4c3b-a43b-0f9a6e5001f2
720,5ccee1e5-8659-4038-81c4-b59bca0c7ca6,720,review on beauty!,0.0.0,330141,169,1747924683,503296,4155,c66b26f3-565e-4850-9eb5-5573d1a40cfe
1080,5ccee1e5-8659-4038-81c4-b59bca0c7ca6,720,vlog on fashion!,2494,40600,104,1751121483,794118,1369,98c5f8fc-6e2f-4b03-87bc-cbbd30ecc02b
720,5ccee1e5-8659-4038-81c4-b59bca0c7ca6,,unboxing on travel!,1647,230303,110,1750603083,960219,3011,db6f7f7d-2eab-405f-a4b0-c51fb0b873ab
1080,5ccee1e5-8659-4038-81c4-b59bca0c7ca6,720,vlog on travel!,1423,116671,144,1750430283,551677,3990,06e00e1e-ce04-47ac-98b7-c92a6dcb0cd4
720,5ccee1e5-8659-4038-81c4-b59bca0c7ca6,720,challenge on beauty!,9847,409976,78,1750948683,779603,2500,82332f39-f832-4827-a5ab-5b4964f02fd9
720,cf00624e-3492-426f-8b3e-719550d4a995,1080,reaction on tech!,6921,409222,98,1748788683,691777,2390,3d59ba6f-88a4-44ba-a150-5b49a6d19804
1080,cf00624e-3492-426f-8b3e-719550d4a995,720,vlog on travel!,4924,22679,110,1749998283,929245,0.0.0,51544212-527e-4f11-994d-fae5ec91199d
720,cf00624e-3492-426f-8b3e-719550d4a995,720,unboxing on travel!,9944,401588,24,1749911883,851701,4163,e57fcd59-5ad3-4243-85ba-865e0743d04f
1080,cf00624e-3492-426f-8b3e-719550d4a995,1080,review on beauty!,8389,403579,40,1749566283,736612,1396,468fd83f-b476-428c-bca0-f51668eeabb1
720,cf00624e-3492-426f-8b3e-719550d4a995,1080,vlog on beauty!,1964,NaN,18,1751985483,171828,203,04e6a8f1-c726-44f3-943c-e3d643e57303
720,cf00624e-3492-426f-8b3e-719550d4a995,1080,vlog on food!,2635,,84,1752331083,668083,142,1462cd2a-529f-461b-9c84-3007122e9614
720,cf00624e-3492-426f-8b3e-719550d4a995,1080,reaction on fitness!,9540,88140,22,1750343883,768688,3916,404e931b-9439-453d-b83f-8c79ef1ed6df
720,cf00624e-3492-426f-8b3e-719550d4a995,720,unboxing on beauty!,7466,183742,171,1752503883,387798,3199,0e3d8eb1-8c11-4b56-a4a6-cb784097ceef
720,cf00624e-3492-426f-8b3e-719550d4a995,720,review on food!,5198,78455,148,1748183883,545299,2603,463a6777-73ce-4f9d-a53a-5100e5d41c64
720,cf00624e-3492-426f-8b3e-719550d4a995,720,challenge on fitness!,,176372,130,1748356683,730990,328,74f0acc6-3740-49f6-8474-701f8a2a996d
720,cf00624e-3492-426f-8b3e-719550d4a995,,reaction on food!,6946,69908,158,1751812683,11990,1891,af3cd3a3-d224-4527-8b4f-069ed6362e8e
720,cf00624e-3492-426f-8b3e-719550d4a995,720,challenge on tech!,2121,485324,36,1752503883,306000,3234,e363b7ac-50c7-471a-8615-f0f5008d7f03
720,cf00624e-3492-426f-8b3e-719550d4a995,720,vlog on fitness!,1419,412086,50,1752676683,86850,2931,4e1f8a3c-9aeb-4015-a50c-b542e4346887
720,cf00624e-3492-426f-8b3e-719550d4a995,1080,challenge on fashion!,9087,113426,103,1749652683,0.0.0,1062,1bc5a293-ab01-496c-a8fd-761440c22be7
720,cf00624e-3492-426f-8b3e-719550d4a995,720,challenge on tech!,4706,492586,NaN,1748702283,604056,2511,e6097fec-7985-4e7c-8ad9-515a86bb343b
720,cf00624e-3492-426f-8b3e-719550d4a995,1080,vlog on fitness!,6828,NaN,106,1748097483,,4391,25209910-ca15-4bbe-b2a0-f77021eda883
720,cf00624e-3492-426f-8b3e-719550d4a995,1080,reaction on food!,619,,155,1749307083,144494,2451,41277329-ab3d-411a-8e6c-536693a6b9d2
1080,cf00624e-3492-426f-8b3e-719550d4a995,720,vlog on fitness!,1933,17972,61,1749566283,883258,1790,2454b189-8340-4d34-9e48-e7240c008aa6
720,cf00624e-3492-426f-8b3e-719550d4a995,1080,challenge on food!,,436799,?,1749220683,49486,163,99127fee-0d27-431a-b3aa-37c92830fcfd
1080,6f833ec2-a046-4591-b634-a7bee55bb9cf,1080,unboxing on tech!,?,495297,174,1749047883,570327,3726,5dc0b528-836b-4e7e-988f-e5452d937914
1080,6f833ec2-a046-4591-b634-a7bee55bb9cf,1080,reaction on fitness!,7905,128051,149,1748961483,308245,2530,81f89d79-eabb-4eda-9775-1f5497babad7
720,6f833ec2-a046-4591-b634-a7bee55bb9cf,720,unboxing on fashion!,NaN,229892,97,1750862283,574535,3208,f0c99af4-f298-4902-9f60-aabcf32a9c3c
1080,6f833ec2-a046-4591-b634-a7bee55bb9cf,1080,challenge on travel!,,48675,28,1751812683,,3487,bc102bec-6b23-41d2-99a8-c9aae1433708
1080,6f833ec2-a046-4591-b634-a7bee55bb9cf,1080,vlog on fashion!,8546,74818,50,1750343883,371229,4527,50df64ed-af10-49d9-96bd-49685e1ea165
0.0.0,6f833ec2-a046-4591-b634-a7bee55bb9cf,720,reaction on food!,6856,50013,62,1751380683,512695,,cdc0f57a-0068-44a2-ad85-3736c8de9486
1080,6f833ec2-a046-4591-b634-a7bee55bb9cf,1080,vlog on beauty!,?,477337,23,1750171083,0.0.0,2991,1980eee9-ceff-4f88-a628-38e73368f6fc
1080,6f833ec2-a046-4591-b634-a7bee55bb9cf,720,review on travel!,2758,183713,153,1747924683,903032,2647,40a15a55-a95b-4af6-a746-c37baa416745
720,6f833ec2-a046-4591-b634-a7bee55bb9cf,1080,reaction on beauty!,2186,19744,28,1748097483,942714,?,39963606-7e89-4286-bdbe-ec9a6a243b23
720,6f833ec2-a046-4591-b634-a7bee55bb9cf,1080,challenge on tech!,571,279732,38,1751207883,6024,4933,1e5f81b3-98e6-4da4-9f6b-2a371ba663cb
1080,6f833ec2-a046-4591-b634-a7bee55bb9cf,1080,unboxing on travel!,2367,314947,129,1749911883,698355,1751,240cd039-853f-4808-8cb4-027a08e61a0a
1080,6f833ec2-a046-4591-b634-a7bee55bb9cf,1080,vlog on fashion!,7816,162246,NaN,1751812683,517668,2501,2a844a45-8ced-4ea2-8d0a-3cbd6ee25079
1080,6f833ec2-a046-4591-b634-a7bee55bb9cf,1080,review on fitness!,2374,,,1750343883,123021,4930,b28d71f1-173f-4628-98e6-4b8cd4d96f77
1080,6f833ec2-a046-4591-b634-a7bee55bb9cf,1080,review on food!,0.0.0,283719,157,1749998283,681601,7,25e0cf97-8430-44d4-b20f-da2589ae3940
1080,6f833ec2-a046-4591-b634-a7bee55bb9cf,1080,unboxing on food!,3251,394683,46,1748097483,173010,2148,36384916-9a1e-4c02-9dfb-a40ebcf678cc
1080,6f833ec2-a046-4591-b634-a7bee55bb9cf,1080,vlog on food!,846,167368,99,1751726283,175827,4282,88ce3c8c-fc83-4291-a6c2-d2b6da0d063a
720,6f833ec2-a046-4591-b634-a7bee55bb9cf,1080,vlog on travel!,238,32074,109,1748875083,569129,4284,fc88a8bc-15f7-4fff-80d0-31d482579af6
720,6f833ec2-a046-4591-b634-a7bee55bb9cf,720,challenge on fitness!,2208,412554,110,1750171083,357477,4053,0b7dc358-3703-4bcc-953b-1a9c3f0585ea
1080,6f833ec2-a046-4591-b634-a7bee55bb9cf,720,reaction on fashion!,9520,315615,47,1750516683,201569,3691,494de04a-5220-434c-a673-4648fb395347
1080,ca2d00fb-9e8d-4968-b3a7-230956b4bb12,720,challenge on fashion!,4937,375159,77,1753022283,526485,,b59d8b2b-9c2f-43e0-9bc4-9c7af006e05c
1080,ca2d00fb-9e8d-4968-b3a7-230956b4bb12,720,reaction on food!,,131275,70,1749825483,686555,2848,a39e68c4-c040-4616-9085-93d10d230a1b
720,ca2d00fb-9e8d-4968-b3a7-230956b4bb12,1080,unboxing on beauty!,NaN,359593,175,1751553483,401371,,5161b356-2678-4524-beea-03e731b9fe4b
,ca2d00fb-9e8d-4968-b3a7-230956b4bb12,720,vlog on beauty!,2653,411184,29,1748615883,160853,985,89c07cad-530e-42d5-afb9-c7617bf2b933
1080,ca2d00fb-9e8d-4968-b3a7-230956b4bb12,1080,reaction on tech!,3345,357800,NaN,1751553483,332120,NaN,a69f3b3d-f70a-462d-b712-b3a84d4aa48d
720,ca2d00fb-9e8d-4968-b3a7-230956b4bb12,720,review on tech!,?,494784,153,1751639883,555949,,b10a5b6c-8ac5-4330-83dc-bc399eba758f
1080,ca2d00fb-9e8d-4968-b3a7-230956b4bb12,720,vlog on food!,5714,269184,69,1752071883,775302,3464,eee50f1f-6732-45ee-b5e5-1d0debd36f3e
1080,ca2d00fb-9e8d-4968-b3a7-230956b4bb12,1080,unboxing on fashion!,9399,440755,17,1750084683,118197,2239,4822f59b-55b2-4f45-8844-3acc09a8a28b
,ca2d00fb-9e8d-4968-b3a7-230956b4bb12,720,challenge on travel!,,361915,172,1748356683,893759,,054dbe08-2e0c-4791-9c23-f40b1d361962
720,ca2d00fb-9e8d-4968-b3a7-230956b4bb12,1080,unboxing on fashion!,3033,380933,53,1749479883,,3267,81e6bda7-0215-4f1f-b13b-fc2098036d43
1080,ca2d00fb-9e8d-4968-b3a7-230956b4bb12,720,unboxing on travel!,456,96018,52,1751380683,95858,1137,3d7ce31b-b084-48a0-a183-e220f3f3b64c
1080,ca2d00fb-9e8d-4968-b3a7-230956b4bb12,720,unboxing on fashion!,2692,474754,180,1747924683,39983,1024,6a1d0026-4707-43c1-acdf-bc559b9fca1d
1080,ca2d00fb-9e8d-4968-b3a7-230956b4bb12,1080,challenge on fashion!,3642,276490,24,1753022283,?,3656,2a52e121-0b46-4d37-a95c-542406e4b837
720,ca2d00fb-9e8d-4968-b3a7-230956b4bb12,720,challenge on beauty!,NaN,454059,44,1751553483,99879,2199,d78cbfe0-ce9e-4175-8041-e117636e2a89
720,ca2d00fb-9e8d-4968-b3a7-230956b4bb12,720,vlog on beauty!,1948,174539,94,1748270283,347168,4009,5ed4c874-0185-4646-9704-6bbbbc3343ec
1080,ca2d00fb-9e8d-4968-b3a7-230956b4bb12,720,challenge on fashion!,5626,467579,139,1750171083,NaN,2726,f65a0c37-f402-464f-946f-e997cd8410d2
,ca2d00fb-9e8d-4968-b3a7-230956b4bb12,1080,reaction on travel!,5937,91093,41,1748270283,0.0.0,2686,9100c1bf-32f4-415d-ba85-d377895b17b3
720,ca2d00fb-9e8d-4968-b3a7-230956b4bb12,720,unboxing on beauty!,6457,219306,155,1750171083,243392,832,8b732da4-2579-497c-989d-77c1d670217f
1080,ca2d00fb-9e8d-4968-b3a7-230956b4bb12,1080,review on food!,400,65622,36,1751726283,790194,,5ac43155-927f-4194-840e-838381e73d4c
720,ca2d00fb-9e8d-4968-b3a7-230956b4bb12,720,review on food!,2785,412962,148,1750430283,988379,1590,aaeb6695-431b-4c88-8380-f61c50dfd0ff
1080,ca2d00fb-9e8d-4968-b3a7-230956b4bb12,0.0.0,unboxing on fashion!,7098,58325,105,1751639883,,2259,611b51b8-c5ed-4c7a-b855-023a926b0f0c
1080,ca2d00fb-9e8d-4968-b3a7-230956b4bb12,720,challenge on food!,4598,139036,14,1750775883,428029,639,870f0921-168d-415a-9970-4c5f94039fba
1080,a69bae5b-b9b9-4c9a-970d-d13839dac212,720,review on tech!,2319,407886,88,1748011083,434485,4924,bdb9a6d9-c4b3-499e-a7d7-ee8c7ecda484
720,a69bae5b-b9b9-4c9a-970d-d13839dac212,720,challenge on travel!,9059,411149,13,1752763083,882796,966,1d42457c-050a-4091-9e93-883f3b7a7213
1080,a69bae5b-b9b9-4c9a-970d-d13839dac212,1080,review on tech!,9356,406298,164,1750689483,438116,916,70ef2362-1560-4d62-b980-24d819a75b23
720,a69bae5b-b9b9-4c9a-970d-d13839dac212,720,reaction on fashion!,9370,379428,67,1748702283,209820,0.0.0,8430c6b5-be89-4f8e-8789-25ab51de03d5
1080,a69bae5b-b9b9-4c9a-970d-d13839dac212,1080,unboxing on beauty!,1018,47928,98,1749566283,245697,1686,655a492f-a096-494d-a3f2-dfc368c92faf
1080,a69bae5b-b9b9-4c9a-970d-d13839dac212,720,reaction on food!,,44215,45,1747924683,66863,1679,d9f2d2ac-e4a3-4724-b8e6-1a0b0082281c
1080,a69bae5b-b9b9-4c9a-970d-d13839dac212,720,vlog on food!,277,390114,175,1749825483,288091,4806,fa99cf56-2ec7-493f-9a10-bd2a3afa29e1
1080,a69bae5b-b9b9-4c9a-970d-d13839dac212,720,challenge on food!,0.0.0,?,94,1748875083,174743,2671,018f4e5a-2526-44dd-af01-6e9dfdf04919
1080,a69bae5b-b9b9-4c9a-970d-d13839dac212,1080,reaction on fashion!,1163,325271,161,1748443083,43536,4255,eb1331ad-9d5e-4d71-8e97-9608ff82babb
1080,a69bae5b-b9b9-4c9a-970d-d13839dac212,1080,challenge on tech!,6692,,168,1751121483,411833,1880,27242bcd-4cb8-4d00-b6b7-6d2da23cab32
,a69bae5b-b9b9-4c9a-970d-d13839dac212,1080,vlog on fashion!,5891,249775,41,1749307083,34129,1378,11141e0b-d379-4a96-a366-2f144fe51ea1
1080,a69bae5b-b9b9-4c9a-970d-d13839dac212,1080,review on food!,8186,199121,13,1751035083,388573,2109,65063879-6163-4d69-9e3d-e493f94133c6
1080,a69bae5b-b9b9-4c9a-970d-d13839dac212,1080,review on fitness!,8295,480894,75,1751121483,NaN,3246,9a7172dd-a12e-43ee-a030-7d029badfead
1080,a69bae5b-b9b9-4c9a-970d-d13839dac212,720,challenge on fitness!,2888,229213,111,1749998283,535951,429,b49bcac4-be79-44f3-9157-6d87098321c6
720,a69bae5b-b9b9-4c9a-970d-d13839dac212,1080,reaction on fitness!,6298,423110,178,1750775883,93391,4246,494e514d-511a-424d-b44e-e5dadfa971e1
720,a69bae5b-b9b9-4c9a-970d-d13839dac212,720,unboxing on travel!,?,9984,59,1751726283,66821,3628,ae3bddbd-e99f-4fd1-8540-c23e9505f690
1080,a69bae5b-b9b9-4c9a-970d-d13839dac212,720,review on food!,6010,NaN,157,1750343883,346996,2370,085cfa9e-d588-40bf-b126-9cdaaa84841f
720,a69bae5b-b9b9-4c9a-970d-d13839dac212,,review on beauty!,,122702,18,1751467083,648835,4214,d5b05810-a386-49e6-9dc6-6920b780812c
1080,a69bae5b-b9b9-4c9a-970d-d13839dac212,1080,unboxing on beauty!,3036,307148,174,1749307083,280904,1483,0cfe1620-338c-46e6-b390-1ee680555549
720,a69bae5b-b9b9-4c9a-970d-d13839dac212,1080,reaction on tech!,0.0.0,422012,82,1752331083,144909,3020,a58de285-5e05-4931-aff2-eb955c2b031a
720,a69bae5b-b9b9-4c9a-970d-d13839dac212,720,review on fashion!,7424,238486,141,1748356683,70685,,2baa920b-d02d-4c3e-8e69-952af6a1d105
1080,a69bae5b-b9b9-4c9a-970d-d13839dac212,720,reaction on travel!,6969,328761,102,1749566283,47761,103,d0f95e71-e368-4045-bcc4-91ed5092b63c
1080,a69bae5b-b9b9-4c9a-970d-d13839dac212,1080,challenge on beauty!,5781,454927,137,1750862283,425749,4378,b8a06bba-f41d-43c7-89be-3b4acaecd29e
1080,a69bae5b-b9b9-4c9a-970d-d13839dac212,720,unboxing on beauty!,9712,,112,1748097483,,4821,e10ed431-a9c2-45bd-80c2-1b04cd44f8ff
720,fd070e29-6d5c-4a62-adc9-db8e7c3c0459,1080,review on beauty!,5652,140257,12,1749307083,753152,344,60878134-0805-41dc-b21c-35ec36a34b00
720,fd070e29-6d5c-4a62-adc9-db8e7c3c0459,720,vlog on travel!,9252,0.0.0,100,1752158283,,3963,c19a2e2a-7ded-4111-a6a7-a813c1d0e67c
720,fd070e29-6d5c-4a62-adc9-db8e7c3c0459,1080,vlog on tech!,6821,13470,13,1751812683,105516,3264,7fd2eb94-f6e8-416a-9a2e-c662cf9080de
1080,fd070e29-6d5c-4a62-adc9-db8e7c3c0459,1080,unboxing on fashion!,NaN,428221,171,1749307083,307229,2379,3676e741-0fbd-4307-8662-b6d1b3513d44
1080,fd070e29-6d5c-4a62-adc9-db8e7c3c0459,720,review on tech!,715,131750,67,1748702283,198039,2829,c192494c-eb0b-4187-99c6-5b208503a492
720,fd070e29-6d5c-4a62-adc9-db8e7c3c0459,720,unboxing on fitness!,1888,281581,103,1751467083,984522,2367,4cda8bcf-163f-4c66-bc02-b53737d3c0ff
720,fd070e29-6d5c-4a62-adc9-db8e7c3c0459,720,vlog on fashion!,?,188925,38,1751639883,320754,1485,e3d2ea48-75d0-487a-b707-862e1eba6070
720,fd070e29-6d5c-4a62-adc9-db8e7c3c0459,720,review on travel!,7446,354995,13,1751553483,358028,497,e8f09036-e512-459b-ae33-7e0d5aae2ab5
1080,fd070e29-6d5c-4a62-adc9-db8e7c3c0459,1080,unboxing on fitness!,9369,?,76,1748529483,NaN,?,119a09af-fc78-4c7c-8e9b-0ed2680ca0ac
720,fd070e29-6d5c-4a62-adc9-db8e7c3c0459,720,unboxing on fashion!,4923,111163,168,1748615883,720257,3110,6a5e26ec-1385-4bb1-a7fb-c9fce8ad8c4c
720,fd070e29-6d5c-4a62-adc9-db8e7c3c0459,1080,review on fitness!,7305,175994,80,1752590283,340989,3055,2120c87f-bc71-4cea-a585-b0b8718a54b1
720,fd070e29-6d5c-4a62-adc9-db8e7c3c0459,720,unboxing on food!,,423747,53,1751207883,352529,700,69af21a2-4958-435e-b624-787ec334ea13
1080,fd070e29-6d5c-4a62-adc9-db8e7c3c0459,1080,reaction on travel!,8831,336513,154,1750516683,554349,1443,b55ab469-7d8a-458d-b540-092289627ee4
1080,fd070e29-6d5c-4a62-adc9-db8e7c3c0459,1080,review on food!,2289,315269,27,1753022283,261471,4206,59a1b44e-7faf-4c69-9046-5623e5702143
1080,fd070e29-6d5c-4a62-adc9-db8e7c3c0459,1080,challenge on tech!,0.0.0,30812,68,1751553483,181366,1433,a0c2efdb-12b8-465d-975a-5905d2964fbd
720,fd070e29-6d5c-4a62-adc9-db8e7c3c0459,720,unboxing on travel!,1607,0.0.0,117,1748356683,470755,4761,7e8a6e7d-26c9-4459-ac80-3c0625106ef0
720,fd070e29-6d5c-4a62-adc9-db8e7c3c0459,1080,unboxing on fitness!,,377508,70,1749220683,784648,3871,064b0745-b92f-417c-8d5b-5e40a505ea50
NaN,a5744d05-1109-42ae-a261-77536b5c9599,720,unboxing on travel!,9307,440654,40,1750603083,985720,800,df82c4b8-f7be-43a4-95e6-0e4055999926
720,a5744d05-1109-42ae-a261-77536b5c9599,1080,vlog on fitness!,2994,44445,115,1748788683,676840,2893,bb81b0af-543c-42ca-bbcf-8acf6c578a35
1080,a5744d05-1109-42ae-a261-77536b5c9599,720,reaction on fashion!,5122,444816,156,1750343883,369363,4631,f0c1fa3d-c564-4d24-968c-3698d8492353
720,a5744d05-1109-42ae-a261-77536b5c9599,1080,review on fitness!,7287,327479,144,1748961483,,3665,a34dbab5-090c-47a7-9645-e3a5b8c714d3
720,a5744d05-1109-42ae-a261-77536b5c9599,1080,challenge on fashion!,545,444107,97,1748615883,0.0.0,2832,8b16186a-df49-4a51-bfc3-2153c83a0cf8
1080,a5744d05-1109-42ae-a261-77536b5c9599,1080,reaction on tech!,8230,49638,149,1750430283,483830,1482,0220849a-36ff-4b3f-b0d7-25788afceed8
720,a5744d05-1109-42ae-a261-77536b5c9599,720,review on tech!,1727,?,23,1751467083,0.0.0,0.0.0,545b24f4-6417-420f-ab8b-84c8400526d6
1080,a5744d05-1109-42ae-a261-77536b5c9599,720,challenge on food!,1787,111069,107,1749739083,0.0.0,2181,22ec3386-1532-466d-a295-c2a2a6125b88
720,a5744d05-1109-42ae-a261-77536b5c9599,1080,unboxing on travel!,4945,278479,51,1748788683,721315,1055,b66606f9-f47b-471e-862f-aebcd39b179e
1080,a5744d05-1109-42ae-a261-77536b5c9599,1080,review on fitness!,3593,407970,59,1753022283,248653,206,af6cde7d-d9ee-47fe-8b66-4ad2920dacee
720,a5744d05-1109-42ae-a261-77536b5c9599,1080,reaction on tech!,9269,358460,167,1749566283,?,1952,55217477-3374-4d9d-8d55-5152b9180117
1080,a5744d05-1109-42ae-a261-77536b5c9599,720,reaction on fitness!,1901,245670,168,1752503883,,4281,caac5985-60c0-4a75-a8ae-8b9e88adbfe3
720,a5744d05-1109-42ae-a261-77536b5c9599,720,challenge on food!,6606,193800,64,1751985483,885555,4375,b7efd58c-c8e0-455c-b0b6-2eac9e956912
1080,a5744d05-1109-42ae-a261-77536b5c9599,1080,reaction on travel!,2990,218963,79,1751121483,83405,2759,94a319a0-99b5-4d32-9705-7393865311c2
1080,a5744d05-1109-42ae-a261-77536b5c9599,1080,challenge on travel!,3160,243869,142,1752590283,359364,,7ccaedc9-d2f4-429a-9807-256d6570cf89
1080,a5744d05-1109-42ae-a261-77536b5c9599,720,challenge on beauty!,3109,97086,175,1751553483,81736,0.0.0,51d1f283-33c0-44ce-875e-68711a24c93d
1080,a5744d05-1109-42ae-a261-77536b5c9599,720,reaction on food!,4107,333168,153,1750430283,495442,2904,88297aa9-767e-4956-99f5-dd4f9fbe128f
1080,a5744d05-1109-42ae-a261-77536b5c9599,720,vlog on beauty!,NaN,1533,36,1748788683,984528,122,0fa9dfc6-f3c8-4eae-a45d-4ea2cf8515c9
1080,a5744d05-1109-42ae-a261-77536b5c9599,1080,review on fitness!,6096,372132,22,1751294283,78272,2670,8a795475-dbbd-46ed-9d32-9319b0b22cea
720,a5744d05-1109-42ae-a261-77536b5c9599,720,unboxing on fashion!,,117443,66,1748702283,693508,2073,69853df2-ee97-4442-855a-c344959633a0
1080,a5744d05-1109-42ae-a261-77536b5c9599,720,unboxing on beauty!,1812,162489,59,1749911883,404889,4549,39b94be5-7268-46e8-981a-4f334a294df3
1080,a5744d05-1109-42ae-a261-77536b5c9599,1080,challenge on fashion!,8947,209722,59,1752763083,171035,502,cf9ec700-efe2-4e26-8d00-5ad37c0a80d9
1080,a5744d05-1109-42ae-a261-77536b5c9599,1080,challenge on food!,8049,437556,117,1751812683,397910,2133,568ab951-2b1a-45e0-a864-9d58f37b6ebb
720,580ef8ed-2cd1-463c-a26a-ae20f549012e,720,reaction on beauty!,9442,55549,109,1751726283,477110,2182,f9a91894-3a03-4716-9251-e2159486294f
1080,580ef8ed-2cd1-463c-a26a-ae20f549012e,720,vlog on fashion!,2008,54715,85,1748443083,266927,4172,7a418735-70c3-4881-be60-3c96cc2b65f9
1080,580ef8ed-2cd1-463c-a26a-ae20f549012e,720,challenge on beauty!,6972,151324,120,1748270283,,464,c5c08076-bf5a-4bcc-9bd9-5001889135f7
1080,580ef8ed-2cd1-463c-a26a-ae20f549012e,1080,unboxing on travel!,3373,NaN,100,1749134283,37422,414,f7d179ff-26de-4716-9a42-90295e7404e4
,580ef8ed-2cd1-463c-a26a-ae20f549012e,720,review on food!,2968,206644,31,1750603083,972868,2238,40e0cc4e-0245-46ff-9f77-4a34f4a0d0d8
1080,580ef8ed-2cd1-463c-a26a-ae20f549012e,1080,vlog on food!,NaN,214927,73,1752590283,539531,4283,7250fbc5-5315-4e0a-a4ee-af201d62c981
720,580ef8ed-2cd1-463c-a26a-ae20f549012e,1080,challenge on tech!,4277,429152,126,1752071883,418945,3725,115ea797-8466-4cc5-bab4-1eb62744857e
1080,580ef8ed-2cd1-463c-a26a-ae20f549012e,720,challenge on beauty!,6992,273205,131,1752417483,532254,4895,8755bf7a-a914-4ff9-a04d-4d66eb38685d
720,580ef8ed-2cd1-463c-a26a-ae20f549012e,1080,review on beauty!,8432,27839,63,1752244683,390758,1230,f000bd4e-5dd2-4a7c-87a5-d75cf0fed2ac
1080,580ef8ed-2cd1-463c-a26a-ae20f549012e,NaN,reaction on tech!,2929,336043,149,1748529483,838357,,afc278f1-3fb3-4bce-b9ff-23ca8144cfcd
,580ef8ed-2cd1-463c-a26a-ae20f549012e,1080,reaction on travel!,1069,436986,173,1751467083,235502,2363,88401bd7-e5ce-47d5-8045-1892ef5f6056
720,580ef8ed-2cd1-463c-a26a-ae20f549012e,720,reaction on fitness!,9633,159367,58,1748529483,622540,2480,c5b20753-839c-43b1-8253-d88a287b608a
720,580ef8ed-2cd1-463c-a26a-ae20f549012e,1080,vlog on fashion!,3548,412477,85,1748788683,253078,4754,14da2c65-a748-49a3-b44e-c4a84a576669
720,580ef8ed-2cd1-463c-a26a-ae20f549012e,720,vlog on travel!,9426,243401,122,1748183883,430085,4871,42a9fbd6-3f81-4d2a-afd5-c93fc14b194f
1080,580ef8ed-2cd1-463c-a26a-ae20f549012e,1080,reaction on food!,9726,426353,83,1752935883,337146,,10b4f056-18b2-45ea-a312-ff8840e3456d
720,580ef8ed-2cd1-463c-a26a-ae20f549012e,1080,vlog on beauty!,3490,337698,,1750343883,465610,4940,6cadcf8c-6bbe-42e9-b406-036e488e61f1
720,580ef8ed-2cd1-463c-a26a-ae20f549012e,1080,unboxing on food!,8235,356469,25,1750516683,169221,539,5dc99949-951f-447d-b9e1-831f6afff129
1080,580ef8ed-2cd1-463c-a26a-ae20f549012e,720,reaction on beauty!,7719,435913,41,1748529483,727406,562,0bb9142c-072a-4b17-90ff-59bc3764e51f
720,580ef8ed-2cd1-463c-a26a-ae20f549012e,1080,review on tech!,7750,142340,129,1752763083,979964,2972,d3f2134c-82e5-409d-9301-88773e9df707
1080,580ef8ed-2cd1-463c-a26a-ae20f549012e,720,challenge on beauty!,,474814,161,1752417483,614645,1502,f47d4da3-6b63-498b-80c0-40d7e2f5e4da
720,580ef8ed-2cd1-463c-a26a-ae20f549012e,720,challenge on tech!,,217719,120,1751639883,406977,4450,e32e53aa-4738-4db9-ad5e-4c34a752cb10
720,580ef8ed-2cd1-463c-a26a-ae20f549012e,1080,vlog on fashion!,6185,387176,,1751207883,240473,4746,1fbdb0dc-72a3-42ea-b9ab-dbf8bfb2f822
1080,580ef8ed-2cd1-463c-a26a-ae20f549012e,720,unboxing on fitness!,6272,378719,25,1751467083,197576,4331,d981f0bc-b8be-4fb6-9135-bed97f3c7695
1080,580ef8ed-2cd1-463c-a26a-ae20f549012e,720,vlog on food!,35,446451,35,1750775883,294740,421,ac22d18c-cd86-45b4-81cd-c628913cb2e5
720,580ef8ed-2cd1-463c-a26a-ae20f549012e,1080,review on fashion!,304,435249,13,1751812683,246781,4672,08c22794-d969-400a-9d2f-e539a0d0cec7
720,580ef8ed-2cd1-463c-a26a-ae20f549012e,720,challenge on fitness!,8009,480606,33,1748702283,769844,1482,ade421ed-2fed-476d-9ed7-c143eb829012
?,74414a0d-56ec-4480-88ad-441a0f715643,1080,reaction on fitness!,7828,176070,60,1752763083,367893,2486,69373fdf-a39a-4aab-a22f-13bf6f597d84
720,74414a0d-56ec-4480-88ad-441a0f715643,720,challenge on food!,4749,288941,173,1751812683,334959,11,d8312d6d-c15b-439c-b361-cf3c6bf87a29
,74414a0d-56ec-4480-88ad-441a0f715643,720,reaction on fitness!,1227,NaN,136,1750171083,661447,788,0cc8ab1a-3106-4e17-9861-d431a6ead8f9
720,74414a0d-56ec-4480-88ad-441a0f715643,720,vlog on food!,6396,133242,114,1751467083,997224,954,f37db5c1-a355-4037-9ab2-6e89bbb3cfb4
720,74414a0d-56ec-4480-88ad-441a0f715643,1080,vlog on fitness!,9665,207129,153,1749220683,803656,2373,25b640d0-6e99-49db-a59f-782b8ddcc413
1080,74414a0d-56ec-4480-88ad-441a0f715643,1080,review on travel!,9099,302859,65,1749393483,819773,2437,04f661b5-392e-42e3-9da9-a6673d502fd8
720,74414a0d-56ec-4480-88ad-441a0f715643,720,challenge on beauty!,5647,304799,40,1750948683,181406,1773,6cc24a34-61b9-4dfe-9d29-9e71d7f5421c
720,74414a0d-56ec-4480-88ad-441a0f715643,720,reaction on food!,3763,228448,148,1753022283,464810,3801,70427bb5-8351-4b72-996d-b4febd547b55
1080,74414a0d-56ec-4480-88ad-441a0f715643,1080,review on tech!,8602,187623,NaN,1748615883,568533,1460,3db37fad-88da-4221-986c-2e7f529af3c5
1080,74414a0d-56ec-4480-88ad-441a0f715643,720,review on fitness!,1753,18353,21,1748702283,664658,3780,b8c03f2b-1937-4352-81a4-5023cefa1bb6
720,74414a0d-56ec-4480-88ad-441a0f715643,720,challenge on fitness!,4463,131793,87,1751207883,898510,395,8ffaf31a-c6e6-42fd-b24d-5fe0790bc0ea
720,74414a0d-56ec-4480-88ad-441a0f715643,1080,challenge on beauty!,8859,487728,NaN,1750775883,202716,2468,40167286-399a-4013-ad52-93ec30dac755
720,74414a0d-56ec-4480-88ad-441a0f715643,1080,reaction on fitness!,789,368790,148,1749047883,515813,2153,fac32b87-878f-48ec-848c-4ca288c2e5f2
,74414a0d-56ec-4480-88ad-441a0f715643,,unboxing on food!,5456,138037,177,1753022283,310976,4257,50ec08b6-37ce-4892-a1e9-7d692743cac4
1080,74414a0d-56ec-4480-88ad-441a0f715643,720,vlog on beauty!,8870,307180,124,1751035083,733619,NaN,c2eb1226-651e-4751-bc65-3868160c4ea4
720,74414a0d-56ec-4480-88ad-441a0f715643,720,challenge on beauty!,3088,190539,104,1750343883,122427,1903,96986db5-4d0d-4045-98db-9cc7279a912b
1080,74414a0d-56ec-4480-88ad-441a0f715643,1080,vlog on tech!,126,111361,59,1748529483,,3238,b1a71c96-5e5a-4cbd-91d4-c6c6fec5e9a3
1080,74414a0d-56ec-4480-88ad-441a0f715643,720,review on food!,7630,277154,62,1748961483,690375,0.0.0,1904925b-f696-49f7-abce-2c17f2d379fc
1080,74414a0d-56ec-4480-88ad-441a0f715643,720,review on tech!,7715,79803,94,1750257483,90168,2125,77c84f4a-d70c-4e5c-94ec-24f435cf7aed
1080,74414a0d-56ec-4480-88ad-441a0f715643,720,unboxing on food!,2104,,19,1748443083,719577,4910,bdad5d25-1ab8-4a50-ba0f-320674d84c19
720,74414a0d-56ec-4480-88ad-441a0f715643,720,challenge on beauty!,0.0.0,176290,63,1748270283,256464,1874,af80201d-f817-4d8c-b42d-6b0e7da108b9
1080,74414a0d-56ec-4480-88ad-441a0f715643,1080,reaction on fashion!,5292,0.0.0,91,1748875083,140593,3090,8483ba5a-3041-4049-8e41-629a6776c7c2
720,74414a0d-56ec-4480-88ad-441a0f715643,1080,review on food!,2914,134925,98,1751726283,6347,2573,791550b6-c286-4969-aae3-e0b83aa0ee38
1080,74414a0d-56ec-4480-88ad-441a0f715643,1080,challenge on travel!,3921,51891,119,1751899083,442038,1076,b6f2f940-ee88-40c4-8f09-a13a31ac8974
1080,74414a0d-56ec-4480-88ad-441a0f715643,1080,unboxing on food!,8234,203923,50,1751553483,,4021,6217cd60-a07c-4aea-818a-1cd51ff6ee14
1080,74414a0d-56ec-4480-88ad-441a0f715643,1080,vlog on food!,8871,125457,98,1751380683,0.0.0,2129,016e1416-5745-46aa-93be-7d055455e1bc
720,74414a0d-56ec-4480-88ad-441a0f715643,1080,unboxing on fitness!,7005,,129,1752158283,566028,1865,b3a826fd-22c2-4341-8641-2a27a02db46a
720,74414a0d-56ec-4480-88ad-441a0f715643,1080,vlog on travel!,5973,314592,93,1750948683,572486,3827,ecf678b4-4958-422b-87c6-44b967a661e1
NaN,4dac715e-a5f0-45fb-9372-7f85e3cc35a9,720,review on beauty!,6114,163867,54,1748961483,287765,,3b45bbd5-0784-4b07-8673-410bd1465527
1080,4dac715e-a5f0-45fb-9372-7f85e3cc35a9,?,challenge on tech!,1762,37145,98,1750257483,592726,2891,e8c6b9fa-145f-4750-8187-70e2dcaa6706
720,4dac715e-a5f0-45fb-9372-7f85e3cc35a9,720,vlog on fashion!,2527,,130,1748529483,330324,3821,c824a326-460a-42b7-947b-2c25088402ac
1080,4dac715e-a5f0-45fb-9372-7f85e3cc35a9,720,challenge on food!,4854,421924,89,1752503883,494666,891,ed34eba2-7669-43ec-a742-539e901561c4
1080,4dac715e-a5f0-45fb-9372-7f85e3cc35a9,1080,review on tech!,0.0.0,49944,45,1751207883,814693,1080,a9a95217-3fcf-4a2f-9aff-4e15b42aff48
1080,4dac715e-a5f0-45fb-9372-7f85e3cc35a9,720,reaction on food!,6393,?,136,1751467083,NaN,2890,d6ddf3a3-df7a-4572-9fbd-e3373be96b06
720,4dac715e-a5f0-45fb-9372-7f85e3cc35a9,720,reaction on food!,8051,91106,161,1748011083,853647,410,bbf419a3-70a1-4175-9690-81802bef4ae0
720,4dac715e-a5f0-45fb-9372-7f85e3cc35a9,1080,reaction on beauty!,9101,364394,75,1748788683,812678,4386,7407506c-76c6-413b-8668-818862d764f4
1080,4dac715e-a5f0-45fb-9372-7f85e3cc35a9,1080,review on travel!,9066,70650,112,1748702283,784676,,4931801b-701d-459a-a351-162ad1acb5de
1080,4dac715e-a5f0-45fb-9372-7f85e3cc35a9,720,vlog on food!,,247643,111,1750775883,828135,899,64747450-bc1d-479a-a212-9bc5f285a53f
1080,4dac715e-a5f0-45fb-9372-7f85e3cc35a9,720,challenge on travel!,4860,214425,74,1749911883,8654,267,db6c9098-ddbf-4214-b731-17e6cdf5e2d3
720,4dac715e-a5f0-45fb-9372-7f85e3cc35a9,1080,reaction on travel!,8747,,,1748702283,890418,1179,67409fb1-37e2-4f63-b0ac-39bbe13c74f9
720,4dac715e-a5f0-45fb-9372-7f85e3cc35a9,1080,vlog on tech!,8623,0.0.0,49,1751899083,459072,3134,cb71ac0f-6a11-4f27-be4b-4b71a0140248
1080,4dac715e-a5f0-45fb-9372-7f85e3cc35a9,720,review on fitness!,,142271,173,1750775883,264472,162,c15a0507-8c99-4e07-8c8c-0cebfb72ddf9
720,4dac715e-a5f0-45fb-9372-7f85e3cc35a9,1080,review on tech!,3345,490807,75,1748011083,839459,3795,c38465fe-3de9-456b-bdc3-d86100804681
720,4dac715e-a5f0-45fb-9372-7f85e3cc35a9,1080,vlog on tech!,0.0.0,194998,126,1748615883,633057,3535,2defa1a5-9458-44b5-bc13-e509873e667e
1080,4dac715e-a5f0-45fb-9372-7f85e3cc35a9,1080,unboxing on tech!,3183,495715,141,1749652683,489034,88,c9c61f35-bb87-4d3e-8460-24dda548e582
1080,4dac715e-a5f0-45fb-9372-7f85e3cc35a9,720,review on travel!,4512,260325,15,1749134283,293265,323,b43b82d7-cc7a-40a8-a1dc-cbd5fdc9017a
720,4dac715e-a5f0-45fb-9372-7f85e3cc35a9,1080,reaction on fitness!,8868,0.0.0,94,1749307083,637224,321,9650c456-938a-431b-bb41-0cfd45af65d5
1080,4dac715e-a5f0-45fb-9372-7f85e3cc35a9,720,review on tech!,8498,?,132,1751899083,999595,3108,68e2d16b-f201-4de6-9d15-387c6a070bbf
720,4dac715e-a5f0-45fb-9372-7f85e3cc35a9,720,review on food!,9454,0.0.0,158,1752417483,507920,2861,f7718f35-827d-42a2-9231-c0a7deb8da25
1080,4dac715e-a5f0-45fb-9372-7f85e3cc35a9,720,reaction on fashion!,7121,247636,133,1751380683,151794,2262,1a6d0c6d-5ef5-427a-81e9-ec6a3fd4bbbd
1080,4dac715e-a5f0-45fb-9372-7f85e3cc35a9,720,review on fashion!,6237,107021,27,1751035083,999445,384,2fcfa4f4-e946-4e5b-8a94-5776c16b988c
720,4dac715e-a5f0-45fb-9372-7f85e3cc35a9,1080,challenge on food!,4859,353433,39,1751294283,601243,4555,009538ad-4381-4b03-b236-aac36944fb57
,c6aae260-47a8-4a40-8b20-3b4ac05159e3,720,review on tech!,9235,443557,34,1749825483,405958,2285,d45e5b38-1c16-4898-8998-97c09e7efa1c
1080,c6aae260-47a8-4a40-8b20-3b4ac05159e3,720,vlog on fashion!,2137,0.0.0,133,1750516683,503226,1800,dd95e55f-b43d-4fe3-b54e-6ddcc486973a
1080,c6aae260-47a8-4a40-8b20-3b4ac05159e3,720,unboxing on food!,2076,215624,173,1751121483,52856,1909,d59d77a7-cdc5-4d21-9ba8-754e25d97f79
NaN,c6aae260-47a8-4a40-8b20-3b4ac05159e3,1080,unboxing on fashion!,9181,466618,156,1751121483,NaN,1881,
720,c6aae260-47a8-4a40-8b20-3b4ac05159e3,1080,review on fashion!,,355038,123,1752849483,654595,4350,05edeedc-cb71-4c4c-a0a4-e2e36ab0cdb8
1080,c6aae260-47a8-4a40-8b20-3b4ac05159e3,720,reaction on food!,8026,236023,108,1749739083,227126,3300,6abb79a1-e35f-446c-8625-b64d0ee51fbe
1080,c6aae260-47a8-4a40-8b20-3b4ac05159e3,720,unboxing on food!,7191,274309,12,1750603083,499237,4317,32c21375-17d4-4b82-9b51-3bb3a1bee6bc
1080,c6aae260-47a8-4a40-8b20-3b4ac05159e3,1080,unboxing on travel!,5669,NaN,146,1751899083,87068,749,117a6598-1269-44c1-93fa-30724e8a3894
720,c6aae260-47a8-4a40-8b20-3b4ac05159e3,720,reaction on fashion!,3840,81619,53,1749220683,899266,1368,689ad962-4dda-492f-af7c-0bf6676e9a0c
720,c6aae260-47a8-4a40-8b20-3b4ac05159e3,1080,unboxing on beauty!,627,141103,61,1752244683,NaN,1852,1e58fa15-d763-48ec-a0e3-ecdf6e06159e
720,c6aae260-47a8-4a40-8b20-3b4ac05159e3,720,review on fitness!,1517,310548,11,1748702283,272038,762,294d4bb3-e9c6-4ec1-b20e-8c01e6bc8dd8
720,c6aae260-47a8-4a40-8b20-3b4ac05159e3,1080,vlog on travel!,4203,202123,?,1748443083,295265,1236,ddb690a0-545f-4d96-bd81-aea8b4a0d284
720,c6aae260-47a8-4a40-8b20-3b4ac05159e3,720,reaction on beauty!,5782,340621,88,1752763083,687733,3282,29024886-0f48-45dd-b942-ab14c41973c3
1080,c6aae260-47a8-4a40-8b20-3b4ac05159e3,720,unboxing on tech!,9595,76880,92,1748443083,,45,8b9a2a6f-0327-4ece-8dea-e94d832eaf45
1080,c6aae260-47a8-4a40-8b20-3b4ac05159e3,720,unboxing on fitness!,7950,429269,163,1751121483,190727,4470,af620530-4604-4993-8663-e3cb620dfaba
1080,c6aae260-47a8-4a40-8b20-3b4ac05159e3,1080,unboxing on fitness!,3403,NaN,165,1748788683,111967,1742,2423178d-5122-40f5-afe7-b657410446df
720,c6aae260-47a8-4a40-8b20-3b4ac05159e3,720,challenge on fashion!,2475,9545,155,1749825483,442845,957,5a544137-d471-4db0-9d4d-d1b1107146e7
720,c6aae260-47a8-4a40-8b20-3b4ac05159e3,720,vlog on fitness!,907,377505,98,1750948683,489247,393,ee608f85-4d98-4234-8cd2-265b0c68593f
1080,c6aae260-47a8-4a40-8b20-3b4ac05159e3,720,challenge on fitness!,NaN,35316,147,1751639883,954225,4969,71e69723-65c5-4206-93c1-6d8316e9a343
1080,c6aae260-47a8-4a40-8b20-3b4ac05159e3,720,unboxing on fashion!,9354,94303,162,1751294283,216820,3987,5ce7703e-a415-4d15-b02d-42cdf5962395
1080,c6aae260-47a8-4a40-8b20-3b4ac05159e3,1080,review on tech!,9306,359921,147,1752849483,196269,882,309a391c-50b7-4b1b-9a30-70a7277ed66d
720,c6aae260-47a8-4a40-8b20-3b4ac05159e3,720,reaction on fitness!,NaN,171300,101,1750343883,406292,4016,fa39a842-5abc-4e34-bdfc-3a665dbf0ea7
720,c6aae260-47a8-4a40-8b20-3b4ac05159e3,720,reaction on fashion!,8494,95289,104,1748443083,936598,4723,5b0ada99-f619-40dd-aedb-c4f20a108a01
720,60220159-6e78-42b4-ba3c-1e2fff145666,1080,challenge on fashion!,2286,414520,60,1751639883,577523,423,02977fca-ce28-4aec-bd19-8eaf6818b8b9
720,60220159-6e78-42b4-ba3c-1e2fff145666,720,unboxing on travel!,,97118,140,1751899083,0.0.0,2865,34204e14-8491-4ff9-bd36-90e3c522c5a4
720,60220159-6e78-42b4-ba3c-1e2fff145666,1080,review on tech!,3756,379857,76,1749911883,,4119,28990977-1687-4de7-b606-729f898e80ab
720,60220159-6e78-42b4-ba3c-1e2fff145666,720,reaction on tech!,7925,184414,67,1749739083,133769,3858,75cb3562-97ce-4fde-802c-1bfe2c391f41
720,60220159-6e78-42b4-ba3c-1e2fff145666,1080,reaction on travel!,1469,381592,82,1748961483,253360,4179,c413e24c-9574-4d05-8c72-739ffb5461d1
1080,60220159-6e78-42b4-ba3c-1e2fff145666,720,review on fashion!,3408,94314,,1751121483,41430,?,9da75add-115f-4c5a-b8ba-99a7dd1f68b9
720,60220159-6e78-42b4-ba3c-1e2fff145666,720,unboxing on travel!,843,349966,145,1748443083,647703,NaN,eebf8f31-ad61-4d3d-b025-0f7405540323
1080,60220159-6e78-42b4-ba3c-1e2fff145666,720,,,42918,40,1752763083,276646,4813,aa785dc5-5eec-4f23-a930-be6ebd093fb8
1080,60220159-6e78-42b4-ba3c-1e2fff145666,,review on food!,0.0.0,?,105,1751553483,495780,3437,850e2773-fe22-4cde-8206-39d36372a0ac
720,60220159-6e78-42b4-ba3c-1e2fff145666,1080,reaction on fitness!,,200822,68,1752331083,71151,0.0.0,82b48801-a3a3-4b7a-8d5f-c85599fc5365
1080,60220159-6e78-42b4-ba3c-1e2fff145666,1080,unboxing on food!,4998,391295,58,1750689483,570560,3947,d1f71921-1f2e-48c9-b2f8-f90f91310ae5
1080,60220159-6e78-42b4-ba3c-1e2fff145666,1080,challenge on fashion!,3227,11,167,1748270283,493097,1880,da06bf29-ad03-4d7f-9a6d-6516ddf5fc59
1080,60220159-6e78-42b4-ba3c-1e2fff145666,720,review on beauty!,3105,98619,56,1752503883,546771,303,d7093513-3700-42af-afc2-a5d511aa0b0e
1080,60220159-6e78-42b4-ba3c-1e2fff145666,720,reaction on fitness!,?,0.0.0,146,1749739083,563664,984,aca7cac9-437e-4457-91ee-988d96fe7f68
720,60220159-6e78-42b4-ba3c-1e2fff145666,720,challenge on travel!,597,491579,172,1748788683,161298,3938,0acf94bc-36c6-42b1-889f-1917d24afc5b
720,60220159-6e78-42b4-ba3c-1e2fff145666,1080,vlog on tech!,7396,489252,65,1752158283,14499,4084,1d88df47-3346-4c80-8216-6b87d414a670
1080,60220159-6e78-42b4-ba3c-1e2fff145666,720,reaction on food!,5970,444439,152,1753022283,850321,1475,7dc2fb5d-4205-471b-baba-2f44806b4955
720,60220159-6e78-42b4-ba3c-1e2fff145666,1080,reaction on beauty!,5979,224453,59,1748875083,0.0.0,0.0.0,a57e56dc-c636-4502-849e-4ed84f24f83b
720,60220159-6e78-42b4-ba3c-1e2fff145666,720,reaction on fashion!,2435,,133,1748702283,922955,3072,b6668ea3-a9db-42d2-ad13-0859cb46d9d2
1080,60220159-6e78-42b4-ba3c-1e2fff145666,720,unboxing on fashion!,6819,294938,12,1750084683,269262,557,07e0e43b-ca4d-48e6-b2c9-3fbbcfa27506
720,60220159-6e78-42b4-ba3c-1e2fff145666,720,unboxing on beauty!,4729,175850,100,1752244683,629772,2322,7e878a59-9e82-428f-a2ad-783e7dcaad4b
720,60220159-6e78-42b4-ba3c-1e2fff145666,720,review on tech!,1851,402382,115,1751121483,,NaN,f8023515-0f62-48a0-b7f8-405882ca1758
720,60220159-6e78-42b4-ba3c-1e2fff145666,1080,unboxing on beauty!,5302,80269,121,1748270283,70312,2037,df555d68-c664-439a-9f03-896bd29ed434
720,60220159-6e78-42b4-ba3c-1e2fff145666,1080,challenge on food!,0.0.0,345459,31,1753022283,825570,1248,289f57a5-3131-4438-8782-bce34223fa67
1080,60220159-6e78-42b4-ba3c-1e2fff145666,720,reaction on travel!,5175,67749,29,1748270283,850015,1971,a0edd638-5acf-43fd-979d-7e1f8e816295
720,60220159-6e78-42b4-ba3c-1e2fff145666,720,vlog on fashion!,6821,316190,90,1748183883,114421,3446,5c8fe05c-3b52-413c-b8ec-717a002d5fe1
?,60220159-6e78-42b4-ba3c-1e2fff145666,1080,reaction on food!,7459,38678,59,1749998283,680572,1761,c49d5c00-3332-4dce-bc82-d65def2c1a78
NaN,60220159-6e78-42b4-ba3c-1e2fff145666,720,reaction on food!,9575,?,40,1748961483,308474,4897,adcc0094-e3d2-4433-a42d-db622f4c1cd5
1080,60220159-6e78-42b4-ba3c-1e2fff145666,720,vlog on fitness!,2693,17521,105,1747924683,674804,,1739c48c-d5dd-4423-8fad-f2aba9bc9f01
1080,60220159-6e78-42b4-ba3c-1e2fff145666,,unboxing on travel!,3750,270950,73,1751121483,250010,624,261b6195-99f5-4ecf-a63a-69611e7c6377
720,0f6ac963-f3f1-4af9-adf7-a1bb815bad68,1080,unboxing on food!,5567,269720,87,1750862283,0.0.0,2273,69616f6e-bf04-48da-9fe8-dca48e73b880
720,0f6ac963-f3f1-4af9-adf7-a1bb815bad68,720,unboxing on tech!,8995,291294,166,1748011083,718611,1390,3a404848-ea26-424e-8978-12b5558f04da
720,0f6ac963-f3f1-4af9-adf7-a1bb815bad68,720,review on fitness!,3105,438853,122,1750603083,479382,4375,8bf22956-d3bc-4b61-bf19-6736c4ebc551
720,0f6ac963-f3f1-4af9-adf7-a1bb815bad68,1080,challenge on travel!,,81321,48,1748961483,,2062,d7e60f00-7a7e-4652-8f13-49ed5ef0e7a8
,0f6ac963-f3f1-4af9-adf7-a1bb815bad68,720,reaction on fitness!,6939,7077,37,1749134283,800540,210,8b2a9ebe-1994-4106-9b69-73ec80e37d56
1080,0f6ac963-f3f1-4af9-adf7-a1bb815bad68,720,challenge on beauty!,7769,479644,58,1750516683,633199,3451,a3192a4d-b1b9-4398-884e-1971d798ccbd
1080,0f6ac963-f3f1-4af9-adf7-a1bb815bad68,1080,vlog on food!,8422,89729,54,1749220683,22752,895,9d406063-0824-438d-8484-2d605db5093c
1080,0f6ac963-f3f1-4af9-adf7-a1bb815bad68,1080,challenge on beauty!,6326,450203,167,1749652683,537929,3753,17defe25-c623-4c16-a8cb-e1cecd4656d0
1080,0f6ac963-f3f1-4af9-adf7-a1bb815bad68,1080,unboxing on fashion!,7403,,170,1748356683,131696,4673,6d5ffa11-88ab-4a6b-b0eb-a63f643e573d
720,0f6ac963-f3f1-4af9-adf7-a1bb815bad68,1080,review on food!,563,2286,115,1748529483,726865,,141be868-6e0c-44c8-bb1b-cfc5b253735a
720,0f6ac963-f3f1-4af9-adf7-a1bb815bad68,720,reaction on food!,6636,371980,117,1749220683,313024,?,0be19589-fd93-455c-8c9e-84aed2269fa6
720,0f6ac963-f3f1-4af9-adf7-a1bb815bad68,720,unboxing on travel!,8916,400429,70,1751207883,753713,1351,39a789e8-e401-48e3-aa28-fe651ca342a2
720,0f6ac963-f3f1-4af9-adf7-a1bb815bad68,720,reaction on fitness!,,228022,NaN,1750775883,79377,0.0.0,1a1b038c-6499-49d9-92ec-6f0de4686c1d
720,0f6ac963-f3f1-4af9-adf7-a1bb815bad68,720,unboxing on beauty!,1823,458982,165,1748702283,381895,2350,085e35be-dbaa-4424-9d03-3919409ca202
1080,0f6ac963-f3f1-4af9-adf7-a1bb815bad68,1080,reaction on food!,,101010,92,1752244683,631235,?,8590c175-0691-471c-a701-3ce99b7dce89
1080,0f6ac963-f3f1-4af9-adf7-a1bb815bad68,720,reaction on tech!,7439,377685,54,1748875083,865489,4923,cfc0c3a7-b993-4fe4-9ca5-6c30b2d56681
1080,0f6ac963-f3f1-4af9-adf7-a1bb815bad68,1080,unboxing on fashion!,958,394925,97,1749307083,672690,NaN,e4b4fa83-a667-4944-a836-aa947c1e9abf
1080,0f6ac963-f3f1-4af9-adf7-a1bb815bad68,720,challenge on fashion!,7323,357890,40,1748443083,0.0.0,4117,790b5906-af95-432c-b577-a311520c1185
1080,0f6ac963-f3f1-4af9-adf7-a1bb815bad68,1080,challenge on beauty!,4726,103139,147,1751035083,606059,3430,9e4fa06a-549d-46e2-923e-639035048b30
1080,0f6ac963-f3f1-4af9-adf7-a1bb815bad68,720,reaction on fashion!,1980,25733,118,1750775883,690960,649,6b01c17b-6e7c-473b-8882-1d885f1838bf
1080,0f6ac963-f3f1-4af9-adf7-a1bb815bad68,720,unboxing on tech!,2581,248887,105,1748270283,980478,4434,8dc88cdf-ba20-449d-8082-a8e3aaa15964
1080,f472c762-6a3e-42dd-a48b-ac40ee8b9f8f,720,unboxing on travel!,3383,266524,149,1751985483,,4213,bb82b779-a05b-4b03-af45-1d6efc671835
720,f472c762-6a3e-42dd-a48b-ac40ee8b9f8f,1080,review on tech!,43,296137,18,1752071883,251052,2572,35f78a71-34c3-41f1-a8ce-bf8cc761e3dd
720,f472c762-6a3e-42dd-a48b-ac40ee8b9f8f,720,reaction on tech!,8385,169376,60,1749911883,486133,1132,d2a68a4f-6fc2-4126-b907-f2a48a6291f8
1080,f472c762-6a3e-42dd-a48b-ac40ee8b9f8f,720,review on travel!,3050,102830,154,1751899083,591793,1816,9caffd99-feb2-4497-b8f5-6aef0fd21f22
1080,f472c762-6a3e-42dd-a48b-ac40ee8b9f8f,720,review on beauty!,4262,409167,?,1751467083,864787,1244,d0b36032-3317-4548-a7b2-97961973987e
1080,f472c762-6a3e-42dd-a48b-ac40ee8b9f8f,720,reaction on beauty!,,266412,166,1750171083,650363,207,98676695-f5f6-4a52-b31a-88e5c2c6e847
1080,f472c762-6a3e-42dd-a48b-ac40ee8b9f8f,1080,challenge on travel!,8093,351742,103,1751553483,187231,2295,5c580ee8-7457-4905-985a-3435c7ac4f03
1080,f472c762-6a3e-42dd-a48b-ac40ee8b9f8f,1080,reaction on travel!,8040,105012,177,1749393483,370108,2866,
1080,f472c762-6a3e-42dd-a48b-ac40ee8b9f8f,720,unboxing on food!,4530,189095,0.0.0,1747838283,220449,4703,597a8583-b37a-4046-91cd-3547f5d6b933
1080,f472c762-6a3e-42dd-a48b-ac40ee8b9f8f,720,challenge on food!,,381216,154,1749739083,355872,3620,0e06869d-3608-4309-95c1-15846090e4e4
1080,f472c762-6a3e-42dd-a48b-ac40ee8b9f8f,NaN,review on beauty!,7671,130371,146,1751985483,405454,81,dc86bb8d-1088-4be8-95ab-3efab05ee388
0.0.0,f472c762-6a3e-42dd-a48b-ac40ee8b9f8f,0.0.0,vlog on fashion!,0.0.0,,44,1751726283,365880,1315,e9165245-433e-4a0f-9b02-8725a1e9512a
720,f472c762-6a3e-42dd-a48b-ac40ee8b9f8f,1080,unboxing on fitness!,1405,?,,1750171083,835799,3939,ee0602cb-c0d9-40b8-a19f-f20984c2d77e
1080,f472c762-6a3e-42dd-a48b-ac40ee8b9f8f,720,vlog on travel!,3343,28587,101,1747838283,668604,41,0da38489-89f5-4868-a4a0-c41af2745b76
720,f472c762-6a3e-42dd-a48b-ac40ee8b9f8f,720,vlog on fashion!,7954,193713,59,1752676683,965544,4494,247cc317-e712-40c6-b5bf-52aa64b32e4c
1080,f472c762-6a3e-42dd-a48b-ac40ee8b9f8f,720,challenge on fitness!,9197,316941,135,1748615883,NaN,1617,126199bf-39ec-4c06-9b5e-d13940241b8f
1080,f472c762-6a3e-42dd-a48b-ac40ee8b9f8f,720,unboxing on tech!,6253,26184,15,1749566283,992302,3567,94270233-dbba-42fa-99a6-2a126f25d538
720,f472c762-6a3e-42dd-a48b-ac40ee8b9f8f,720,review on tech!,5263,148390,14,1751899083,?,4316,dc1fa390-6fec-464f-a992-836f60f53185
720,f472c762-6a3e-42dd-a48b-ac40ee8b9f8f,1080,review on tech!,6604,72135,180,1750084683,304891,413,106117a2-cc60-4d44-88bf-703994be20ac
1080,f472c762-6a3e-42dd-a48b-ac40ee8b9f8f,1080,review on food!,2838,488430,178,1749911883,965303,763,9dcc00db-b823-4c02-a757-1ae11a1ab082
720,f472c762-6a3e-42dd-a48b-ac40ee8b9f8f,1080,unboxing on food!,9711,16787,48,1751899083,477984,363,54b942ee-c047-4ae7-8405-96dde9befbf6
720,f472c762-6a3e-42dd-a48b-ac40ee8b9f8f,1080,vlog on beauty!,1685,?,113,1751553483,106074,4953,e2db7e4b-f4e3-4c32-89f9-4bb8b1a84a09
720,f472c762-6a3e-42dd-a48b-ac40ee8b9f8f,720,vlog on food!,4893,55605,139,1750084683,718779,3138,6482d5dd-15b7-45ad-9a53-5ec8ee889669
720,f472c762-6a3e-42dd-a48b-ac40ee8b9f8f,720,reaction on tech!,4486,424049,94,1750689483,782080,3682,9ad5bb24-0398-4958-92c2-597a0633f714
720,f472c762-6a3e-42dd-a48b-ac40ee8b9f8f,,reaction on food!,789,67897,85,1749307083,344379,NaN,472a09d3-16e6-47fe-bc49-304112f34974
1080,f472c762-6a3e-42dd-a48b-ac40ee8b9f8f,720,unboxing on tech!,4704,13182,104,1749220683,359690,3337,db971ec4-7c1c-40e5-9c0e-1447a3ba32e5
720,f472c762-6a3e-42dd-a48b-ac40ee8b9f8f,720,vlog on beauty!,4236,299163,77,1751294283,352765,813,6e111cfb-863a-4609-be22-4c264d0ded20
720,f472c762-6a3e-42dd-a48b-ac40ee8b9f8f,1080,review on fashion!,2445,417338,151,1752676683,215892,3757,70b85fc6-c19c-417e-a309-50ded4088ef2
720,f472c762-6a3e-42dd-a48b-ac40ee8b9f8f,1080,challenge on tech!,8728,83473,11,1750171083,360500,1631,af0ee91b-b9ec-448b-99e0-b2defee3f3d5
1080,f472c762-6a3e-42dd-a48b-ac40ee8b9f8f,720,reaction on beauty!,6572,7301,13,1750343883,,42,2fddd845-f4be-49ff-817a-720030069782
1080,dcb4f54d-1eb3-4a29-92fb-b1f114da79ed,720,review on fitness!,6474,464084,51,1752331083,744914,1310,13e85e91-2132-44ff-adea-f71bae4a051d
720,dcb4f54d-1eb3-4a29-92fb-b1f114da79ed,720,unboxing on travel!,2406,19418,64,1747924683,?,129,fbe8140e-2bbb-4078-82f0-e14f25c42032
1080,dcb4f54d-1eb3-4a29-92fb-b1f114da79ed,1080,review on fashion!,,122919,46,1748615883,456182,NaN,35213ffa-14f6-4f69-8dab-2f0c7bc9a662
720,dcb4f54d-1eb3-4a29-92fb-b1f114da79ed,720,challenge on food!,6995,357045,86,1749825483,659268,3020,3571d9a2-5057-4bbd-886e-2b664fc7a29b
NaN,dcb4f54d-1eb3-4a29-92fb-b1f114da79ed,720,review on fitness!,4948,131492,47,1750775883,479124,1912,f1c2caf6-0256-415e-9cbb-8cdf9e8e70a5
720,dcb4f54d-1eb3-4a29-92fb-b1f114da79ed,720,unboxing on food!,7732,,111,1752503883,548209,,3e41a525-b5f1-43a0-9d8a-35733329ad55
720,dcb4f54d-1eb3-4a29-92fb-b1f114da79ed,1080,review on fashion!,2122,66687,13,1748875083,460198,346,a4ed47d0-8f92-4b64-bed2-f542caea6fd7
720,dcb4f54d-1eb3-4a29-92fb-b1f114da79ed,720,unboxing on fitness!,9766,16258,18,1752935883,NaN,1264,f00d4b96-25a6-434e-9fe8-70216cffbb76
1080,dcb4f54d-1eb3-4a29-92fb-b1f114da79ed,1080,vlog on beauty!,3954,160337,154,1750862283,753729,4652,63c66517-2395-460d-a5d7-c50fbaf6a6fc
1080,dcb4f54d-1eb3-4a29-92fb-b1f114da79ed,720,unboxing on fitness!,7652,?,129,1752676683,875872,1656,0121de19-e6ca-42b7-bff5-91cc586d85cc
720,dcb4f54d-1eb3-4a29-92fb-b1f114da79ed,720,reaction on tech!,5330,0.0.0,172,1751639883,394210,1303,72b2b272-0574-41d6-a0ff-75fae424c51e
720,dcb4f54d-1eb3-4a29-92fb-b1f114da79ed,720,unboxing on fashion!,6139,482693,165,1748356683,390962,2008,5ee015e0-02ea-4afb-ab04-1faa3226b00f
1080,dcb4f54d-1eb3-4a29-92fb-b1f114da79ed,720,vlog on travel!,9197,0.0.0,100,1751380683,114380,855,317dcfa3-e1dd-485d-bf5a-ae2bac4463b8
1080,dcb4f54d-1eb3-4a29-92fb-b1f114da79ed,1080,challenge on travel!,7436,NaN,71,1750257483,567950,3222,05178435-ea2d-47bb-8594-769f5abf85c4
1080,dcb4f54d-1eb3-4a29-92fb-b1f114da79ed,1080,reaction on beauty!,,479986,69,1752503883,975054,510,a2e84fce-d3c3-4266-8409-2e2226df4d12
1080,dcb4f54d-1eb3-4a29-92fb-b1f114da79ed,1080,reaction on fashion!,9533,306885,129,1748702283,44192,3520,8df28023-681a-4caf-8948-c99659013a0d
1080,dcb4f54d-1eb3-4a29-92fb-b1f114da79ed,1080,reaction on tech!,5677,366819,124,1749307083,485708,2065,26d96a92-b8ca-4d12-a335-86db7c160007
1080,dcb4f54d-1eb3-4a29-92fb-b1f114da79ed,1080,vlog on fitness!,9946,262234,24,1749566283,814375,1053,1d3c8bc3-d4c3-46a0-a38b-a9d7d51cbddb
1080,dcb4f54d-1eb3-4a29-92fb-b1f114da79ed,720,unboxing on food!,5673,332862,126,1751380683,678443,1032,f809d064-64aa-4cc4-bae4-a22215e0d54c
1080,dcb4f54d-1eb3-4a29-92fb-b1f114da79ed,1080,reaction on food!,3695,0.0.0,162,1751467083,153634,575,2c78c737-50b7-4f13-b2f6-ec3b0f9cb109
720,dcb4f54d-1eb3-4a29-92fb-b1f114da79ed,1080,unboxing on travel!,NaN,398727,99,1750603083,498836,4249,05e36b6e-a25f-46dc-88d9-99706fd6f972
1080,dcb4f54d-1eb3-4a29-92fb-b1f114da79ed,1080,unboxing on beauty!,7304,458414,134,1750775883,64784,4823,6aad6ba1-0170-4fc9-8746-92964b67169f
720,dcb4f54d-1eb3-4a29-92fb-b1f114da79ed,720,challenge on beauty!,1021,47400,143,1749307083,576519,4854,aabeaddd-b1cb-486f-b928-bffa34b83498
720,dcb4f54d-1eb3-4a29-92fb-b1f114da79ed,1080,challenge on fitness!,6812,255976,64,1751035083,996673,4820,8d48dd60-1766-40a2-8dfa-06329c5e8b08
720,dcb4f54d-1eb3-4a29-92fb-b1f114da79ed,720,unboxing on tech!,1328,13879,46,1748443083,NaN,4352,e7c15bf4-d5bf-4a51-bead-0a3c89b77deb
1080,dcb4f54d-1eb3-4a29-92fb-b1f114da79ed,?,reaction on food!,4613,309599,159,1750171083,682192,4892,f01d4fce-d35c-47b1-a2d6-6ba4270c809d
720,dcb4f54d-1eb3-4a29-92fb-b1f114da79ed,720,vlog on travel!,8811,434505,136,1750430283,695473,3626,4e7ebcaa-612d-472a-8a76-477a50f75b6e
720,16735f63-3353-474c-b570-1879cb470e08,720,reaction on fashion!,8287,84014,135,1748097483,389973,4434,febbe5a4-3730-4eb1-8bf9-a5f7d564a310
720,16735f63-3353-474c-b570-1879cb470e08,720,vlog on tech!,9618,268956,NaN,1751639883,886979,1054,30accf67-cefb-4a2b-851c-36d309b7afe7
NaN,16735f63-3353-474c-b570-1879cb470e08,1080,review on fitness!,3053,477632,15,1751121483,446295,3426,05c9eba3-e289-4906-a967-31c6f806f3c2
720,16735f63-3353-474c-b570-1879cb470e08,1080,challenge on fitness!,9505,418376,85,1752417483,810075,1918,62c3d6be-d56e-4747-a764-05eba75beb9c
720,16735f63-3353-474c-b570-1879cb470e08,1080,reaction on travel!,7177,161626,38,1752417483,160711,1368,792fb370-503f-4dd0-8ac2-9b5c6660c549
1080,16735f63-3353-474c-b570-1879cb470e08,1080,unboxing on beauty!,5139,179595,48,1752935883,715620,2003,86349c96-e18a-46c0-88ee-0fd391a1857e
1080,16735f63-3353-474c-b570-1879cb470e08,720,reaction on tech!,6169,114039,139,1749739083,755081,4014,056fbbba-eb87-4b46-a163-010500f9559b
720,16735f63-3353-474c-b570-1879cb470e08,1080,vlog on beauty!,,449169,21,1751812683,379666,696,9b1f2712-84d7-4659-a80f-734dd046c789
,16735f63-3353-474c-b570-1879cb470e08,1080,review on fitness!,4033,NaN,39,1750603083,160609,3104,95ef67d6-a346-4e8f-87c1-163a3674d34e
1080,16735f63-3353-474c-b570-1879cb470e08,1080,review on tech!,8346,489545,125,1748875083,441720,0.0.0,557417ca-a66c-4888-9837-f71db6735040
720,16735f63-3353-474c-b570-1879cb470e08,720,review on tech!,247,204336,118,1748615883,741951,3469,ecfc261d-2023-486a-9f6a-e33f69177eeb
720,16735f63-3353-474c-b570-1879cb470e08,720,reaction on fitness!,,62769,156,1752331083,206322,4375,150cc497-9e8b-4ece-9960-93778fd9952b
720,16735f63-3353-474c-b570-1879cb470e08,1080,unboxing on fashion!,6743,68617,101,1749652683,73870,2483,f79c853c-6856-4bd9-85dc-b17a2407084e
,16735f63-3353-474c-b570-1879cb470e08,720,unboxing on fashion!,6463,197128,123,1749652683,606446,1474,b0c0ebc1-6d4f-45c7-a16a-d0e9071a94f1
1080,16735f63-3353-474c-b570-1879cb470e08,1080,challenge on fashion!,7973,484716,91,1751639883,691679,4482,56fddaa5-7a62-4a40-9805-9af9bff5e5a8
720,7c128c3c-afd3-491d-b4c0-a03326a22c28,720,reaction on beauty!,,305010,67,1752676683,86251,3096,c34974c0-396e-4f70-b0ca-04849dd335b6
720,7c128c3c-afd3-491d-b4c0-a03326a22c28,0.0.0,challenge on tech!,9348,49135,79,1748788683,,3206,32920f8c-9b27-45fd-a24f-c18d5d4914dd
1080,7c128c3c-afd3-491d-b4c0-a03326a22c28,720,review on tech!,6812,394865,101,1750948683,578449,4415,bfdfc59d-b978-4993-9093-d864a1ef8f0d
1080,7c128c3c-afd3-491d-b4c0-a03326a22c28,720,unboxing on tech!,1106,180843,55,1748961483,733455,1357,274cfa21-7ead-4648-853e-1a93cf8d974d
1080,7c128c3c-afd3-491d-b4c0-a03326a22c28,720,challenge on fitness!,7677,351791,160,1750689483,215557,1407,f67e8322-f3a7-45a8-b976-0ec7f0ae1f7e
1080,7c128c3c-afd3-491d-b4c0-a03326a22c28,NaN,unboxing on fitness!,2955,377456,149,1749047883,856297,175,79d8d9e5-95cf-4f7f-973d-d60e81d86ae1
720,7c128c3c-afd3-491d-b4c0-a03326a22c28,720,unboxing on fitness!,4400,213817,112,1750257483,,800,3c3f6b87-b749-4bc2-bd0c-701394350628
1080,7c128c3c-afd3-491d-b4c0-a03326a22c28,720,reaction on fashion!,?,457827,17,1752071883,990412,2325,fb5e0a28-186c-4407-ae7a-207edaa42593
1080,7c128c3c-afd3-491d-b4c0-a03326a22c28,,review on fitness!,1915,87983,132,1749047883,NaN,1402,c394c0d4-2399-44eb-a77a-0c68f1a0ab84
1080,7c128c3c-afd3-491d-b4c0-a03326a22c28,1080,reaction on beauty!,7661,,70,1749047883,788343,648,e732470b-2c66-4fb8-9130-3cdb010393b8
720,7c128c3c-afd3-491d-b4c0-a03326a22c28,1080,review on travel!,7863,201090,32,1748356683,21775,982,ee3ec2fb-80a7-4b06-b4e7-de08ff281ef1
720,7c128c3c-afd3-491d-b4c0-a03326a22c28,1080,challenge on food!,2515,107865,57,1748961483,121590,3212,55a32031-4d5d-42c9-a6df-33e436b66d37
720,7c128c3c-afd3-491d-b4c0-a03326a22c28,1080,reaction on tech!,5538,483602,111,1752676683,283087,2564,fd60f7b3-94e9-4081-a718-2e18ae81a992
1080,7c128c3c-afd3-491d-b4c0-a03326a22c28,1080,reaction on food!,3214,140537,21,1751639883,787285,645,ff8d5ed6-0b5b-4de6-aa77-7b4c54bcfee4
720,7c128c3c-afd3-491d-b4c0-a03326a22c28,720,reaction on tech!,6485,85285,144,1751121483,598426,1822,52d3e26b-854d-4976-9cd3-08542d847412
1080,7c128c3c-afd3-491d-b4c0-a03326a22c28,1080,unboxing on food!,?,196740,93,1750516683,,1181,fd56f45f-001d-4a42-baa3-1be9be89cbee
1080,7c128c3c-afd3-491d-b4c0-a03326a22c28,720,challenge on beauty!,5752,202029,169,1749134283,156376,NaN,cfc7715e-1daf-4f0b-96e5-81d467a797b5
720,7c128c3c-afd3-491d-b4c0-a03326a22c28,720,review on tech!,2865,457082,12,1749220683,302525,2531,5e45c606-2200-4338-bdc8-f5d52435da78
1080,7c128c3c-afd3-491d-b4c0-a03326a22c28,720,challenge on tech!,?,205318,145,1748011083,42874,755,bdd8401d-0838-483f-9d71-80359fa00bf0
720,7c128c3c-afd3-491d-b4c0-a03326a22c28,1080,reaction on fashion!,4374,?,77,1750343883,441383,4881,5a625db1-1d5c-45d8-b8a3-c4480d77692a
720,7c128c3c-afd3-491d-b4c0-a03326a22c28,720,vlog on fitness!,2685,493539,52,1750430283,863055,1808,42eae42b-b0c0-4c5d-b771-d339aa8d93cb
720,7c128c3c-afd3-491d-b4c0-a03326a22c28,720,challenge on fashion!,9629,196041,61,1749566283,,1990,c087f769-6e18-4b70-9aba-319ed42e6860
1080,7c128c3c-afd3-491d-b4c0-a03326a22c28,720,review on travel!,1977,464490,95,1749998283,,1211,9abd8225-2d4c-4ec4-aeab-7d7e0932be18
1080,7c128c3c-afd3-491d-b4c0-a03326a22c28,720,unboxing on tech!,5671,325900,66,1748788683,560331,2580,5ac605be-2275-4c5a-8d55-650ec670a4f9
1080,432730cc-9e64-472a-a10b-1d6362b78ff5,720,vlog on travel!,,259831,30,1749134283,164459,4919,375ae1c8-be60-4892-aa5d-ee46c1536c3d
1080,432730cc-9e64-472a-a10b-1d6362b78ff5,1080,reaction on beauty!,290,344418,0.0.0,1752417483,849412,3033,e72821a7-fd9b-4826-b26d-4a00d4e20aea
1080,432730cc-9e64-472a-a10b-1d6362b78ff5,720,reaction on food!,4238,424594,107,1748097483,190728,1240,5f1c1372-a82a-41b8-98f5-660f7dd3dfae
720,432730cc-9e64-472a-a10b-1d6362b78ff5,1080,review on fitness!,4314,201116,27,1748788683,20782,418,ec4a040b-84ee-41c5-ad10-f30a2fe04cc5
720,432730cc-9e64-472a-a10b-1d6362b78ff5,1080,unboxing on fitness!,8530,283763,123,1748702283,?,135,7753dabf-8094-4e5d-bf86-db62d247f51a
1080,432730cc-9e64-472a-a10b-1d6362b78ff5,720,unboxing on tech!,9599,36032,109,1751380683,286763,2495,a930c38d-8720-4d8c-b51c-341afbcb1407
1080,432730cc-9e64-472a-a10b-1d6362b78ff5,720,vlog on food!,2729,389750,134,1750257483,872196,2515,1be72c38-e4f5-483c-af71-a3ad18c1702b
720,432730cc-9e64-472a-a10b-1d6362b78ff5,1080,challenge on tech!,5238,86176,136,1753022283,365532,2982,930dd422-2c80-459f-957a-2ba8145d2087
1080,432730cc-9e64-472a-a10b-1d6362b78ff5,720,challenge on tech!,2847,315799,113,1748097483,984247,NaN,596f7e09-5b2c-4fe8-a98b-686c7837f7d1
720,,720,vlog on food!,4620,413161,156,1750257483,394584,414,e99219be-543f-4421-a957-7d456a965633
720,432730cc-9e64-472a-a10b-1d6362b78ff5,720,vlog on beauty!,6926,42631,19,1752244683,930265,4248,a91a61f9-c4aa-4e78-b458-ea802769d17b
720,432730cc-9e64-472a-a10b-1d6362b78ff5,720,vlog on fitness!,4583,177506,98,1751985483,747612,3846,f79eaa77-8bc7-4c3a-b573-d368c46e35df
720,432730cc-9e64-472a-a10b-1d6362b78ff5,720,vlog on food!,2816,448177,161,1752676683,855237,237,16ed1dcc-ea4c-4990-afc1-e300791b5b5f
720,432730cc-9e64-472a-a10b-1d6362b78ff5,1080,unboxing on beauty!,6356,93289,47,1752071883,825278,2159,eb223450-ed19-4353-8b59-f7dd12d35b32
1080,432730cc-9e64-472a-a10b-1d6362b78ff5,1080,unboxing on fitness!,1729,226849,101,1751726283,362344,173,139acf63-4e45-4fde-b61c-907bc96dc5f3
1080,432730cc-9e64-472a-a10b-1d6362b78ff5,720,reaction on fashion!,4325,159985,,1751812683,752667,734,962a5da2-e72f-4dbf-a0c5-c7fa8ce29d86
1080,432730cc-9e64-472a-a10b-1d6362b78ff5,720,unboxing on beauty!,1775,?,53,1748183883,327376,712,6a7c3e1e-f04f-47fc-8d35-0f2f036c2998
720,432730cc-9e64-472a-a10b-1d6362b78ff5,720,review on fashion!,1248,423523,26,1752503883,77601,4781,d0be247c-dd50-432a-ae26-3f7c6afefb8e
1080,432730cc-9e64-472a-a10b-1d6362b78ff5,720,challenge on travel!,NaN,177738,148,1752849483,72866,3660,54f9bff3-a4d9-4536-a862-168d683c3fb2
1080,432730cc-9e64-472a-a10b-1d6362b78ff5,720,review on food!,1931,459917,85,1751812683,803390,NaN,8ee4f538-6483-4928-9d75-f04290fefc64
1080,432730cc-9e64-472a-a10b-1d6362b78ff5,1080,challenge on fashion!,7347,194945,77,1748875083,0.0.0,,d2b658fd-c6b5-4752-bf7d-008503fdc7c4
1080,432730cc-9e64-472a-a10b-1d6362b78ff5,720,review on tech!,7852,186885,110,1752935883,662015,581,e3fc8d50-f723-41af-88a3-bf8478a077d3
1080,3a59213c-8241-489a-8d66-c169712cbeea,1080,challenge on food!,,115286,31,1750516683,,541,c6ab882f-de4b-406b-b5df-d58e7cce9275
1080,3a59213c-8241-489a-8d66-c169712cbeea,,challenge on beauty!,5340,16623,66,1752503883,461002,,e922e140-a2ef-43b7-a0d8-4616a2395241
720,3a59213c-8241-489a-8d66-c169712cbeea,720,review on food!,1552,336605,,1749825483,914568,2094,88ed563e-8d34-4eb8-912d-a91dddb0e723
720,3a59213c-8241-489a-8d66-c169712cbeea,1080,challenge on tech!,2107,174459,123,1748183883,416131,1133,b561db68-d069-4858-8d57-0b89cca96e4b
720,3a59213c-8241-489a-8d66-c169712cbeea,1080,challenge on tech!,0.0.0,?,142,1752590283,687972,491,a9010187-0e67-490c-a6d6-f3fd41186f97
1080,3a59213c-8241-489a-8d66-c169712cbeea,,vlog on travel!,7782,287054,38,1748270283,144654,1564,17bbcc5f-2c0a-4678-b1c2-6f5e532121a8
1080,3a59213c-8241-489a-8d66-c169712cbeea,1080,unboxing on beauty!,4902,NaN,75,1752590283,62834,2162,7cae77c4-449d-42bd-905e-250293825fb2
1080,3a59213c-8241-489a-8d66-c169712cbeea,,review on beauty!,4541,179111,158,1748011083,274345,2628,f96d43f9-f1d6-41f7-a123-4646b73e29a4
1080,3a59213c-8241-489a-8d66-c169712cbeea,720,vlog on food!,8950,197932,98,1748183883,713653,1282,3e3489a0-cd71-4738-941d-77192e4ab09f
720,3a59213c-8241-489a-8d66-c169712cbeea,720,challenge on fitness!,9049,415490,,1751899083,819667,2113,18bb4c89-327c-4373-9ada-f737e447b859
720,3a59213c-8241-489a-8d66-c169712cbeea,720,vlog on travel!,2258,0.0.0,145,1750689483,215174,1672,0ea5bb86-b63a-4152-a191-7b72697a1bb3
1080,3a59213c-8241-489a-8d66-c169712cbeea,1080,review on food!,3738,453529,13,1748097483,NaN,4675,ec3cd4d7-08a8-406f-a26a-cc17e554c6d8
720,3a59213c-8241-489a-8d66-c169712cbeea,720,unboxing on beauty!,9828,357735,?,1748097483,516481,2774,1783d3c2-35d1-49f7-a0bf-b7448461d4b3
1080,3a59213c-8241-489a-8d66-c169712cbeea,720,challenge on travel!,9533,397512,63,1748702283,709929,685,8d511058-ebc5-479a-b4b7-82e124088bd6
1080,3a59213c-8241-489a-8d66-c169712cbeea,1080,vlog on travel!,6825,87706,108,1749047883,925125,3893,0ca9420d-0048-423e-9caf-57f4b6dc70f5
1080,3a59213c-8241-489a-8d66-c169712cbeea,720,unboxing on beauty!,8476,243112,176,1751380683,855427,593,871bb1ad-be4f-4615-9431-089f90ff7203
720,3a59213c-8241-489a-8d66-c169712cbeea,720,challenge on tech!,?,293968,105,1749134283,929443,4041,44e021ce-6c12-458e-ae5a-715a0bd6894a
1080,3a59213c-8241-489a-8d66-c169712cbeea,1080,review on fitness!,8884,177804,133,1748270283,380879,1141,70b20aa8-3794-4f73-a390-0921b54d0e81
720,3a59213c-8241-489a-8d66-c169712cbeea,720,vlog on beauty!,0.0.0,477683,58,1750343883,,,0dc2b9d2-e5dd-4834-abb2-84f0b3c8c1eb
1080,3a59213c-8241-489a-8d66-c169712cbeea,720,review on tech!,533,119781,119,1751985483,768947,1654,9f6ff77c-37b2-46c6-89a3-8558a5fde6ef
720,3a59213c-8241-489a-8d66-c169712cbeea,720,unboxing on beauty!,1537,71719,120,1749479883,256708,,ff22adf6-0fe2-4dc3-8c84-2a665106bbc7
720,3a59213c-8241-489a-8d66-c169712cbeea,720,vlog on travel!,?,485818,27,1748183883,NaN,4031,8d72030a-b3e2-4b9b-abc4-7e7ae9c56ee3
720,3a59213c-8241-489a-8d66-c169712cbeea,720,reaction on fashion!,342,333576,,1752676683,13519,NaN,5a88ef99-b00f-4abe-b5cb-4938b1a548e1
1080,3a59213c-8241-489a-8d66-c169712cbeea,720,reaction on tech!,5884,151355,138,1750084683,332501,2914,231058e2-fcb4-4476-8c2a-ddc9e1d40258
1080,3a59213c-8241-489a-8d66-c169712cbeea,1080,vlog on travel!,5653,91003,169,1752676683,161018,3699,59fa9acd-3db1-40a6-88c9-fbd34e8a9932
720,3a59213c-8241-489a-8d66-c169712cbeea,720,vlog on food!,3183,98490,168,1751812683,336730,4286,de3dc306-7b8b-46d6-b8a9-71a661bd9dc4
1080,9d3cd4e8-6a56-44ca-b1cf-0737203dbea3,1080,review on food!,1672,424285,31,1751035083,64406,3696,98bccb67-0dc2-4f26-ad9a-443bae44a2ec
720,9d3cd4e8-6a56-44ca-b1cf-0737203dbea3,720,vlog on tech!,2419,358981,148,1751035083,443333,NaN,5db1aaa8-a3de-4752-af08-8d22cfbcfca2
720,9d3cd4e8-6a56-44ca-b1cf-0737203dbea3,1080,unboxing on travel!,9433,476865,166,1750084683,117259,,89df3710-d2d7-406b-8250-89794b0cace9
1080,9d3cd4e8-6a56-44ca-b1cf-0737203dbea3,1080,reaction on fashion!,5831,243881,144,1749825483,501641,3662,d8bec2f8-ac37-4362-86f8-70067b58a3f3
720,9d3cd4e8-6a56-44ca-b1cf-0737203dbea3,1080,review on fashion!,8578,287232,30,1751812683,724414,958,76434034-0cf5-4bac-bafe-c7763765f2c4
,9d3cd4e8-6a56-44ca-b1cf-0737203dbea3,720,challenge on travel!,4133,NaN,?,1749307083,537787,596,621d87f7-c062-4879-ad09-ff937c12f961
1080,9d3cd4e8-6a56-44ca-b1cf-0737203dbea3,1080,review on tech!,,383270,75,1752590283,926256,3293,c4511dce-5abb-4448-81d2-9357939b1eb4
1080,9d3cd4e8-6a56-44ca-b1cf-0737203dbea3,720,reaction on travel!,856,402062,20,1752849483,878065,233,306ae2c3-56c8-4f3e-af99-598ded0a3b6c
1080,9d3cd4e8-6a56-44ca-b1cf-0737203dbea3,1080,unboxing on tech!,2105,416031,145,1752849483,914194,3732,85254426-0430-4c78-81b1-d0da9961b99e
1080,9d3cd4e8-6a56-44ca-b1cf-0737203dbea3,1080,review on travel!,7058,0.0.0,63,1750343883,0.0.0,3698,b8d49f9e-e280-43c5-b996-f651852dddb9
720,9d3cd4e8-6a56-44ca-b1cf-0737203dbea3,720,unboxing on tech!,9539,87523,11,1750948683,769193,2533,e09145a3-db2c-43a2-bee9-b3eed21e0bb7
1080,9d3cd4e8-6a56-44ca-b1cf-0737203dbea3,720,review on food!,,117674,,1748183883,471653,4628,e9002340-269f-44d9-8091-7b42d93bc8fc
1080,9d3cd4e8-6a56-44ca-b1cf-0737203dbea3,1080,unboxing on tech!,835,465480,73,1751726283,316418,3570,dfbd580d-95ef-44d4-954a-d1c922f4dd7a
1080,9d3cd4e8-6a56-44ca-b1cf-0737203dbea3,720,vlog on tech!,3747,176317,58,1749307083,546352,377,70a14b57-bf0b-4c11-bb35-50d85bf4ac95
1080,9d3cd4e8-6a56-44ca-b1cf-0737203dbea3,720,unboxing on tech!,8655,28324,33,1751899083,NaN,3934,3cba1323-cfac-4f8c-b9da-46a5043b9871
1080,9d3cd4e8-6a56-44ca-b1cf-0737203dbea3,1080,unboxing on travel!,4790,?,,1751726283,608262,1916,86010abd-7647-4fa2-b500-bfae4ea7eb15
720,9d3cd4e8-6a56-44ca-b1cf-0737203dbea3,720,review on travel!,2839,323057,44,1748356683,850988,1219,16a8cd94-cf7e-445c-8bb8-674ba9197c91
1080,9d3cd4e8-6a56-44ca-b1cf-0737203dbea3,720,review on food!,9482,223892,97,1749566283,659126,3386,aa76b985-7ad4-4b82-a3e0-54d72e304bd4
1080,9d3cd4e8-6a56-44ca-b1cf-0737203dbea3,1080,unboxing on beauty!,8681,?,112,1749393483,617206,2435,0e02889f-2a0a-4561-a939-8286de29226d
1080,9d3cd4e8-6a56-44ca-b1cf-0737203dbea3,,review on food!,7414,184235,20,1749566283,653609,1243,4516af6d-08bd-490c-acf9-6e75dfd7cf84
720,9d3cd4e8-6a56-44ca-b1cf-0737203dbea3,720,reaction on fitness!,,0.0.0,135,1749739083,54712,674,63ef812e-154e-433e-9e58-f3d54e575cd6
1080,9d3cd4e8-6a56-44ca-b1cf-0737203dbea3,720,unboxing on tech!,5090,297723,0.0.0,1750948683,729821,3597,715a505e-ace5-4efd-b815-15bbf7f36102
1080,9d3cd4e8-6a56-44ca-b1cf-0737203dbea3,720,review on tech!,1104,309634,160,1752503883,609335,1589,4f69dc85-c4f8-459a-afd5-aff4c88c5531
1080,9d3cd4e8-6a56-44ca-b1cf-0737203dbea3,1080,review on fitness!,9929,162490,166,1751899083,964297,2147,e1d29e41-d7cc-451c-ae09-51a000c6a1aa
1080,9d3cd4e8-6a56-44ca-b1cf-0737203dbea3,1080,unboxing on fitness!,3663,323073,163,1752331083,991629,399,5649fad3-0132-463e-9813-58af8c51c09c
1080,9d3cd4e8-6a56-44ca-b1cf-0737203dbea3,1080,challenge on tech!,3567,165206,?,1748615883,903159,2348,c6cd0015-6907-4667-b092-60a8f8b9fac7
720,9d3cd4e8-6a56-44ca-b1cf-0737203dbea3,1080,reaction on beauty!,2139,489874,128,1749652683,508319,3462,0df2f163-7b78-477c-aaf0-8f5d9c7e029b
1080,9d3cd4e8-6a56-44ca-b1cf-0737203dbea3,1080,reaction on travel!,,286153,67,1752331083,718411,4400,8f90dfec-a4b8-4d0a-9f53-565e075780ca
720,9d3cd4e8-6a56-44ca-b1cf-0737203dbea3,,challenge on beauty!,6086,427936,12,1749393483,764918,2951,48328aaa-2838-496e-b540-70e0ff7267b4
720,9d3cd4e8-6a56-44ca-b1cf-0737203dbea3,1080,vlog on fashion!,3690,289780,95,1750948683,349266,3521,72bf84a3-4547-426e-80dd-19b8002f43ea
720,16cce27e-47cd-436b-9da2-09bb413ae128,720,vlog on travel!,8581,?,25,1750084683,762155,3058,c508a714-be37-4dcc-b8c7-6d1d39e78a00
720,16cce27e-47cd-436b-9da2-09bb413ae128,1080,vlog on fashion!,4167,168874,176,1751639883,313053,4535,95a8be68-8964-4f36-a0e3-e4917d30b2ca
1080,16cce27e-47cd-436b-9da2-09bb413ae128,1080,review on food!,8450,439612,100,1749393483,111602,859,128f02c7-4a9e-44eb-ba8f-fb11d23a72f6
720,16cce27e-47cd-436b-9da2-09bb413ae128,1080,reaction on beauty!,?,,134,1751639883,?,NaN,c66bf2fc-19af-438e-9da2-136ff9fbee95
720,16cce27e-47cd-436b-9da2-09bb413ae128,1080,challenge on fashion!,9302,NaN,147,1748702283,493010,,8ab296f9-2cd9-4ed2-9689-c3bc6a4b8bde
1080,16cce27e-47cd-436b-9da2-09bb413ae128,720,reaction on tech!,1191,23140,147,1749911883,155452,2203,b5cfc499-38d4-4e66-8b18-b97254960915
1080,16cce27e-47cd-436b-9da2-09bb413ae128,,challenge on beauty!,3122,402550,76,1750775883,NaN,2975,083ab867-6ec2-46f7-9917-487966bc785f
720,16cce27e-47cd-436b-9da2-09bb413ae128,720,vlog on tech!,9220,174566,104,1752935883,?,1164,f2465b5d-ad5f-483e-a65b-fa155d2ea59c
1080,16cce27e-47cd-436b-9da2-09bb413ae128,720,vlog on beauty!,280,234395,88,1748356683,705352,2131,1eb4fbdb-bb5a-4059-aeb7-982391f3c056
1080,16cce27e-47cd-436b-9da2-09bb413ae128,720,vlog on tech!,?,152489,163,1752417483,388624,3673,b8d8359f-1070-4d60-8866-20d1262a2ee5
720,16cce27e-47cd-436b-9da2-09bb413ae128,1080,vlog on beauty!,6190,,43,1749479883,126617,3143,d124d53f-9697-4683-a7c7-2342d9bcd8e5
720,16cce27e-47cd-436b-9da2-09bb413ae128,1080,challenge on fashion!,8959,202004,,1749047883,910371,1980,572200ce-4813-479b-ac97-7dcb08451aa1
720,16cce27e-47cd-436b-9da2-09bb413ae128,1080,vlog on fashion!,4754,400242,165,1752763083,522979,540,c10acf99-bbcd-4fd8-98ca-8ec7802b6d4b
720,16cce27e-47cd-436b-9da2-09bb413ae128,720,vlog on food!,2640,,53,1752503883,891556,1284,70af4c6a-9ca0-4969-b27d-28637c467c2c
1080,16cce27e-47cd-436b-9da2-09bb413ae128,1080,review on fitness!,0.0.0,409989,134,1752503883,954467,1561,84a7ef36-e3fb-472c-abf3-b159baf8a0e1
1080,bbbfa648-c404-48d3-8e43-337af54ab446,1080,vlog on beauty!,5115,232663,76,1747838283,655825,2186,2ee7d41d-9ec8-42d5-af3f-c6adf4bb0916
1080,bbbfa648-c404-48d3-8e43-337af54ab446,720,vlog on tech!,3859,170437,101,1750257483,545182,1665,9eac0d2a-f55b-4f22-9d8a-8a13b8f344d6
1080,bbbfa648-c404-48d3-8e43-337af54ab446,720,unboxing on fashion!,935,326317,60,1752244683,641834,269,6e1fce73-d53c-4faf-93fc-05b0a86cebae
720,bbbfa648-c404-48d3-8e43-337af54ab446,720,challenge on beauty!,1284,333278,58,1749479883,41683,3269,1afef877-37d6-4b3d-ab38-0c109e0a5082
1080,bbbfa648-c404-48d3-8e43-337af54ab446,720,challenge on tech!,9874,154306,45,1750171083,518542,3804,ff48bf30-983e-40cb-8dcf-48c0a43255cd
720,bbbfa648-c404-48d3-8e43-337af54ab446,1080,unboxing on travel!,6777,458624,82,1751467083,861972,4112,a339443a-e04b-4a17-8f1b-1f66f5d24083
720,bbbfa648-c404-48d3-8e43-337af54ab446,1080,unboxing on food!,6815,433860,146,1748788683,231642,220,a5085632-8050-4804-b50a-adde158ee933
1080,bbbfa648-c404-48d3-8e43-337af54ab446,,review on beauty!,,179426,55,1750343883,542524,4566,31d7359e-4ed9-4797-9f88-2048c6df67e9
720,bbbfa648-c404-48d3-8e43-337af54ab446,720,review on tech!,285,84906,171,1750257483,722011,1991,9e033604-7416-4dc4-957d-9c39b3e2859f
720,bbbfa648-c404-48d3-8e43-337af54ab446,1080,unboxing on fashion!,9092,96469,151,1751726283,772548,2848,5977e597-23bb-4b0b-85fa-db01809034b8
1080,bbbfa648-c404-48d3-8e43-337af54ab446,720,reaction on fashion!,1614,428363,96,1752158283,209670,3892,909e3e6a-c307-4cda-bdf7-c13d4c8d230d
1080,bbbfa648-c404-48d3-8e43-337af54ab446,1080,unboxing on fitness!,5154,485908,99,1750775883,172588,?,6d7329c0-fecd-4217-9736-8fa5f7e9dfa2
1080,bbbfa648-c404-48d3-8e43-337af54ab446,1080,vlog on tech!,1301,200084,108,1752331083,,4645,f73b08a8-b5fe-446d-a385-dfbe51b7e6a9
1080,bbbfa648-c404-48d3-8e43-337af54ab446,720,reaction on fashion!,0.0.0,499756,117,1748097483,44439,790,7e9fa72c-bb5e-42e8-aab4-e680a9f0d3dc
1080,bbbfa648-c404-48d3-8e43-337af54ab446,?,unboxing on food!,4409,316599,67,1750603083,513235,,a87ef754-400e-4a4f-a78e-eb55fadc4cc4
1080,bbbfa648-c404-48d3-8e43-337af54ab446,720,unboxing on food!,8612,62598,158,1749307083,691468,2986,d7e1cc07-6070-425b-b2d1-321b6ef8083b
1080,bbbfa648-c404-48d3-8e43-337af54ab446,720,challenge on beauty!,?,84400,83,1748961483,268730,2436,ee54dfc6-3b48-49c8-9913-8461d82dc345
1080,bbbfa648-c404-48d3-8e43-337af54ab446,720,challenge on fashion!,5666,343247,165,1751294283,562050,1732,c19797be-593a-4ee2-a7c8-71e023624655
1080,bbbfa648-c404-48d3-8e43-337af54ab446,1080,challenge on tech!,5446,476301,159,1749307083,493120,484,0f64fe34-7f53-4f45-aa13-f40ae2bce0c6
720,bbbfa648-c404-48d3-8e43-337af54ab446,720,challenge on fashion!,3617,288610,14,1749566283,534618,4672,4e074fbb-af21-47b1-9f02-4a75c024ba3f
1080,bbbfa648-c404-48d3-8e43-337af54ab446,1080,challenge on food!,0.0.0,252684,138,1748443083,,610,e57ca2c7-2aa6-4737-9bd3-ea355d1b6e1d
1080,bbbfa648-c404-48d3-8e43-337af54ab446,1080,reaction on food!,4567,105045,108,1750689483,155406,2823,5e21d050-5186-4b7a-945a-a4d5c146f353
1080,bbbfa648-c404-48d3-8e43-337af54ab446,1080,challenge on food!,?,396753,98,1752763083,677821,1447,01913ab9-5224-4940-89a9-4ece73203860
1080,bbbfa648-c404-48d3-8e43-337af54ab446,720,vlog on travel!,3609,454326,80,1749393483,293138,287,589c8a92-ba72-4498-88f2-072653200529
1080,bbbfa648-c404-48d3-8e43-337af54ab446,720,vlog on beauty!,6647,378506,118,1748097483,53979,1179,13d22306-0d8e-45d2-8d0b-69895f689c81
720,bbbfa648-c404-48d3-8e43-337af54ab446,1080,reaction on tech!,9909,,14,1748183883,382461,4598,7195f84d-7a17-4a8f-8645-c1d324f4bd43
720,0ce31693-d789-498d-8ccb-e7a221fd1a73,720,reaction on travel!,4237,407323,106,1750516683,127449,3909,eeb355a4-517c-4f61-948c-3cba14680144
720,0ce31693-d789-498d-8ccb-e7a221fd1a73,NaN,challenge on food!,0.0.0,311924,120,1748270283,188102,,014d0091-2497-4fb5-9c09-481dd5836101
720,0ce31693-d789-498d-8ccb-e7a221fd1a73,720,vlog on fitness!,9776,,15,1748270283,879843,2055,0a33ad4a-e0db-4a2e-89a4-ac68b19be471
720,0ce31693-d789-498d-8ccb-e7a221fd1a73,1080,challenge on travel!,0.0.0,256484,25,1750171083,376963,513,bcf72afb-ce8d-48f8-863a-3086a07f0a47
1080,0ce31693-d789-498d-8ccb-e7a221fd1a73,1080,unboxing on fashion!,4982,477892,131,1752331083,242780,4636,55462f26-1449-4ad6-8232-f71aef219b82
720,0ce31693-d789-498d-8ccb-e7a221fd1a73,0.0.0,challenge on tech!,6699,218804,179,1751035083,572522,2739,d5778bfc-8ebc-452a-9ee4-b1c136c2ea33
1080,0ce31693-d789-498d-8ccb-e7a221fd1a73,NaN,vlog on travel!,5673,86309,74,1752676683,170776,1307,ae08cd90-2e77-4a77-bce0-ecb89ba09c4d
720,0ce31693-d789-498d-8ccb-e7a221fd1a73,1080,unboxing on fitness!,4836,348296,82,1752935883,708568,1765,73de4cbc-1e12-4bdd-960d-8640a5d5d8e6
720,0ce31693-d789-498d-8ccb-e7a221fd1a73,720,challenge on fashion!,6412,462286,126,1750084683,752734,296,a7db863d-eb88-49da-b061-281c188f8bbf
720,0ce31693-d789-498d-8ccb-e7a221fd1a73,1080,reaction on tech!,9175,93431,87,1749566283,82561,1400,adad05d2-d6c9-4f72-9964-6d4b9c8d2c8c
720,0ce31693-d789-498d-8ccb-e7a221fd1a73,1080,unboxing on beauty!,7084,171569,112,1748443083,866978,2929,4273d102-a96a-4792-a7e3-f4ea872bc854
720,0ce31693-d789-498d-8ccb-e7a221fd1a73,720,reaction on food!,4574,129855,137,1752590283,9990,1359,4b109bcc-5add-4e50-9d40-ec64e03e9ea1
1080,0ce31693-d789-498d-8ccb-e7a221fd1a73,720,unboxing on travel!,8804,123800,0.0.0,1748615883,0.0.0,,e629f9ae-a63b-41dd-815d-b9219bdcacbf
1080,0ce31693-d789-498d-8ccb-e7a221fd1a73,720,unboxing on fashion!,1435,187254,18,1752590283,397072,4571,4db9d502-a7ba-4cba-abcf-50949284dd06
1080,0ce31693-d789-498d-8ccb-e7a221fd1a73,720,reaction on beauty!,NaN,370565,113,1751985483,669974,3958,8b3a97c2-35ba-4e1b-ad2b-961458dbadca
720,0ce31693-d789-498d-8ccb-e7a221fd1a73,1080,vlog on travel!,2762,197437,76,1748788683,640280,4779,296ead38-fafc-498c-954c-402e1780dcee
?,0ce31693-d789-498d-8ccb-e7a221fd1a73,720,challenge on beauty!,4246,227748,138,1750689483,995192,2698,e55d29e9-4ff5-428b-976b-8e74a8db0ec2
1080,0ce31693-d789-498d-8ccb-e7a221fd1a73,1080,unboxing on food!,?,437949,101,1750775883,791647,1053,fd30690a-d77d-4610-ad97-61ff2db67d6d
720,0ce31693-d789-498d-8ccb-e7a221fd1a73,720,vlog on beauty!,NaN,366499,101,1749652683,63815,1104,67de1b21-eb83-46ff-a16e-6b8bc848d890
720,0ce31693-d789-498d-8ccb-e7a221fd1a73,720,vlog on fashion!,6096,?,69,1753022283,674926,2613,7dfbe4ce-364e-4e22-88d1-2c212ea50e80
1080,0ce31693-d789-498d-8ccb-e7a221fd1a73,720,unboxing on food!,,45867,179,1748615883,632224,3594,45e43601-7ee1-4dc7-932d-77b6685cb007
720,0ce31693-d789-498d-8ccb-e7a221fd1a73,1080,review on fashion!,4347,?,?,1749825483,?,0.0.0,6c3f00b0-e95d-4e53-8db6-4bda5b8554e3
1080,0ce31693-d789-498d-8ccb-e7a221fd1a73,720,vlog on food!,NaN,380053,51,1752503883,971162,145,eb93a788-519b-4e06-8b1f-c0a3c2119598
1080,0ce31693-d789-498d-8ccb-e7a221fd1a73,1080,challenge on fitness!,4527,149743,164,1747838283,436046,1275,3a6ea5f3-de5f-4719-bddd-5ce73f865deb
1080,0ce31693-d789-498d-8ccb-e7a221fd1a73,720,unboxing on beauty!,471,409924,174,1750948683,76417,86,97997121-9033-49b4-b9ec-e62e426499e4
1080,0ce31693-d789-498d-8ccb-e7a221fd1a73,720,unboxing on fashion!,0.0.0,407293,73,1747924683,157136,949,dd504d41-fabf-43c4-8266-afb23dddc4d5
720,0ce31693-d789-498d-8ccb-e7a221fd1a73,1080,challenge on fitness!,1717,,104,1751985483,976450,3959,7beec420-cf7c-4b98-aaff-cf6831ade5bd
1080,0ce31693-d789-498d-8ccb-e7a221fd1a73,720,review on fashion!,3247,307808,78,1748356683,938624,443,8778c84d-b745-482a-8d1a-bcddd1cb91c4
720,0ce31693-d789-498d-8ccb-e7a221fd1a73,1080,challenge on fashion!,164,,122,1747838283,958921,4272,307885a7-2ea9-4ff2-8f8e-e851edd69672
NaN,3b4b3cac-d996-4ec5-8628-333c762738f0,720,challenge on fitness!,4702,482482,NaN,1749393483,,3401,5b6bb7a9-a084-4dd0-b1c6-46d5ba2490b6
720,3b4b3cac-d996-4ec5-8628-333c762738f0,720,reaction on tech!,6541,368956,80,1751467083,210849,125,0039d96f-e3cf-45b0-92ac-8629e1cdaf20
1080,3b4b3cac-d996-4ec5-8628-333c762738f0,1080,challenge on travel!,1468,0.0.0,77,1752158283,722822,2286,24e7b150-879d-431c-8b36-b638ada161b8
1080,3b4b3cac-d996-4ec5-8628-333c762738f0,1080,review on fashion!,?,75069,156,1751380683,572859,1335,a54a8749-5ff2-4afd-af3c-3a992e192d96
720,3b4b3cac-d996-4ec5-8628-333c762738f0,1080,review on fashion!,482,91338,136,1750171083,595466,606,b56ba75d-014d-4049-abc9-9d039c4e06a0
720,3b4b3cac-d996-4ec5-8628-333c762738f0,720,review on fitness!,2082,485573,53,1752590283,370626,4466,92d73a27-ca4a-44b2-a513-3357eba06d35
1080,3b4b3cac-d996-4ec5-8628-333c762738f0,1080,unboxing on travel!,7497,0.0.0,25,1750430283,541570,1687,1298a859-908e-41c9-8e79-79476907ca27
1080,3b4b3cac-d996-4ec5-8628-333c762738f0,720,unboxing on fitness!,5205,,132,1749307083,38227,4847,aa145573-c0f5-45ac-9cee-a999aa22784e
1080,3b4b3cac-d996-4ec5-8628-333c762738f0,720,unboxing on fashion!,7106,120967,59,1748961483,834341,4953,3b1a3817-9393-4ccf-8c05-fe14f3ec2253
720,3b4b3cac-d996-4ec5-8628-333c762738f0,1080,review on fashion!,8787,252909,130,1750171083,433873,2366,1fc5390a-e172-4754-a972-90c82aedabd9
720,3b4b3cac-d996-4ec5-8628-333c762738f0,720,challenge on fitness!,4337,?,142,1752590283,710083,3013,c6c3f76c-7ecb-427e-b6d3-631aab815150
1080,3b4b3cac-d996-4ec5-8628-333c762738f0,720,vlog on travel!,6277,362736,16,1752331083,425275,86,f1dde54d-1ec8-437a-b8da-087db563e5ef
1080,3b4b3cac-d996-4ec5-8628-333c762738f0,1080,unboxing on fitness!,8357,22727,107,1748788683,417984,4308,d070966a-ce9f-449f-a347-8febe49ad188
720,3b4b3cac-d996-4ec5-8628-333c762738f0,720,vlog on food!,2578,,86,1752849483,484665,4833,99308c1a-36dc-4e89-bd1b-21365920620b
720,3b4b3cac-d996-4ec5-8628-333c762738f0,1080,review on beauty!,8122,200875,68,1752590283,801326,1301,14f0a29f-aea7-4b44-bb6b-c6a456b06995
?,3b4b3cac-d996-4ec5-8628-333c762738f0,720,challenge on tech!,3545,331205,176,1748875083,500068,2842,9ce90e54-e363-4263-9e3b-60ecf9e91b68
720,3b4b3cac-d996-4ec5-8628-333c762738f0,1080,unboxing on fitness!,4145,186918,137,1750343883,569069,?,f5e0458c-71f7-4012-b833-7b33b10e15d2
720,3b4b3cac-d996-4ec5-8628-333c762738f0,1080,vlog on food!,8581,469642,24,1752676683,260267,2976,4392f050-8ccd-43f4-8870-bcabd34b3879
720,3b4b3cac-d996-4ec5-8628-333c762738f0,720,vlog on travel!,4612,,169,1749566283,763717,2978,91603331-2c5c-45f1-8b8f-2b10da68deb8
720,3b4b3cac-d996-4ec5-8628-333c762738f0,1080,reaction on fashion!,5223,461322,108,1751207883,292525,3871,91a7da26-117b-4043-b564-398446eb9fdd
1080,3b4b3cac-d996-4ec5-8628-333c762738f0,1080,unboxing on fashion!,3102,?,81,1752244683,0.0.0,2110,dab1ccdd-9fa2-4ad9-abee-841d10739757
720,3b4b3cac-d996-4ec5-8628-333c762738f0,720,review on tech!,3132,,109,1749307083,397841,2020,12b749b5-68b8-4700-b1ea-72a23a057347
720,3b4b3cac-d996-4ec5-8628-333c762738f0,1080,review on fashion!,,282056,161,1748183883,819574,4808,164d33f0-3368-4148-b143-e04065f6683f
1080,3b4b3cac-d996-4ec5-8628-333c762738f0,1080,vlog on fashion!,2304,486257,126,1752676683,349311,4745,632569d3-fc74-4560-a46f-c2d0b5d5b3af
1080,3b4b3cac-d996-4ec5-8628-333c762738f0,1080,review on travel!,8375,311255,179,1748529483,968109,534,14ab2eee-445c-415b-8ab4-994c35156534
720,d1bfd78d-fc9b-4377-8a27-5d2038beff87,720,reaction on beauty!,,339688,141,1749220683,26715,4214,8f3c6516-b2d2-4652-8651-9951eca6825b
?,d1bfd78d-fc9b-4377-8a27-5d2038beff87,720,reaction on travel!,,?,26,1750084683,503976,3860,e081cf3a-9fd9-4307-9e7e-0fc256316c76
0.0.0,d1bfd78d-fc9b-4377-8a27-5d2038beff87,1080,vlog on beauty!,6346,,21,1750430283,141823,3631,9fc95650-cc3a-4c78-92d0-8755abee5dec
1080,d1bfd78d-fc9b-4377-8a27-5d2038beff87,720,reaction on beauty!,1311,,61,1752935883,677264,602,60725c45-92cf-431f-97d4-934bd196bbac
720,d1bfd78d-fc9b-4377-8a27-5d2038beff87,1080,challenge on food!,2731,466806,162,1752071883,931144,3520,c24f7e6a-eef3-4c78-81d3-fa1444dffe66
1080,d1bfd78d-fc9b-4377-8a27-5d2038beff87,720,vlog on tech!,1729,83728,127,1749825483,943498,4965,bc115384-2427-4bb2-8872-71358a42a6b3
1080,d1bfd78d-fc9b-4377-8a27-5d2038beff87,720,vlog on tech!,7919,26962,131,1748097483,0.0.0,520,7cafd41b-50b7-41f6-a1b8-139cf9e1a9f0
1080,d1bfd78d-fc9b-4377-8a27-5d2038beff87,1080,unboxing on beauty!,6014,27038,61,1752503883,121593,1925,a1e641c2-f640-4746-a9a2-2b3f72e0702f
1080,d1bfd78d-fc9b-4377-8a27-5d2038beff87,1080,vlog on travel!,0.0.0,428085,20,1751035083,481928,296,e22556b8-6bef-42e5-8232-cb38eb389957
720,d1bfd78d-fc9b-4377-8a27-5d2038beff87,720,review on travel!,4109,56654,79,1750775883,594110,4373,5b1cd69f-0ce1-4fde-ad70-b75f4e46ecc8
720,d1bfd78d-fc9b-4377-8a27-5d2038beff87,720,review on travel!,4056,166829,154,1751899083,,3118,620da99b-9de3-4ba1-9bcf-250ca393953e
720,d1bfd78d-fc9b-4377-8a27-5d2038beff87,1080,unboxing on travel!,136,406444,150,1750689483,494405,86,1f56a574-3b1e-4a3d-b83e-437bb2da682f
1080,d1bfd78d-fc9b-4377-8a27-5d2038beff87,720,vlog on fashion!,6253,27779,137,1748529483,756212,3409,5b5fd7f1-fe67-4089-acb4-16e56fb42ae5
720,d1bfd78d-fc9b-4377-8a27-5d2038beff87,720,vlog on fashion!,432,0.0.0,165,1747838283,,4793,7fcfede4-4914-4a11-8fbd-52a0c43a8df8
720,d1bfd78d-fc9b-4377-8a27-5d2038beff87,1080,vlog on food!,9688,326280,147,1748961483,210433,1283,a7bbf9d6-5258-4d3c-bd90-a5b285ec46a0
720,d1bfd78d-fc9b-4377-8a27-5d2038beff87,720,vlog on food!,5144,158687,84,1749566283,75328,561,beee62db-797f-4c90-bf27-7f718a8156cd
,d1bfd78d-fc9b-4377-8a27-5d2038beff87,720,unboxing on fashion!,299,468404,58,1748875083,427259,,b656caed-677f-4225-b91a-4f33e8ffe5b8
1080,d1bfd78d-fc9b-4377-8a27-5d2038beff87,1080,reaction on travel!,1323,114805,146,1749739083,455725,1981,47540fa4-3898-46be-8409-1963ad5f48dc
1080,d1bfd78d-fc9b-4377-8a27-5d2038beff87,1080,reaction on food!,6639,442795,,1748443083,632129,4167,87ca2c2b-63c0-4453-b4d8-b4f0b58b40a6
1080,d1bfd78d-fc9b-4377-8a27-5d2038beff87,720,unboxing on beauty!,4176,65617,68,1751639883,488631,1251,610383e3-2f82-4cbd-ad7a-2baf96dcd8cc
1080,d1bfd78d-fc9b-4377-8a27-5d2038beff87,720,unboxing on food!,4585,166935,15,1750171083,15932,2211,d2025239-a785-4c88-89fe-4268ba9b0b1a
720,d1bfd78d-fc9b-4377-8a27-5d2038beff87,720,reaction on fashion!,NaN,347378,52,1751639883,361484,3088,14406db4-40a4-4cf0-9a05-adda84516fbb
720,d1bfd78d-fc9b-4377-8a27-5d2038beff87,720,unboxing on fashion!,1989,?,167,1748702283,400280,800,53c9aac9-d3bb-421d-83e8-a9b26cec9dcf
1080,d1bfd78d-fc9b-4377-8a27-5d2038beff87,720,reaction on food!,4151,107337,157,1748356683,,1633,279d6927-02ff-4fba-971e-f96f50be42ae
1080,d1bfd78d-fc9b-4377-8a27-5d2038beff87,1080,,5245,332055,27,1748270283,835160,705,0cc64e4c-dd5b-42e1-8ffe-35d7478b55d2
1080,d1bfd78d-fc9b-4377-8a27-5d2038beff87,1080,reaction on travel!,6357,?,130,1752849483,599145,2809,edbb7475-2689-4980-a817-bc2951c9b01b
720,d1bfd78d-fc9b-4377-8a27-5d2038beff87,720,review on travel!,3118,59519,52,1749479883,696660,3571,23d3caee-41cf-4cd2-80cc-6a857f72094b
0.0.0,d1bfd78d-fc9b-4377-8a27-5d2038beff87,720,unboxing on fashion!,7505,193328,103,1752331083,208049,2549,7bca4694-b5de-43cd-af52-96368e495af0
720,d1bfd78d-fc9b-4377-8a27-5d2038beff87,720,vlog on travel!,4182,173331,48,1751812683,832974,64,42536445-6b72-4143-bf09-294d68adf0ac
1080,d1bfd78d-fc9b-4377-8a27-5d2038beff87,1080,challenge on travel!,3456,86105,60,1747838283,86671,905,900cf1db-1360-4d50-8264-019896859a89
720,cf640d4c-b2d8-41f4-9b73-b83807951dac,1080,reaction on tech!,5251,238953,171,1751553483,545836,?,cf11989c-355b-49fa-8db1-1658836a51ef
720,cf640d4c-b2d8-41f4-9b73-b83807951dac,1080,vlog on tech!,9664,,0.0.0,1748356683,245117,1407,6f2b2b0a-a185-4e7e-ad4c-5087af5607ba
1080,cf640d4c-b2d8-41f4-9b73-b83807951dac,NaN,challenge on beauty!,4741,28414,148,1750689483,934919,1864,b3f39e7b-005e-409f-9093-2e89566e2bc0
1080,cf640d4c-b2d8-41f4-9b73-b83807951dac,720,challenge on fashion!,2338,,57,1748529483,460755,3844,1aec4732-927e-4038-9b71-636543cc5828
1080,cf640d4c-b2d8-41f4-9b73-b83807951dac,720,unboxing on tech!,512,492737,125,1752935883,816428,3993,f3871916-a19f-4259-8b18-4a617d042ac2
720,cf640d4c-b2d8-41f4-9b73-b83807951dac,1080,review on fitness!,1642,490714,?,1747838283,474639,4619,a39f0827-2bbb-4200-b926-687d070a251a
720,cf640d4c-b2d8-41f4-9b73-b83807951dac,720,vlog on tech!,4113,426574,101,1749393483,337017,?,f6585e07-59f6-42e5-aaa0-137f902306b0
1080,cf640d4c-b2d8-41f4-9b73-b83807951dac,1080,review on food!,6696,135467,51,1748875083,231267,4569,e449349d-fff3-4549-9e3f-532471b1284b
1080,cf640d4c-b2d8-41f4-9b73-b83807951dac,1080,review on food!,,,134,1748961483,112554,4434,ceb5194d-b268-4ee8-a785-cffe11875850
720,cf640d4c-b2d8-41f4-9b73-b83807951dac,720,vlog on fitness!,7744,326378,17,1751553483,11796,3184,7a1c0a94-e78f-4634-8f97-4ec8eb63c66c
1080,cf640d4c-b2d8-41f4-9b73-b83807951dac,1080,reaction on tech!,8199,141784,35,1749998283,436205,1568,3aed1453-040c-48a0-b503-1a5bd19052c9
1080,cf640d4c-b2d8-41f4-9b73-b83807951dac,1080,vlog on travel!,NaN,121724,49,1748443083,890240,2960,76450922-ee11-47a8-ae80-f219fb30cf41
720,cf640d4c-b2d8-41f4-9b73-b83807951dac,720,review on food!,3949,127832,140,1752503883,371904,?,b7eb5f2a-95f1-4486-860c-e233e20fc244
1080,cf640d4c-b2d8-41f4-9b73-b83807951dac,1080,reaction on travel!,6316,23622,112,1749566283,964797,2833,b0642e39-6aff-43f9-ad1b-160423d4620b
720,cf640d4c-b2d8-41f4-9b73-b83807951dac,1080,review on tech!,7883,102586,133,1749998283,601822,1104,d7dccfb7-9851-4dd2-a989-226fa7717e90
1080,cf640d4c-b2d8-41f4-9b73-b83807951dac,720,reaction on beauty!,9792,107746,62,1749911883,633721,666,ecae0af9-3d8b-41ba-876a-0360778c8924
720,cf640d4c-b2d8-41f4-9b73-b83807951dac,720,unboxing on beauty!,2673,394995,159,1748961483,676580,,7987385f-7fee-4bab-bcdb-e4674df934e9
1080,cf640d4c-b2d8-41f4-9b73-b83807951dac,1080,vlog on food!,4039,178675,148,1750862283,12945,1472,65507452-25f2-410d-aee6-799b1d32163f
1080,cf640d4c-b2d8-41f4-9b73-b83807951dac,720,challenge on fashion!,9961,331723,0.0.0,1752158283,286382,4359,033d933c-435b-4677-996b-d395d70ac9d7
1080,cf640d4c-b2d8-41f4-9b73-b83807951dac,720,reaction on travel!,9601,399293,25,1748011083,619544,4715,ce36b065-9ddf-472c-b4ca-dcbe84479bdf
1080,cf640d4c-b2d8-41f4-9b73-b83807951dac,1080,unboxing on fitness!,1711,379140,,1752417483,434163,2403,9d5d4ebb-9cce-473b-93a6-9a6101421d99
1080,cf640d4c-b2d8-41f4-9b73-b83807951dac,1080,reaction on fitness!,4665,482323,116,1750603083,14580,958,1b79e2da-9f8d-4597-87a6-d7141b5b6f80
720,cf640d4c-b2d8-41f4-9b73-b83807951dac,1080,vlog on food!,1525,37995,59,1750343883,584407,2384,8c9851fa-2c80-445d-ae03-41dedcdba455
720,e75eb2ce-afff-422a-a10d-660efeabd17c,1080,unboxing on tech!,7381,111633,102,1751380683,372136,4365,979f29bb-b45c-4df7-a7f6-6ff4819355ff
720,e75eb2ce-afff-422a-a10d-660efeabd17c,1080,review on fitness!,258,0.0.0,131,1753022283,877188,3555,e6a7e445-12d3-48f5-aea4-157e7f7179bf
720,e75eb2ce-afff-422a-a10d-660efeabd17c,720,vlog on food!,?,23368,45,1748097483,807742,274,5b4f9fe3-d0f7-46dc-b6a0-b73bef272127
1080,e75eb2ce-afff-422a-a10d-660efeabd17c,1080,challenge on fitness!,9964,391264,,1752244683,359856,4503,e4d5175c-c18b-441f-b69c-40ce2f7af2cb
720,e75eb2ce-afff-422a-a10d-660efeabd17c,1080,vlog on beauty!,6837,95766,,1749739083,915407,812,e2c28bcd-3eea-4a65-be37-130e6ba4ed66
,e75eb2ce-afff-422a-a10d-660efeabd17c,720,unboxing on fitness!,4867,107627,147,1749998283,368862,4316,27f095c8-5e92-46e1-bd9e-ae491c714cc3
?,e75eb2ce-afff-422a-a10d-660efeabd17c,720,vlog on travel!,8494,433765,27,1747924683,133815,NaN,1d3cd092-5d33-44fa-94ef-b60ccca62c29
720,e75eb2ce-afff-422a-a10d-660efeabd17c,720,challenge on fitness!,2457,,144,1751294283,874516,4870,5169573c-e466-458b-a596-15825ca6ddd3
720,e75eb2ce-afff-422a-a10d-660efeabd17c,NaN,reaction on fitness!,781,100904,47,1747838283,52013,725,7e02e830-9107-4507-81f3-c65be51e42ba
720,e75eb2ce-afff-422a-a10d-660efeabd17c,?,reaction on fashion!,NaN,481280,39,1751207883,78075,,c771e8a7-3b6f-4b3b-8f43-76eaa110b7c0
720,e75eb2ce-afff-422a-a10d-660efeabd17c,1080,review on tech!,2463,401337,110,1749047883,806410,3855,84c8e14d-75a9-4a53-b283-ab5feaddc889
720,e75eb2ce-afff-422a-a10d-660efeabd17c,,vlog on beauty!,5141,,166,1748788683,0.0.0,1944,87dc3a8c-9ee1-422e-99b4-2a6ed69503d0
720,e75eb2ce-afff-422a-a10d-660efeabd17c,1080,review on travel!,689,NaN,123,1748356683,992062,4038,31bb945a-ab26-4937-8b83-c4c7b3208e5f
720,e75eb2ce-afff-422a-a10d-660efeabd17c,720,vlog on tech!,4209,128420,101,1749220683,603954,3926,cc87fb8a-9f19-42b1-bfe7-394221581e42
720,e75eb2ce-afff-422a-a10d-660efeabd17c,720,vlog on fashion!,3470,455490,101,1750862283,186850,3646,22323f50-fdac-4b89-a302-50a1b4b48628
720,e75eb2ce-afff-422a-a10d-660efeabd17c,720,vlog on beauty!,?,145698,18,1747838283,785154,1012,d4caf231-97b9-4c4d-a221-296855f85c05
720,e75eb2ce-afff-422a-a10d-660efeabd17c,720,vlog on beauty!,,15395,92,1749479883,286278,1124,8889b7a3-f28b-41c8-ac98-3621bff512e0
720,e75eb2ce-afff-422a-a10d-660efeabd17c,720,unboxing on fitness!,5185,?,112,1749047883,972282,0.0.0,
720,901df46e-cd0e-4c4e-b50a-94881707040a,720,reaction on beauty!,5327,156395,58,1748183883,752220,2752,dfd0e8e0-7dbd-43aa-b5e7-425d056c1e87
720,901df46e-cd0e-4c4e-b50a-94881707040a,1080,unboxing on fitness!,2956,483775,56,1749825483,333721,128,f38a585c-9f3a-44db-9eca-07724a45cc6b
1080,901df46e-cd0e-4c4e-b50a-94881707040a,720,review on fitness!,884,229541,103,1751639883,71198,2603,428add77-bba0-4383-942d-622f7013eb39
720,901df46e-cd0e-4c4e-b50a-94881707040a,720,unboxing on food!,6322,11475,48,1750862283,101974,4347,dd755908-5e57-4b0c-9c79-4d04d674cbb1
?,901df46e-cd0e-4c4e-b50a-94881707040a,1080,challenge on food!,3347,413551,64,1751639883,716089,,13218d5a-16aa-4fd4-9ce2-bf9b2b35e054
1080,901df46e-cd0e-4c4e-b50a-94881707040a,1080,unboxing on tech!,3422,150774,0.0.0,1752676683,985664,3581,db2f309c-b77e-42cc-976d-0ba31ee4be1f
720,901df46e-cd0e-4c4e-b50a-94881707040a,720,reaction on tech!,9398,54372,106,1752244683,387669,3035,31d5f911-c54d-4925-ad80-9a2c16716cdf
1080,901df46e-cd0e-4c4e-b50a-94881707040a,1080,,2978,485685,110,1751726283,289420,,b3457a9b-91e8-44ca-883a-0ca376803188
1080,901df46e-cd0e-4c4e-b50a-94881707040a,720,challenge on fashion!,?,251173,142,1748615883,?,2321,eca59128-e632-4587-b297-bddacf741729
720,901df46e-cd0e-4c4e-b50a-94881707040a,1080,unboxing on tech!,8766,290231,98,1753022283,131912,3414,c1486df2-11e9-4c27-a390-4d4dd7cbaa49
720,901df46e-cd0e-4c4e-b50a-94881707040a,1080,reaction on tech!,8259,87095,19,1752763083,203753,1804,0318e401-54f8-44d3-b474-a17871c300d5
1080,901df46e-cd0e-4c4e-b50a-94881707040a,1080,challenge on fitness!,5866,NaN,78,1752331083,271832,13,84f0ebce-7296-4fbe-afb5-c404caee704f
1080,901df46e-cd0e-4c4e-b50a-94881707040a,720,reaction on fitness!,4611,120960,98,1752763083,988954,1136,0c68097b-d326-4d22-a851-a0dead169efd
720,901df46e-cd0e-4c4e-b50a-94881707040a,720,reaction on fashion!,2489,276550,26,1752244683,761150,2130,a381c85d-c0d9-482e-b45d-cad079ed6a7f
720,901df46e-cd0e-4c4e-b50a-94881707040a,720,unboxing on fitness!,7003,381132,130,1748529483,693051,723,1489adae-9b6f-4b21-bcfd-b1221cf49b5e
1080,901df46e-cd0e-4c4e-b50a-94881707040a,1080,unboxing on tech!,7664,479530,113,1753022283,755612,1755,db909891-7bcc-4def-b84b-4a557586e0e8
1080,901df46e-cd0e-4c4e-b50a-94881707040a,1080,vlog on beauty!,7965,498357,31,1748529483,361909,4686,c6aa1c9d-d8fa-4e63-995a-1302929c9227
1080,901df46e-cd0e-4c4e-b50a-94881707040a,720,review on beauty!,0.0.0,,111,1752417483,519998,1638,b4321a13-b22a-4f09-a929-cb45044708c6
1080,901df46e-cd0e-4c4e-b50a-94881707040a,1080,unboxing on fashion!,758,76172,155,1751639883,792921,NaN,f8b2c031-a626-41d9-8e14-b4651455d951
720,901df46e-cd0e-4c4e-b50a-94881707040a,1080,review on tech!,2907,,64,1748875083,345746,4961,59947018-a2a2-4a46-879a-90b11c899eb1
1080,901df46e-cd0e-4c4e-b50a-94881707040a,720,challenge on fitness!,8224,229992,22,1751553483,79484,4715,39bc891b-320f-4ff6-bcc2-1a426e6acabf
720,901df46e-cd0e-4c4e-b50a-94881707040a,720,unboxing on tech!,0.0.0,241837,152,1749566283,324735,2882,220e001c-41c6-4111-87c8-3d58e7a54ab9
1080,901df46e-cd0e-4c4e-b50a-94881707040a,1080,reaction on fashion!,9588,496106,58,1749825483,660008,3874,99b64883-64a6-4441-924a-23af114eb97b
1080,901df46e-cd0e-4c4e-b50a-94881707040a,1080,review on fashion!,273,14221,141,1752763083,682017,3801,bc9abc43-7eea-422c-a7af-77964ec973dc
720,901df46e-cd0e-4c4e-b50a-94881707040a,1080,reaction on food!,5885,40067,34,1750689483,647228,1436,9307ac5b-c73b-4818-b99e-0d5d5a23ca41
1080,901df46e-cd0e-4c4e-b50a-94881707040a,1080,unboxing on food!,7254,?,20,1749134283,893374,4460,494f34c1-8a91-47d5-850c-2e78fc29e64e
720,901df46e-cd0e-4c4e-b50a-94881707040a,1080,unboxing on beauty!,1221,55541,100,1751035083,231157,4562,cfe47227-2dff-4e79-8c1f-54785dc10f8c
720,98495c27-3234-4507-9025-91343ed6c7da,720,unboxing on food!,4194,0.0.0,102,1750257483,479969,3624,e9e91f35-51c1-4084-a6a0-90debf95250c
1080,98495c27-3234-4507-9025-91343ed6c7da,720,review on tech!,?,,146,1749134283,,2780,126bfb15-1867-492b-882c-b36900cb9440
1080,98495c27-3234-4507-9025-91343ed6c7da,1080,challenge on fashion!,1072,95805,NaN,1751380683,439639,3330,1d960aad-8a4c-489f-9b19-8cbe32d78e74
1080,98495c27-3234-4507-9025-91343ed6c7da,,reaction on fashion!,254,76640,118,1751380683,577207,2150,08aa9f00-e225-40c3-8bd3-a2f36d36db95
720,98495c27-3234-4507-9025-91343ed6c7da,720,reaction on tech!,5503,161637,16,1750775883,127660,306,b01dae03-1090-4da8-8a40-2a7dcc1cc967
720,98495c27-3234-4507-9025-91343ed6c7da,720,review on food!,8192,296839,27,1752849483,NaN,4978,6528a917-3f91-4112-9b3d-623fa2baeabe
720,98495c27-3234-4507-9025-91343ed6c7da,1080,challenge on beauty!,5236,107471,97,1748788683,168938,1655,b1e235eb-135f-49c7-aacc-09e9e9eba296
720,98495c27-3234-4507-9025-91343ed6c7da,720,challenge on tech!,0.0.0,501,155,1748529483,9928,414,5fe231fd-ff9d-4afc-91d5-9b6e7583a9b9
1080,98495c27-3234-4507-9025-91343ed6c7da,720,challenge on beauty!,9886,165506,105,1749652683,254206,4001,635f0fd5-3197-46e5-8801-66c874331eba
720,98495c27-3234-4507-9025-91343ed6c7da,1080,vlog on fashion!,3422,199459,32,1750689483,253258,38,a2b09c57-6c09-4920-8321-26e3794fb983
720,98495c27-3234-4507-9025-91343ed6c7da,1080,review on food!,1063,461878,71,1748011083,170719,3893,a43df793-df42-4c5c-b39d-1fd3ac2d66a9
720,98495c27-3234-4507-9025-91343ed6c7da,1080,review on fitness!,3623,227794,93,1751121483,67183,1001,81c39ca8-0164-4ca1-ab99-44472f5780cd
,98495c27-3234-4507-9025-91343ed6c7da,720,review on food!,0.0.0,202778,NaN,1752244683,91104,,e0d51e14-5a07-4871-bf9a-2e31a25da384
720,98495c27-3234-4507-9025-91343ed6c7da,720,unboxing on fitness!,1494,,82,1750343883,559731,4248,d2b20b6a-0e2d-45ef-bc83-afec4005d221
720,98495c27-3234-4507-9025-91343ed6c7da,720,vlog on travel!,6018,23006,43,1750430283,358279,1382,9022b7c6-4207-49c0-a1e5-34cb19e6cb1f
720,98495c27-3234-4507-9025-91343ed6c7da,720,unboxing on tech!,?,170311,107,1748097483,504387,1117,12441625-ac9f-46bb-8d9a-48bd82a8df01
720,98495c27-3234-4507-9025-91343ed6c7da,720,vlog on fashion!,2121,353201,48,1748270283,465168,2554,0562e9d2-61ae-4c4d-9492-a2667f0582b4
720,98495c27-3234-4507-9025-91343ed6c7da,720,review on fashion!,8380,279414,86,1752590283,21169,757,39269899-5e4e-4e01-86d1-17bba86fb8a9
1080,98495c27-3234-4507-9025-91343ed6c7da,1080,vlog on fashion!,8178,354298,,1752417483,419575,4887,4b8105d5-3776-4a56-b1c8-ccccbe846872
720,98495c27-3234-4507-9025-91343ed6c7da,0.0.0,review on fitness!,5059,,115,1752935883,497849,3717,a3a009c5-cbb5-4185-a8bc-aa5eac90a902
720,98495c27-3234-4507-9025-91343ed6c7da,1080,unboxing on tech!,4538,169198,91,1749911883,917184,286,98598a38-1b53-45bc-8a5d-15a35e449c8a
720,98495c27-3234-4507-9025-91343ed6c7da,720,challenge on beauty!,6666,126471,170,1748788683,444517,1721,08a22f1e-9183-40d3-9d4b-38a3686a1dee
720,98495c27-3234-4507-9025-91343ed6c7da,720,challenge on travel!,1828,268130,126,1749047883,683640,1054,3b1c68e6-db8f-4485-a35a-a073d23e8193
720,98495c27-3234-4507-9025-91343ed6c7da,1080,challenge on fitness!,2424,,45,1749479883,996931,4050,3e974584-de4b-4554-a3a8-0741f1d9b474
720,26a47a1d-6320-4294-b936-b8431c8951af,720,reaction on beauty!,2307,21593,144,1750516683,547532,3344,d934f3a1-3188-4301-b464-74f22b26dfe3
1080,26a47a1d-6320-4294-b936-b8431c8951af,720,reaction on fashion!,2818,,175,1749307083,916544,1109,55f35db4-0e2c-4800-95fb-827d8209cceb
1080,26a47a1d-6320-4294-b936-b8431c8951af,720,reaction on beauty!,4638,271471,82,1751035083,374485,2759,1782a9b4-1b21-4e60-bade-8c19553cc035
720,26a47a1d-6320-4294-b936-b8431c8951af,1080,review on fitness!,5551,199122,99,1752071883,258276,475,3e792395-8b4c-4437-9949-bd48be61596c
720,26a47a1d-6320-4294-b936-b8431c8951af,1080,review on fitness!,4098,?,119,1751899083,83837,111,df800af8-a853-476e-97ab-c7c89199cdb6
1080,26a47a1d-6320-4294-b936-b8431c8951af,720,vlog on fashion!,1215,106979,77,1749911883,795081,4532,455ca6d1-5799-4a0e-ad3a-17b02d938209
1080,26a47a1d-6320-4294-b936-b8431c8951af,720,challenge on beauty!,8331,125590,155,1749566283,850756,4980,a6387b45-f5ac-4d04-a529-b92a0c2279d6
1080,26a47a1d-6320-4294-b936-b8431c8951af,720,review on fashion!,4379,294681,53,1751726283,248944,2244,a770b51f-28c1-43bb-b165-db86934ce3e5
?,26a47a1d-6320-4294-b936-b8431c8951af,720,vlog on travel!,7130,477531,12,1752244683,339782,3836,d51e08d5-0f44-4ace-9e76-a5d7f2f53c39
1080,26a47a1d-6320-4294-b936-b8431c8951af,720,challenge on food!,5904,232336,116,1751639883,,4344,e13c3eac-6138-4f99-a2fa-b2b8de7288b6
720,26a47a1d-6320-4294-b936-b8431c8951af,1080,review on fitness!,6359,0.0.0,149,1751207883,461923,2263,a3712e25-217a-4a33-8338-e11ec75f75c4
720,26a47a1d-6320-4294-b936-b8431c8951af,1080,review on beauty!,7331,334290,12,1752417483,305132,2476,83a81ae3-784f-4c70-a526-05d113d8d89a
,26a47a1d-6320-4294-b936-b8431c8951af,1080,vlog on travel!,437,482298,62,1750862283,508834,3607,d8b2948e-4aa7-4e85-8da6-574ca3f2a513
NaN,26a47a1d-6320-4294-b936-b8431c8951af,1080,vlog on food!,2179,474041,147,1748011083,831327,3572,e178a672-d10f-4c25-8b3e-a4cee09122dd
720,26a47a1d-6320-4294-b936-b8431c8951af,1080,reaction on fashion!,697,382197,171,1752590283,82429,2346,fcaf3ee9-c9c5-42e3-b233-755e204ce3dd
720,26a47a1d-6320-4294-b936-b8431c8951af,1080,reaction on beauty!,2902,354988,163,1749911883,226507,4861,889f30d9-087e-4e18-b0c0-466b31d1f445
720,26a47a1d-6320-4294-b936-b8431c8951af,1080,review on beauty!,9250,446260,141,1752849483,NaN,4528,c1c102ba-dd04-4023-bc65-35b56e5c64f2
720,4d5457fd-9c98-4f4d-a635-34e3c7282a8c,1080,unboxing on tech!,3213,238473,77,1748961483,40499,1089,27dfbf06-8807-4853-878b-4f46b7e07a1a
1080,4d5457fd-9c98-4f4d-a635-34e3c7282a8c,1080,vlog on food!,5717,393178,46,1749479883,141799,2104,dc407603-f882-409e-a9f7-b91124c680d5
1080,4d5457fd-9c98-4f4d-a635-34e3c7282a8c,720,review on tech!,2134,403784,99,1749566283,0.0.0,3159,dccf0091-395b-4392-b82e-667de8a7b581
1080,4d5457fd-9c98-4f4d-a635-34e3c7282a8c,720,vlog on beauty!,1755,143948,84,1751553483,32312,419,105c957a-d0fe-486e-a048-ebc8b6db38a0
1080,4d5457fd-9c98-4f4d-a635-34e3c7282a8c,720,vlog on travel!,995,279774,109,1752676683,808521,3259,28b21ffb-67b9-4412-86fa-aa99ed4a9d41
720,4d5457fd-9c98-4f4d-a635-34e3c7282a8c,1080,reaction on beauty!,9263,131597,100,1750603083,181753,2475,705a5d33-7235-4d30-9471-c674c7e76869
1080,4d5457fd-9c98-4f4d-a635-34e3c7282a8c,720,vlog on beauty!,?,337156,139,1753022283,365737,4683,e4ab907b-5b04-442e-bf95-e5ea44b3cd72
720,4d5457fd-9c98-4f4d-a635-34e3c7282a8c,720,challenge on food!,9226,207646,124,1748443083,664408,NaN,ad9879c7-fa5d-400d-b77b-6ca2be03d646
1080,4d5457fd-9c98-4f4d-a635-34e3c7282a8c,1080,review on fashion!,3021,318856,113,1751121483,110969,4334,b550a15c-6c17-4d78-886f-93e2f5c94720
1080,4d5457fd-9c98-4f4d-a635-34e3c7282a8c,1080,vlog on travel!,3285,325886,23,1752503883,890180,2713,c2a49975-5664-4433-886a-c77bbedb0087
1080,4d5457fd-9c98-4f4d-a635-34e3c7282a8c,1080,reaction on beauty!,2444,307668,14,1748615883,736585,2811,389da9b6-1546-43b0-9ddc-d9a72460632c
720,4d5457fd-9c98-4f4d-a635-34e3c7282a8c,720,vlog on fashion!,8677,NaN,18,1749998283,849994,1176,8ca7f790-24c8-486b-a1ff-b43cb9d46914
720,4d5457fd-9c98-4f4d-a635-34e3c7282a8c,1080,reaction on fitness!,4291,334579,129,1748356683,933773,0.0.0,7255ea70-add2-454e-9e38-042da03da5ec
1080,4d5457fd-9c98-4f4d-a635-34e3c7282a8c,720,review on fitness!,8148,213118,65,1751553483,477575,524,2a856f0c-80c9-4b17-a64a-b42608a508fb
720,4d5457fd-9c98-4f4d-a635-34e3c7282a8c,720,review on tech!,?,437934,158,1750948683,801292,2784,67e9e871-90b8-4293-92ea-5dc9ec08937a
720,4d5457fd-9c98-4f4d-a635-34e3c7282a8c,0.0.0,challenge on fitness!,NaN,313892,18,1752244683,229388,3916,c8e04ce0-3760-4ab8-afbb-d27828785f01
1080,4d5457fd-9c98-4f4d-a635-34e3c7282a8c,1080,vlog on travel!,9622,23343,16,1750257483,366081,823,ddbb6ac2-08dd-444a-8290-0305384d6686
720,4d5457fd-9c98-4f4d-a635-34e3c7282a8c,720,challenge on food!,NaN,306978,24,1748702283,566653,2568,306f3a91-4163-4457-b18f-e4200f8e3c90
1080,4d5457fd-9c98-4f4d-a635-34e3c7282a8c,720,challenge on food!,6037,497553,168,1751035083,86838,714,11348a12-03f4-4d63-932a-fd553380a09c
1080,4d5457fd-9c98-4f4d-a635-34e3c7282a8c,1080,review on food!,8348,0.0.0,45,1748702283,256999,1642,0002651d-ee43-40e4-992a-72b7f1f41f31
1080,4d5457fd-9c98-4f4d-a635-34e3c7282a8c,720,unboxing on fashion!,7542,NaN,117,1748961483,749168,4405,06e5539e-0209-4445-8570-7e4d716aeff8
720,4d5457fd-9c98-4f4d-a635-34e3c7282a8c,720,review on fitness!,7587,150584,170,1750343883,185610,,b209da6b-9d57-4050-bf54-6eb548200fae
720,4d5457fd-9c98-4f4d-a635-34e3c7282a8c,,unboxing on food!,5672,364835,41,1749739083,577158,NaN,f45cec80-c99a-4bab-9235-b7dec39adef5
720,08a4d736-18af-40a6-ae1e-a72c849e43fa,1080,challenge on beauty!,?,414972,167,1750862283,843894,2404,d766251e-e05c-459a-908a-aab28bcf1e8f
1080,08a4d736-18af-40a6-ae1e-a72c849e43fa,720,unboxing on tech!,1619,41353,146,1750603083,275343,4119,72c95fa0-b104-469c-9c83-49945a16e6bc
1080,08a4d736-18af-40a6-ae1e-a72c849e43fa,1080,review on tech!,4315,422805,49,1752590283,840561,159,79eb8979-adff-4ad5-a0d8-6c3368b6c395
1080,08a4d736-18af-40a6-ae1e-a72c849e43fa,1080,reaction on fitness!,6810,429644,101,1751294283,258418,4392,2eed2db7-dd4c-4906-8096-2aae63eb79b8
720,08a4d736-18af-40a6-ae1e-a72c849e43fa,720,reaction on beauty!,3217,486564,99,1751035083,196601,4471,7ba61607-391a-4af1-a9b6-b1c548911650
1080,08a4d736-18af-40a6-ae1e-a72c849e43fa,1080,reaction on travel!,2418,197973,172,1748356683,305875,4437,35048c14-7306-42ba-a9da-fb0eb58c5858
720,08a4d736-18af-40a6-ae1e-a72c849e43fa,720,review on food!,243,133748,129,1747838283,624378,513,b927e61f-a177-464d-a04e-9ff88ed5576a
1080,08a4d736-18af-40a6-ae1e-a72c849e43fa,1080,vlog on beauty!,8181,404088,42,1752244683,914444,3781,9d27775d-94a7-40e2-91a7-60088030558b
720,08a4d736-18af-40a6-ae1e-a72c849e43fa,720,unboxing on fitness!,7119,106016,119,1751380683,659099,432,34cf5e9b-9de4-44c5-9c66-566ea3e70299
1080,08a4d736-18af-40a6-ae1e-a72c849e43fa,1080,vlog on fashion!,6855,155949,171,1751380683,935824,3505,df8c5ead-537e-474a-9a71-727b8ab38b71
1080,08a4d736-18af-40a6-ae1e-a72c849e43fa,720,review on fitness!,8261,461394,60,1748011083,894176,NaN,11b9f169-05de-4783-b07d-593ab0defef1
720,08a4d736-18af-40a6-ae1e-a72c849e43fa,1080,vlog on beauty!,7589,426784,155,1751380683,561962,4398,87da00bb-de09-4af3-8004-4b9b5c0d8f6d
1080,08a4d736-18af-40a6-ae1e-a72c849e43fa,1080,challenge on travel!,6854,162015,14,1749652683,41961,26,14c4ecbe-c35f-4c7f-b191-1d2854df3dcd
1080,08a4d736-18af-40a6-ae1e-a72c849e43fa,1080,unboxing on tech!,8948,329177,118,1751985483,224903,3595,f87f4e04-3286-4650-a1b1-7a43db6853bc
720,08a4d736-18af-40a6-ae1e-a72c849e43fa,720,challenge on beauty!,4856,251738,166,1749047883,727435,907,b1b424b7-4f60-4d77-b01d-2e85be278f0c
1080,08a4d736-18af-40a6-ae1e-a72c849e43fa,720,review on travel!,3335,279145,74,1750343883,305871,2379,36dd54e9-7ca8-4232-a346-6672b9b5c573
720,08a4d736-18af-40a6-ae1e-a72c849e43fa,720,unboxing on fashion!,0.0.0,400534,10,1750430283,424119,2324,253731da-4cf0-4a5c-9150-4c6fba9fa612
1080,08a4d736-18af-40a6-ae1e-a72c849e43fa,720,review on beauty!,1845,212830,125,1748443083,749225,4939,9ec7510d-4fc2-4afe-b0a0-43d20a5ad03a
720,61740ad0-1fd7-49cb-b577-a7b00d8d4a53,NaN,review on beauty!,7879,462192,118,1749825483,601795,4988,74824419-84cd-4c55-b3e5-710f959030a3
0.0.0,61740ad0-1fd7-49cb-b577-a7b00d8d4a53,720,challenge on food!,6225,390675,178,1747838283,102103,4948,db9a78e6-9003-4882-8dff-15d16b63d4d4
1080,61740ad0-1fd7-49cb-b577-a7b00d8d4a53,720,vlog on travel!,2558,265599,153,1751553483,781855,?,85484c26-c4b3-44a1-bf72-95a594bb100d
1080,61740ad0-1fd7-49cb-b577-a7b00d8d4a53,720,review on tech!,NaN,87341,,1752935883,97252,NaN,91d4857c-57b2-4772-a393-435fb362fc2f
1080,61740ad0-1fd7-49cb-b577-a7b00d8d4a53,720,challenge on food!,6577,273087,165,1752071883,903025,4889,5235ed30-fb0e-4531-b4c0-746a45fb45aa
720,61740ad0-1fd7-49cb-b577-a7b00d8d4a53,720,vlog on travel!,7823,153767,13,1750430283,940671,514,6b9cbc52-9f1b-404e-8409-cd1da01d3eec
720,61740ad0-1fd7-49cb-b577-a7b00d8d4a53,720,review on beauty!,,,32,1749825483,302853,3758,15a48a28-e766-4275-91d8-06274b714604
1080,61740ad0-1fd7-49cb-b577-a7b00d8d4a53,720,reaction on tech!,2071,138974,107,1748097483,,213,4f3987e8-462f-4cf0-bd66-8938d91f04bd
1080,61740ad0-1fd7-49cb-b577-a7b00d8d4a53,720,vlog on fashion!,4047,NaN,90,1752676683,783611,2267,da1058a8-f486-46e9-9b83-e5db2603f557
1080,61740ad0-1fd7-49cb-b577-a7b00d8d4a53,1080,reaction on travel!,6392,446387,168,1748443083,970935,3420,ad87b396-e3d8-4fd9-8a2f-0a95e9a0fea2
720,61740ad0-1fd7-49cb-b577-a7b00d8d4a53,720,review on food!,0.0.0,100069,16,1750948683,153915,2524,3c997221-81c9-4612-81b4-97645c3906dd
1080,61740ad0-1fd7-49cb-b577-a7b00d8d4a53,1080,reaction on food!,8290,?,103,1747838283,714381,381,35e5b32b-ccdc-48c4-8a46-341d0c47b62b
,61740ad0-1fd7-49cb-b577-a7b00d8d4a53,720,reaction on travel!,5732,326696,18,1752417483,233874,1847,f9a99379-3880-46f9-ada2-5f8e5d7a5fc1
1080,61740ad0-1fd7-49cb-b577-a7b00d8d4a53,1080,unboxing on beauty!,6838,327038,131,1748615883,18044,1681,11e296ca-e6fb-4b48-9cad-fe7fa805f779
720,61740ad0-1fd7-49cb-b577-a7b00d8d4a53,720,vlog on fitness!,0.0.0,182981,139,1750084683,?,3125,25e4c173-108e-4c3d-8a09-c1abbc893143
720,7a2bf877-8f72-42f3-86f9-a4976e5936c7,1080,reaction on food!,3460,51015,162,1751639883,917960,4066,310d5fb1-f9d7-48d6-a199-ad59f959698c
1080,7a2bf877-8f72-42f3-86f9-a4976e5936c7,720,unboxing on travel!,5512,320573,59,1748702283,512719,3649,ce75d4c6-e065-4f1d-84ab-d8e7d06304b3
1080,7a2bf877-8f72-42f3-86f9-a4976e5936c7,720,review on beauty!,5986,176116,79,1748615883,861868,4799,e59dd894-5dfc-4db0-9c2a-265d9b0ffc53
720,7a2bf877-8f72-42f3-86f9-a4976e5936c7,720,unboxing on fitness!,,344533,133,1752417483,473512,3583,5517e54e-c956-4875-98b7-244cba21bed0
720,7a2bf877-8f72-42f3-86f9-a4976e5936c7,0.0.0,reaction on fitness!,7304,111809,99,1749307083,435828,3213,bba8b109-a2df-4506-8139-2183aaa5c7fc
1080,7a2bf877-8f72-42f3-86f9-a4976e5936c7,1080,unboxing on food!,9653,449402,31,1750862283,766024,4531,5c3567c7-a39e-4b09-94d8-90986e70a40d
720,7a2bf877-8f72-42f3-86f9-a4976e5936c7,720,vlog on beauty!,5779,466609,89,1749652683,300710,1798,19e3df41-65c5-421d-a889-a8388d6390dd
720,7a2bf877-8f72-42f3-86f9-a4976e5936c7,1080,reaction on beauty!,6218,,145,1748615883,703968,4970,aeb81b91-f1e7-4140-be85-59cb2a0fdcec
1080,7a2bf877-8f72-42f3-86f9-a4976e5936c7,720,reaction on beauty!,1518,86548,78,1750775883,582992,1059,e93d3de2-799d-48fb-9595-ac9b4950fcf4
720,7a2bf877-8f72-42f3-86f9-a4976e5936c7,1080,reaction on beauty!,2392,221043,123,1748356683,781466,1837,c6809943-81a6-48e2-8450-3f73bc622e3f
720,7a2bf877-8f72-42f3-86f9-a4976e5936c7,720,challenge on beauty!,829,0.0.0,127,1748443083,888462,1769,ec611062-c63d-4105-9890-0cebcdc48240
1080,7a2bf877-8f72-42f3-86f9-a4976e5936c7,720,vlog on tech!,2208,460697,86,1749220683,190591,1379,a9ad9531-bba8-4749-8002-4e66718bf91f
720,7a2bf877-8f72-42f3-86f9-a4976e5936c7,720,reaction on beauty!,8063,,147,1751553483,841273,2729,ec9f2f0f-ed6b-4e48-9ac7-a4353b3cab1b
720,7a2bf877-8f72-42f3-86f9-a4976e5936c7,1080,unboxing on tech!,9030,414051,164,1751726283,314605,1300,7038f18a-e280-4ba6-8751-e79f00e18cfe
720,7a2bf877-8f72-42f3-86f9-a4976e5936c7,720,challenge on travel!,1632,430212,121,1748702283,620633,0.0.0,91af70ff-9ddb-45a7-bb66-e5e68c34c054
1080,7a2bf877-8f72-42f3-86f9-a4976e5936c7,1080,challenge on fitness!,1422,77311,107,1751380683,66492,4615,6b29bc68-5b29-446b-af44-3cb36cc3dfd5
1080,7a2bf877-8f72-42f3-86f9-a4976e5936c7,1080,unboxing on tech!,1251,214596,149,1751726283,800783,319,90469ef2-b207-44f7-8ace-a259dee23767
720,7a2bf877-8f72-42f3-86f9-a4976e5936c7,1080,challenge on food!,NaN,358916,98,1750343883,0.0.0,4577,70623c54-e730-451e-abc0-d9cb872175cf
1080,7a2bf877-8f72-42f3-86f9-a4976e5936c7,720,reaction on travel!,6711,274204,157,1751812683,966099,,4b723276-f4e3-4286-994a-668e22dd9f52
720,7a2bf877-8f72-42f3-86f9-a4976e5936c7,720,unboxing on beauty!,3543,383807,159,1751207883,512068,822,15361da0-10a8-4e96-b9d5-a2a28ff50a12
720,7a2bf877-8f72-42f3-86f9-a4976e5936c7,1080,review on beauty!,2996,205388,99,1749566283,?,1878,a12c0d7c-318b-4f05-bab0-71c3180fab9b
1080,7a2bf877-8f72-42f3-86f9-a4976e5936c7,1080,unboxing on food!,,321678,16,1750862283,644566,4027,d840f21d-6748-43f9-88d9-485e592b7a6d
1080,7a2bf877-8f72-42f3-86f9-a4976e5936c7,1080,reaction on food!,8945,256152,103,1751467083,279011,0.0.0,19fc1a34-6d4e-4ce8-a25b-21479387c79e
1080,7a2bf877-8f72-42f3-86f9-a4976e5936c7,720,challenge on fashion!,2016,343876,140,1750430283,592705,0.0.0,d5ff4202-9bd3-4d63-928a-2fc0da4f4785
1080,7a2bf877-8f72-42f3-86f9-a4976e5936c7,720,unboxing on beauty!,5472,11676,48,1748443083,811526,1255,e9a30fae-966c-4471-a471-115ec46417e8
720,7a2bf877-8f72-42f3-86f9-a4976e5936c7,720,challenge on beauty!,4727,159212,121,1748011083,32210,3596,a5d1f6a0-0538-4289-a37d-719e75f91f49
,7a2bf877-8f72-42f3-86f9-a4976e5936c7,720,unboxing on travel!,4517,52810,48,1749652683,932244,2028,d2425ad5-059c-4008-9dc0-663c0634ce0e
720,7a2bf877-8f72-42f3-86f9-a4976e5936c7,720,unboxing on tech!,1371,406638,104,1751207883,317082,4772,b4e942dd-c8b8-4a1d-8283-cd2928978756
720,7a2bf877-8f72-42f3-86f9-a4976e5936c7,1080,reaction on beauty!,4453,386181,168,1752158283,298961,1125,3a7394b9-bd07-47b9-923b-536fa644ed53
1080,7a2bf877-8f72-42f3-86f9-a4976e5936c7,1080,reaction on beauty!,2953,16703,107,1748443083,527898,861,d1da229b-83e7-4447-bc6c-911dc424944a
720,52684ac6-dc2b-4e7d-8733-02c1a40967ca,1080,vlog on beauty!,55,313751,105,1751035083,178165,4875,2812f8d7-d242-4bd2-9fc1-29e96f3d9b7f
720,52684ac6-dc2b-4e7d-8733-02c1a40967ca,?,challenge on travel!,6388,56018,59,1749307083,769171,2202,495bde63-415c-44d4-ab3c-e1c87123f7f9
1080,52684ac6-dc2b-4e7d-8733-02c1a40967ca,1080,challenge on tech!,6943,353475,31,1752244683,337042,4643,61d905c4-30d3-4a97-b9cb-4a25776acf47
,52684ac6-dc2b-4e7d-8733-02c1a40967ca,720,review on travel!,8080,NaN,153,1749825483,381928,832,064c6d34-2677-4be6-a92a-ee7bb2847da0
720,52684ac6-dc2b-4e7d-8733-02c1a40967ca,720,review on beauty!,,349944,137,1749307083,618983,4202,73324846-c427-48c3-aa7a-3fe8900ed630
1080,52684ac6-dc2b-4e7d-8733-02c1a40967ca,1080,challenge on food!,1149,3068,,1752158283,238857,4821,7c40445c-7be4-49a0-aafc-25f5e20e59f1
720,52684ac6-dc2b-4e7d-8733-02c1a40967ca,1080,vlog on food!,1256,325582,80,1748097483,237803,2096,a8e5b828-e856-4b7c-a371-8843286dcc4a
720,52684ac6-dc2b-4e7d-8733-02c1a40967ca,720,challenge on food!,4657,479759,121,1751035083,0.0.0,4304,f0e95532-207f-4439-994f-81180d0bca63
720,52684ac6-dc2b-4e7d-8733-02c1a40967ca,1080,reaction on food!,4548,292353,82,1748961483,200447,1303,705300ea-f9da-4af7-9472-c565e17feece
1080,52684ac6-dc2b-4e7d-8733-02c1a40967ca,1080,unboxing on fashion!,9352,35398,48,1748961483,58356,?,df65a3fb-b220-44f7-a4a6-75c109f13b18
720,52684ac6-dc2b-4e7d-8733-02c1a40967ca,1080,reaction on beauty!,,59270,110,1750948683,939915,1224,d4195967-fe18-4768-a88a-3dbbbeb6f42f
720,52684ac6-dc2b-4e7d-8733-02c1a40967ca,1080,vlog on tech!,1257,268461,126,1751899083,994221,2635,a44600ca-a745-417b-b0d1-cca4d6e1b0e8
720,52684ac6-dc2b-4e7d-8733-02c1a40967ca,720,challenge on fitness!,9890,73071,46,1748875083,0.0.0,46,75e58174-2075-466f-9a47-51fb89bd48de
720,52684ac6-dc2b-4e7d-8733-02c1a40967ca,1080,unboxing on fashion!,,NaN,107,1747838283,796915,1312,206caeab-964c-4344-b38a-178a9753c753
1080,52684ac6-dc2b-4e7d-8733-02c1a40967ca,720,reaction on beauty!,9219,426529,67,1750862283,396740,41,bd23f3ac-8b60-4794-9e04-508f786d92f1
720,52684ac6-dc2b-4e7d-8733-02c1a40967ca,720,unboxing on fashion!,8968,424487,102,1752158283,859276,445,8a0cf531-06e0-43e1-9207-33452f23ba3c
1080,52684ac6-dc2b-4e7d-8733-02c1a40967ca,720,review on travel!,,17266,62,1751726283,169831,237,01877e52-650e-4d12-83c7-54bd08fa252f
720,52684ac6-dc2b-4e7d-8733-02c1a40967ca,720,challenge on beauty!,5077,102095,91,1751035083,234567,297,b9236913-d9d7-4289-af6a-33961756d2f5
720,52684ac6-dc2b-4e7d-8733-02c1a40967ca,720,reaction on tech!,335,138431,180,1751639883,194453,3342,53584ab9-45ee-45a2-a256-7a96a886166e
1080,52684ac6-dc2b-4e7d-8733-02c1a40967ca,720,reaction on fitness!,7469,247408,175,1752935883,64993,?,7d585d61-542e-4b7e-9c0d-3fb08a0ad0cc
720,31b78295-0303-4c0e-b982-d55111d6d08f,1080,review on fashion!,0.0.0,14093,54,1750516683,796072,3650,5045d15a-9189-4f5d-b510-3c8ecc95946f
720,31b78295-0303-4c0e-b982-d55111d6d08f,720,review on travel!,8731,235315,86,1752071883,837210,1054,93efc914-94b6-43fa-8438-8869c2f859e0
1080,31b78295-0303-4c0e-b982-d55111d6d08f,1080,challenge on fitness!,,,105,1751467083,842183,,f7de1fb7-7a3e-40b2-be23-1be183e5e832
720,31b78295-0303-4c0e-b982-d55111d6d08f,720,unboxing on food!,5081,422977,98,1748875083,?,3612,474b8b21-15da-44de-b9c2-41a695541c88
1080,31b78295-0303-4c0e-b982-d55111d6d08f,720,review on fitness!,6166,229519,158,1751726283,402939,,dad90f61-b95e-4948-89fc-40d07d50a7bf
1080,31b78295-0303-4c0e-b982-d55111d6d08f,1080,vlog on fashion!,3854,471549,135,1749393483,655502,4989,1a19a34e-2b8b-43ab-98a9-2d6e337f2707
720,31b78295-0303-4c0e-b982-d55111d6d08f,720,vlog on travel!,165,475622,143,1752849483,709227,3900,9c292301-11ee-44ba-913f-fcc34feecfa4
720,31b78295-0303-4c0e-b982-d55111d6d08f,720,review on fitness!,4630,,35,1749998283,747699,3657,0217bb50-580e-402a-a73e-38e151c30420
1080,31b78295-0303-4c0e-b982-d55111d6d08f,720,challenge on travel!,2367,248740,26,1748270283,346804,1465,e2afc078-e9a8-4630-9791-b8206df98475
1080,31b78295-0303-4c0e-b982-d55111d6d08f,720,vlog on tech!,8361,35368,155,1752590283,19023,3807,70a1207a-60f4-4c8a-b208-fd48d595a120
720,31b78295-0303-4c0e-b982-d55111d6d08f,720,challenge on fashion!,5848,421452,61,1751899083,148174,3816,3a5156e4-abbe-4e85-b138-02a811e44724
1080,31b78295-0303-4c0e-b982-d55111d6d08f,720,unboxing on travel!,6226,266676,44,1749998283,934447,3762,81c2c87b-2daf-4d36-a334-b7ce28de32b1
720,31b78295-0303-4c0e-b982-d55111d6d08f,1080,reaction on travel!,5275,130721,52,1751812683,,2625,cf3c83d4-2ce7-419d-8cd5-effb073a74fe
1080,31b78295-0303-4c0e-b982-d55111d6d08f,720,review on travel!,1682,428382,130,1752590283,584424,760,6f82ef37-46aa-4dda-995c-165f346801a4
NaN,31b78295-0303-4c0e-b982-d55111d6d08f,1080,unboxing on beauty!,5631,234349,72,1748183883,,998,df6298b6-7dfc-4c11-840e-d969b60238ca
720,31b78295-0303-4c0e-b982-d55111d6d08f,?,vlog on travel!,5900,190007,167,1751812683,803259,1659,29b3e617-990d-4b29-8b97-a81804891890
1080,31b78295-0303-4c0e-b982-d55111d6d08f,720,reaction on beauty!,1683,,168,1752503883,890911,3090,4670d95b-d3be-4089-9928-4dfcd8a88eaa
1080,31b78295-0303-4c0e-b982-d55111d6d08f,1080,vlog on fitness!,218,243454,147,1752158283,534238,4559,5a1bdeee-4172-4415-be1e-10ad48e7fa64
1080,31b78295-0303-4c0e-b982-d55111d6d08f,1080,unboxing on tech!,1052,324736,51,1749307083,688965,1536,de18080e-881b-4569-8948-49c9a1d7bd38
720,17e08138-ceaa-4354-9c57-68fc2b990455,720,challenge on travel!,6618,396502,172,1752590283,988663,3139,8bbb8994-4c47-476a-9608-ca005b46a100
720,17e08138-ceaa-4354-9c57-68fc2b990455,1080,vlog on tech!,,493834,83,1748443083,875741,,3c904900-9d49-4ea9-90ff-0914f8269e0e
720,17e08138-ceaa-4354-9c57-68fc2b990455,1080,review on travel!,6484,294123,138,1751985483,655806,832,37c8b8f4-1560-4ab3-9f3e-39d5b821561d
1080,17e08138-ceaa-4354-9c57-68fc2b990455,720,vlog on beauty!,9735,477760,73,1751639883,,923,a8151c26-e140-4670-a9f9-9cb766b38601
1080,17e08138-ceaa-4354-9c57-68fc2b990455,720,review on beauty!,8942,300818,125,1752763083,547088,20,5c1884c0-baa2-4cc1-8357-31dc966a2b6f
720,17e08138-ceaa-4354-9c57-68fc2b990455,1080,challenge on food!,9992,351706,115,1749998283,844589,3984,2ecfc172-e836-4e46-839f-f4a13f8bc5b9
1080,17e08138-ceaa-4354-9c57-68fc2b990455,720,vlog on beauty!,8169,163714,174,1747838283,223519,3004,16691cd2-a0bd-4aaf-a587-2666da72ae4e
1080,17e08138-ceaa-4354-9c57-68fc2b990455,720,review on fashion!,7776,261126,162,1751035083,721211,609,5307c4dd-c00a-4eef-8d2d-82beb8d6faae
720,17e08138-ceaa-4354-9c57-68fc2b990455,1080,challenge on food!,,126096,150,1750171083,972050,419,f3cfb1da-1343-4803-a5be-edc0a213bb98
720,17e08138-ceaa-4354-9c57-68fc2b990455,720,reaction on travel!,9044,359842,47,1749393483,?,0.0.0,b2fdaebd-e910-4ed4-be44-a2db2974fb60
1080,17e08138-ceaa-4354-9c57-68fc2b990455,1080,vlog on food!,3791,10657,77,1752244683,719208,4634,b0b88e30-acc5-4d62-85d8-78b007a96ab7
720,17e08138-ceaa-4354-9c57-68fc2b990455,720,challenge on fitness!,7589,466413,114,1751467083,191551,4230,33912d9c-68c9-4246-9027-529d7cae8aaf
720,17e08138-ceaa-4354-9c57-68fc2b990455,720,unboxing on food!,1917,411713,36,1752763083,486888,3887,0f070d0e-e773-4476-bb4c-01f82804022c
1080,17e08138-ceaa-4354-9c57-68fc2b990455,720,reaction on fitness!,6078,261726,87,1751553483,71523,,7fb69155-fe2a-4fa2-bfd0-2ed8adf17b26
720,17e08138-ceaa-4354-9c57-68fc2b990455,720,challenge on fitness!,9375,314939,107,1749307083,785856,641,046e9a15-c7a3-45e7-bad7-6e8f7172e729
720,17e08138-ceaa-4354-9c57-68fc2b990455,1080,reaction on fitness!,3892,212456,123,1752935883,655998,1331,6b995536-baf0-4e2d-9511-ad15c30cc911
1080,17e08138-ceaa-4354-9c57-68fc2b990455,720,reaction on travel!,9404,305534,47,1749307083,342193,3675,36b830cc-1d3f-48b9-987b-4034dc2a9682
720,17e08138-ceaa-4354-9c57-68fc2b990455,NaN,challenge on beauty!,6727,NaN,29,1748443083,513725,2221,
1080,17e08138-ceaa-4354-9c57-68fc2b990455,1080,reaction on food!,3661,407915,130,1752935883,504292,4613,843e64cf-0144-4ecf-abbd-a7af2ea5b5bf
720,17e08138-ceaa-4354-9c57-68fc2b990455,720,unboxing on food!,,NaN,71,1751294283,957758,4471,eb268902-1d4a-4d28-abf9-76578e235ce9
720,17e08138-ceaa-4354-9c57-68fc2b990455,720,vlog on travel!,1114,320050,76,1748183883,480347,2656,847a61e8-985e-46e2-80dd-53c7dcc43d77
1080,17e08138-ceaa-4354-9c57-68fc2b990455,1080,vlog on beauty!,8567,441421,48,1749566283,843584,?,6d2ceca4-fb49-4a0f-a748-60351c51fd7f
,e4bf6ce6-17d1-4a81-b23d-304070fd3b91,,challenge on food!,7349,365034,120,1752503883,729315,3421,64c83aa1-31f7-43ba-a0be-e0a4e19e61ac
1080,e4bf6ce6-17d1-4a81-b23d-304070fd3b91,1080,unboxing on travel!,7689,213260,57,1750171083,273825,2078,0f5a7e03-7ca3-4c65-8ffe-b6ae24fe3e90
1080,e4bf6ce6-17d1-4a81-b23d-304070fd3b91,1080,vlog on beauty!,4308,394247,75,1752763083,,1975,0904fd0b-394b-448b-8d22-d7c997688687
1080,e4bf6ce6-17d1-4a81-b23d-304070fd3b91,1080,challenge on tech!,2853,223257,57,1749393483,,2948,c9912765-92a9-4811-b953-5f3f36aae45d
1080,e4bf6ce6-17d1-4a81-b23d-304070fd3b91,720,unboxing on travel!,1846,135413,104,1751726283,NaN,1767,88277f74-c9b9-417d-8c96-be9678461be1
720,e4bf6ce6-17d1-4a81-b23d-304070fd3b91,720,unboxing on fashion!,2595,464113,165,1750775883,315636,2947,96c1a4c8-45cb-460f-9c34-8736956cfa52
1080,e4bf6ce6-17d1-4a81-b23d-304070fd3b91,1080,vlog on food!,196,NaN,179,1749220683,919628,831,6751a0c4-1cf1-40f4-937d-6b4164966e77
720,e4bf6ce6-17d1-4a81-b23d-304070fd3b91,720,review on travel!,4109,113935,120,1750171083,912714,4698,4991afa0-331a-4f9f-8292-e945aabee441
720,e4bf6ce6-17d1-4a81-b23d-304070fd3b91,1080,reaction on fashion!,?,464711,179,1752935883,15313,56,05e00a3e-7103-40dd-9f5f-ee89ebfd9f02
720,e4bf6ce6-17d1-4a81-b23d-304070fd3b91,1080,unboxing on travel!,8734,412357,88,1748356683,213165,4994,31739352-7cde-42b7-8424-3925277b3d58
1080,e4bf6ce6-17d1-4a81-b23d-304070fd3b91,720,unboxing on beauty!,7429,292050,60,1752244683,384704,136,3c1852a9-784f-4bb3-a5a3-f2f5454fe88c
1080,e4bf6ce6-17d1-4a81-b23d-304070fd3b91,720,review on travel!,360,454015,10,1751899083,90089,4125,dfdc3088-34d1-47ac-8d1b-9a6c251365ac
720,e4bf6ce6-17d1-4a81-b23d-304070fd3b91,1080,unboxing on food!,5070,25361,52,1749998283,484453,3776,bc21c651-ebcf-4200-be44-111a85b1a2e3
720,e4bf6ce6-17d1-4a81-b23d-304070fd3b91,1080,reaction on beauty!,,76741,14,1748097483,276412,1320,e81729dd-1c4e-4778-bd81-aef1a4c53bd2
1080,e4bf6ce6-17d1-4a81-b23d-304070fd3b91,1080,review on beauty!,4966,383392,41,1750257483,6991,NaN,1184523f-ca34-4ac9-a8e4-976c89b95c54
720,e4bf6ce6-17d1-4a81-b23d-304070fd3b91,720,vlog on food!,3017,,18,1749566283,730635,4059,0f1dc048-a0f0-4df0-b3b2-0c2e9b641ef0
,e4bf6ce6-17d1-4a81-b23d-304070fd3b91,720,vlog on travel!,9834,316480,108,1749134283,NaN,4449,2dc9e6f5-ad05-44f4-b7f3-0b9f10d9d29d
720,e4bf6ce6-17d1-4a81-b23d-304070fd3b91,720,vlog on travel!,8646,240770,130,1752935883,76598,609,051d36ff-c2fd-4b4a-880e-789914bb55b6
1080,e4bf6ce6-17d1-4a81-b23d-304070fd3b91,1080,vlog on food!,8945,?,NaN,1751294283,327059,3968,281c89f6-6a0c-41d6-8f51-dcb69285e310
720,e4bf6ce6-17d1-4a81-b23d-304070fd3b91,,reaction on travel!,8730,18901,160,1749220683,36098,4225,45ce56e3-843b-4eb8-8809-17f625767170
720,e4bf6ce6-17d1-4a81-b23d-304070fd3b91,720,review on food!,8381,30749,113,1750171083,392151,2714,04c84b10-3a36-4fee-aa6b-a659d1684c3e
720,e4bf6ce6-17d1-4a81-b23d-304070fd3b91,720,review on beauty!,9233,187790,47,1750257483,745565,3721,ecda6538-1561-4a6d-bea9-fc89d700a333
,e4bf6ce6-17d1-4a81-b23d-304070fd3b91,720,reaction on fitness!,3948,100430,59,1748529483,277010,1637,cb042aae-d469-48b0-8f28-086124c2455f
720,e4bf6ce6-17d1-4a81-b23d-304070fd3b91,1080,unboxing on beauty!,8866,475281,162,1749393483,104637,4518,9d45cc52-20df-4d44-aa87-de218f7f5b1c
,e4bf6ce6-17d1-4a81-b23d-304070fd3b91,1080,vlog on travel!,2210,NaN,NaN,1753022283,?,149,6a226260-1dec-41cc-a863-ef0ef71cb5fa
720,d778d445-c5d6-418b-9dcb-5c817ffa563b,1080,vlog on fitness!,2678,98088,22,1749998283,,3860,27c7b074-4abf-4eb9-8092-e19b49f49028
720,d778d445-c5d6-418b-9dcb-5c817ffa563b,720,challenge on beauty!,,293393,121,1749307083,421714,2549,0750d19d-c730-4ba8-87b2-c11243a0c2e4
1080,d778d445-c5d6-418b-9dcb-5c817ffa563b,720,unboxing on fashion!,7063,0.0.0,15,1752935883,624861,173,e3348514-2a72-43fb-b83c-4509e3598aa1
1080,d778d445-c5d6-418b-9dcb-5c817ffa563b,720,review on fashion!,1259,11212,162,1752935883,629514,916,6492a084-0493-4cb3-925f-9dab2b397005
720,d778d445-c5d6-418b-9dcb-5c817ffa563b,1080,challenge on beauty!,4078,199699,96,1748615883,92218,3925,07525206-2ea6-4f17-9145-dc781b46aa71
720,d778d445-c5d6-418b-9dcb-5c817ffa563b,720,review on tech!,4367,5583,21,1748097483,540916,3190,f72a3732-63fe-47bb-995e-d0a29a1a818f
1080,d778d445-c5d6-418b-9dcb-5c817ffa563b,1080,review on fitness!,9975,12791,18,1751380683,399317,4214,a2435c97-1bb5-4a70-aec8-bc9101522152
720,d778d445-c5d6-418b-9dcb-5c817ffa563b,720,reaction on fitness!,NaN,372151,120,1748615883,NaN,2979,3a9c6a82-cbfc-4f36-ae65-6a5e93148967
1080,d778d445-c5d6-418b-9dcb-5c817ffa563b,720,vlog on travel!,2330,329326,61,1752590283,551221,,9f669692-f09e-4c86-a8bc-a6b7634d8b98
720,d778d445-c5d6-418b-9dcb-5c817ffa563b,720,reaction on beauty!,7976,116183,178,1748529483,811911,2898,83967c2c-f375-4383-8c0a-ab4d28e994c7
720,d778d445-c5d6-418b-9dcb-5c817ffa563b,1080,vlog on tech!,0.0.0,255546,60,1748097483,365512,1628,bfbfaeaa-4148-49f2-9be9-dfb922eb09e3
1080,d778d445-c5d6-418b-9dcb-5c817ffa563b,1080,vlog on tech!,3492,?,52,1751985483,613410,946,56581364-9b0d-41c5-b154-4800b7a0f029
,d778d445-c5d6-418b-9dcb-5c817ffa563b,1080,vlog on fitness!,9036,159724,163,1749998283,978885,3543,05c7ff61-b38b-42ef-8956-21af97a862a2
720,d778d445-c5d6-418b-9dcb-5c817ffa563b,720,vlog on beauty!,,265188,153,1750689483,282860,1970,76147143-5c8e-4a97-9ae5-7b761bfd3d5f
1080,d778d445-c5d6-418b-9dcb-5c817ffa563b,1080,challenge on food!,2416,228390,142,1751812683,483111,4600,310b3766-0574-45fa-9649-a3b6f8053115
1080,d778d445-c5d6-418b-9dcb-5c817ffa563b,720,,9771,73605,87,1748356683,284372,4323,487d1db2-8ba4-4451-bcbc-a89e5ed3c622
1080,d778d445-c5d6-418b-9dcb-5c817ffa563b,1080,reaction on food!,8558,387713,83,1750775883,730663,4830,81234474-139b-4d86-a646-ffe65acff498
720,d778d445-c5d6-418b-9dcb-5c817ffa563b,720,reaction on fitness!,704,483181,66,1750257483,297459,4769,89cc7221-21e2-4028-8d35-10fd8ed2dfbf
1080,d778d445-c5d6-418b-9dcb-5c817ffa563b,720,challenge on food!,7129,214427,47,1748961483,185519,?,3c4a0e58-8193-452c-a24d-dc64cbde8ef8
720,d778d445-c5d6-418b-9dcb-5c817ffa563b,1080,review on beauty!,3647,,75,1752590283,675767,2365,dbab1c39-0b4d-42c3-912d-19e60a945f48
,d778d445-c5d6-418b-9dcb-5c817ffa563b,720,unboxing on beauty!,0.0.0,348938,175,1749479883,367891,212,5b5df825-7594-4c33-8ee8-1994ca8e2eb6
720,6e1eb8a4-56b4-4aca-bb3f-5604ff407bc3,1080,unboxing on travel!,2542,0.0.0,126,1751380683,915562,2066,b54d6214-b785-4723-a9c8-799aa8365570
720,6e1eb8a4-56b4-4aca-bb3f-5604ff407bc3,720,review on fitness!,9893,477847,83,1748788683,745960,1010,5cc67864-4d3d-4f5a-bc58-3f223a169ff9
1080,6e1eb8a4-56b4-4aca-bb3f-5604ff407bc3,1080,reaction on fitness!,5001,61264,149,1749393483,994150,3197,28332970-4f10-4e0e-84c5-5e0db14239cf
720,6e1eb8a4-56b4-4aca-bb3f-5604ff407bc3,720,vlog on fashion!,,113522,125,1750689483,437342,2032,514ab88c-94be-4800-96a1-5bcabc6cf25c
720,6e1eb8a4-56b4-4aca-bb3f-5604ff407bc3,720,unboxing on travel!,,211896,55,1752331083,426298,3958,a2c7e48e-09be-4bb9-b5d5-375c1b870e33
720,6e1eb8a4-56b4-4aca-bb3f-5604ff407bc3,1080,challenge on tech!,493,120078,176,1749739083,912047,1667,cc360011-f8ce-4397-854c-97f9a54187e8
720,6e1eb8a4-56b4-4aca-bb3f-5604ff407bc3,720,vlog on beauty!,2392,114391,88,1750862283,817239,2034,95558df6-8fea-48c6-803d-70ea6e0a811a
1080,6e1eb8a4-56b4-4aca-bb3f-5604ff407bc3,1080,unboxing on beauty!,NaN,357836,12,1749911883,195274,593,1e5bbf0a-2bc4-459e-a681-55fd7ea558d8
1080,6e1eb8a4-56b4-4aca-bb3f-5604ff407bc3,1080,review on beauty!,1566,279383,136,1751639883,289126,179,ae757c04-2422-4c94-8573-7228445292c3
720,6e1eb8a4-56b4-4aca-bb3f-5604ff407bc3,720,unboxing on fitness!,9648,77091,140,1749566283,516105,2103,3a8afd9b-8718-4e0c-b3b7-4001e987b573
1080,6e1eb8a4-56b4-4aca-bb3f-5604ff407bc3,1080,reaction on tech!,5509,345447,54,1750775883,762055,1703,ea0d0fd7-fa4b-4840-8eb7-a1a820c69b02
720,6e1eb8a4-56b4-4aca-bb3f-5604ff407bc3,1080,challenge on fashion!,3417,,141,1750948683,,741,74ad6b83-d989-4db2-88e7-916a582b52c7
1080,6e1eb8a4-56b4-4aca-bb3f-5604ff407bc3,720,vlog on tech!,1902,108426,80,1748615883,776253,1214,d42372c4-cdae-44ff-9f8b-ca2eb816e337
1080,6e1eb8a4-56b4-4aca-bb3f-5604ff407bc3,0.0.0,vlog on beauty!,5304,90819,161,1748788683,713255,3221,b3794351-aabd-4af5-9927-a7043b78693b
720,6e1eb8a4-56b4-4aca-bb3f-5604ff407bc3,720,unboxing on fashion!,614,5592,88,1752935883,589676,,7b643e38-8f5d-4280-b348-4061b97bc48b
0.0.0,6e1eb8a4-56b4-4aca-bb3f-5604ff407bc3,720,challenge on fashion!,3429,405981,91,1749911883,887843,3876,c910718e-72e2-4d70-9b79-c7becadbb12c
1080,6e1eb8a4-56b4-4aca-bb3f-5604ff407bc3,720,vlog on fitness!,1505,,73,1752676683,864342,518,9e5bf95a-3ac7-4f69-9088-0329a94f35c0
720,6e1eb8a4-56b4-4aca-bb3f-5604ff407bc3,720,challenge on food!,8985,60939,?,1749047883,38637,1412,f2f87f80-e6af-4e73-9845-e672019d0f9c
720,6e1eb8a4-56b4-4aca-bb3f-5604ff407bc3,1080,challenge on fitness!,2172,448936,41,1750171083,308775,860,7c286475-7096-45c1-9626-4f0da646a88f
720,ba0ab34a-8186-448b-939e-54a2d45fcea1,1080,challenge on travel!,5539,340957,138,1751553483,174616,2381,dbca6d98-94fa-4ad8-a23f-420b251c3212
1080,ba0ab34a-8186-448b-939e-54a2d45fcea1,1080,challenge on fashion!,6623,162042,92,1752331083,131150,3474,5cafa7af-141f-42e6-9d0e-dbade5866876
?,ba0ab34a-8186-448b-939e-54a2d45fcea1,720,challenge on tech!,0.0.0,?,41,1751812683,718764,338,4cab4310-6be3-49d1-bb10-35a8c1f4268f
720,ba0ab34a-8186-448b-939e-54a2d45fcea1,1080,vlog on beauty!,2763,105317,22,1753022283,742081,1000,1e9e97eb-5922-43e2-b353-e00c48cd3146
1080,ba0ab34a-8186-448b-939e-54a2d45fcea1,720,challenge on travel!,4118,?,,1749220683,462080,575,a8e4907a-3f01-47c6-9c26-52538c37f691
720,ba0ab34a-8186-448b-939e-54a2d45fcea1,1080,reaction on fitness!,0.0.0,48620,102,1753022283,,2150,2f7419eb-b97d-48f5-af04-41339fcbc5d2
720,ba0ab34a-8186-448b-939e-54a2d45fcea1,1080,reaction on travel!,NaN,10712,60,1752935883,75327,1710,e1b0edb7-2485-4fb4-ad41-18c3d3abaea2
1080,ba0ab34a-8186-448b-939e-54a2d45fcea1,720,unboxing on food!,5667,?,39,1749998283,15769,2786,2f13b944-b802-4eaf-b5fc-5d17193874da
720,ba0ab34a-8186-448b-939e-54a2d45fcea1,720,vlog on fashion!,2096,69924,151,1748356683,548915,,10a5cde1-c764-4784-a62f-834730deb5a0
1080,ba0ab34a-8186-448b-939e-54a2d45fcea1,1080,vlog on food!,3535,174015,126,1752331083,727734,2634,cc4e6f5e-c64c-44c5-a8eb-d2e6e4cc6da4
720,ba0ab34a-8186-448b-939e-54a2d45fcea1,720,reaction on fashion!,7965,16262,132,1750084683,950207,4969,4b5f0780-2f2f-4f6b-9959-ff6a3a088f4a
1080,ba0ab34a-8186-448b-939e-54a2d45fcea1,1080,challenge on beauty!,,?,180,1748529483,299443,3830,2576b101-5491-4888-891a-bdb306a096f1
720,ba0ab34a-8186-448b-939e-54a2d45fcea1,720,unboxing on food!,1047,389737,NaN,1749307083,744367,2029,473b0879-491b-4c8b-9282-efd4983176c6
720,ba0ab34a-8186-448b-939e-54a2d45fcea1,720,review on travel!,5564,251802,126,1751899083,813849,3240,e7c09298-4700-48cb-a275-e0ea745fb8d0
1080,ba0ab34a-8186-448b-939e-54a2d45fcea1,1080,review on fashion!,2843,165341,47,1750430283,539470,3923,53ce7a95-a594-4ed0-9261-78dfda760187
720,ba0ab34a-8186-448b-939e-54a2d45fcea1,720,unboxing on beauty!,NaN,394378,70,1752071883,305109,1646,29db4f3e-a5d1-4bbd-8a45-67727932bb87
,ba0ab34a-8186-448b-939e-54a2d45fcea1,720,reaction on travel!,?,175183,55,1750603083,107222,3556,48fd6e4f-e59b-4468-b883-753d1e6210ff
1080,ba0ab34a-8186-448b-939e-54a2d45fcea1,1080,challenge on fashion!,NaN,39832,178,1751294283,342131,4816,df504acd-59c5-4a7d-879e-e8a7d60d09b0
720,ba0ab34a-8186-448b-939e-54a2d45fcea1,1080,unboxing on food!,499,299483,105,1751899083,980932,1686,78d3492a-348c-49da-bc9e-b7eaba31f38a
720,20f29ae2-066e-4fec-ae31-1424833bb7a1,720,unboxing on tech!,9188,271852,158,1747924683,490955,3514,207ae3b8-a5d7-4686-93bf-c06c87a6977e
1080,20f29ae2-066e-4fec-ae31-1424833bb7a1,1080,challenge on tech!,3804,184454,,1748356683,23271,4735,c5c65468-2ba4-4813-a04d-29d9a8c01e50
?,20f29ae2-066e-4fec-ae31-1424833bb7a1,720,review on food!,1606,427857,10,1748875083,,4890,8be573fb-eda2-40fa-bdfe-cc77ce4a9d16
1080,20f29ae2-066e-4fec-ae31-1424833bb7a1,720,unboxing on travel!,5457,482370,124,1752331083,,4179,302f3d61-405b-49cf-b299-e0522a6d16fa
1080,20f29ae2-066e-4fec-ae31-1424833bb7a1,720,unboxing on food!,4900,35378,70,1751035083,908764,3869,843d2c2f-db63-413b-b83a-98efbe34f5c4
720,20f29ae2-066e-4fec-ae31-1424833bb7a1,1080,unboxing on travel!,1755,409723,23,1748097483,782104,4335,2ac684ca-f7f2-43dc-ac98-f5214da2565b
720,20f29ae2-066e-4fec-ae31-1424833bb7a1,720,unboxing on travel!,2971,239771,,1749479883,449011,1694,901b8687-9c5e-4ebb-8239-63a5472f2696
720,20f29ae2-066e-4fec-ae31-1424833bb7a1,1080,unboxing on food!,8774,70293,80,1753022283,798990,,92673314-6571-4f0a-9fcd-562eda115a2d
720,20f29ae2-066e-4fec-ae31-1424833bb7a1,720,reaction on beauty!,5281,309740,30,1749998283,699185,1627,b94304b9-023c-4432-b958-4d1aa486a8f9
720,20f29ae2-066e-4fec-ae31-1424833bb7a1,1080,reaction on fitness!,5972,349439,13,1752158283,624290,0.0.0,7441bf5f-89a7-4899-84ce-bbcd9ca661e5
720,20f29ae2-066e-4fec-ae31-1424833bb7a1,1080,reaction on food!,1672,291514,17,1751380683,483247,4769,82385f85-b432-4204-a424-5663837beb1c
NaN,20f29ae2-066e-4fec-ae31-1424833bb7a1,720,reaction on tech!,9856,310200,43,1749566283,970240,3012,7b82cd71-fd53-4e59-8ffd-dc4307c27fb7
NaN,20f29ae2-066e-4fec-ae31-1424833bb7a1,1080,review on beauty!,NaN,312125,65,1749998283,438431,3484,56f7095d-9af4-4951-bdc2-291c9033dfcc
1080,20f29ae2-066e-4fec-ae31-1424833bb7a1,720,unboxing on fashion!,4927,470290,101,1751294283,,1334,ecd96710-ad28-4980-a928-3f6b5c891169
720,20f29ae2-066e-4fec-ae31-1424833bb7a1,720,review on tech!,3161,493992,84,1750775883,717759,651,34f0b4bb-25bf-4a0f-80ae-519e6c08f588
720,20f29ae2-066e-4fec-ae31-1424833bb7a1,720,challenge on fashion!,9329,55413,72,1751726283,27098,2238,fbdc4385-b547-4ad2-aee4-d220efd4b8c4
720,20f29ae2-066e-4fec-ae31-1424833bb7a1,720,challenge on fitness!,,416727,65,1749220683,481000,1518,4af52537-d09d-4886-913a-c03d8a17c9e2
720,20f29ae2-066e-4fec-ae31-1424833bb7a1,720,vlog on fitness!,4962,306617,65,1748961483,7588,769,d9c54e94-e15a-4a94-9363-797dee6f337c
720,20f29ae2-066e-4fec-ae31-1424833bb7a1,720,reaction on food!,,159199,82,1752503883,0.0.0,,b3d4cde3-b1c4-4165-8e02-900f9b3f89e0
720,20f29ae2-066e-4fec-ae31-1424833bb7a1,1080,review on travel!,,321852,45,1752158283,545946,4230,2687e268-accf-49e0-af95-7b9d08b8b528
,20f29ae2-066e-4fec-ae31-1424833bb7a1,1080,challenge on food!,3635,171149,77,1752849483,NaN,,ea806f1e-8cbb-483f-9f2f-a64387579b5e
720,20f29ae2-066e-4fec-ae31-1424833bb7a1,720,unboxing on fitness!,6517,0.0.0,38,1748183883,528302,2655,ae7022fc-306d-4533-87ff-976d66a0791b
720,20f29ae2-066e-4fec-ae31-1424833bb7a1,720,unboxing on tech!,5663,404638,126,1749998283,943595,3873,4ca5dbc1-6af2-4aac-b9a2-15a655ec99be
1080,20f29ae2-066e-4fec-ae31-1424833bb7a1,1080,unboxing on fitness!,6948,110397,56,1752676683,864425,1049,c3a49e0e-6c57-476a-a63e-2fdb9a7e86ec
720,20f29ae2-066e-4fec-ae31-1424833bb7a1,720,vlog on fashion!,4265,76402,144,1752158283,914999,3165,ef809364-2fd0-4a89-abab-bca561dec60d
1080,20f29ae2-066e-4fec-ae31-1424833bb7a1,720,challenge on travel!,9343,36941,122,1750862283,822024,3379,92754408-5a1b-4fe9-baa7-68844817924d
720,20f29ae2-066e-4fec-ae31-1424833bb7a1,720,challenge on fashion!,7502,20196,100,1751207883,NaN,10,aa8af371-92c9-4bd0-a716-ef1df928b048
720,20f29ae2-066e-4fec-ae31-1424833bb7a1,720,challenge on fashion!,2335,234314,79,1752071883,285436,2229,bd5c430c-86d1-4189-bd1d-525132c578a9
1080,20f29ae2-066e-4fec-ae31-1424833bb7a1,720,unboxing on beauty!,0.0.0,215785,88,1750343883,382293,3225,9a224318-9242-4b0f-8b70-8236ecff9cfd
720,01692f40-df5b-4451-b0a3-78833f770f30,1080,reaction on fitness!,943,,39,1752676683,786603,2886,91d239db-8ad0-4946-b45c-1d40d764a073
1080,01692f40-df5b-4451-b0a3-78833f770f30,720,reaction on beauty!,8510,,25,1748183883,44486,3440,b00db801-c03b-44e1-a1dd-f85dc612f960
720,01692f40-df5b-4451-b0a3-78833f770f30,720,reaction on beauty!,4287,308929,133,1751899083,943724,3239,ccc5d4b2-fb4a-490a-86cd-8866d0461e0e
720,01692f40-df5b-4451-b0a3-78833f770f30,1080,reaction on fitness!,7025,36494,43,1748529483,286059,1613,fe0ac816-f935-41d9-9547-d7357562a629
720,01692f40-df5b-4451-b0a3-78833f770f30,1080,review on tech!,6725,284087,119,1752849483,284563,NaN,d9fa9969-a1e8-490d-8bf9-d501b9e63de9
1080,01692f40-df5b-4451-b0a3-78833f770f30,720,reaction on fitness!,3511,196246,153,1748961483,392882,3762,c58bf00a-19a1-4ff9-8d49-a644ae073896
1080,01692f40-df5b-4451-b0a3-78833f770f30,1080,review on beauty!,3444,491399,64,1750516683,18432,950,b61472ff-79e2-47cf-8810-21bed808f90e
1080,01692f40-df5b-4451-b0a3-78833f770f30,720,review on fashion!,,244359,150,1751380683,911409,4167,95d66571-1b4f-429e-a8da-5786e3c321e1
1080,01692f40-df5b-4451-b0a3-78833f770f30,720,reaction on food!,110,215947,156,1749307083,258928,4668,9f8e5789-2395-4180-ab5b-f3cb69e67eee
720,01692f40-df5b-4451-b0a3-78833f770f30,1080,reaction on beauty!,3295,,10,1748788683,181527,4884,eeb68d16-666e-413c-b778-fc9d993716f4
?,01692f40-df5b-4451-b0a3-78833f770f30,720,challenge on food!,8000,272970,26,1752331083,29490,2105,7f67a273-2ef3-41de-a39f-e0237f2e0629
720,01692f40-df5b-4451-b0a3-78833f770f30,1080,vlog on tech!,6661,0.0.0,125,1749307083,722460,1695,cd510a45-8448-40e9-8cb8-bc0123fc95ce
720,,720,vlog on beauty!,NaN,?,171,1751207883,634322,3435,4e98c56c-e674-4431-a8e3-66c8b991dcae
1080,01692f40-df5b-4451-b0a3-78833f770f30,1080,reaction on beauty!,1204,382718,134,1750084683,276581,2515,0b2412bb-a386-470e-b929-602f61260bdb
1080,01692f40-df5b-4451-b0a3-78833f770f30,,review on beauty!,270,345605,171,1747924683,327710,2538,c913f447-ad8f-494e-ba8b-0956a5d4b854
1080,01692f40-df5b-4451-b0a3-78833f770f30,720,vlog on tech!,9168,161619,177,1749220683,378009,,55c01355-0dd5-4888-a84b-9d16803ad364
720,01692f40-df5b-4451-b0a3-78833f770f30,1080,reaction on travel!,5204,301131,104,1748183883,539100,4294,15c8cde1-275a-4d1e-9fab-20e1ce95b853
720,01692f40-df5b-4451-b0a3-78833f770f30,1080,unboxing on tech!,9487,200113,113,1752590283,139879,3486,2835803c-375e-48bb-9f6f-c6a5c913c61b
1080,5311c263-50d0-4fb4-8f3b-75cebf4fd862,,challenge on fashion!,8743,76820,88,1748443083,861730,2637,11518d55-a0d9-479d-9a83-43bcce9810bf
1080,5311c263-50d0-4fb4-8f3b-75cebf4fd862,720,unboxing on travel!,918,23483,117,1749652683,0.0.0,,6865430a-f23c-4b8e-9683-643fc19a3982
720,5311c263-50d0-4fb4-8f3b-75cebf4fd862,1080,vlog on food!,?,47002,14,1750689483,,,6f50ecfd-63b6-41e3-afc3-d0fc21f38daa
720,5311c263-50d0-4fb4-8f3b-75cebf4fd862,1080,vlog on travel!,?,408354,72,1752935883,266646,828,8107260f-287d-4304-9780-427b5e083605
720,5311c263-50d0-4fb4-8f3b-75cebf4fd862,NaN,challenge on food!,?,127197,27,1749134283,870646,2390,a67f7db5-a356-4248-b337-93fdbebedf3e
1080,5311c263-50d0-4fb4-8f3b-75cebf4fd862,720,reaction on food!,5660,186419,127,1749652683,362672,3458,4d2026c3-1af3-4980-ac01-71e6d50f7ac2
1080,5311c263-50d0-4fb4-8f3b-75cebf4fd862,720,reaction on fashion!,3188,454186,151,1752503883,907418,4652,eb764bd4-a2dc-4ab0-9955-777d8f4e525a
720,5311c263-50d0-4fb4-8f3b-75cebf4fd862,1080,review on fitness!,6366,31040,85,1750862283,184392,1706,d0dd2b33-9c5d-498c-83be-c17fe5e1ea16
1080,5311c263-50d0-4fb4-8f3b-75cebf4fd862,720,unboxing on food!,,463787,142,1751121483,12586,3941,e52ef05c-1ed9-4123-8c7f-33738b65668e
1080,5311c263-50d0-4fb4-8f3b-75cebf4fd862,1080,review on fashion!,?,332781,167,1752503883,633961,3285,26de71db-a02a-4a3f-9ed3-bca0b57bf2d3
720,5311c263-50d0-4fb4-8f3b-75cebf4fd862,720,reaction on tech!,,NaN,176,1752071883,920030,4786,4b0ef6b9-4303-49f5-9c4b-db11e45cf9b8
720,5311c263-50d0-4fb4-8f3b-75cebf4fd862,1080,reaction on fashion!,NaN,468958,124,1749307083,470580,,36022900-cfdb-4ce9-8c53-f5ee9ad8d288
1080,5311c263-50d0-4fb4-8f3b-75cebf4fd862,1080,unboxing on travel!,213,479315,156,1751380683,374815,3621,0922b8c3-c3dc-4ef7-bc7b-4a448b1875f1
720,5311c263-50d0-4fb4-8f3b-75cebf4fd862,,challenge on fitness!,3312,474984,49,1749825483,440848,1190,14d0bc74-a3d5-474c-a252-99913457e7b7
720,5311c263-50d0-4fb4-8f3b-75cebf4fd862,1080,review on tech!,7219,279659,95,1748529483,627817,3102,020216a6-6e04-4f33-805c-874a80cad6fa
720,5311c263-50d0-4fb4-8f3b-75cebf4fd862,720,review on tech!,5501,174533,149,1750603083,902263,,3d38be47-7f8e-4933-bbf7-fb6adbd2b20f
720,,1080,reaction on travel!,4904,113875,133,1752935883,28763,4717,c0dfdeba-84db-495b-b2d2-65769c6c3b86
720,5e87b9fa-cb8a-4f0e-922d-365999863bac,720,review on fitness!,,NaN,50,1749479883,912893,4969,af9e16fa-2435-4d93-956b-3ee67fd6b943
720,5e87b9fa-cb8a-4f0e-922d-365999863bac,1080,challenge on fashion!,5360,171555,30,1750689483,849850,557,91729e16-d961-4fb2-8c1d-7568675a7be3
720,5e87b9fa-cb8a-4f0e-922d-365999863bac,1080,challenge on travel!,,327055,125,1747924683,721689,4725,30433f74-d9a6-4100-86de-f11a59b827ad
1080,5e87b9fa-cb8a-4f0e-922d-365999863bac,1080,vlog on food!,7997,180870,177,1752158283,289447,339,bab6caee-7558-4e3a-a851-3e4febdb4e40
720,5e87b9fa-cb8a-4f0e-922d-365999863bac,1080,reaction on fashion!,1042,448768,43,1750689483,33973,3642,52d51d0c-ff71-44ba-8160-4f291021173f
720,5e87b9fa-cb8a-4f0e-922d-365999863bac,1080,challenge on food!,586,113725,103,1751899083,NaN,,f55d6ab3-03f0-456d-9b42-5f71cba402f7
720,5e87b9fa-cb8a-4f0e-922d-365999863bac,,reaction on travel!,,305643,11,1748443083,664081,4379,4a04d354-62bb-4ebc-a64b-265c0167f861
,5e87b9fa-cb8a-4f0e-922d-365999863bac,1080,vlog on food!,1997,175358,155,1748529483,,1944,7dd3624f-b04e-448b-bd98-35667a89464a
1080,5e87b9fa-cb8a-4f0e-922d-365999863bac,1080,review on beauty!,467,0.0.0,130,1751207883,30968,2602,9791f87a-6e44-4fe0-bcc2-6e7ea2b5341f
1080,5e87b9fa-cb8a-4f0e-922d-365999863bac,1080,challenge on beauty!,5874,219039,54,1751812683,444482,811,11ad9cb2-53fe-4212-9e57-8af9602cef72
1080,5e87b9fa-cb8a-4f0e-922d-365999863bac,720,review on food!,4803,417924,34,1749047883,915307,964,fe8de7b4-0ead-4ff5-97cf-54c9f7d3be4a
720,5e87b9fa-cb8a-4f0e-922d-365999863bac,1080,unboxing on beauty!,9149,252389,147,1750430283,259091,?,354f761d-1e3d-4af1-9bbd-486290b08493
1080,5e87b9fa-cb8a-4f0e-922d-365999863bac,1080,review on fitness!,4950,248390,0.0.0,1752071883,187206,NaN,e6ea6943-40fe-46ee-a832-47777a265cb7
1080,5e87b9fa-cb8a-4f0e-922d-365999863bac,720,reaction on fashion!,7624,322769,81,1752849483,943898,446,43f51361-35b1-438e-9058-d58eea844d9b
1080,5e87b9fa-cb8a-4f0e-922d-365999863bac,0.0.0,challenge on beauty!,368,190749,155,1747924683,549381,1028,e3fceb9c-6488-4d40-9b77-be41a0259a58
1080,5e87b9fa-cb8a-4f0e-922d-365999863bac,720,unboxing on beauty!,4539,154097,18,1752331083,,4668,4fd30d76-5b65-4c6c-beca-bb8a8f881afd
1080,5e87b9fa-cb8a-4f0e-922d-365999863bac,720,challenge on fitness!,9107,292166,22,1749566283,0.0.0,2144,a7d158a0-a755-4ae0-852d-e733d9ae07ca
720,5e87b9fa-cb8a-4f0e-922d-365999863bac,720,vlog on fitness!,20,244461,12,1749220683,595262,4919,bef538b8-eee7-4760-b5db-04a9af97e7be
720,5e87b9fa-cb8a-4f0e-922d-365999863bac,720,vlog on food!,,450571,41,1750862283,573042,2161,98635672-b244-48bc-96aa-78b9557fef85
720,5e87b9fa-cb8a-4f0e-922d-365999863bac,720,challenge on tech!,4095,87007,28,1750775883,202796,4369,939d17e7-2f1d-4699-b026-d858e03369d3
,5e87b9fa-cb8a-4f0e-922d-365999863bac,1080,reaction on travel!,1667,453736,41,1750430283,208621,1666,80c40c5e-18ca-442b-9e09-0d320ea6da73
1080,5e87b9fa-cb8a-4f0e-922d-365999863bac,1080,unboxing on tech!,1162,365793,126,1752849483,316488,4457,da703143-cc23-407f-95a2-e84d1ec99ae3
720,5e87b9fa-cb8a-4f0e-922d-365999863bac,1080,challenge on travel!,125,0.0.0,40,1751294283,291819,3884,86fa3f51-a443-4d0a-aad9-aed065279571
720,5e87b9fa-cb8a-4f0e-922d-365999863bac,1080,reaction on tech!,9408,0.0.0,158,1751294283,852073,3909,30649ff5-ab71-45a3-b82b-0a2afa22e030
1080,5e87b9fa-cb8a-4f0e-922d-365999863bac,720,reaction on beauty!,2097,50815,48,1752071883,696294,3336,b6bef89d-f0e8-487d-92df-7d5cf23322bc
720,5e87b9fa-cb8a-4f0e-922d-365999863bac,1080,review on travel!,?,403478,107,1751726283,749476,,7ba82ced-98ed-40d2-991d-dc6d2a43263c
1080,5e87b9fa-cb8a-4f0e-922d-365999863bac,1080,unboxing on fashion!,7107,72022,119,1752676683,756506,231,6d7597d4-717b-49b9-887e-c85a704bcbaa
1080,5e87b9fa-cb8a-4f0e-922d-365999863bac,1080,reaction on beauty!,5120,417478,140,1752503883,207329,4286,e3aeb0c7-a754-4e33-8eef-d32fa38f4c58
720,2ae787ee-f16f-4798-8671-70e527f7ac46,1080,challenge on food!,5020,402737,132,1751899083,503942,4838,d7e4dcad-3a6b-425c-9bbe-9d1005debac4
720,2ae787ee-f16f-4798-8671-70e527f7ac46,1080,challenge on travel!,1014,246440,52,1749220683,590384,4916,8f607148-e646-4c3e-b3aa-c4bc6d2885c1
720,2ae787ee-f16f-4798-8671-70e527f7ac46,1080,vlog on tech!,0.0.0,149660,170,1752590283,802775,4802,a7a433f3-0b65-4f41-a054-71cfbed8affe
1080,2ae787ee-f16f-4798-8671-70e527f7ac46,720,reaction on travel!,1295,6107,147,1748615883,346338,2320,0d94778c-fa0f-483a-9616-e668d1de6116
?,2ae787ee-f16f-4798-8671-70e527f7ac46,720,reaction on food!,5528,406879,53,1748356683,488779,4637,ae2211f7-2c4d-4b53-8852-d85dfef450dc
1080,2ae787ee-f16f-4798-8671-70e527f7ac46,1080,review on tech!,5284,146948,102,1748011083,249857,1859,b02abde4-9f2f-4518-8acc-9257b17f7427
1080,2ae787ee-f16f-4798-8671-70e527f7ac46,1080,challenge on fitness!,,157256,165,1752676683,550306,1721,dec80be3-04ae-4a1a-a7bc-ab8d79daca2d
1080,2ae787ee-f16f-4798-8671-70e527f7ac46,,unboxing on fashion!,,221263,?,1749393483,354260,988,f16826b2-09e1-4fd0-8fe9-946f654c3024
720,2ae787ee-f16f-4798-8671-70e527f7ac46,720,challenge on beauty!,1480,432267,140,1751380683,,256,6e789aaf-dcac-4561-8fbc-59e54892041a
720,2ae787ee-f16f-4798-8671-70e527f7ac46,1080,challenge on tech!,4380,277720,90,1748615883,232312,4759,8542dfa7-c2c8-4468-9b7f-a0125331796a
720,2ae787ee-f16f-4798-8671-70e527f7ac46,720,reaction on fashion!,6236,215755,48,1750084683,12598,1266,2db5a257-b112-40e9-926d-2763eb447089
720,2ae787ee-f16f-4798-8671-70e527f7ac46,720,reaction on travel!,2304,41574,157,1752676683,469865,3692,d9bd4991-c441-4658-aed5-72e406081a5c
720,2ae787ee-f16f-4798-8671-70e527f7ac46,720,reaction on fitness!,9232,68025,100,1748702283,343781,0.0.0,8bbc1d0a-c2bc-4510-8e45-1eb42e2f6ec2
720,2ae787ee-f16f-4798-8671-70e527f7ac46,1080,reaction on travel!,781,322929,165,1748183883,469923,?,fa2f7e71-8fbd-482e-a559-0a1276b62e19
1080,2ae787ee-f16f-4798-8671-70e527f7ac46,720,vlog on fashion!,1533,426885,29,1750430283,879884,637,b099f98a-d5bb-47d2-b747-47efdcfb8e7c
720,2ae787ee-f16f-4798-8671-70e527f7ac46,1080,vlog on food!,5845,,101,1749479883,841620,1385,8c73f0a1-27a4-41aa-9ef3-aed5f2c9a224
1080,2ae787ee-f16f-4798-8671-70e527f7ac46,1080,review on food!,1704,233248,116,1749739083,118746,2374,3fbbd129-cbc1-416a-bb4e-b23db22c8d17
1080,2ae787ee-f16f-4798-8671-70e527f7ac46,720,review on fashion!,2910,170646,143,1750430283,296801,4423,417b7dfb-e680-4b21-8856-3fb8500eac85
720,2ae787ee-f16f-4798-8671-70e527f7ac46,720,review on tech!,2468,261565,84,1752158283,92610,4461,6ebdcb13-c0a0-41de-bca7-e3d69c46cf56
1080,2ae787ee-f16f-4798-8671-70e527f7ac46,720,reaction on food!,6131,77762,145,1749134283,201389,3630,712f06fb-d474-49cc-a4e1-5c22bf64938c
720,2ae787ee-f16f-4798-8671-70e527f7ac46,720,challenge on fashion!,886,493105,115,1750430283,997492,4526,f0d961ad-2381-4489-845b-b2e7b338b888
1080,2ae787ee-f16f-4798-8671-70e527f7ac46,1080,review on food!,7133,NaN,71,1749566283,740999,285,83d4d54d-26c6-4f84-8c75-eb3377a9c0ba
720,2ae787ee-f16f-4798-8671-70e527f7ac46,720,unboxing on fitness!,1636,459996,14,1750430283,?,968,6b82ae6f-f0e2-445b-9968-f49dabc5095f
1080,2ae787ee-f16f-4798-8671-70e527f7ac46,1080,challenge on tech!,4640,173543,40,1750171083,683467,1890,be76df4e-e425-49c2-8d12-cf7c8ed4bec9
720,2ae787ee-f16f-4798-8671-70e527f7ac46,1080,vlog on tech!,NaN,321534,59,1748961483,251767,642,2074d271-9ae3-43a7-9a54-2e15942c7c81
720,2ae787ee-f16f-4798-8671-70e527f7ac46,1080,vlog on fashion!,188,440989,NaN,1750948683,980485,0.0.0,df03718d-b958-4324-8f9d-2e7f865cfd90
1080,2ae787ee-f16f-4798-8671-70e527f7ac46,1080,reaction on food!,4239,35894,108,1751812683,343562,2317,550921ef-b976-4faa-bf5c-e449fd5b93bd
720,2ae787ee-f16f-4798-8671-70e527f7ac46,1080,unboxing on tech!,234,426717,?,1751899083,753571,1879,de91ce4e-3344-4f4c-9786-ba537990ff0e
1080,3aca4b64-b196-42dd-babf-53c0e4dfcc3d,720,reaction on food!,3540,393221,25,1749220683,396481,1022,24d2ab2a-b844-4fcb-80f2-6ed9c373c5c7
1080,3aca4b64-b196-42dd-babf-53c0e4dfcc3d,1080,unboxing on travel!,4864,43710,122,1751899083,167468,1543,9a645e26-b514-495d-9484-3f6de7ae88e1
720,3aca4b64-b196-42dd-babf-53c0e4dfcc3d,720,reaction on tech!,2144,179961,78,1752503883,56582,3996,11655869-a0e3-437c-91de-c829a23569ba
720,3aca4b64-b196-42dd-babf-53c0e4dfcc3d,1080,review on fashion!,854,?,43,1749652683,928209,635,a95e9538-fe6b-4f97-9ce3-7cdd8e992dcd
1080,3aca4b64-b196-42dd-babf-53c0e4dfcc3d,720,unboxing on fashion!,8507,325565,13,1749652683,496413,,43845f26-0a41-40ae-adbd-602a530f256a
1080,3aca4b64-b196-42dd-babf-53c0e4dfcc3d,720,review on tech!,6397,269144,144,1750948683,86636,0.0.0,1647e281-2783-47d4-8f62-d29cd1957fc8
1080,3aca4b64-b196-42dd-babf-53c0e4dfcc3d,1080,unboxing on beauty!,8241,451239,141,1752331083,501724,1915,d3287f83-816c-4364-9630-0b8fd32392b7
1080,3aca4b64-b196-42dd-babf-53c0e4dfcc3d,1080,challenge on tech!,9939,445979,146,1749998283,9399,1487,28a4b938-bf0a-4805-81e5-f5a2a726705e
720,3aca4b64-b196-42dd-babf-53c0e4dfcc3d,720,unboxing on beauty!,65,293252,145,1751812683,327079,3368,e792e5dd-d49a-4a08-b59b-fd3e94bb9dde
720,3aca4b64-b196-42dd-babf-53c0e4dfcc3d,720,challenge on fashion!,2300,455489,80,1752331083,347206,1060,e43e7781-71c1-4471-b159-12070a359e94
720,3aca4b64-b196-42dd-babf-53c0e4dfcc3d,1080,reaction on fitness!,2167,80846,26,1748011083,100076,3995,8d5633b1-fa2c-4490-a310-074ad73da340
720,3aca4b64-b196-42dd-babf-53c0e4dfcc3d,1080,challenge on fashion!,2234,84618,151,1752590283,771484,1681,a0a51fb5-b96c-4225-bd18-587e9424e404
1080,3aca4b64-b196-42dd-babf-53c0e4dfcc3d,1080,reaction on travel!,7202,278118,82,1750430283,619726,4345,d77414a8-fc6e-4c36-aa92-260480493cc7
1080,3aca4b64-b196-42dd-babf-53c0e4dfcc3d,1080,review on food!,138,377452,173,1751035083,3856,332,d2d0bd63-7842-496a-9b18-596f247bc74d
720,3aca4b64-b196-42dd-babf-53c0e4dfcc3d,1080,review on tech!,0.0.0,342028,21,1752935883,234021,3823,cd16d8df-3d73-4ca0-9e00-fa53905963c5
1080,3aca4b64-b196-42dd-babf-53c0e4dfcc3d,1080,vlog on tech!,4709,405978,92,1750689483,348464,NaN,8b6ff4be-8215-4485-bc79-16041c4ec05c
1080,3aca4b64-b196-42dd-babf-53c0e4dfcc3d,720,unboxing on tech!,2696,378237,126,1752849483,187083,4170,e18e3e72-4129-4450-941d-f2ca362e62de
1080,3aca4b64-b196-42dd-babf-53c0e4dfcc3d,1080,review on food!,1698,473824,105,1748702283,548105,2462,d1c49539-48a2-412e-8ad9-8bc9f28fa8e1
1080,3aca4b64-b196-42dd-babf-53c0e4dfcc3d,1080,challenge on food!,6771,295843,53,1749911883,231939,565,b8462bcf-c406-444f-9581-b17c8793a7fa
1080,3aca4b64-b196-42dd-babf-53c0e4dfcc3d,720,review on travel!,2636,472399,82,1752417483,817918,3530,e0237765-2201-487f-8080-6de815fdb965
0.0.0,3aca4b64-b196-42dd-babf-53c0e4dfcc3d,720,vlog on fitness!,7083,140344,82,1750775883,427583,4255,8af27c5a-e2a4-49e2-9bfc-3a48cc711460
720,c07bf904-5ecd-45ed-bfbe-f6fa9272d4c7,1080,reaction on tech!,9661,224582,?,1752935883,956740,3935,0581252b-10cf-4897-9ae1-094777593acb
1080,c07bf904-5ecd-45ed-bfbe-f6fa9272d4c7,1080,challenge on fitness!,3130,0.0.0,95,1752590283,181349,,59cf9f9b-843f-4948-addb-496f118521f4
1080,c07bf904-5ecd-45ed-bfbe-f6fa9272d4c7,720,review on food!,5076,362138,157,1751207883,153160,2710,d806befa-58b7-47b2-97ea-92d72928cdc8
720,c07bf904-5ecd-45ed-bfbe-f6fa9272d4c7,1080,review on food!,2615,374740,159,1748788683,582943,1100,e3ed3208-ff25-4742-b39b-335007db03ca
1080,c07bf904-5ecd-45ed-bfbe-f6fa9272d4c7,1080,vlog on tech!,9729,330805,102,1752244683,143627,1724,2459b7c4-6dd4-4f07-a5ad-775f512b37ed
1080,c07bf904-5ecd-45ed-bfbe-f6fa9272d4c7,1080,challenge on tech!,103,279391,35,1750084683,347038,3578,1744f91f-4997-4443-b17b-5ce218fff721
1080,c07bf904-5ecd-45ed-bfbe-f6fa9272d4c7,720,review on food!,9359,285393,59,1749479883,0.0.0,4590,9eb1342b-9211-470d-94ca-d6bd743e04ed
1080,c07bf904-5ecd-45ed-bfbe-f6fa9272d4c7,1080,reaction on beauty!,3918,383804,143,1752158283,847935,?,7ccde355-54d8-4749-8442-1bfa9a6413f7
720,c07bf904-5ecd-45ed-bfbe-f6fa9272d4c7,1080,challenge on fitness!,3677,304625,85,1748702283,940224,2076,024924e4-3d2d-42da-ac7b-3ea15d421633
1080,c07bf904-5ecd-45ed-bfbe-f6fa9272d4c7,1080,vlog on travel!,3983,217744,123,1748183883,26966,4908,309676bd-064d-4f03-9007-11aa7550953f
720,c07bf904-5ecd-45ed-bfbe-f6fa9272d4c7,720,unboxing on fashion!,3357,383451,116,,,,2793903f-71ce-40a0-9d35-61e1003f919e
1080,c07bf904-5ecd-45ed-bfbe-f6fa9272d4c7,720,challenge on fitness!,3692,399451,171,1751380683,191328,471,f278bc85-ea44-4d91-a526-9cfebf05c5df
720,c07bf904-5ecd-45ed-bfbe-f6fa9272d4c7,720,review on tech!,1135,NaN,67,1752331083,306142,1398,b8000a6f-c0a6-4aa7-bbf9-854cbecdca66
1080,c07bf904-5ecd-45ed-bfbe-f6fa9272d4c7,720,challenge on travel!,6453,305274,41,1751985483,650663,176,038b531c-6bb9-412b-9315-22b30056bffe
720,c07bf904-5ecd-45ed-bfbe-f6fa9272d4c7,720,reaction on fashion!,,115669,13,1749134283,589345,2013,bceb7bea-37d6-444e-8b31-10f20432189e
1080,ba3f4aae-8219-44dd-87bb-11c7afdefca6,1080,vlog on beauty!,7153,432860,106,1752676683,949119,3723,0a41eedc-1d12-416a-8bdb-d7a3a2172ea0
720,ba3f4aae-8219-44dd-87bb-11c7afdefca6,1080,vlog on beauty!,2977,377439,140,1752158283,NaN,2286,dac1b7cc-034f-495d-9852-153885fc0d1b
1080,ba3f4aae-8219-44dd-87bb-11c7afdefca6,1080,challenge on fashion!,5657,340524,15,1750948683,775580,0.0.0,b14f2f8d-e388-4cd4-b590-c503dfcc1c3e
720,ba3f4aae-8219-44dd-87bb-11c7afdefca6,,unboxing on beauty!,,293374,37,1750171083,273728,?,87a88997-3f2b-4f62-9edc-dd79197792bf
720,ba3f4aae-8219-44dd-87bb-11c7afdefca6,720,unboxing on beauty!,2923,254764,58,1748443083,831928,289,8f82da08-ddbf-4159-8e6e-bdbe1d6e8ae7
1080,ba3f4aae-8219-44dd-87bb-11c7afdefca6,1080,unboxing on travel!,4740,312087,122,1748011083,138538,2370,3a9a286a-e391-4f88-a5f0-4e81910f9563
1080,ba3f4aae-8219-44dd-87bb-11c7afdefca6,1080,review on beauty!,9437,145875,24,1750516683,207558,3859,0affd712-b896-43e4-8476-76dabf189d91
720,ba3f4aae-8219-44dd-87bb-11c7afdefca6,1080,reaction on travel!,822,,72,1748097483,624194,2431,a2809d64-cfe2-4055-8b90-8b0b0b923370
1080,ba3f4aae-8219-44dd-87bb-11c7afdefca6,1080,reaction on tech!,6697,86663,92,1749911883,759919,279,18fb6259-3c14-4f6a-a7f6-052e7cd05052
720,ba3f4aae-8219-44dd-87bb-11c7afdefca6,720,review on beauty!,7905,67539,41,1748529483,333440,3015,11e578ea-f439-4532-95bb-9aed2e1c22a1
720,ba3f4aae-8219-44dd-87bb-11c7afdefca6,720,challenge on travel!,3003,?,99,1747924683,484712,4722,20487bca-d994-4eb5-8792-2582c06c7989
720,ba3f4aae-8219-44dd-87bb-11c7afdefca6,720,challenge on tech!,5449,476665,126,1751121483,629966,4756,6efc2408-8011-4d6d-ab2f-4cb3d84bdb1d
720,ba3f4aae-8219-44dd-87bb-11c7afdefca6,720,review on food!,9081,32032,101,1751553483,21865,642,6c74b6f3-62a7-417a-92d4-7fbace7e7a8a
1080,ba3f4aae-8219-44dd-87bb-11c7afdefca6,1080,review on food!,9222,109648,20,1747924683,555649,2185,16065d11-dee3-4de4-af9a-d60cf372e76e
720,ba3f4aae-8219-44dd-87bb-11c7afdefca6,1080,unboxing on tech!,NaN,60150,144,1748183883,484100,4794,74405e07-60c8-467c-bc98-155f131e73f6
?,ba3f4aae-8219-44dd-87bb-11c7afdefca6,720,vlog on fashion!,5423,,38,1752590283,30435,2181,ac431a8a-747b-4252-8b49-18b4d60453c1
720,ba3f4aae-8219-44dd-87bb-11c7afdefca6,1080,unboxing on beauty!,2923,438375,179,1751207883,635690,4151,ac00c93b-cca5-441a-b055-28d29c8227f9
720,ba3f4aae-8219-44dd-87bb-11c7afdefca6,1080,vlog on beauty!,5943,248160,NaN,1750343883,596241,4040,d95eca0a-3b19-4b63-8840-18587f2e1cb0
1080,ba3f4aae-8219-44dd-87bb-11c7afdefca6,1080,review on tech!,5719,,29,1750171083,137773,,e02ef6c6-f700-484d-ae2f-3dbecffa6a8f
720,ba3f4aae-8219-44dd-87bb-11c7afdefca6,720,vlog on food!,5620,489841,13,1748875083,909327,3813,1295cbf1-3616-4097-b672-12db34e4394e
1080,ba3f4aae-8219-44dd-87bb-11c7afdefca6,NaN,challenge on food!,438,232633,115,1748270283,799681,1695,59869df0-41ce-4fd8-94b8-a4710c8f96da
1080,ba3f4aae-8219-44dd-87bb-11c7afdefca6,720,challenge on beauty!,4639,90050,127,1748443083,273400,3478,aa4c900c-a931-49bc-b94a-b6d932953b71
720,ba3f4aae-8219-44dd-87bb-11c7afdefca6,720,reaction on food!,6510,291443,118,1748270283,614038,4856,bf71bc5e-500e-4a8a-ba8f-d62d5d7c3e9d
1080,c0e3c74b-d061-437f-9f7b-36a79fc3d1a3,1080,review on travel!,5482,11889,123,1749220683,615099,2582,1fd5bf26-55ee-4eea-b740-eae5e0dc3af1
720,c0e3c74b-d061-437f-9f7b-36a79fc3d1a3,1080,unboxing on fitness!,7447,112893,118,1750775883,452422,4141,918b6584-3bbf-42a0-b1c4-998ac55e62e6
720,c0e3c74b-d061-437f-9f7b-36a79fc3d1a3,720,vlog on travel!,8826,298227,52,1752331083,728554,3567,8290909b-d37e-4095-8e91-a5131d87d711
720,c0e3c74b-d061-437f-9f7b-36a79fc3d1a3,1080,challenge on beauty!,9333,114992,147,1752676683,943950,2764,0e7f6429-5f00-43d7-95de-1f0a1dbd35f5
1080,c0e3c74b-d061-437f-9f7b-36a79fc3d1a3,1080,reaction on tech!,8643,1293,89,1751553483,778614,3319,9c52dad8-f75a-4156-9855-266345ef7c4b
720,c0e3c74b-d061-437f-9f7b-36a79fc3d1a3,720,challenge on tech!,9856,207426,171,1752158283,?,,26376eaf-5b30-45b3-9c17-cade95d74c40
,c0e3c74b-d061-437f-9f7b-36a79fc3d1a3,720,unboxing on tech!,0.0.0,NaN,92,1752417483,24041,777,d899c734-732d-4ab3-9c70-e3225c01ff31
720,c0e3c74b-d061-437f-9f7b-36a79fc3d1a3,720,unboxing on fashion!,6623,392745,,1752849483,196566,475,dd3bca57-5cd5-4354-b628-a2587a88c1a9
720,c0e3c74b-d061-437f-9f7b-36a79fc3d1a3,1080,reaction on tech!,7257,286739,173,1750775883,0.0.0,1429,2b1dd4b5-ffe4-4222-a46d-e02b5420adbf
720,c0e3c74b-d061-437f-9f7b-36a79fc3d1a3,720,challenge on travel!,,94608,122,1750948683,350911,311,67aa0d65-248b-47db-b434-f69df3b46f47
1080,c0e3c74b-d061-437f-9f7b-36a79fc3d1a3,720,reaction on fashion!,38,?,138,1749047883,819206,?,f4308354-f3c5-4305-85f4-168854ca1986
1080,c0e3c74b-d061-437f-9f7b-36a79fc3d1a3,720,reaction on food!,2263,215295,0.0.0,1748270283,613588,799,a6545741-c90f-4b16-ad1f-709ed87d44a4
1080,c0e3c74b-d061-437f-9f7b-36a79fc3d1a3,720,reaction on fitness!,9176,223674,87,1749393483,730661,4169,c39c1804-a7f8-413c-b4d1-a7cc10bb4e60
1080,c0e3c74b-d061-437f-9f7b-36a79fc3d1a3,1080,review on travel!,4906,247611,125,1748270283,52455,3552,34d78abf-fda4-4c5d-8a9f-ed4fcd33ff23
720,c0e3c74b-d061-437f-9f7b-36a79fc3d1a3,720,review on travel!,2074,267458,161,1749739083,?,703,f3200b21-8857-48bc-897a-a6381853f497
720,c0e3c74b-d061-437f-9f7b-36a79fc3d1a3,720,challenge on food!,5045,13373,69,1749998283,?,4820,99af6900-1084-45c1-9587-df2b76763c95
720,c0e3c74b-d061-437f-9f7b-36a79fc3d1a3,720,unboxing on fashion!,0.0.0,406697,97,1750862283,497218,2165,64064264-ed38-4ab1-8ea8-5fca626299de
720,ab08a5d2-1ce6-4d7b-9dbb-52321d2babe4,1080,unboxing on fitness!,6606,291515,153,1749047883,161194,4862,4c5469af-6fa9-4801-bae5-c52b92371468
1080,ab08a5d2-1ce6-4d7b-9dbb-52321d2babe4,1080,reaction on travel!,2474,208497,,1749998283,NaN,4203,c2a15e6c-76c1-40c1-8421-a93ab87ee649
720,ab08a5d2-1ce6-4d7b-9dbb-52321d2babe4,1080,reaction on fashion!,9288,?,142,1750257483,304667,1311,5b211136-3a74-4064-8e14-9394e537e317
720,ab08a5d2-1ce6-4d7b-9dbb-52321d2babe4,720,reaction on fashion!,8789,202970,160,1749566283,687269,2183,8061e946-5832-4b18-ac15-174994cf64ba
1080,ab08a5d2-1ce6-4d7b-9dbb-52321d2babe4,720,review on fashion!,7620,3299,118,1751207883,555733,176,36d502c4-80e4-479e-83d0-131748e23240
720,ab08a5d2-1ce6-4d7b-9dbb-52321d2babe4,1080,review on fashion!,224,186624,159,1752071883,813832,3272,ead1bfbf-e7a4-4416-aef4-1b80bb6749b7
1080,ab08a5d2-1ce6-4d7b-9dbb-52321d2babe4,1080,reaction on tech!,2101,13010,176,1751294283,131987,4901,5bd9a71c-3e9d-41ce-9bba-d9274b7c6d99
0.0.0,ab08a5d2-1ce6-4d7b-9dbb-52321d2babe4,1080,review on fashion!,8179,286884,107,1749825483,?,,8bc7e7b0-1e93-4731-a79a-3ee81973ff5e
720,ab08a5d2-1ce6-4d7b-9dbb-52321d2babe4,720,reaction on fitness!,807,0.0.0,27,1752763083,NaN,4303,a4e4219c-3645-4129-9b25-0889b79988dd
720,ab08a5d2-1ce6-4d7b-9dbb-52321d2babe4,1080,challenge on travel!,5724,344860,173,1748702283,772701,1688,82cdd572-34db-4a50-9ed5-3a2665498dd2
1080,ab08a5d2-1ce6-4d7b-9dbb-52321d2babe4,1080,challenge on travel!,6565,492604,148,1750257483,826981,2305,c58aa549-e17f-4da9-9f70-b70f1943527a
1080,ab08a5d2-1ce6-4d7b-9dbb-52321d2babe4,1080,review on beauty!,2469,332148,74,1749307083,812098,3148,8196e5ac-0724-475c-8565-675f9b562504
1080,,720,vlog on tech!,5656,440145,31,1747924683,71212,2138,2748acd8-ad67-4d42-81ce-248ebb42afe6
1080,ab08a5d2-1ce6-4d7b-9dbb-52321d2babe4,720,review on travel!,0.0.0,217002,174,1747838283,NaN,2295,47d45a03-9bf9-4310-8777-6f0837cf0d1f
NaN,ab08a5d2-1ce6-4d7b-9dbb-52321d2babe4,720,unboxing on travel!,?,,,1751985483,570911,1603,875b3bb6-26f5-4044-a825-c9161502b138
1080,ab08a5d2-1ce6-4d7b-9dbb-52321d2babe4,1080,vlog on tech!,7342,?,43,1751985483,355087,1617,42f4d184-ad73-4ab6-b5d6-8b98f6b54038
1080,ab08a5d2-1ce6-4d7b-9dbb-52321d2babe4,720,challenge on tech!,2114,428625,164,1749825483,126675,2656,2b08c485-bf58-4234-94ee-730c38e30103
720,ab08a5d2-1ce6-4d7b-9dbb-52321d2babe4,1080,vlog on fashion!,5271,,134,1752590283,150541,2865,6e230112-b19f-4d4a-9923-2de0fdc458e5
720,ab08a5d2-1ce6-4d7b-9dbb-52321d2babe4,720,challenge on food!,2471,195343,12,1751899083,83106,?,636eb751-613c-4780-89db-001dfc1ae43a
720,ab08a5d2-1ce6-4d7b-9dbb-52321d2babe4,1080,unboxing on tech!,0.0.0,72467,123,1752331083,105926,,c3bd25ef-7bd2-4413-9c71-cc23e22b869a
1080,ab08a5d2-1ce6-4d7b-9dbb-52321d2babe4,1080,unboxing on beauty!,3820,357188,168,1747838283,679193,279,02b81314-4ac6-49a6-b6d3-6ccf2c5a0e44
720,ab08a5d2-1ce6-4d7b-9dbb-52321d2babe4,1080,review on travel!,1468,,31,1751812683,689313,3934,61c8498d-2cdf-4dc6-a439-08b7e0b1dc31
1080,ab08a5d2-1ce6-4d7b-9dbb-52321d2babe4,720,vlog on fashion!,,89104,162,1751812683,835213,354,7d277cd7-01a8-4232-92bc-3cd2af277c8d
1080,ab08a5d2-1ce6-4d7b-9dbb-52321d2babe4,720,reaction on fitness!,333,10290,137,1751035083,404295,1436,c8a73f4a-9c37-480d-9ba7-4b3cfba8172f
720,ab08a5d2-1ce6-4d7b-9dbb-52321d2babe4,1080,challenge on beauty!,?,457776,113,1750603083,897862,1043,4683ac25-93b5-40a0-aefc-0abcd907eb39
720,ab08a5d2-1ce6-4d7b-9dbb-52321d2babe4,720,unboxing on food!,,32214,15,1749307083,706651,,22f5d0b1-6a7d-4a9c-bf6c-b87aeca498af
1080,b2d59fa6-0a2a-4b48-bd37-fd6851a30977,1080,review on beauty!,376,211,45,1748443083,539655,549,73a80d7d-e3db-46a9-ace7-516fb571ce01
1080,b2d59fa6-0a2a-4b48-bd37-fd6851a30977,1080,challenge on beauty!,,410596,98,1749911883,337502,4883,54d54526-9b76-435e-94bf-7b11650d2bdc
?,b2d59fa6-0a2a-4b48-bd37-fd6851a30977,720,review on travel!,2892,295470,41,1751294283,288431,4169,0ec45eba-33f5-45b4-a7bf-dd83314ad16a
1080,b2d59fa6-0a2a-4b48-bd37-fd6851a30977,1080,unboxing on travel!,8887,357700,77,1750948683,529093,3441,f68ae770-7ad0-4b1e-8b18-ebfe1f4b0c4b
720,b2d59fa6-0a2a-4b48-bd37-fd6851a30977,720,vlog on beauty!,,7214,97,1750603083,270259,2537,822cd973-9721-4590-9a22-56541963c079
720,b2d59fa6-0a2a-4b48-bd37-fd6851a30977,720,challenge on travel!,1057,444739,156,1753022283,233484,3771,6574ff4c-80fa-4508-a6ad-6405133f7278
720,b2d59fa6-0a2a-4b48-bd37-fd6851a30977,1080,review on beauty!,NaN,NaN,33,1751639883,845055,227,c2bb7ad6-6b1a-4da9-9371-4c69890d304c
720,b2d59fa6-0a2a-4b48-bd37-fd6851a30977,720,challenge on travel!,9351,241171,68,1749825483,347601,232,414e3dd4-7c73-48f7-ba4f-bcb60e5320ab
1080,b2d59fa6-0a2a-4b48-bd37-fd6851a30977,1080,vlog on beauty!,0.0.0,147865,157,1749479883,691579,941,7440f96a-b179-4676-b1f0-0945f5f373f6
720,b2d59fa6-0a2a-4b48-bd37-fd6851a30977,1080,vlog on fashion!,1656,194841,161,1751121483,805102,2930,8bdf7cee-4f81-4764-a9a5-b435154dcd67
720,b2d59fa6-0a2a-4b48-bd37-fd6851a30977,720,vlog on beauty!,7628,351110,129,1752935883,118085,4728,c44cd8b7-eacb-4f36-ba61-7c6358f3439b
1080,b2d59fa6-0a2a-4b48-bd37-fd6851a30977,720,reaction on travel!,1589,326912,10,1752849483,,664,90bee330-c909-4bbf-9e5c-fc5a421767d9
720,b2d59fa6-0a2a-4b48-bd37-fd6851a30977,1080,vlog on fashion!,5597,99561,43,1751380683,,1883,f902bed5-7896-4b42-b357-098a63b60c16
1080,b2d59fa6-0a2a-4b48-bd37-fd6851a30977,720,unboxing on tech!,2478,403429,102,1747838283,839452,0.0.0,7d4e84e5-afba-4452-a53c-431f28871544
720,b2d59fa6-0a2a-4b48-bd37-fd6851a30977,720,review on beauty!,1366,150291,139,1748875083,797593,NaN,5736ae7e-0be7-442d-990d-12e16dd66fc3
1080,b2d59fa6-0a2a-4b48-bd37-fd6851a30977,720,vlog on travel!,NaN,231540,67,1752503883,433114,3376,52abde22-4728-4a0a-9183-986b2342a081
1080,b2d59fa6-0a2a-4b48-bd37-fd6851a30977,1080,reaction on food!,2794,274908,48,1749393483,278168,1539,a4cb5457-9c96-4c74-a7d3-e7af5db10e60
720,b2d59fa6-0a2a-4b48-bd37-fd6851a30977,720,unboxing on travel!,96,112234,85,1748702283,728535,4043,1b5e59d9-d60c-439c-a221-e7f587e8751b
1080,b2d59fa6-0a2a-4b48-bd37-fd6851a30977,,reaction on beauty!,4286,29870,132,1752849483,644272,3283,91c15869-4639-44c5-97a8-ddde3b6ebc93
1080,b2d59fa6-0a2a-4b48-bd37-fd6851a30977,1080,vlog on fashion!,509,58203,172,1752503883,0.0.0,2393,6647822d-5a69-4ea9-891d-ec72b384364b
720,b2d59fa6-0a2a-4b48-bd37-fd6851a30977,720,challenge on fitness!,6655,73494,54,1748961483,48631,2382,2a9ea2aa-f454-4354-8f45-56e5cb4623e7
720,b2d59fa6-0a2a-4b48-bd37-fd6851a30977,720,vlog on tech!,57,436860,131,1750343883,129442,4654,f888d208-a72a-40f2-8699-f958a5f38b6f
720,b2d59fa6-0a2a-4b48-bd37-fd6851a30977,720,unboxing on fashion!,1578,344522,78,1751812683,829358,4137,5d208a91-b797-48a5-a1f7-94e9e1e31eea
1080,b2d59fa6-0a2a-4b48-bd37-fd6851a30977,720,challenge on fashion!,?,29058,160,1748615883,93008,3322,67807a7f-942f-44cc-b378-33bdba772a52
1080,b2d59fa6-0a2a-4b48-bd37-fd6851a30977,720,challenge on fashion!,2380,377917,123,1751467083,670174,2211,bfc7d311-4ade-47fc-9701-e2d640ed0846
1080,b2d59fa6-0a2a-4b48-bd37-fd6851a30977,720,challenge on fashion!,,468584,80,1750343883,532762,1277,6c5ee079-a6d1-4813-a80d-c02fc75f75ad
720,b2d59fa6-0a2a-4b48-bd37-fd6851a30977,1080,review on fitness!,3020,10874,159,1749998283,814813,2136,97a7bfde-f344-45ae-a30e-6c4d800454e6
1080,bc02a7e1-b791-4c2f-a2a3-74709183e41a,720,review on travel!,928,282576,152,1751985483,134580,3129,75793aee-67cf-43c9-bd59-cc740ed531e3
720,bc02a7e1-b791-4c2f-a2a3-74709183e41a,1080,vlog on tech!,9851,128175,172,1749566283,237142,?,f167c2f6-62ab-48bc-a445-dac9378d46e1
1080,bc02a7e1-b791-4c2f-a2a3-74709183e41a,1080,vlog on food!,0.0.0,43453,131,1749479883,435915,4809,fd9042fc-7d2f-4b39-912f-23ea97339526
720,bc02a7e1-b791-4c2f-a2a3-74709183e41a,1080,vlog on food!,4242,251381,98,1748529483,560966,1787,26d4f7b5-b7c6-4537-9ab0-3ae649b8f7c5
1080,bc02a7e1-b791-4c2f-a2a3-74709183e41a,720,review on food!,569,206685,66,1748788683,410133,1245,6caca317-4635-4b76-bbbf-16cce5d3b585
720,bc02a7e1-b791-4c2f-a2a3-74709183e41a,1080,review on travel!,2812,70347,59,1749566283,362717,4297,4a6d3908-443d-4f74-94eb-92db9e372ebc
0.0.0,bc02a7e1-b791-4c2f-a2a3-74709183e41a,1080,vlog on fashion!,7391,,0.0.0,1748875083,874598,75,29fd8dd6-0304-4adc-9362-314209caf1cb
720,bc02a7e1-b791-4c2f-a2a3-74709183e41a,1080,challenge on tech!,3879,218737,164,1751726283,834161,3991,8177432d-d294-4eaf-96ea-cdcde1ecd099
720,bc02a7e1-b791-4c2f-a2a3-74709183e41a,1080,challenge on fitness!,2562,54919,114,1751899083,11829,4683,7ef0aada-fdeb-42ae-affc-b01aded77f70
1080,bc02a7e1-b791-4c2f-a2a3-74709183e41a,1080,challenge on beauty!,5876,17049,151,1752676683,751843,2966,ca1e86e6-87c4-44c8-a952-2ddf7a14ecd4
720,bc02a7e1-b791-4c2f-a2a3-74709183e41a,720,reaction on food!,5758,89826,125,1752935883,160064,3222,64a6b86e-f7af-42df-9180-e8da4b4148ac
1080,bc02a7e1-b791-4c2f-a2a3-74709183e41a,720,reaction on travel!,6961,130029,80,1752590283,NaN,1945,82026064-2672-4e64-a347-4fb012cf3b15
720,bc02a7e1-b791-4c2f-a2a3-74709183e41a,?,review on fitness!,1854,404966,27,1748615883,94883,1190,252a8c04-0f18-447e-878f-e6ee8918d13d
1080,bc02a7e1-b791-4c2f-a2a3-74709183e41a,1080,review on fitness!,0.0.0,51436,163,1752590283,365369,,9c27cb48-73d6-4f06-9632-117915b44bd8
1080,bc02a7e1-b791-4c2f-a2a3-74709183e41a,720,unboxing on food!,5679,149457,132,1748356683,394105,84,cc7bdcc6-e258-4ee7-896d-ec37200ad276
720,bc02a7e1-b791-4c2f-a2a3-74709183e41a,1080,unboxing on travel!,1044,316330,145,1748356683,204264,4120,0afdc2d9-d3e3-477f-a6fc-472acb50e93c
1080,c90f11bc-8e87-4ddd-9c27-b948ce086d03,1080,reaction on beauty!,1968,177366,105,1751985483,784094,2286,988f446c-cae6-4470-8401-81f1f7add002
1080,c90f11bc-8e87-4ddd-9c27-b948ce086d03,0.0.0,vlog on fashion!,0.0.0,234816,28,1752417483,215702,252,107ba63d-f91a-48f7-8864-77838c3551e5
720,c90f11bc-8e87-4ddd-9c27-b948ce086d03,720,unboxing on fashion!,242,377566,87,1751899083,649106,3833,72118aeb-12ac-47b5-8e15-603cff3b4694
720,c90f11bc-8e87-4ddd-9c27-b948ce086d03,1080,unboxing on beauty!,2670,72151,139,1748961483,834090,1894,e65237de-dd2e-4169-a047-8841e089b600
720,c90f11bc-8e87-4ddd-9c27-b948ce086d03,1080,vlog on fitness!,6558,153743,31,1749134283,710915,972,d4423b24-8744-44f3-b03b-3b2d09763a1f
?,c90f11bc-8e87-4ddd-9c27-b948ce086d03,720,challenge on beauty!,9359,,68,1749911883,45000,612,bc7246aa-b426-4f0d-9798-f54c33c5f278
720,c90f11bc-8e87-4ddd-9c27-b948ce086d03,1080,challenge on fitness!,4926,193283,60,1751812683,652766,?,e416f602-b56b-4f5d-b958-7bcb8bda35bc
720,c90f11bc-8e87-4ddd-9c27-b948ce086d03,1080,challenge on beauty!,8375,205736,,1748529483,156405,1290,0a919a54-7bf9-4be0-a834-f64fdbb770a4
720,c90f11bc-8e87-4ddd-9c27-b948ce086d03,720,vlog on fitness!,,280205,156,1750775883,616579,2030,bc3dfb70-1e9a-416e-b8c8-2b15584ae959
720,c90f11bc-8e87-4ddd-9c27-b948ce086d03,1080,vlog on food!,,380775,33,1750948683,423792,4945,fc617cba-47bb-4e9a-a053-80eb7c1f1995
1080,c90f11bc-8e87-4ddd-9c27-b948ce086d03,1080,unboxing on beauty!,7709,56850,16,1751553483,900539,1245,e48f29e9-7942-41d3-819b-1518f65f2eab
1080,c90f11bc-8e87-4ddd-9c27-b948ce086d03,1080,vlog on fashion!,4703,285333,133,1749652683,614254,2362,51ec7f52-2be9-4d39-8526-946bf370012c
720,c90f11bc-8e87-4ddd-9c27-b948ce086d03,720,vlog on food!,,216151,178,1748443083,179318,4726,e628ebff-f7c3-4a15-8f89-f5e7661947ca
720,c90f11bc-8e87-4ddd-9c27-b948ce086d03,720,challenge on food!,5402,469720,164,1748270283,33343,4071,48e3f01a-a799-4c4e-b4a7-0d6fd7b881e4
720,c90f11bc-8e87-4ddd-9c27-b948ce086d03,720,challenge on beauty!,4347,112189,66,1749739083,,3467,091d7d2c-6731-45dc-a6cd-9b3bf06e753d
1080,c90f11bc-8e87-4ddd-9c27-b948ce086d03,1080,review on food!,,200853,174,1749479883,686591,1722,90100957-5901-43c1-8cc2-1dfa2a8a20b6
720,c90f11bc-8e87-4ddd-9c27-b948ce086d03,720,unboxing on fashion!,8558,188657,25,1751380683,953001,457,55f4fce0-df71-4629-81eb-941c4d5740e8
720,c90f11bc-8e87-4ddd-9c27-b948ce086d03,720,unboxing on fashion!,5495,27724,56,1752417483,934715,3678,0f4a2fb7-6160-4341-bf44-3928f5958421
1080,c90f11bc-8e87-4ddd-9c27-b948ce086d03,1080,reaction on fashion!,871,,51,1748270283,847118,4056,1089c6aa-ece6-433a-af6f-2897f5b32ce7
720,c90f11bc-8e87-4ddd-9c27-b948ce086d03,720,challenge on fashion!,1746,100136,65,1750775883,515155,,8e4fd558-2928-451f-a20a-85b4e3748df8
720,c90f11bc-8e87-4ddd-9c27-b948ce086d03,720,reaction on fitness!,2225,411010,117,1748183883,151190,4513,4aef91b8-6b48-4bbb-8b69-df05ded9cb79
720,c90f11bc-8e87-4ddd-9c27-b948ce086d03,1080,reaction on tech!,?,302850,141,1751121483,559673,0.0.0,661dd058-6b4f-4b2c-90ce-88b0db28d82f
1080,06cde06c-f912-46fb-9b14-2154ec810922,720,challenge on tech!,8951,104644,80,1750343883,,2976,df915b6d-fb9d-4a6e-a14b-6e466d2bc200
1080,06cde06c-f912-46fb-9b14-2154ec810922,720,unboxing on food!,2114,192246,98,1752331083,977675,4928,8ca1d13c-cf44-4773-a099-29b4b145f043
1080,06cde06c-f912-46fb-9b14-2154ec810922,720,challenge on tech!,2966,197160,174,1748961483,818867,1800,d1dcec20-4b14-44fd-a9b9-d525e71e69d7
720,06cde06c-f912-46fb-9b14-2154ec810922,720,unboxing on fashion!,7844,480288,115,1750775883,406608,1271,73e48419-3061-455f-8615-f444e6a8058c
1080,06cde06c-f912-46fb-9b14-2154ec810922,1080,challenge on travel!,593,481482,14,1750084683,149693,1796,7daa9cca-2e4e-492b-9923-530aa2b3b154
1080,06cde06c-f912-46fb-9b14-2154ec810922,,review on travel!,,27343,137,1752763083,73076,4353,668f80a2-f1c8-41c1-8435-5ae957f601ac
1080,06cde06c-f912-46fb-9b14-2154ec810922,1080,reaction on beauty!,8965,476612,12,1748011083,934486,740,858b24ac-1bb8-42ef-973c-4cde3efaa9b8
720,06cde06c-f912-46fb-9b14-2154ec810922,720,review on travel!,3468,241933,57,1747924683,768869,2130,2bb24e5c-2984-4f06-b849-e60cdc7baa52
,06cde06c-f912-46fb-9b14-2154ec810922,1080,vlog on fashion!,591,0.0.0,19,1749739083,636926,3077,72218495-030d-475e-bd29-d5c79dbb88b5
1080,06cde06c-f912-46fb-9b14-2154ec810922,720,vlog on travel!,0.0.0,421814,54,1752590283,843324,854,1ba4e615-b10a-49b7-82be-b62a54d9782f
720,06cde06c-f912-46fb-9b14-2154ec810922,1080,vlog on travel!,607,300453,152,1748270283,NaN,4642,dd66fdfd-c855-456d-b90e-94655bc33346
1080,06cde06c-f912-46fb-9b14-2154ec810922,1080,review on travel!,8732,322271,150,1749479883,803789,4029,9e8b4298-f36d-4072-a96a-69134795c413
720,06cde06c-f912-46fb-9b14-2154ec810922,1080,review on travel!,9351,NaN,118,1750171083,742646,2531,b5e117b6-3a0f-4f9c-a8d1-c8ce26b1ee69
1080,06cde06c-f912-46fb-9b14-2154ec810922,1080,vlog on fashion!,313,450721,113,1749652683,669641,2923,6cd68246-7c71-4e66-a30d-99b47675b5cf
1080,06cde06c-f912-46fb-9b14-2154ec810922,1080,challenge on food!,3566,235425,75,1751553483,958455,1420,adc6c16b-c25b-42a7-a395-b56a58ce79c9
1080,06cde06c-f912-46fb-9b14-2154ec810922,720,vlog on tech!,,42291,74,1748615883,515808,1738,0b8b099e-b367-4096-b47d-0127048ab1fd
720,06cde06c-f912-46fb-9b14-2154ec810922,0.0.0,reaction on fitness!,7208,NaN,146,1749911883,66719,0.0.0,2624df2d-2f7c-4f8d-8c21-ee061e88a2ef
1080,06cde06c-f912-46fb-9b14-2154ec810922,720,review on travel!,6687,89181,167,1751035083,722907,3384,24941b59-8132-4c93-b448-04ef9d575544
1080,06cde06c-f912-46fb-9b14-2154ec810922,720,reaction on beauty!,9357,472066,112,1751294283,865196,4143,7187b86b-a6bc-4542-8874-2ee57567ff89
1080,06cde06c-f912-46fb-9b14-2154ec810922,1080,challenge on food!,5537,188024,10,1752676683,581526,4191,666db57c-2036-4097-8fc6-91d680f4913f
720,06cde06c-f912-46fb-9b14-2154ec810922,720,unboxing on tech!,9142,12411,40,1750603083,762107,252,f3ec17a0-4873-4dc1-8f23-94ee794906cb
720,06cde06c-f912-46fb-9b14-2154ec810922,720,vlog on beauty!,4696,295319,139,1751035083,266282,1925,463909cb-029e-4209-9ce7-141810c92776
1080,06cde06c-f912-46fb-9b14-2154ec810922,1080,unboxing on fitness!,7484,376804,37,1749739083,194842,1806,8ad87a3b-3ddf-4dbe-ad98-d7b26a508fd0
720,06cde06c-f912-46fb-9b14-2154ec810922,1080,review on beauty!,NaN,104249,25,1748529483,694186,2296,667708dd-0b8d-4b6e-81a4-a34b1194f47c
1080,06cde06c-f912-46fb-9b14-2154ec810922,1080,challenge on tech!,1353,150569,36,1751899083,838731,4847,acd0745b-cd57-4f79-b9e2-ad8aeb017b01
720,06cde06c-f912-46fb-9b14-2154ec810922,720,challenge on travel!,3722,87551,139,1751726283,223314,3778,e172ab16-f2b9-4c6e-aea7-bf475a1abe7e
1080,06cde06c-f912-46fb-9b14-2154ec810922,720,reaction on fashion!,6733,,25,1748702283,819663,4465,572e45bd-80b8-4c8d-a2d9-d2a2ef9dc54f
720,06cde06c-f912-46fb-9b14-2154ec810922,1080,review on food!,1089,0.0.0,25,1752331083,683396,3677,a86041c3-3a3a-41e4-b65c-0f30403e32f6
1080,06cde06c-f912-46fb-9b14-2154ec810922,720,review on travel!,3513,?,20,1748011083,531575,1850,1e897c14-3943-459f-b4b8-456c835b1ab6
1080,a6b5bfe1-b730-4da1-bc56-404bd6ffc292,?,unboxing on fitness!,951,NaN,124,1750603083,681962,,b5af823c-2781-4b33-8083-8dbf2d2f6e05
720,a6b5bfe1-b730-4da1-bc56-404bd6ffc292,720,challenge on food!,837,160917,133,1751467083,250015,,41650cda-af30-4a84-b45f-27054996d2b7
720,a6b5bfe1-b730-4da1-bc56-404bd6ffc292,720,unboxing on fashion!,4600,152268,69,1748011083,201302,2739,689f3ad4-4647-470e-b98e-2af960b3c1f7
1080,a6b5bfe1-b730-4da1-bc56-404bd6ffc292,1080,challenge on tech!,,210010,151,1748875083,84859,4748,654cd969-40eb-4641-974f-a260e15f6792
720,a6b5bfe1-b730-4da1-bc56-404bd6ffc292,720,review on food!,5559,,132,1749825483,?,775,73df110d-9d5c-4385-befd-a4c402dae7cf
1080,a6b5bfe1-b730-4da1-bc56-404bd6ffc292,?,vlog on fitness!,NaN,360617,55,1752849483,458141,760,a399806e-6105-44d1-a213-6f7d849286b5
1080,a6b5bfe1-b730-4da1-bc56-404bd6ffc292,1080,reaction on travel!,3406,98446,148,1752590283,41860,2041,1594ab34-8b12-4ed7-ab72-9f7d0454c1b4
1080,a6b5bfe1-b730-4da1-bc56-404bd6ffc292,720,challenge on travel!,8890,464321,144,1747924683,499802,349,8269b274-5cac-42de-883e-53712af7e3a1
720,a6b5bfe1-b730-4da1-bc56-404bd6ffc292,1080,reaction on fashion!,,362576,110,1750603083,911903,3343,a65ae75f-1bc6-4516-b45b-e90093f49f59
1080,a6b5bfe1-b730-4da1-bc56-404bd6ffc292,720,unboxing on fashion!,7166,195163,118,1750430283,139651,4710,d2107af5-a3f0-4fdc-896a-fc0ec1ca3c00
1080,a6b5bfe1-b730-4da1-bc56-404bd6ffc292,1080,reaction on tech!,?,266038,108,1750343883,341396,1563,ec41d130-9662-4023-af72-4a45db0765db
1080,a6b5bfe1-b730-4da1-bc56-404bd6ffc292,720,reaction on fashion!,6706,442970,75,1750948683,911039,,905f328a-5915-4674-856e-f77db311e411
720,a6b5bfe1-b730-4da1-bc56-404bd6ffc292,1080,challenge on travel!,?,,145,1748097483,501362,417,0a4687ec-c5fb-444a-920f-6964d39bca00
720,a6b5bfe1-b730-4da1-bc56-404bd6ffc292,720,vlog on travel!,0.0.0,414450,89,1751812683,407380,4765,c99c9199-c924-46c4-95a6-f809ee23e973
1080,a6b5bfe1-b730-4da1-bc56-404bd6ffc292,720,vlog on food!,5820,359683,130,1750430283,82704,2885,f7766427-7b6d-4061-b737-addc6771d184
720,a1eb5f05-feec-4dba-b987-d2c979795be3,1080,unboxing on tech!,1573,?,64,1749393483,247733,3674,f35d4a48-e446-4735-a557-a5b8733a6f08
1080,a1eb5f05-feec-4dba-b987-d2c979795be3,1080,reaction on food!,5508,438819,,1751035083,440215,3206,f4de7dd6-82f8-4bff-9d98-4cbeb42a85b7
720,a1eb5f05-feec-4dba-b987-d2c979795be3,1080,reaction on travel!,610,265544,107,1751812683,588485,118,e7936488-2905-44f7-acce-adeadd25e22b
1080,a1eb5f05-feec-4dba-b987-d2c979795be3,1080,review on travel!,8910,477413,134,1748011083,863378,,c37dca1f-ddf7-460a-b785-2358bba759b1
1080,a1eb5f05-feec-4dba-b987-d2c979795be3,1080,vlog on fitness!,0.0.0,NaN,161,1752590283,146578,908,650221ff-6b38-4f53-abe4-8f77d6228571
720,a1eb5f05-feec-4dba-b987-d2c979795be3,720,challenge on tech!,2635,110279,NaN,1748875083,NaN,3897,f9fde59d-19f0-4860-aadb-e1b21aa0c7e7
720,a1eb5f05-feec-4dba-b987-d2c979795be3,0.0.0,review on food!,4177,349025,143,1752676683,860946,3726,12294cdb-2d8f-455b-916e-aea14adfb0fb
1080,a1eb5f05-feec-4dba-b987-d2c979795be3,720,reaction on travel!,1299,408815,15,1748875083,728914,1814,e622e737-34c3-4f7f-ae4a-c3a76f686093
720,a1eb5f05-feec-4dba-b987-d2c979795be3,1080,reaction on food!,5114,283886,160,1750084683,792777,3406,b7f2a8d8-9d21-4285-ba76-35d8232738c2
720,a1eb5f05-feec-4dba-b987-d2c979795be3,1080,vlog on fitness!,3030,392594,127,1750775883,66123,4457,30bbea9a-85db-4516-926d-5823ab15e27d
1080,a1eb5f05-feec-4dba-b987-d2c979795be3,1080,vlog on fashion!,5374,302627,31,1748443083,677967,4090,3c92e9a1-28dd-430e-8ad2-0aa278f9e185
720,a1eb5f05-feec-4dba-b987-d2c979795be3,720,review on food!,431,461853,169,1748615883,507397,3402,7dcc48a6-f29e-4910-a629-067c0bd86a7f
720,a1eb5f05-feec-4dba-b987-d2c979795be3,720,challenge on beauty!,2768,?,62,1751985483,44806,804,28a5718b-982f-4f1d-8af8-2ba1092006ae
0.0.0,a1eb5f05-feec-4dba-b987-d2c979795be3,1080,unboxing on fitness!,6158,462903,53,1752158283,779179,3391,1cdbcbad-91fe-4647-98b8-cd99a4c9f05f
720,a1eb5f05-feec-4dba-b987-d2c979795be3,1080,unboxing on fitness!,1107,22563,99,1748702283,620319,578,b58d64cb-606f-4a30-9ffb-7b128992d26c
720,a1eb5f05-feec-4dba-b987-d2c979795be3,720,review on fitness!,8790,65367,180,1751121483,225363,2150,6901cf3b-45f4-45d3-86d6-7bbdeead5959
1080,a1eb5f05-feec-4dba-b987-d2c979795be3,?,unboxing on beauty!,9723,249451,84,1749652683,171167,802,4e2f12d1-d53c-4c19-960f-0aeb877a53e4
1080,a1eb5f05-feec-4dba-b987-d2c979795be3,1080,reaction on food!,1100,?,30,1748356683,844114,2790,73b26680-17d1-42db-afa1-040410558369
720,a1eb5f05-feec-4dba-b987-d2c979795be3,1080,unboxing on travel!,7834,331310,71,1751726283,112097,4192,7b610aab-f883-4e32-92e9-1ac5179c12b4
1080,a1eb5f05-feec-4dba-b987-d2c979795be3,1080,challenge on travel!,2577,457041,65,1752071883,587348,4479,65e99994-b150-44da-8ed7-c5d72b102d07
1080,a1eb5f05-feec-4dba-b987-d2c979795be3,1080,vlog on beauty!,,88339,165,1749134283,745734,3025,90b72bdc-f0fd-4d1e-9e27-f45208d9427c
1080,a1eb5f05-feec-4dba-b987-d2c979795be3,1080,vlog on tech!,7861,231171,175,1749479883,361118,91,6694e33a-e499-45cb-8068-70551ea15ad7
1080,a1eb5f05-feec-4dba-b987-d2c979795be3,1080,review on beauty!,256,336931,167,1751812683,995666,,8a2db7e4-b84f-4cfa-a1a7-cc4669a7208b
1080,92017d8e-b50d-474e-b0b4-c729a006d1a8,1080,vlog on travel!,7047,78570,56,1748529483,780035,NaN,92f2f2a2-00d5-4571-a2b2-08ecef7b7150
720,92017d8e-b50d-474e-b0b4-c729a006d1a8,720,reaction on beauty!,6758,327967,84,1752158283,825302,318,b5ddf667-445c-4c31-bbb9-22952dc56cb3
720,92017d8e-b50d-474e-b0b4-c729a006d1a8,1080,review on travel!,4359,338001,24,1752676683,,78,4553b86f-a63c-4198-8ec9-1f9f13e6f663
720,92017d8e-b50d-474e-b0b4-c729a006d1a8,1080,challenge on tech!,696,256336,174,1748875083,271062,2894,ddc749bc-ede1-4e9a-8cc8-74419f3439fd
720,92017d8e-b50d-474e-b0b4-c729a006d1a8,1080,reaction on travel!,313,107660,65,1749998283,431453,3310,bbadb0c9-8e89-453a-8849-64093c6c1185
720,92017d8e-b50d-474e-b0b4-c729a006d1a8,1080,review on travel!,?,,90,1751380683,0.0.0,4847,22a45e94-aacd-4e68-8653-c25b16fbd7e7
720,92017d8e-b50d-474e-b0b4-c729a006d1a8,720,challenge on beauty!,5675,76541,20,1749825483,44842,4634,3cdc23a0-23ff-4107-97a4-bee8304f18d5
1080,92017d8e-b50d-474e-b0b4-c729a006d1a8,720,reaction on travel!,4079,70086,134,1750775883,69153,992,18799a16-fb3d-40ae-9217-5a1572de40dc
1080,92017d8e-b50d-474e-b0b4-c729a006d1a8,720,review on travel!,1073,0.0.0,90,1752244683,771110,310,8c425aa6-43f7-4a82-b2b3-eef35a0b8f74
1080,92017d8e-b50d-474e-b0b4-c729a006d1a8,1080,reaction on fashion!,,196138,163,1749998283,61846,1913,debeb8bd-15f1-4484-b4e9-0704473dd86d
1080,92017d8e-b50d-474e-b0b4-c729a006d1a8,1080,reaction on fashion!,7627,382727,168,1748529483,,1500,772f1401-7eb7-44ba-acbd-d30a1c83cb93
1080,92017d8e-b50d-474e-b0b4-c729a006d1a8,1080,vlog on fashion!,1360,77097,164,1751899083,128009,4335,f72fbca7-04bb-4bdf-a1bf-b6199debda72
1080,92017d8e-b50d-474e-b0b4-c729a006d1a8,NaN,vlog on beauty!,1904,65775,131,1750516683,287888,4320,2d577bff-a0e0-4541-bddd-21adcf6c873d
1080,92017d8e-b50d-474e-b0b4-c729a006d1a8,1080,reaction on beauty!,9246,176476,50,1748356683,286336,3843,1d0649bf-bc6d-4471-907d-6c633ec48d34
720,92017d8e-b50d-474e-b0b4-c729a006d1a8,1080,vlog on food!,1111,85632,45,1751035083,133694,?,3810bdca-ee0a-42ef-bffb-c6b441229c46
720,92017d8e-b50d-474e-b0b4-c729a006d1a8,1080,unboxing on beauty!,9493,343005,154,1752590283,410717,3533,72d240d5-5bc7-4d54-af7e-b93d4cb21c23
1080,92017d8e-b50d-474e-b0b4-c729a006d1a8,720,reaction on tech!,7070,337294,88,1750257483,712033,4890,b2191aed-de59-4d4a-b843-4cd55198f60a
720,92017d8e-b50d-474e-b0b4-c729a006d1a8,1080,vlog on tech!,3457,124914,,1751553483,608945,306,9fe2e80f-9f8c-4161-813e-29118ea7b333
1080,92017d8e-b50d-474e-b0b4-c729a006d1a8,720,unboxing on tech!,877,274516,143,1752158283,565283,2487,fa1ab021-bc1a-4790-a933-5ace29da0e00
1080,544fa41a-0052-4ecb-a1c3-4131f2b8e148,720,review on travel!,4835,27556,158,1748356683,162988,718,f4015b1b-9141-40c6-bf00-de46d488acdd
720,544fa41a-0052-4ecb-a1c3-4131f2b8e148,,vlog on fashion!,6615,300589,159,1749998283,0.0.0,4211,5f220661-bac8-46d2-a8ff-3f2012467d4c
1080,544fa41a-0052-4ecb-a1c3-4131f2b8e148,1080,review on beauty!,448,326420,61,1752417483,396800,1900,5cf9cf50-dcd7-41b3-8cdb-3c8f23a033b3
1080,544fa41a-0052-4ecb-a1c3-4131f2b8e148,1080,challenge on tech!,3887,21426,164,1748875083,233512,2711,87695213-8253-4aa4-b15c-262c794f753a
1080,544fa41a-0052-4ecb-a1c3-4131f2b8e148,1080,unboxing on beauty!,1847,,104,1752849483,72267,2532,268eaa4e-8275-4588-b8ac-12c3f510a09d
1080,544fa41a-0052-4ecb-a1c3-4131f2b8e148,1080,challenge on food!,?,NaN,35,1750603083,73168,4711,bae12956-1fd1-4a51-8b48-abb6c5b9682c
720,544fa41a-0052-4ecb-a1c3-4131f2b8e148,1080,unboxing on fitness!,2910,29920,33,1747838283,327840,762,6757b851-e6fd-42e9-b2ae-f32c5701609c
1080,544fa41a-0052-4ecb-a1c3-4131f2b8e148,720,challenge on beauty!,7103,309125,59,1749220683,719296,3437,a3ba46ad-5325-4040-ad72-e6a41cb4fe5e
1080,544fa41a-0052-4ecb-a1c3-4131f2b8e148,720,unboxing on tech!,680,34857,23,1750689483,644155,2131,b248f2db-e6c5-48f4-a445-81a9e8605bbd
720,544fa41a-0052-4ecb-a1c3-4131f2b8e148,720,unboxing on food!,6252,113849,22,1749911883,915923,459,cb37539e-afaa-4a5d-a24a-de56a8c09e89
1080,544fa41a-0052-4ecb-a1c3-4131f2b8e148,1080,vlog on beauty!,7313,83385,45,1751726283,941345,3745,d0e1fe9d-3a89-4366-915b-d4087b5da01c
1080,544fa41a-0052-4ecb-a1c3-4131f2b8e148,720,vlog on fitness!,,1623,154,1749134283,264535,4936,d610b151-8e71-4dd6-8aec-9576a03306b7
720,544fa41a-0052-4ecb-a1c3-4131f2b8e148,1080,reaction on tech!,,487482,41,1748270283,38165,3754,ab1da7de-06a1-4b18-a7a7-14848f6ecf16
720,544fa41a-0052-4ecb-a1c3-4131f2b8e148,720,challenge on fitness!,1155,,142,1749479883,52518,4302,7ee2473c-305b-473a-9d70-8c48cafa58d1
1080,544fa41a-0052-4ecb-a1c3-4131f2b8e148,1080,reaction on travel!,2936,,,1749566283,689780,2925,5a37e499-c6d2-47c9-b8b1-74dbc7b458fa
720,544fa41a-0052-4ecb-a1c3-4131f2b8e148,720,review on travel!,8955,173910,117,1750171083,936400,4329,23fca758-9e55-43ac-a3d3-15df48e45be7
720,544fa41a-0052-4ecb-a1c3-4131f2b8e148,1080,vlog on tech!,5333,,121,1749998283,386854,2241,bc6eb981-90a5-4df1-9c3f-f7d6fb98afe1
1080,544fa41a-0052-4ecb-a1c3-4131f2b8e148,1080,challenge on beauty!,6307,351508,88,1748615883,485193,4598,a4bb6a47-f1dc-4574-a6dc-4652a074f199
1080,544fa41a-0052-4ecb-a1c3-4131f2b8e148,1080,vlog on beauty!,5768,?,137,1749479883,368095,3020,9e1c6149-9f3b-4221-ba72-a1302aeefdcc
NaN,544fa41a-0052-4ecb-a1c3-4131f2b8e148,1080,vlog on beauty!,8230,444654,130,1750948683,458809,3842,6fbd7174-6c0a-4cd2-9926-ea32dfa12e04
?,544fa41a-0052-4ecb-a1c3-4131f2b8e148,720,reaction on beauty!,NaN,278484,119,1750948683,95746,443,752c4a71-261a-47df-9ab4-3446894ddc90
720,544fa41a-0052-4ecb-a1c3-4131f2b8e148,1080,vlog on fitness!,5858,?,143,1750948683,588273,176,699b7dda-a070-4ac4-b212-e5fe4302006e
1080,544fa41a-0052-4ecb-a1c3-4131f2b8e148,720,unboxing on fitness!,8192,26909,54,1751812683,477242,74,07247bab-89dd-4790-8565-d68d55c66139
720,807cb8a3-7350-4980-a28c-2e51f65ef865,1080,challenge on fitness!,6808,498917,107,1749911883,325101,1619,f7f88a9a-9e95-45d3-85f9-67b84bf71387
720,807cb8a3-7350-4980-a28c-2e51f65ef865,1080,reaction on travel!,1944,122217,66,1751812683,996704,1442,2b025228-fb95-4e90-83d7-3c0989dae49b
720,807cb8a3-7350-4980-a28c-2e51f65ef865,1080,vlog on tech!,6426,327346,172,1749739083,712311,1431,1545d170-7e6f-45f7-91d1-0f8f69d3a097
720,807cb8a3-7350-4980-a28c-2e51f65ef865,720,reaction on fitness!,9373,456943,25,1751812683,278415,512,6f55488f-7606-45b7-9b89-a3e75c2bb701
1080,807cb8a3-7350-4980-a28c-2e51f65ef865,720,review on tech!,9,125863,97,1751553483,385375,1602,9c08a198-5ffd-465b-8b8b-96e6898b1925
1080,807cb8a3-7350-4980-a28c-2e51f65ef865,1080,vlog on fitness!,7333,?,129,1750948683,831773,4295,9ae9d7da-4a23-467d-a079-935062fd8f1d
720,807cb8a3-7350-4980-a28c-2e51f65ef865,1080,reaction on travel!,2495,268684,41,1750689483,,2762,101f3d38-da98-47ee-946f-a5b34785cd02
1080,807cb8a3-7350-4980-a28c-2e51f65ef865,1080,challenge on fitness!,2578,?,31,1749307083,891565,553,9ad836f4-e823-4c92-98d1-03524f1dba0c
1080,807cb8a3-7350-4980-a28c-2e51f65ef865,720,review on fitness!,959,277036,12,1748097483,738386,4578,0ebd55ea-3d52-4692-bf2c-467c5979ad42
1080,807cb8a3-7350-4980-a28c-2e51f65ef865,720,unboxing on fashion!,998,320207,?,1750430283,738168,3910,8e944252-7cf0-4657-a994-528a4226d3be
720,807cb8a3-7350-4980-a28c-2e51f65ef865,720,unboxing on beauty!,NaN,0.0.0,166,1753022283,535896,2118,474342cd-b7e4-45ec-9526-f86d3687622c
1080,807cb8a3-7350-4980-a28c-2e51f65ef865,720,challenge on food!,,130141,114,1751035083,881690,3897,09ae67f8-4dbd-49ce-ba0f-9d92d584edab
720,807cb8a3-7350-4980-a28c-2e51f65ef865,720,unboxing on fitness!,7545,150408,93,1749047883,412783,3498,87491fa2-7ea3-4d16-9379-6d8322a46beb
1080,807cb8a3-7350-4980-a28c-2e51f65ef865,720,reaction on fitness!,9756,295835,131,1750862283,542615,2448,3c255a86-2eab-442d-8110-163923ca23b6
720,807cb8a3-7350-4980-a28c-2e51f65ef865,720,unboxing on beauty!,4057,480343,159,1747924683,9711,2379,47479c0e-3737-455e-8995-2cbb102b4b5d
1080,807cb8a3-7350-4980-a28c-2e51f65ef865,1080,vlog on travel!,NaN,316226,85,1751812683,,190,3bb23afe-56fc-41d2-abd1-ca4be579a751
1080,807cb8a3-7350-4980-a28c-2e51f65ef865,720,challenge on travel!,525,210002,132,1752158283,104157,2321,60054191-a740-42aa-8446-94977f187ef4
1080,807cb8a3-7350-4980-a28c-2e51f65ef865,720,vlog on travel!,4313,8675,10,1747924683,688764,2988,ab53837b-6f29-4a01-af96-4a9e07a5b6ac
1080,79ffb303-779d-45c3-941a-d3bfaef650a0,1080,vlog on beauty!,7211,?,127,1750171083,411636,494,4fa311d6-ecbe-4094-b1b9-3525d96507d5
720,79ffb303-779d-45c3-941a-d3bfaef650a0,720,challenge on travel!,3336,322463,NaN,1751985483,?,3327,467f7fb2-ed17-4964-aa9a-e3612bb695a5
1080,79ffb303-779d-45c3-941a-d3bfaef650a0,720,vlog on tech!,9395,221817,36,1750084683,524066,2518,1cbabdb9-7956-4a38-9fae-12f3deac39fd
720,79ffb303-779d-45c3-941a-d3bfaef650a0,720,challenge on tech!,6081,3571,177,1748443083,434439,4610,e17e01fb-0aeb-461d-badb-6298e8c44a82
720,79ffb303-779d-45c3-941a-d3bfaef650a0,720,reaction on food!,2002,20192,142,1751553483,906183,2133,95ebf0d5-e7ab-49b9-895c-37eae9de69f5
1080,79ffb303-779d-45c3-941a-d3bfaef650a0,1080,vlog on tech!,3552,204159,38,1750516683,104257,1090,c741b88b-eefa-41a4-ae5c-9e0bea19fbc7
720,79ffb303-779d-45c3-941a-d3bfaef650a0,720,challenge on travel!,7835,49820,148,1752590283,674340,2106,b635218d-fff7-47af-a3c7-13938d15de53
720,79ffb303-779d-45c3-941a-d3bfaef650a0,1080,review on food!,2776,52800,156,1753022283,160035,NaN,add6765d-ea76-4d2d-951b-d023f12df1cd
1080,79ffb303-779d-45c3-941a-d3bfaef650a0,1080,challenge on fashion!,,437886,133,1751726283,728604,1452,f1b6435d-7330-494f-9e27-4f0c564f4d2b
720,79ffb303-779d-45c3-941a-d3bfaef650a0,1080,unboxing on tech!,0.0.0,?,36,1751553483,486947,2767,987d5651-191b-46df-9d07-5fe889ee647c
720,79ffb303-779d-45c3-941a-d3bfaef650a0,720,vlog on tech!,3174,187534,,1752244683,980765,3997,65226da3-21b0-4f6c-972b-bd3dec5e9864
1080,79ffb303-779d-45c3-941a-d3bfaef650a0,,vlog on beauty!,8956,48060,61,1752503883,0.0.0,,3d78f8a4-3931-4524-81a9-252f764073af
720,79ffb303-779d-45c3-941a-d3bfaef650a0,720,unboxing on beauty!,NaN,NaN,40,1748788683,421054,NaN,e08afcfe-952e-4b39-a36f-0f4b1788ec4d
1080,79ffb303-779d-45c3-941a-d3bfaef650a0,720,challenge on tech!,8553,458360,83,1749307083,359491,2391,ebb7d36e-aa98-4df0-94d3-7c2adb582000
1080,79ffb303-779d-45c3-941a-d3bfaef650a0,720,review on food!,1310,283525,20,1749739083,223779,13,b8d8ce24-bd2d-4208-a660-7d0ce274f685
720,79ffb303-779d-45c3-941a-d3bfaef650a0,720,challenge on fitness!,1541,,94,1752676683,604901,0.0.0,1ba66c83-93ab-4b4e-a58d-c9d7fb91ef97
720,79ffb303-779d-45c3-941a-d3bfaef650a0,720,vlog on food!,1495,283546,174,1747838283,?,785,6adbf80d-8ef1-4e41-98ca-c03d03458acf
1080,79ffb303-779d-45c3-941a-d3bfaef650a0,720,challenge on food!,9168,213868,92,1750430283,191918,,c856860b-4441-4f73-ba35-ed8a8ebdf14d
720,79ffb303-779d-45c3-941a-d3bfaef650a0,720,challenge on travel!,5662,262495,36,1750343883,728766,4070,19ba023e-c66f-4856-9be9-414cc01e045e
1080,79ffb303-779d-45c3-941a-d3bfaef650a0,720,review on food!,9377,450796,15,1752935883,808196,4600,5dbdad4b-f856-4bfb-b1ae-cc5a7a3624ef
720,79ffb303-779d-45c3-941a-d3bfaef650a0,1080,challenge on travel!,8882,490919,132,1752071883,257194,2740,44c55fa9-9b76-4909-b340-84259ca2648c
720,79ffb303-779d-45c3-941a-d3bfaef650a0,1080,reaction on tech!,,0.0.0,28,1752590283,443409,4299,bfd60055-17f2-4b31-a61c-123bdae3d58c
720,79ffb303-779d-45c3-941a-d3bfaef650a0,1080,challenge on travel!,3867,100969,160,1750084683,440448,1336,2052a499-c0d9-4190-b3d3-eb0d9429ec65
1080,79ffb303-779d-45c3-941a-d3bfaef650a0,1080,reaction on travel!,2524,?,123,1748615883,646645,4602,81ee3f07-e687-419a-93d0-f1afa15a75a3
720,79ffb303-779d-45c3-941a-d3bfaef650a0,720,reaction on beauty!,4147,317908,94,1750084683,668253,3443,d4dd48ac-bade-47b3-b4b1-2c29433aa4a9
720,79ffb303-779d-45c3-941a-d3bfaef650a0,1080,vlog on fashion!,7692,275827,84,1749134283,426603,2989,c9ca9fb9-e7ba-43de-9d83-3ec1e2374e92
1080,79ffb303-779d-45c3-941a-d3bfaef650a0,1080,vlog on travel!,4424,107324,142,1751899083,154548,904,83533136-f7bd-45de-b608-786bba3e75a0
720,1a698c3a-399b-4072-8ce8-0c3bb90e3ba7,,reaction on food!,7472,303561,107,1752503883,396119,4420,b4a4c62b-e029-442e-8ec9-5367b6955759
720,1a698c3a-399b-4072-8ce8-0c3bb90e3ba7,1080,review on food!,2306,424345,35,1750257483,NaN,1425,181438fb-b975-4f76-abdf-45971bec7224
720,1a698c3a-399b-4072-8ce8-0c3bb90e3ba7,1080,challenge on beauty!,,,76,1751985483,507325,3015,6fdb23b0-c473-43bb-90b8-18693c05e50a
1080,1a698c3a-399b-4072-8ce8-0c3bb90e3ba7,720,reaction on beauty!,7653,293554,84,1751035083,250070,3231,be46603e-ca4d-4aec-b790-53dc7f5175a4
720,1a698c3a-399b-4072-8ce8-0c3bb90e3ba7,1080,unboxing on food!,6777,443828,22,1751035083,619480,1455,84519884-be66-4093-80cb-2d0e57a7cf47
1080,1a698c3a-399b-4072-8ce8-0c3bb90e3ba7,720,review on beauty!,4178,,41,1752417483,341228,1689,e5809a1e-772f-41fd-bf72-9ad091593f7e
720,1a698c3a-399b-4072-8ce8-0c3bb90e3ba7,720,reaction on food!,7983,NaN,69,1751380683,787243,1575,6d6b258a-1595-475b-818a-dfdb9332da12
720,1a698c3a-399b-4072-8ce8-0c3bb90e3ba7,720,challenge on travel!,314,215672,?,1748443083,611254,4812,c05d5abf-469a-4b68-ab1c-91162a835d95
1080,1a698c3a-399b-4072-8ce8-0c3bb90e3ba7,720,challenge on tech!,863,112488,111,1752244683,766591,4263,d2972a75-3333-4c0f-877c-f3e8cdc26536
NaN,1a698c3a-399b-4072-8ce8-0c3bb90e3ba7,1080,review on travel!,7853,152840,80,1751207883,598001,3374,6aec4dd9-4621-4b7f-9c46-7d70606492ba
1080,1a698c3a-399b-4072-8ce8-0c3bb90e3ba7,720,vlog on food!,7402,0.0.0,114,1751207883,561747,2087,280dd7ed-c313-490f-a502-e15599cd1def
1080,,1080,challenge on food!,8953,0.0.0,84,1750343883,46181,2699,9213b6ff-4fd3-41e9-88ae-bed4b9e1aaf8
720,1a698c3a-399b-4072-8ce8-0c3bb90e3ba7,720,unboxing on beauty!,5824,153772,168,1748788683,922533,3902,0ea8c395-08fe-4d54-895b-e2a109a40fc8
720,1a698c3a-399b-4072-8ce8-0c3bb90e3ba7,1080,challenge on fitness!,895,37436,117,1749825483,357082,1130,ac891e0f-650c-4848-ac0b-c38311819425
720,1a698c3a-399b-4072-8ce8-0c3bb90e3ba7,1080,vlog on travel!,5656,223100,60,1748183883,560701,0.0.0,6d447681-6e72-4903-a166-caa3c7d2bee3
720,1a698c3a-399b-4072-8ce8-0c3bb90e3ba7,1080,unboxing on travel!,9988,429510,167,1749566283,455177,3435,3797c63e-7cf6-46e6-940a-7cc6cf295117
720,1a698c3a-399b-4072-8ce8-0c3bb90e3ba7,720,challenge on fashion!,559,445067,60,1751207883,634639,228,796a3aca-dfae-4b15-a72b-7006e628f6ef
720,1a698c3a-399b-4072-8ce8-0c3bb90e3ba7,0.0.0,challenge on fashion!,8075,298472,77,1750948683,148836,4157,a35c52ee-3706-4a38-ad4d-8ac8cdac9b35
720,1a698c3a-399b-4072-8ce8-0c3bb90e3ba7,720,unboxing on beauty!,6933,28774,0.0.0,1751985483,334479,1768,f00b273d-fc74-44ea-83c0-e55eea55ebe6
720,1a698c3a-399b-4072-8ce8-0c3bb90e3ba7,1080,vlog on fashion!,NaN,496958,73,1750171083,654534,2997,561e3e88-af72-4430-816e-f342e9de4e6e
720,1a698c3a-399b-4072-8ce8-0c3bb90e3ba7,1080,challenge on beauty!,1085,312599,97,1750862283,464621,1793,aedd0e48-6be0-4f45-901c-010d19191097
1080,1a698c3a-399b-4072-8ce8-0c3bb90e3ba7,1080,reaction on fashion!,2776,462413,153,1751899083,281453,3517,b505ca88-f78b-4920-bb41-08b31257b656
1080,1a698c3a-399b-4072-8ce8-0c3bb90e3ba7,720,unboxing on fashion!,1698,285916,67,1750862283,NaN,3073,3f133129-6d5e-4956-ab75-e5b24ab019ab
720,1a698c3a-399b-4072-8ce8-0c3bb90e3ba7,1080,reaction on fitness!,5883,488682,77,1749220683,853965,1921,9fa44ced-60ed-4bf5-ad6a-97d1888c4b3f
720,1a698c3a-399b-4072-8ce8-0c3bb90e3ba7,720,review on beauty!,3827,55299,10,1748183883,324785,1963,955cfecd-3443-4158-9cd3-063b3065ee73
,1a698c3a-399b-4072-8ce8-0c3bb90e3ba7,720,vlog on fitness!,5970,226900,136,1750084683,319867,4632,926e2e99-8e2c-4773-afaa-6294bc0d1fca
720,1a698c3a-399b-4072-8ce8-0c3bb90e3ba7,720,unboxing on food!,604,,178,1748875083,,3285,497d0049-6fcf-4732-a172-ab3ecd9869c5
1080,1a698c3a-399b-4072-8ce8-0c3bb90e3ba7,720,review on travel!,NaN,284559,20,1747924683,313833,3386,1b0b7576-2744-4b67-bcf7-7285bc30c15b
1080,1a698c3a-399b-4072-8ce8-0c3bb90e3ba7,1080,reaction on food!,9996,411632,28,1749307083,62277,393,761f580e-d461-4b31-a66b-d6e4d239dda8
720,1a698c3a-399b-4072-8ce8-0c3bb90e3ba7,720,vlog on fashion!,8364,273095,20,1752417483,806811,1987,5f5ecd02-e4cc-4833-8c53-540ff4ef3319
1080,3059f5f8-eff3-4139-9bfc-ce378559d80b,720,challenge on beauty!,1506,66009,64,1749825483,NaN,,a0b58d93-5606-4c5c-a0db-e0643b9ec91e
720,3059f5f8-eff3-4139-9bfc-ce378559d80b,1080,vlog on tech!,4116,300327,53,1752158283,244572,1521,ee6c6c16-7bca-47d3-9925-f3ca3602fae6
,3059f5f8-eff3-4139-9bfc-ce378559d80b,720,review on travel!,453,17859,175,1749220683,135444,750,6926bc67-3bcb-441a-8a1b-4f8c9c6c5b41
720,3059f5f8-eff3-4139-9bfc-ce378559d80b,720,reaction on travel!,7040,149777,107,1751985483,755671,3460,c19cefb7-99b5-4432-838e-0b0b838af482
720,3059f5f8-eff3-4139-9bfc-ce378559d80b,1080,unboxing on fitness!,1466,70715,34,1751639883,72803,4439,3852f39f-c473-41f2-bb94-603d53d90d4d
720,3059f5f8-eff3-4139-9bfc-ce378559d80b,1080,challenge on tech!,,20981,125,1752417483,917326,812,b29ca5b2-e79b-45d3-b0eb-2cf6aac055ee
,3059f5f8-eff3-4139-9bfc-ce378559d80b,1080,challenge on travel!,2174,129601,117,1751467083,341435,2331,affe8a2f-c5a9-454d-8a02-cedafce6cf7c
1080,3059f5f8-eff3-4139-9bfc-ce378559d80b,1080,review on fitness!,4077,488115,90,1749220683,746734,0.0.0,0cdfbcc9-ff7f-43ee-a7ec-130dcb416987
1080,3059f5f8-eff3-4139-9bfc-ce378559d80b,1080,review on fitness!,3014,304160,,1750948683,579529,1385,49738df3-eef0-494e-953d-213fb5812952
720,3059f5f8-eff3-4139-9bfc-ce378559d80b,720,challenge on tech!,5722,351098,34,1751294283,102445,4627,1e3a224d-e855-43bf-9461-c5cfc38516e7
1080,3059f5f8-eff3-4139-9bfc-ce378559d80b,1080,challenge on food!,185,234435,94,1749393483,827901,905,781178d7-d02d-48b7-a0b6-bc5dd04a5153
1080,3059f5f8-eff3-4139-9bfc-ce378559d80b,720,reaction on travel!,5225,353548,61,1749652683,563966,1487,7f67f7a1-3627-45e7-8eb3-df27db78ec32
720,3059f5f8-eff3-4139-9bfc-ce378559d80b,1080,review on beauty!,7942,,64,1752417483,487813,?,41a6fc55-5a9c-48c1-ae53-4a7115e7e06e
720,3059f5f8-eff3-4139-9bfc-ce378559d80b,720,challenge on fashion!,9020,369568,128,1749047883,498259,NaN,d539bd70-c585-4924-ae96-3aa4aafcc368
1080,3059f5f8-eff3-4139-9bfc-ce378559d80b,1080,vlog on food!,1870,198663,106,1748011083,240037,3352,563d550e-9465-4b38-bbaf-0757fcfdf40f
1080,3059f5f8-eff3-4139-9bfc-ce378559d80b,720,vlog on beauty!,5758,117894,0.0.0,1749479883,314084,2410,e3add9ec-df25-4d9b-ac0d-09d472041bb1
1080,3059f5f8-eff3-4139-9bfc-ce378559d80b,720,vlog on food!,886,262785,106,1750430283,202716,3529,68093afb-b32e-4989-925e-8a0be67e8290
1080,3059f5f8-eff3-4139-9bfc-ce378559d80b,720,review on tech!,6706,71057,77,1752590283,0.0.0,2409,e4127700-5bc9-43fc-8b95-887164d7f181
1080,3059f5f8-eff3-4139-9bfc-ce378559d80b,720,challenge on beauty!,804,124071,159,1751899083,566114,220,5bff96d6-97d1-4997-9638-cd9d1932f254
720,3059f5f8-eff3-4139-9bfc-ce378559d80b,1080,vlog on beauty!,NaN,0.0.0,29,1749739083,9813,3560,2b486a18-605e-4c7b-832a-db042055a004
1080,3059f5f8-eff3-4139-9bfc-ce378559d80b,720,review on beauty!,6514,428335,138,1747924683,554509,1126,4de40675-cd28-4c7c-9f33-09d6f8f14462
720,671dc9c6-ac46-41d9-88d4-5cf8baa2d929,1080,vlog on food!,6999,272731,171,1749739083,807588,874,522618af-02de-4f05-a6c9-b4053cbf902d
1080,671dc9c6-ac46-41d9-88d4-5cf8baa2d929,1080,vlog on beauty!,7320,20397,25,1750084683,821981,1468,bce72e8c-b920-4cb5-a6df-693309502dd0
720,671dc9c6-ac46-41d9-88d4-5cf8baa2d929,1080,unboxing on travel!,8976,308928,159,1749307083,643360,387,2002fc7c-3fa6-4f24-912a-7d18354ddaf1
1080,671dc9c6-ac46-41d9-88d4-5cf8baa2d929,1080,vlog on tech!,4718,264034,151,1751380683,316541,3660,8cfa4d2e-e7c9-463b-8be1-6eeabf45b509
1080,671dc9c6-ac46-41d9-88d4-5cf8baa2d929,1080,challenge on beauty!,4395,444031,124,1751035083,474266,1697,9a3aa002-b65f-4d29-bdd1-7467c501ce30
720,671dc9c6-ac46-41d9-88d4-5cf8baa2d929,720,review on fashion!,NaN,111176,33,1748788683,316706,4356,75f5859b-01fe-493a-97cf-ce69852fc297
720,671dc9c6-ac46-41d9-88d4-5cf8baa2d929,1080,vlog on food!,5043,305336,12,1748529483,346166,4363,9420a434-bd0d-4b2a-9247-804880f27b82
720,671dc9c6-ac46-41d9-88d4-5cf8baa2d929,720,unboxing on beauty!,4613,362817,72,1748615883,508393,3508,56bb0396-c133-42d0-8ac3-3a82c553b887
720,671dc9c6-ac46-41d9-88d4-5cf8baa2d929,720,review on tech!,7273,379932,79,1751294283,0.0.0,251,61b4455c-8a32-44f3-85c2-b55016bb9cf8
1080,671dc9c6-ac46-41d9-88d4-5cf8baa2d929,1080,vlog on fitness!,?,328305,166,1748615883,259815,3613,149ef308-9f0c-4733-8fd4-67e13a1468a1
720,671dc9c6-ac46-41d9-88d4-5cf8baa2d929,,unboxing on food!,9002,,45,1749825483,?,NaN,c2e4232b-eb25-453b-8812-3f7abe9fca89
1080,671dc9c6-ac46-41d9-88d4-5cf8baa2d929,720,reaction on fashion!,2997,432128,90,1751899083,569211,99,f80c62d5-04af-4fdd-b060-9a37cbbbdc26
720,671dc9c6-ac46-41d9-88d4-5cf8baa2d929,720,challenge on tech!,,424964,0.0.0,1750862283,640464,1481,2a97c2ee-3a49-4b77-811f-8205b312d0e0
1080,671dc9c6-ac46-41d9-88d4-5cf8baa2d929,1080,unboxing on travel!,6443,,17,1749652683,34966,?,ba49c397-6826-4203-896b-c405563a4f44
0.0.0,671dc9c6-ac46-41d9-88d4-5cf8baa2d929,720,challenge on fitness!,9991,482205,50,1752331083,619866,4382,13de52d6-c62b-40d1-9bef-0b63aadc3972
720,671dc9c6-ac46-41d9-88d4-5cf8baa2d929,720,vlog on food!,2368,146861,152,1753022283,0.0.0,1490,370f9715-857b-4d2b-92b5-0e160bf68d24
720,671dc9c6-ac46-41d9-88d4-5cf8baa2d929,720,challenge on travel!,9402,413058,110,1749134283,943636,2778,40334b23-4c9d-483c-ac93-8d188e0432f5
1080,671dc9c6-ac46-41d9-88d4-5cf8baa2d929,720,challenge on beauty!,6343,384975,111,1751726283,666110,?,7c0e4dd7-2b63-436b-a731-2ee67f3d51ed
720,671dc9c6-ac46-41d9-88d4-5cf8baa2d929,720,challenge on fitness!,762,433104,71,1747838283,NaN,1415,4f0f31b7-e5e8-4d39-a34f-87573c28c968
720,671dc9c6-ac46-41d9-88d4-5cf8baa2d929,720,challenge on fashion!,,326996,59,1748443083,270773,4957,cd11f320-d3c6-4aaf-b887-cbc29ed54f22
1080,671dc9c6-ac46-41d9-88d4-5cf8baa2d929,720,challenge on travel!,5964,?,56,1749307083,441828,,bc41bd6e-4d42-44cf-8214-fc808da6a2e3
720,671dc9c6-ac46-41d9-88d4-5cf8baa2d929,720,vlog on travel!,4443,154123,153,1749047883,602544,530,98ea39a3-12f8-44f8-abfe-1c1bdd2f63da
720,671dc9c6-ac46-41d9-88d4-5cf8baa2d929,720,review on travel!,984,NaN,NaN,1752676683,570090,815,22074cae-6558-4ee6-ba06-1651715d6082
1080,671dc9c6-ac46-41d9-88d4-5cf8baa2d929,0.0.0,review on food!,2979,,118,1751121483,445948,2010,778deea3-429d-4e23-aebe-03a1ad09528e
720,671dc9c6-ac46-41d9-88d4-5cf8baa2d929,720,challenge on travel!,2047,33651,89,1752763083,119536,1914,f17621b7-8a9d-4764-b462-da1051b6b21a
1080,671dc9c6-ac46-41d9-88d4-5cf8baa2d929,720,challenge on tech!,5989,400495,139,1748875083,982785,,0f21e770-6c75-41cb-b578-b27ce7e887a1
720,671dc9c6-ac46-41d9-88d4-5cf8baa2d929,,challenge on fashion!,3068,,116,1749220683,538098,3238,5073f947-e1ac-4d1b-8436-ba3683ec88a3
720,671dc9c6-ac46-41d9-88d4-5cf8baa2d929,720,unboxing on travel!,9576,4547,29,1751726283,859293,35,f13b13cd-4104-47e5-bb01-2bdd41eb474b
720,671dc9c6-ac46-41d9-88d4-5cf8baa2d929,,challenge on beauty!,2156,357940,152,1750084683,215228,1902,ba2357bb-f880-445e-85d1-1467b5fc9874
1080,cd55280d-1c87-418a-858a-d835666acdaf,720,unboxing on beauty!,6077,305920,132,1751553483,994801,3820,4f9a2159-169a-402a-beff-8b6d9fe0b08c
720,cd55280d-1c87-418a-858a-d835666acdaf,1080,challenge on fitness!,4567,164446,67,1750689483,865404,124,f64b399f-25b2-455f-8999-4a09a60a14d9
720,cd55280d-1c87-418a-858a-d835666acdaf,720,vlog on travel!,2454,16388,26,1748443083,NaN,4265,7cbbc30e-3711-4714-acb6-54af2c2ad33b
1080,cd55280d-1c87-418a-858a-d835666acdaf,1080,reaction on beauty!,1114,295835,74,1752331083,105099,3046,572e0c32-e3cd-469f-9f49-30785827e292
1080,cd55280d-1c87-418a-858a-d835666acdaf,720,vlog on food!,6601,,,1751121483,260846,4261,4bacf364-93c3-43ad-806e-e719076700e0
1080,cd55280d-1c87-418a-858a-d835666acdaf,1080,reaction on fashion!,721,373622,10,1748270283,805258,937,0494da8e-396f-4983-b618-79ede9bcff6e
720,cd55280d-1c87-418a-858a-d835666acdaf,720,review on fashion!,7628,356405,113,1751812683,938987,1055,8c14300c-a29b-455e-9f2c-efe6e31993f4
720,cd55280d-1c87-418a-858a-d835666acdaf,1080,reaction on beauty!,3850,212086,28,1749134283,?,1621,49b6bae3-acba-4482-a546-054ddc6277f6
720,cd55280d-1c87-418a-858a-d835666acdaf,720,review on beauty!,1492,201488,154,1748961483,556873,371,42b66890-bf76-44a9-9124-f1633ee92efa
720,cd55280d-1c87-418a-858a-d835666acdaf,720,review on fitness!,2241,,42,1748443083,?,4473,d21889a9-1e22-462a-b163-eec5ca8bad26
1080,cd55280d-1c87-418a-858a-d835666acdaf,1080,unboxing on food!,,137147,?,1748270283,62242,,fba087c9-f300-4eab-8991-b60551226548
1080,cd55280d-1c87-418a-858a-d835666acdaf,1080,review on beauty!,1800,29486,127,1749479883,103114,1447,51b4dd18-544f-4d3c-b0fa-4dc479a81352
720,cd55280d-1c87-418a-858a-d835666acdaf,1080,review on fashion!,9805,144818,75,1751121483,223636,,5afdd94a-6349-4892-b777-7e0787b99508
720,cd55280d-1c87-418a-858a-d835666acdaf,720,vlog on fitness!,3212,285310,127,1752071883,17320,4065,1cff0161-1375-4b5c-9710-87c795917417
1080,cd55280d-1c87-418a-858a-d835666acdaf,720,vlog on travel!,1708,288171,62,1748356683,625128,1688,0ef27c47-a8dc-4062-a8bb-226cb8d567d2
1080,cd55280d-1c87-418a-858a-d835666acdaf,1080,reaction on fitness!,3300,296360,92,1752763083,792945,4561,f5cc1728-9723-47b9-931c-7f22226fb24e
1080,cd55280d-1c87-418a-858a-d835666acdaf,720,challenge on food!,?,375261,101,1749479883,939832,,b6c17a0f-7db6-4129-b8b2-8d1428226a72
1080,cd55280d-1c87-418a-858a-d835666acdaf,720,vlog on tech!,1158,198291,117,1752503883,838197,1614,183bde6b-a575-4c05-b38d-b3d2466a6ca3
1080,cd55280d-1c87-418a-858a-d835666acdaf,1080,review on fashion!,NaN,298519,142,1749911883,266988,1955,a59d8d20-93dc-4a59-9f96-0b45bf6e1748
1080,cd55280d-1c87-418a-858a-d835666acdaf,NaN,unboxing on tech!,2817,290718,119,1750430283,725842,144,c3717c20-7d90-439a-8122-7b2fa1201881
720,cd55280d-1c87-418a-858a-d835666acdaf,720,unboxing on fashion!,9161,304936,81,1749911883,244308,3340,fb5d3d9a-5d2d-47cd-816e-556073a35d8d
720,cd55280d-1c87-418a-858a-d835666acdaf,720,reaction on travel!,5918,422092,95,1747924683,155376,3620,1b08e2eb-c4cd-4a7e-84d5-350b5e2d5597
1080,cd55280d-1c87-418a-858a-d835666acdaf,720,reaction on fashion!,0.0.0,,162,1748183883,616989,1093,3ef88b63-349e-45d0-b644-7191a58eb19f
720,cd55280d-1c87-418a-858a-d835666acdaf,720,challenge on tech!,6684,131807,112,1752590283,959278,1753,7708d04d-eca4-4747-87fa-888e176a4ece
720,cd55280d-1c87-418a-858a-d835666acdaf,,vlog on fashion!,2421,161138,68,1748702283,325076,2331,afdf6b6a-7589-44cf-9a54-cb049fae7331
720,cd55280d-1c87-418a-858a-d835666acdaf,720,unboxing on fitness!,,222831,110,1751207883,677058,3726,c2026263-fd2d-476e-955a-104ed449c05b
1080,1ccf23b6-6810-4f84-b4a1-c6361b147c68,1080,challenge on fitness!,6270,406424,86,1751553483,985038,1330,95e22864-f57c-49da-a4a3-19c410af5f21
1080,1ccf23b6-6810-4f84-b4a1-c6361b147c68,1080,unboxing on tech!,1114,455520,108,1752590283,NaN,3237,8b05faf4-f51d-47b7-8d63-244f9c491f76
1080,1ccf23b6-6810-4f84-b4a1-c6361b147c68,720,vlog on travel!,1715,,71,1752417483,146548,1294,97641585-34ec-44e1-9645-0f80f3b20085
NaN,1ccf23b6-6810-4f84-b4a1-c6361b147c68,720,unboxing on fitness!,7267,89360,175,1751812683,611309,321,ddd28fff-db2f-46be-878e-2099fda6926a
1080,1ccf23b6-6810-4f84-b4a1-c6361b147c68,720,reaction on beauty!,9725,267037,80,1749307083,956867,2737,bdbe3288-ac00-4d11-9467-fc4eee12cb5d
1080,1ccf23b6-6810-4f84-b4a1-c6361b147c68,720,review on fitness!,1487,NaN,155,1752676683,,3222,a248bb3f-7b2c-4f2c-bd63-479faabb15c5
1080,1ccf23b6-6810-4f84-b4a1-c6361b147c68,720,challenge on fitness!,6443,201699,98,1749739083,220496,554,c6a48424-cd12-4d6c-b8ea-4689d88c902f
720,1ccf23b6-6810-4f84-b4a1-c6361b147c68,1080,challenge on fashion!,5670,75371,NaN,1750775883,462582,920,f74670ce-938f-41a8-b74b-b400607e7489
1080,1ccf23b6-6810-4f84-b4a1-c6361b147c68,720,challenge on fitness!,2837,178635,22,1752590283,562481,1323,9b2129c9-02d4-4983-b57f-4d0aa68f1093
1080,1ccf23b6-6810-4f84-b4a1-c6361b147c68,1080,review on tech!,2234,176828,159,1749307083,54219,1493,8f58c491-f8d2-460c-bd2d-74c3d29f7302
720,1ccf23b6-6810-4f84-b4a1-c6361b147c68,720,reaction on travel!,3231,,?,1751207883,820818,672,47387424-7825-4d58-aa10-f67cbb27245e
720,1ccf23b6-6810-4f84-b4a1-c6361b147c68,,review on tech!,8654,121393,57,1752849483,?,763,4aa90fad-b65a-40df-a4f3-b9b5fc99c302
720,1ccf23b6-6810-4f84-b4a1-c6361b147c68,720,review on beauty!,1487,167771,123,1752158283,415224,1996,146c8ec9-0e1c-4568-b80e-9cf8499c0fb1
1080,1ccf23b6-6810-4f84-b4a1-c6361b147c68,1080,review on food!,483,216191,167,1750516683,NaN,0.0.0,ec81e3b9-04c0-4981-acbe-7f9ca3b40d5f
720,1ccf23b6-6810-4f84-b4a1-c6361b147c68,720,unboxing on tech!,8421,371858,29,1749998283,NaN,770,627d83b7-8da5-4b94-b4c7-3c4ab9ff5022
720,1ccf23b6-6810-4f84-b4a1-c6361b147c68,720,vlog on fitness!,1536,276682,170,1751380683,849436,2442,cd43ce5c-0cb9-4eb1-a4bc-2a16ae0c9ed1
720,1ccf23b6-6810-4f84-b4a1-c6361b147c68,1080,challenge on beauty!,3236,,105,1751639883,936709,,2e612cf7-4f47-44c1-aec2-4b7ceb5a2afb
1080,41ffcaab-b839-4a35-8bfc-9f9b741c4353,720,challenge on food!,0.0.0,322161,0.0.0,1749566283,523716,226,7ba5d2f4-aafc-453b-9f3d-287d9df6b284
720,41ffcaab-b839-4a35-8bfc-9f9b741c4353,1080,unboxing on fitness!,6739,398783,58,,93410,4700,b6554f56-dc50-49a9-97b8-b918e404b0cc
720,41ffcaab-b839-4a35-8bfc-9f9b741c4353,720,reaction on tech!,?,13322,179,1751380683,859619,2849,aa8ffdd0-5781-4f08-a204-300df7b2238e
1080,41ffcaab-b839-4a35-8bfc-9f9b741c4353,720,reaction on tech!,9677,60045,62,1748356683,814676,,8bcbe107-756b-4579-a9b0-386e5746b63d
1080,41ffcaab-b839-4a35-8bfc-9f9b741c4353,1080,challenge on fitness!,9143,213663,141,1749307083,758555,297,febe7cc2-5e6d-4dd6-9f57-3bf15f82fdaa
720,41ffcaab-b839-4a35-8bfc-9f9b741c4353,720,unboxing on beauty!,6333,466968,94,1750689483,321715,1695,a5670042-1350-4d0f-859b-07e92fec33ec
720,41ffcaab-b839-4a35-8bfc-9f9b741c4353,1080,review on beauty!,4267,212572,103,,216168,3363,35d5e706-0708-4406-839e-cbed841ef516
720,41ffcaab-b839-4a35-8bfc-9f9b741c4353,720,reaction on travel!,NaN,398653,92,1749479883,611571,NaN,a9070817-eb64-4621-bdbf-74f9f8a2b20c
1080,41ffcaab-b839-4a35-8bfc-9f9b741c4353,720,challenge on tech!,,434442,112,1749479883,403101,1074,619eabca-779f-4fa5-becd-79c5fddc7eec
1080,41ffcaab-b839-4a35-8bfc-9f9b741c4353,1080,reaction on food!,4553,94173,49,1751294283,450176,3907,9124e49b-e08f-4d18-9bf6-7a8e64ca8beb
720,41ffcaab-b839-4a35-8bfc-9f9b741c4353,1080,reaction on food!,7101,,120,1748702283,664410,1101,c4740569-25ea-4185-acda-5f437674055c
1080,41ffcaab-b839-4a35-8bfc-9f9b741c4353,,review on food!,8553,185153,107,1749739083,66674,787,d9dc1af3-6663-490e-9b35-bda8fab19084
720,41ffcaab-b839-4a35-8bfc-9f9b741c4353,720,unboxing on travel!,2108,366920,134,1751726283,452642,2311,7359ced5-618a-4e0d-b7f1-9bac4fbb551a
720,41ffcaab-b839-4a35-8bfc-9f9b741c4353,1080,reaction on beauty!,?,278025,93,1748356683,695615,4475,1721265a-3d71-45a3-ab3b-e2a68473c887
1080,41ffcaab-b839-4a35-8bfc-9f9b741c4353,720,unboxing on food!,3702,159608,67,1749134283,338652,1465,a0db4095-a6d8-47be-acba-e89efee6b665
720,41ffcaab-b839-4a35-8bfc-9f9b741c4353,720,unboxing on fitness!,6670,0.0.0,47,1750862283,912327,3755,d8051aed-07fc-4bec-a965-e2a28982bd41
1080,41ffcaab-b839-4a35-8bfc-9f9b741c4353,1080,challenge on beauty!,,359152,152,1752763083,383485,4453,3791f951-d14a-44b4-a161-48099b6905c3
720,41ffcaab-b839-4a35-8bfc-9f9b741c4353,720,vlog on fashion!,?,354641,36,1750084683,882626,653,6ff8b6ce-0f7e-479b-8978-dc9ff751f37b
720,41ffcaab-b839-4a35-8bfc-9f9b741c4353,720,unboxing on beauty!,6451,17438,74,1751726283,59463,775,0c998c19-5bbb-44a6-8c41-d5c1045353f3
1080,41ffcaab-b839-4a35-8bfc-9f9b741c4353,720,unboxing on fitness!,4470,270283,82,1751121483,357715,3216,f2bdeca6-6ddf-48a7-b5cd-5fe8b19a6079
720,41ffcaab-b839-4a35-8bfc-9f9b741c4353,1080,reaction on travel!,7025,201546,121,1749998283,54958,1965,5939f015-d101-48fa-8674-466c7f67ced8
720,41ffcaab-b839-4a35-8bfc-9f9b741c4353,1080,reaction on fashion!,,?,34,1751726283,597578,1970,1ced1809-5fe0-48c5-8f57-dfd2f0b3369e
1080,41ffcaab-b839-4a35-8bfc-9f9b741c4353,1080,review on food!,?,,60,1749566283,483218,1282,4e79a941-64ad-4fda-ad12-ce96ee5d8e3f
1080,41ffcaab-b839-4a35-8bfc-9f9b741c4353,720,unboxing on beauty!,8303,88719,158,1750084683,465256,4047,a4a5b7f0-e610-4c8e-88a3-02cdeba8240d
1080,41ffcaab-b839-4a35-8bfc-9f9b741c4353,0.0.0,vlog on beauty!,9157,226967,,1748443083,46403,3452,c71a4b3b-36b1-4740-b9f6-13cef08e74e8
0.0.0,41ffcaab-b839-4a35-8bfc-9f9b741c4353,720,challenge on fitness!,4440,243185,57,1750516683,743490,952,ed35021e-f342-4d37-b601-0bd306cae207
720,41ffcaab-b839-4a35-8bfc-9f9b741c4353,720,unboxing on food!,6220,48073,135,1748702283,613059,1101,18266b5a-169a-4883-9fb3-3325a4d49e53
720,66428920-f123-42a9-ab9c-a9f43ff407d4,720,reaction on travel!,693,306756,94,1750343883,506772,4780,0e3c1282-43b6-4a96-b4f8-39830ad26be0
1080,66428920-f123-42a9-ab9c-a9f43ff407d4,1080,review on fashion!,5729,412956,147,1752071883,607538,1250,02392f92-81f0-45c4-831a-c8c679f21783
720,66428920-f123-42a9-ab9c-a9f43ff407d4,720,review on fitness!,1274,407002,172,1749307083,721746,675,626ef178-bd7d-421a-9157-68e2bceaf3fe
720,66428920-f123-42a9-ab9c-a9f43ff407d4,720,vlog on food!,2212,393470,113,1750257483,129861,4807,9a42b9df-dd2f-4909-9208-87ac9ce425d1
1080,66428920-f123-42a9-ab9c-a9f43ff407d4,720,reaction on tech!,3200,148562,72,1750862283,341199,NaN,92e58937-d9a8-487b-807f-97c8618dc9f6
720,66428920-f123-42a9-ab9c-a9f43ff407d4,0.0.0,challenge on beauty!,,475363,132,1750257483,488607,3037,9b4e918a-a2fb-45a7-a97b-f44596d78a31
720,66428920-f123-42a9-ab9c-a9f43ff407d4,1080,vlog on tech!,3295,307903,58,1748875083,409635,2009,7cfaf654-4cb5-4985-8109-ee3dbb577bcf
720,66428920-f123-42a9-ab9c-a9f43ff407d4,720,vlog on travel!,1571,321807,89,1749307083,680929,869,ed9b40f6-a071-4c7f-b4aa-54b7afa7c275
1080,66428920-f123-42a9-ab9c-a9f43ff407d4,1080,challenge on fashion!,5765,221282,105,1748443083,564950,4537,dc89b71f-31b4-4844-98e9-4c24933ab63b
?,66428920-f123-42a9-ab9c-a9f43ff407d4,720,challenge on tech!,,348576,153,1748615883,849085,2079,b89bfb83-c940-4bda-af88-7260f255a985
1080,66428920-f123-42a9-ab9c-a9f43ff407d4,720,review on food!,2297,276772,13,1751899083,225314,4348,a9532674-a5c5-4b5c-abb1-6d3795594596
1080,66428920-f123-42a9-ab9c-a9f43ff407d4,1080,vlog on food!,0.0.0,NaN,142,1750603083,679471,3307,259bac88-ec8b-4e5a-923e-2128cf163cc4
1080,66428920-f123-42a9-ab9c-a9f43ff407d4,720,challenge on beauty!,NaN,494662,46,1750603083,638089,4528,5296f969-45ec-4a29-afec-8eae0b1547d6
1080,66428920-f123-42a9-ab9c-a9f43ff407d4,1080,vlog on beauty!,1397,453878,130,1748097483,,2057,b84c7864-1869-42be-9726-af985c59ea7a
1080,66428920-f123-42a9-ab9c-a9f43ff407d4,720,unboxing on beauty!,7514,22084,114,1750171083,242519,2133,4be66488-f3d6-45e2-8371-60d3c98119eb
1080,66428920-f123-42a9-ab9c-a9f43ff407d4,720,vlog on beauty!,1332,478409,149,1749220683,566344,4522,b99c85ac-27c8-4817-bc49-92877cddce19
1080,66428920-f123-42a9-ab9c-a9f43ff407d4,720,reaction on fashion!,7617,0.0.0,97,1752417483,656269,1457,42b96826-14b9-4218-8af3-8f30573d4f19
1080,66428920-f123-42a9-ab9c-a9f43ff407d4,NaN,reaction on tech!,8429,342892,178,1748443083,519875,498,a09601a7-e3eb-4991-8dad-3569138c4ea0
1080,66428920-f123-42a9-ab9c-a9f43ff407d4,720,review on travel!,1936,341053,22,1749047883,835274,431,a14db44e-383c-475c-8256-7a7970d6ee61
,66428920-f123-42a9-ab9c-a9f43ff407d4,1080,reaction on fashion!,9629,,155,1750775883,493863,2188,d107728b-2dad-403a-b184-1802ccfcd3db
1080,baa77010-911e-4d89-be53-f47a5789fc69,720,reaction on tech!,9544,86396,94,1752417483,228488,0.0.0,f6727ae6-94a7-412a-8b57-a86b7571a6de
1080,baa77010-911e-4d89-be53-f47a5789fc69,720,reaction on fitness!,1012,494550,100,1748529483,810448,147,d2413d97-88aa-4883-bdf5-1416d27d52f4
720,baa77010-911e-4d89-be53-f47a5789fc69,1080,unboxing on tech!,8078,157833,42,1749307083,822480,?,287b0c7d-b892-4f8c-9478-49c8fed02a3d
1080,baa77010-911e-4d89-be53-f47a5789fc69,1080,reaction on food!,7891,17913,91,1749652683,266240,3766,894c8291-17ed-4660-bdfd-eb545541fd85
720,baa77010-911e-4d89-be53-f47a5789fc69,720,unboxing on travel!,?,339238,122,1750948683,939588,4893,0589d53a-9a5e-4986-9423-d52d398fe37b
1080,baa77010-911e-4d89-be53-f47a5789fc69,720,reaction on tech!,8164,306259,145,1752331083,,1488,b0aae55e-5d52-40a4-8bec-82968c8f35fb
1080,baa77010-911e-4d89-be53-f47a5789fc69,1080,review on travel!,392,152360,83,1750171083,54782,4574,23d607e1-5e18-482e-847d-03a5fef8b61d
720,baa77010-911e-4d89-be53-f47a5789fc69,720,challenge on fashion!,7815,248202,81,1752676683,822805,3744,74c3945d-5973-4f6b-8fdd-333a486fc373
1080,baa77010-911e-4d89-be53-f47a5789fc69,1080,challenge on beauty!,6496,171164,31,1748356683,0.0.0,1321,d5c986ec-6977-403d-ab1f-9fe65f432b9c
1080,baa77010-911e-4d89-be53-f47a5789fc69,1080,challenge on food!,6430,294180,117,1748702283,372269,,49f6c5e2-b8af-47e3-acc7-fcfb71883c21
720,baa77010-911e-4d89-be53-f47a5789fc69,720,review on tech!,3802,437179,103,1750516683,370779,2609,5b0a27d8-23ac-4b8b-8add-a74e77e1387a
720,baa77010-911e-4d89-be53-f47a5789fc69,1080,review on fashion!,7637,43315,60,1752158283,862585,3011,d9ea507e-663f-48d8-b068-b07c9f2dfd69
720,baa77010-911e-4d89-be53-f47a5789fc69,1080,review on beauty!,3177,270715,40,1748788683,792263,4698,e98cc526-4bd2-4857-accf-ced88e08a684
1080,baa77010-911e-4d89-be53-f47a5789fc69,1080,vlog on food!,9548,208829,151,1749652683,?,2137,f5fcd179-183d-49ac-beb7-bbe0c7bc901a
1080,baa77010-911e-4d89-be53-f47a5789fc69,1080,reaction on food!,5202,497280,20,1752244683,838676,,f33d47b6-14ff-414c-8d68-e75e1b1d2f64
720,24c0cd9a-9b91-474d-925f-82d0dcd8c0a2,720,review on travel!,9897,?,173,1751380683,772627,233,3cca7c30-01a8-4598-b258-fdae40291e0b
720,24c0cd9a-9b91-474d-925f-82d0dcd8c0a2,1080,unboxing on beauty!,9379,333920,13,1749307083,463709,3546,53adf8dc-6074-483a-aac8-15f48102b35e
1080,24c0cd9a-9b91-474d-925f-82d0dcd8c0a2,720,review on fitness!,2861,207711,27,1748875083,896508,3478,1e53b06b-1edf-40da-802f-740663982c8e
720,24c0cd9a-9b91-474d-925f-82d0dcd8c0a2,720,reaction on fitness!,5862,22794,76,1748788683,794746,1059,1221fab2-7bc5-4bd1-8a0b-ecf60a063c4c
1080,24c0cd9a-9b91-474d-925f-82d0dcd8c0a2,720,vlog on tech!,?,458885,31,1750430283,NaN,1380,4e136dfb-cd69-4349-b421-b17708dee130
720,24c0cd9a-9b91-474d-925f-82d0dcd8c0a2,720,challenge on food!,9688,257846,100,1752849483,865564,526,fdfb1a5f-32b8-43f7-a4a0-fa990886c470
720,24c0cd9a-9b91-474d-925f-82d0dcd8c0a2,1080,reaction on tech!,6347,365968,160,1749998283,354617,NaN,24c5a0c2-6e94-4329-854d-e3e19716369f
720,24c0cd9a-9b91-474d-925f-82d0dcd8c0a2,720,challenge on tech!,9614,109481,119,1751380683,208900,3353,55ddc346-60c1-4ac9-aa69-a0e5f342182c
1080,24c0cd9a-9b91-474d-925f-82d0dcd8c0a2,720,review on fashion!,6088,311998,22,1748183883,811776,4953,d0ad08b4-9ae9-4d8c-a2cb-106ab890517f
720,24c0cd9a-9b91-474d-925f-82d0dcd8c0a2,720,vlog on travel!,?,265888,81,1748183883,748684,?,306080ac-7216-48d8-acfc-e1dfb24935d2
720,24c0cd9a-9b91-474d-925f-82d0dcd8c0a2,720,reaction on fashion!,5816,NaN,165,1748011083,236714,3530,baff95c5-8701-4880-9128-33c9154b3f3c
1080,24c0cd9a-9b91-474d-925f-82d0dcd8c0a2,1080,reaction on travel!,4339,474541,,1752071883,306553,1555,09e35394-fcc5-41ff-b153-3e1e2851167a
1080,24c0cd9a-9b91-474d-925f-82d0dcd8c0a2,720,reaction on food!,2915,34816,20,1751467083,893298,3010,4461d0d6-c958-413c-9967-3ca8ab39623e
720,24c0cd9a-9b91-474d-925f-82d0dcd8c0a2,1080,challenge on beauty!,1898,134282,25,1748875083,169180,1975,819cb08f-713e-42d0-8f99-699840e393a2
1080,24c0cd9a-9b91-474d-925f-82d0dcd8c0a2,1080,reaction on food!,,?,14,1752590283,234353,2505,5ca701aa-1d59-4d97-8de8-b4985e2a628b
1080,24c0cd9a-9b91-474d-925f-82d0dcd8c0a2,720,unboxing on fitness!,9016,171723,130,1753022283,NaN,4681,7922551f-bd5e-4d5d-b960-66db234dbbbb
1080,24c0cd9a-9b91-474d-925f-82d0dcd8c0a2,1080,reaction on fashion!,4441,438712,?,1749652683,113850,771,7062a33a-17a5-4d24-b77b-a2fec1d4a490
1080,24c0cd9a-9b91-474d-925f-82d0dcd8c0a2,1080,review on travel!,3607,470460,128,1751812683,40118,872,d103aade-1383-4776-9f9b-190098fb0ee2
1080,24c0cd9a-9b91-474d-925f-82d0dcd8c0a2,1080,reaction on fitness!,,418544,76,1750343883,832604,531,c9682309-1191-43ff-8d4e-c54eecce1cd9
1080,24c0cd9a-9b91-474d-925f-82d0dcd8c0a2,720,reaction on fitness!,6591,26309,167,1751899083,?,1410,8f5c3db8-3090-4c67-b0e0-4b440e8ced49
720,24c0cd9a-9b91-474d-925f-82d0dcd8c0a2,1080,unboxing on tech!,8209,297243,60,1751726283,,1383,79aa43b6-8763-455b-8707-689a328549e5
1080,24c0cd9a-9b91-474d-925f-82d0dcd8c0a2,1080,challenge on fitness!,2273,289570,137,1752590283,356673,4562,12625f12-31d7-4d37-a7ed-123ccdd1b8dc
720,24c0cd9a-9b91-474d-925f-82d0dcd8c0a2,1080,challenge on beauty!,2079,NaN,116,1751467083,618137,2677,2fcfc812-0a21-4aab-aec8-5017f587a867
1080,24c0cd9a-9b91-474d-925f-82d0dcd8c0a2,720,unboxing on tech!,7661,392748,,1749998283,714435,4315,d013ffc5-8243-468c-a825-96c29fc51372
1080,b7591227-c48f-4045-a181-62340b088916,720,reaction on food!,9849,383754,96,1752935883,824619,,321f2c95-8721-4648-9262-4d3da6d21865
1080,b7591227-c48f-4045-a181-62340b088916,720,vlog on food!,3662,NaN,40,1748011083,760121,201,ffcebfd6-e07b-42eb-8c51-99cc8d044d21
720,b7591227-c48f-4045-a181-62340b088916,,reaction on food!,NaN,115092,,1752244683,161472,1908,5fd2295a-5f2e-4220-af81-7f9b40e7c4e7
1080,b7591227-c48f-4045-a181-62340b088916,720,review on fashion!,7252,78971,0.0.0,1752503883,869027,4246,59652a82-f214-48b2-96d3-9df5803d9597
1080,b7591227-c48f-4045-a181-62340b088916,720,review on fashion!,,300628,173,1753022283,,1937,d6d2579a-577b-42fe-ad29-57b19e332b7e
1080,b7591227-c48f-4045-a181-62340b088916,1080,challenge on beauty!,7884,351418,89,1748615883,743504,3038,22529df3-05e8-4a79-9279-6af53bd88923
1080,b7591227-c48f-4045-a181-62340b088916,1080,unboxing on travel!,3905,49924,25,1752935883,918651,4044,6631eef7-d23d-453a-a377-28a6c4062d49
1080,b7591227-c48f-4045-a181-62340b088916,1080,review on fashion!,2318,449107,19,1748788683,90124,61,300d4f1b-9e81-4f11-8c7e-dac46d0a0512
1080,b7591227-c48f-4045-a181-62340b088916,720,vlog on fashion!,8274,239545,39,1748961483,20988,143,8b6e1206-4245-405f-849a-756b81a8403e
1080,b7591227-c48f-4045-a181-62340b088916,1080,challenge on beauty!,2574,245387,91,1751985483,430722,3378,c4e75627-3549-48d0-8e58-152dcea62fe9
720,b7591227-c48f-4045-a181-62340b088916,1080,unboxing on travel!,NaN,,155,1749911883,17612,2989,aa6780c8-301a-4d88-8150-ad0ac75d67c6
720,b7591227-c48f-4045-a181-62340b088916,720,challenge on food!,5654,279178,72,1749652683,604086,4732,3ba5ef93-a7cf-43b2-830d-cb53acdc1076
1080,b7591227-c48f-4045-a181-62340b088916,720,vlog on fashion!,1430,?,64,1751207883,96152,2295,80802d52-5983-4e24-ac13-5eaeda30e3b7
1080,b7591227-c48f-4045-a181-62340b088916,1080,unboxing on fashion!,2363,304349,149,1750257483,541054,188,934a1cde-b43a-4857-afcf-dcbef84e5042
1080,b7591227-c48f-4045-a181-62340b088916,,unboxing on fitness!,3218,241474,24,1748270283,509877,1808,3ab7b996-42c3-45c2-83ed-da7db80f4c42
1080,b7591227-c48f-4045-a181-62340b088916,720,unboxing on fitness!,6058,485216,,1751639883,537673,853,d4f4932e-c2fa-4f26-9f23-ca263f94c947
720,b7591227-c48f-4045-a181-62340b088916,1080,unboxing on tech!,NaN,?,17,1748529483,829623,?,66e300f6-4e1c-45c1-b0cc-6351d48d3a91
720,b7591227-c48f-4045-a181-62340b088916,?,reaction on travel!,2481,228673,62,1749134283,296154,4181,18206f47-7a98-4b1b-9b20-f761e4aadbb2
720,b7591227-c48f-4045-a181-62340b088916,1080,reaction on food!,1306,216938,42,1748961483,606842,?,2cf281dc-8618-4e6b-8318-78a737bd5cd3
1080,b7591227-c48f-4045-a181-62340b088916,1080,review on travel!,7703,335793,134,1750257483,58302,1678,1904c996-bbaf-4207-96c0-b639d212e6e6
720,b7591227-c48f-4045-a181-62340b088916,720,reaction on travel!,4856,72738,119,1748875083,355096,237,c755eb13-1695-45bb-a596-4af06592a9bc
1080,b7591227-c48f-4045-a181-62340b088916,1080,vlog on fashion!,5834,54172,180,1752590283,488048,3179,26865cce-0b1f-4ca4-befc-0ffcc31dedb1
1080,b7591227-c48f-4045-a181-62340b088916,720,unboxing on food!,6245,359819,122,1748270283,724285,4686,f9b83934-518d-4745-b57c-85fadca360f1
1080,b7591227-c48f-4045-a181-62340b088916,720,vlog on food!,7223,0.0.0,72,1752849483,519986,4352,60e41b4f-6027-4c50-a443-e35b4225b30c
720,b7591227-c48f-4045-a181-62340b088916,720,reaction on food!,9429,173037,43,1751121483,533638,1332,a7d00c0c-4e68-4ab3-9157-70eaad026865
1080,b7591227-c48f-4045-a181-62340b088916,720,challenge on travel!,4736,181011,148,1750257483,536753,2514,0ec16b1a-dea3-4abc-a09a-73eee83c32a7
720,b7591227-c48f-4045-a181-62340b088916,720,reaction on beauty!,240,274236,35,1752590283,350302,NaN,cc1b463e-a977-4fe7-b7f8-d1d85c26660f
720,b7591227-c48f-4045-a181-62340b088916,720,vlog on tech!,4362,176001,59,1750084683,400570,1308,fb3921e6-3b44-4827-8379-f7affc9552d1
720,cc857234-580a-40c8-a8e7-10a30a50ec3e,1080,review on fashion!,6854,270643,84,1752331083,731787,1525,1cbe2113-4e34-4941-b56b-9410cd5f56a3
1080,cc857234-580a-40c8-a8e7-10a30a50ec3e,720,unboxing on fitness!,1812,450561,44,1751899083,140900,1657,abb25324-d071-456b-adfc-5289606ac3cc
720,cc857234-580a-40c8-a8e7-10a30a50ec3e,720,vlog on tech!,9694,230071,165,1749220683,612748,3379,547b9588-e987-42ea-8f2a-d3b85b5bc50b
1080,cc857234-580a-40c8-a8e7-10a30a50ec3e,1080,unboxing on fitness!,7523,451978,103,1751639883,907178,?,b2119b9f-9574-4215-bdad-edeee4daf734
720,cc857234-580a-40c8-a8e7-10a30a50ec3e,720,vlog on fashion!,,319794,170,1751294283,310413,3550,36c4252a-5dcf-4892-bf08-ec7dae7284bb
1080,cc857234-580a-40c8-a8e7-10a30a50ec3e,720,review on food!,6732,,163,1752244683,758995,796,c661ba58-4761-4c41-afe1-0d569d64aa41
720,cc857234-580a-40c8-a8e7-10a30a50ec3e,1080,vlog on travel!,3098,449956,12,1751899083,95453,?,75e36411-c4d7-4b42-a22a-78cd368f127e
1080,cc857234-580a-40c8-a8e7-10a30a50ec3e,720,challenge on beauty!,3542,,94,1751380683,259272,4794,17a0251e-a1fe-4cca-8699-7878b3aee875
1080,cc857234-580a-40c8-a8e7-10a30a50ec3e,1080,reaction on fitness!,1838,416287,82,1749911883,577649,1915,2e3c7acc-9bc6-42e8-8d37-1370d97f21c2
1080,cc857234-580a-40c8-a8e7-10a30a50ec3e,,unboxing on travel!,,174059,148,1750257483,31177,1295,8d7b36e7-a71b-4dd7-948d-5e456aeceaad
720,cc857234-580a-40c8-a8e7-10a30a50ec3e,1080,reaction on food!,8624,207576,167,1750689483,805060,2421,cd95467d-2185-4a50-915f-27da5dd2d203
1080,cc857234-580a-40c8-a8e7-10a30a50ec3e,1080,reaction on fashion!,2299,483294,166,1749652683,574347,1043,d1bc3ba4-2c02-440b-85d9-6d205524e7bf
1080,cc857234-580a-40c8-a8e7-10a30a50ec3e,1080,reaction on tech!,5739,22222,169,1748529483,245704,3378,d6584b01-a265-4b51-aae6-1afbeeb9f850
720,cc857234-580a-40c8-a8e7-10a30a50ec3e,1080,vlog on fashion!,3853,318602,116,1750343883,978041,3525,49b3282a-4af5-4daa-a616-547516b50b0e
1080,cc857234-580a-40c8-a8e7-10a30a50ec3e,720,vlog on fitness!,741,339852,121,1750689483,135381,919,49acbb79-bce9-4239-807c-d81c746b930d
720,f029f0bc-2429-454d-bf8c-47ebffdcc6ae,720,review on travel!,152,297495,59,1752763083,762185,822,9e9f8471-b139-4709-8d71-1b2eb7f22499
720,f029f0bc-2429-454d-bf8c-47ebffdcc6ae,720,unboxing on travel!,8356,407384,62,1751553483,165368,3303,55ef62f4-2393-462f-9066-55f95cad65fe
1080,f029f0bc-2429-454d-bf8c-47ebffdcc6ae,1080,unboxing on fashion!,,NaN,30,1749479883,987933,556,d970bfc2-47ce-4791-ac40-15195234a270
720,f029f0bc-2429-454d-bf8c-47ebffdcc6ae,1080,vlog on tech!,?,477938,165,1753022283,236146,28,c1708762-7b63-4d55-8286-af5680067cd3
720,f029f0bc-2429-454d-bf8c-47ebffdcc6ae,1080,reaction on food!,447,60442,,1748788683,321079,1063,73a9bac0-cfc8-47df-b0f0-d25eb16ec632
1080,f029f0bc-2429-454d-bf8c-47ebffdcc6ae,1080,challenge on beauty!,5992,232483,119,1749911883,229126,4863,39b6c6e0-8619-4f86-bb84-57faf038bb5c
720,f029f0bc-2429-454d-bf8c-47ebffdcc6ae,1080,review on tech!,,129861,42,1749739083,390551,1205,7f3c9e72-cc4a-49cd-855f-7bc09df81938
1080,f029f0bc-2429-454d-bf8c-47ebffdcc6ae,720,reaction on fitness!,2227,291314,53,1749220683,282180,762,8a1e56ee-46dc-4fb7-9327-b79eadd47f2b
1080,f029f0bc-2429-454d-bf8c-47ebffdcc6ae,1080,unboxing on beauty!,1424,197873,77,1750862283,564548,4316,e6ba6a3a-6fe0-44f8-830c-02897c43421c
720,f029f0bc-2429-454d-bf8c-47ebffdcc6ae,,vlog on fashion!,7708,,179,1750171083,370066,2998,f2037dbe-7900-46b3-96d0-7b46752c418c
720,f029f0bc-2429-454d-bf8c-47ebffdcc6ae,720,unboxing on food!,5983,338749,113,1748875083,174680,4592,6ec018fc-67cc-4292-8e1a-850b92697de4
720,f029f0bc-2429-454d-bf8c-47ebffdcc6ae,1080,challenge on beauty!,?,231130,159,1749479883,751179,1591,8226b912-8e89-451b-a67d-971681081654
1080,f029f0bc-2429-454d-bf8c-47ebffdcc6ae,720,challenge on beauty!,8550,179524,26,1750430283,151205,2032,cfb6205a-bbba-4b85-983f-5569e9f0a02b
720,f029f0bc-2429-454d-bf8c-47ebffdcc6ae,720,vlog on travel!,0,211787,167,1751726283,842937,1852,6617c265-ec33-48a2-82a4-95a4ffa1d27e
1080,f029f0bc-2429-454d-bf8c-47ebffdcc6ae,720,review on fitness!,9631,210526,94,1748961483,920724,?,60756b8c-6255-417e-80c7-c9fe5925b9c0
1080,f029f0bc-2429-454d-bf8c-47ebffdcc6ae,720,review on tech!,9118,NaN,76,1751380683,946029,2434,2fd7eecb-0f95-460b-9433-9abb561dd1f5
1080,f029f0bc-2429-454d-bf8c-47ebffdcc6ae,1080,vlog on beauty!,?,323604,111,1751812683,277937,2471,61bd0c8b-e68f-4897-97e9-5d715579409c
?,f029f0bc-2429-454d-bf8c-47ebffdcc6ae,1080,vlog on travel!,3693,?,14,1751899083,599743,1705,96f3c2de-5b66-4c32-8b8d-083a075c25bb
720,f029f0bc-2429-454d-bf8c-47ebffdcc6ae,1080,unboxing on beauty!,4796,432880,83,1751467083,213447,1473,efcba3de-585a-4885-a6a1-f0f90087418d
720,f029f0bc-2429-454d-bf8c-47ebffdcc6ae,720,vlog on fitness!,5366,26433,158,1748961483,421288,3489,918b158a-bfe8-4b2d-9bfb-c5dbfcea6473
1080,f029f0bc-2429-454d-bf8c-47ebffdcc6ae,720,vlog on food!,2441,246817,116,1749220683,0.0.0,?,b7e06ad9-db01-41b8-adf9-4d557d2a21c5
1080,f029f0bc-2429-454d-bf8c-47ebffdcc6ae,1080,reaction on beauty!,9347,243575,117,1749393483,,11,c61bfdee-c735-4bdb-a6f8-3c8df90efe8b
1080,f029f0bc-2429-454d-bf8c-47ebffdcc6ae,1080,challenge on travel!,6365,NaN,174,1748615883,820558,548,29c1fbe2-955e-41b7-a156-90e0c5975bef
720,f029f0bc-2429-454d-bf8c-47ebffdcc6ae,720,unboxing on tech!,NaN,449480,68,1750171083,151953,1601,b557e05d-0bdd-41a3-be85-1b7dfef93d69
1080,f029f0bc-2429-454d-bf8c-47ebffdcc6ae,1080,vlog on fashion!,?,338797,24,1751812683,901189,1482,3e46dfe8-3c91-4fb5-ba7e-ecef65438289
720,f029f0bc-2429-454d-bf8c-47ebffdcc6ae,720,unboxing on fitness!,503,313301,117,1750171083,952238,3335,f4edf89e-ebeb-4d8a-b415-36bce31d58ad
1080,ea966ccc-01d1-4a1b-a512-001c3cbce81c,,review on tech!,5875,494636,151,1752417483,792986,3673,1b99d669-4843-4d15-86be-912cb0045bc7
720,ea966ccc-01d1-4a1b-a512-001c3cbce81c,1080,vlog on fitness!,698,436917,85,1749566283,?,0.0.0,9ca0ddd7-53ae-4474-9d53-5517f88277c8
720,ea966ccc-01d1-4a1b-a512-001c3cbce81c,1080,reaction on beauty!,6110,402477,75,1747838283,656080,0.0.0,c6afe036-3065-4429-a1db-7248d6de7391
720,ea966ccc-01d1-4a1b-a512-001c3cbce81c,720,challenge on fashion!,8503,402964,154,1752331083,990496,2396,86e62969-e3d4-4fd6-bc75-2a2292b1350d
1080,,720,reaction on travel!,4516,319481,47,1749652683,769633,3503,67f63e99-1caf-4dc8-889f-3dbd0165582a
720,ea966ccc-01d1-4a1b-a512-001c3cbce81c,1080,vlog on tech!,6044,378408,89,1751121483,?,3588,5ca5b670-4ac7-4314-bcad-4e58ca6de023
720,ea966ccc-01d1-4a1b-a512-001c3cbce81c,720,reaction on travel!,7764,319524,112,1748097483,359656,133,c56dc614-5a0c-4405-a201-6e14e071b6c0
720,ea966ccc-01d1-4a1b-a512-001c3cbce81c,1080,challenge on tech!,620,458027,10,1750775883,436808,575,c6d28810-6f6f-4d98-aa60-0bc3e1f7cf7e
1080,ea966ccc-01d1-4a1b-a512-001c3cbce81c,1080,challenge on travel!,3456,113926,64,1749825483,941378,3261,4813082a-6526-42c5-8a1d-d926b8a98fae
720,ea966ccc-01d1-4a1b-a512-001c3cbce81c,1080,challenge on food!,NaN,244009,180,1752244683,386412,NaN,3fe7b472-4461-44a1-af18-6e95005bb325
1080,ea966ccc-01d1-4a1b-a512-001c3cbce81c,720,vlog on beauty!,8449,2587,153,1752071883,392132,3275,08545791-2fdf-4898-8156-99754b6c0f90
1080,ea966ccc-01d1-4a1b-a512-001c3cbce81c,720,vlog on fitness!,8261,257997,107,1750516683,71514,4793,481dc2d2-c910-4b69-bf46-291b7e83184b
720,ea966ccc-01d1-4a1b-a512-001c3cbce81c,720,challenge on fitness!,3317,42563,72,1751899083,843272,2660,fbec663c-1709-4b73-95c1-1c6c431e68d4
720,ea966ccc-01d1-4a1b-a512-001c3cbce81c,1080,vlog on travel!,8108,459884,168,1752935883,252754,3388,d7e067cf-1aa2-486d-a751-d4a36cf808e0
1080,ea966ccc-01d1-4a1b-a512-001c3cbce81c,720,unboxing on food!,8954,64544,145,1751639883,585237,2170,345db718-b65d-40b9-a8cb-bc6478a3f613
1080,ea966ccc-01d1-4a1b-a512-001c3cbce81c,720,review on fashion!,9331,,57,1751380683,444734,3503,9a264d49-de0e-43bf-af50-e7ead2cab034
1080,ea966ccc-01d1-4a1b-a512-001c3cbce81c,1080,reaction on food!,1497,0.0.0,144,1752331083,523038,2804,91d5bdfc-cae7-4386-b630-55f9a53c9ad0
720,ea966ccc-01d1-4a1b-a512-001c3cbce81c,1080,vlog on fashion!,6896,287772,52,1752244683,146668,1542,0dc9bad9-6696-47fe-8452-1e317b950132
720,ea966ccc-01d1-4a1b-a512-001c3cbce81c,1080,unboxing on tech!,,129782,173,1751639883,802702,2523,93609730-1fef-4b8b-adf8-516847e397c7
1080,ea966ccc-01d1-4a1b-a512-001c3cbce81c,0.0.0,unboxing on beauty!,221,376279,153,1752763083,806833,2538,44c13529-3ffd-4a6b-8345-24c61c3e8325
720,ea966ccc-01d1-4a1b-a512-001c3cbce81c,,review on travel!,?,20453,13,1748356683,707641,3537,bf15712b-a4dc-40b3-a1f4-155bc6bbd7be
720,ea966ccc-01d1-4a1b-a512-001c3cbce81c,1080,unboxing on fitness!,4821,258240,42,1750516683,511982,1594,9a4f8310-cd8e-4498-911d-c769ed632216
720,ea966ccc-01d1-4a1b-a512-001c3cbce81c,720,challenge on food!,2455,127268,75,1752244683,39851,959,a6f251d2-8e7c-41bf-8dcd-371ca4d22c08
720,ea966ccc-01d1-4a1b-a512-001c3cbce81c,1080,reaction on fitness!,5202,486082,145,1747924683,604044,4832,b895daaa-af8c-4a07-ae3f-8222845684c9
1080,ea966ccc-01d1-4a1b-a512-001c3cbce81c,1080,vlog on fitness!,252,289761,53,1750257483,?,1286,8c814508-658d-40c0-9907-57117787018e
720,1276f2a3-74b5-47f2-ae5d-cb7508aeb00e,1080,challenge on beauty!,2849,446625,,1749220683,697800,607,74096dad-ebbc-4e96-b143-7dd893b028ab
,1276f2a3-74b5-47f2-ae5d-cb7508aeb00e,720,reaction on fashion!,5888,497149,80,1751899083,NaN,3929,6d9afad7-3913-41ee-ac2f-4fcd86e43e35
1080,1276f2a3-74b5-47f2-ae5d-cb7508aeb00e,720,challenge on tech!,4164,353052,75,1751207883,984675,1749,0d6d7181-2607-48cd-b7ad-e5840994ecdf
1080,1276f2a3-74b5-47f2-ae5d-cb7508aeb00e,1080,challenge on fitness!,9009,161592,0.0.0,1751726283,515799,1495,21a70653-0580-4253-a00e-d17c17b6ab39
720,1276f2a3-74b5-47f2-ae5d-cb7508aeb00e,720,review on fitness!,465,200506,130,1749479883,31923,640,85de1578-5518-4b64-b4d8-787886f81c1d
1080,1276f2a3-74b5-47f2-ae5d-cb7508aeb00e,1080,review on tech!,0.0.0,306773,28,1751207883,50517,2004,a051976a-0e38-4ef5-aa54-494211570c9e
1080,1276f2a3-74b5-47f2-ae5d-cb7508aeb00e,720,reaction on fitness!,9938,,68,1751985483,163439,286,4737c1de-b903-486c-b62d-d1219f09eaa7
1080,1276f2a3-74b5-47f2-ae5d-cb7508aeb00e,720,reaction on beauty!,,155999,19,1753022283,402071,4919,f1b00478-9431-4a82-b3b7-62bc1ffcfb88
1080,1276f2a3-74b5-47f2-ae5d-cb7508aeb00e,1080,unboxing on beauty!,2475,86000,120,1749998283,702881,1531,fe4afff6-34f2-438c-9c46-ff4919a7476a
720,1276f2a3-74b5-47f2-ae5d-cb7508aeb00e,?,reaction on food!,5080,313641,55,1751812683,573890,736,251380e5-f5bb-4ade-a276-87bd7dd0420f
720,1276f2a3-74b5-47f2-ae5d-cb7508aeb00e,1080,unboxing on fitness!,6983,259801,123,1748270283,461123,?,2189c037-cd0d-4c12-8f9e-0db3c27b070a
720,1276f2a3-74b5-47f2-ae5d-cb7508aeb00e,1080,challenge on tech!,5644,312606,24,1751812683,295222,1149,75fefb09-e3b0-49a2-aa4a-f5cdfe85bd03
720,1276f2a3-74b5-47f2-ae5d-cb7508aeb00e,1080,reaction on fashion!,3499,136326,118,1751380683,944114,3187,9c53aeb6-c86d-46cc-b10b-11b45821b188
720,1276f2a3-74b5-47f2-ae5d-cb7508aeb00e,1080,unboxing on tech!,8909,324895,90,1749825483,933969,413,a0323b30-9980-4c15-937d-8d869aff6d84
720,1276f2a3-74b5-47f2-ae5d-cb7508aeb00e,1080,unboxing on fitness!,5399,296689,68,1748875083,727081,2547,6bd78ba4-a849-4d59-a2f4-d112312ac436
1080,1276f2a3-74b5-47f2-ae5d-cb7508aeb00e,1080,challenge on travel!,1016,498090,176,1751207883,672252,4333,e75d46b9-aed5-4342-b183-3b2fb9f2aca9
720,1276f2a3-74b5-47f2-ae5d-cb7508aeb00e,720,vlog on fashion!,2907,69806,134,1751726283,,4731,477d511d-d41b-4df3-835d-477ccd1495fc
1080,1276f2a3-74b5-47f2-ae5d-cb7508aeb00e,720,vlog on travel!,8668,293201,88,1748529483,982897,35,e28eec3b-e7d5-43c3-a9b4-91dfd1c69056
720,1276f2a3-74b5-47f2-ae5d-cb7508aeb00e,?,vlog on beauty!,5100,274090,,1748788683,992964,244,1c005cd4-b1e4-45f5-b457-15f0ef48abe9
1080,aee77e25-7600-4a86-8c58-022229cb531a,1080,vlog on fitness!,6257,370361,83,1751121483,306857,?,7f03ecae-2054-4171-aedf-5dfe308be8c7
720,aee77e25-7600-4a86-8c58-022229cb531a,720,challenge on fashion!,7802,143755,47,1748183883,402751,4388,1ddfbfd8-9eac-4fd0-a075-4a33cabdb237
720,aee77e25-7600-4a86-8c58-022229cb531a,720,reaction on beauty!,6463,496256,125,1749998283,923105,,b5c307c2-9cf4-4e31-8730-9efa8333f8ad
720,aee77e25-7600-4a86-8c58-022229cb531a,720,unboxing on travel!,1006,304553,85,1752676683,276608,4819,a1fa303f-4562-4545-997f-feeddda72773
1080,aee77e25-7600-4a86-8c58-022229cb531a,720,reaction on food!,1605,?,121,,562770,NaN,ebfa64d3-0742-4725-bc08-c29484db79e7
1080,aee77e25-7600-4a86-8c58-022229cb531a,1080,unboxing on fashion!,,77568,128,1752244683,737951,3192,9b26e497-dd2e-416e-8213-703f510c9e44
1080,aee77e25-7600-4a86-8c58-022229cb531a,720,vlog on food!,6144,358994,94,1749220683,328989,,48716fd3-ac54-4ce2-a470-eceb33d8558b
1080,aee77e25-7600-4a86-8c58-022229cb531a,720,vlog on fitness!,1540,383311,26,1752676683,762232,56,2c9c06a6-1fbc-46b2-90c1-45c15bc6ec32
720,aee77e25-7600-4a86-8c58-022229cb531a,720,vlog on food!,9257,,131,1751294283,573486,1611,a2c89721-397e-4dfb-a27f-13df7946b92f
1080,aee77e25-7600-4a86-8c58-022229cb531a,720,reaction on tech!,4843,328719,119,1748097483,NaN,1432,fffa4730-257d-4063-8f79-49d0e70d63ec
720,aee77e25-7600-4a86-8c58-022229cb531a,1080,reaction on fashion!,8716,271265,21,1750516683,127844,3886,8f0d4bf4-ec3a-4d0f-809b-c3c6bda0afa4
720,aee77e25-7600-4a86-8c58-022229cb531a,720,review on fashion!,6725,287479,173,1752676683,18082,4859,f8a8ffb3-9ffd-4199-8428-5da7544f36cd
1080,aee77e25-7600-4a86-8c58-022229cb531a,720,review on tech!,5895,?,149,1752503883,281473,4287,7871617f-2aa7-4065-bed4-84cff3d6f901
720,aee77e25-7600-4a86-8c58-022229cb531a,1080,reaction on tech!,8352,183185,98,1751639883,644403,2878,50daedf0-b959-49b8-9ebc-281ebe154cf0
1080,aee77e25-7600-4a86-8c58-022229cb531a,1080,unboxing on fitness!,?,201503,142,1751639883,181195,NaN,a03d3b7d-7629-4842-8379-6bc3d58a0342
720,aee77e25-7600-4a86-8c58-022229cb531a,1080,unboxing on food!,5486,,159,1749307083,789075,4891,be294bc0-2163-4eb6-aa78-a97b7efaee6b
1080,aee77e25-7600-4a86-8c58-022229cb531a,1080,vlog on travel!,8954,265195,157,1752763083,884118,1298,8db7865d-ee37-45ea-be69-7e860d0d79fb
,aee77e25-7600-4a86-8c58-022229cb531a,1080,challenge on food!,8564,13156,155,1748529483,289562,4188,ee0327a4-709a-4cf5-b1dd-40abf565f798
720,aee77e25-7600-4a86-8c58-022229cb531a,1080,reaction on tech!,228,NaN,38,1751553483,25653,1821,e4a44988-da5b-45e8-bb83-0073729397f7
720,fb10f478-d42c-435b-865b-1f1f571abc10,1080,review on fitness!,NaN,460731,23,1751294283,74599,0.0.0,04afac44-2f82-4ed8-a2ce-8f348b5246c4
1080,fb10f478-d42c-435b-865b-1f1f571abc10,720,vlog on travel!,5006,200874,98,1750516683,194967,4851,57640636-a461-436e-ad42-a7b816b6f1be
1080,fb10f478-d42c-435b-865b-1f1f571abc10,1080,reaction on beauty!,328,220423,143,1750516683,767516,?,493cd953-e605-4f4d-9194-a20f1a72d71e
720,fb10f478-d42c-435b-865b-1f1f571abc10,720,vlog on beauty!,1436,608,,1750343883,149008,1926,00ee02ca-b593-4741-b5f1-13f41100fcb0
720,fb10f478-d42c-435b-865b-1f1f571abc10,1080,reaction on fitness!,4869,228501,105,1751812683,651761,4043,bd157a86-83f8-46b5-b3ac-41c6ec439afe
720,fb10f478-d42c-435b-865b-1f1f571abc10,NaN,challenge on tech!,1479,489833,94,1749825483,660998,566,acdd530c-cb6a-4ce1-befa-04c6276f5f88
720,fb10f478-d42c-435b-865b-1f1f571abc10,1080,challenge on fashion!,8770,216942,16,1751726283,101216,891,7e1a6370-4b9f-4de1-b7ed-cbed1b874ccc
1080,fb10f478-d42c-435b-865b-1f1f571abc10,720,reaction on beauty!,8940,290288,157,1752590283,439931,1299,38197b3f-a2f4-4ae9-8651-8ea1e5050b8f
720,fb10f478-d42c-435b-865b-1f1f571abc10,1080,unboxing on beauty!,9209,,,1752244683,,2676,de89d36f-7efe-4107-aeef-617acc461cf6
720,fb10f478-d42c-435b-865b-1f1f571abc10,720,reaction on beauty!,4565,,?,1748356683,369925,1516,cbb91104-604d-44a6-b7a1-cbed01bb665c
1080,fb10f478-d42c-435b-865b-1f1f571abc10,720,challenge on beauty!,356,478052,?,1751467083,557004,2934,fe7cd11f-9953-4fc2-9192-e1f502df91e9
1080,fb10f478-d42c-435b-865b-1f1f571abc10,NaN,unboxing on tech!,7928,431182,97,1752503883,786764,3548,dd2a8130-07a6-41f2-a198-e4bff2261a9e
1080,fb10f478-d42c-435b-865b-1f1f571abc10,720,reaction on tech!,7865,0.0.0,123,1751035083,302412,1933,08929940-6f62-4d14-bd6b-dadf972165aa
1080,fb10f478-d42c-435b-865b-1f1f571abc10,720,reaction on fashion!,5400,200560,98,1752849483,189981,,a0af3720-cd80-4365-9141-48d9e481f064
0.0.0,fb10f478-d42c-435b-865b-1f1f571abc10,720,reaction on beauty!,9962,480149,67,1748097483,336308,2191,a739c513-5267-4af3-9a49-91b74d4020df
720,316f2bdc-95c2-4740-8672-03886cf19e13,720,unboxing on travel!,7721,497378,NaN,1750516683,151650,2371,c8363383-cfd2-4669-8934-f33b412f33dd
1080,316f2bdc-95c2-4740-8672-03886cf19e13,1080,review on travel!,6506,467492,36,1748702283,NaN,3900,08b7d0f1-036f-4449-8e13-c803691676d1
720,316f2bdc-95c2-4740-8672-03886cf19e13,1080,review on beauty!,727,,129,1750343883,990322,0.0.0,d3c91439-a465-4fe2-96db-e84397f1ba61
1080,316f2bdc-95c2-4740-8672-03886cf19e13,0.0.0,unboxing on beauty!,3174,364243,101,1749998283,145919,2925,e5bb78af-1bf8-4cce-86da-6d3439a61cd5
720,316f2bdc-95c2-4740-8672-03886cf19e13,720,reaction on fashion!,1150,221442,85,1750084683,119942,3219,5baf73f1-e7c3-4917-acc7-cd7abe05aa1f
720,316f2bdc-95c2-4740-8672-03886cf19e13,1080,reaction on travel!,8165,0.0.0,79,1753022283,209438,2187,2e46b36e-7f7a-4757-8f65-cddf6be1ff01
1080,316f2bdc-95c2-4740-8672-03886cf19e13,720,unboxing on fitness!,776,397168,114,1751812683,739519,0.0.0,7daab2e7-9f02-41de-ac3e-0100128830d3
1080,316f2bdc-95c2-4740-8672-03886cf19e13,720,review on travel!,6771,215863,60,1749998283,82927,3651,fbe550e0-b9ed-4783-bf23-9aa63eae2e7a
?,316f2bdc-95c2-4740-8672-03886cf19e13,720,reaction on fitness!,2900,370443,57,1748961483,251384,1376,58f0cd50-fda3-4086-8806-36855abc7df3
720,316f2bdc-95c2-4740-8672-03886cf19e13,?,challenge on fitness!,,242453,108,1751121483,108835,4249,0706e2e3-9541-4389-b87a-3ff11e8a4738
1080,316f2bdc-95c2-4740-8672-03886cf19e13,,review on fashion!,,375610,81,1748011083,945982,1084,560baa52-2e18-4f54-80b1-c7ab0e2abf29
720,316f2bdc-95c2-4740-8672-03886cf19e13,1080,review on fitness!,5059,342438,127,1750603083,370500,3625,4faaff95-58ab-4f8f-a13a-e7691db32ec1
1080,316f2bdc-95c2-4740-8672-03886cf19e13,1080,vlog on travel!,7550,91341,179,1748270283,271250,3248,4c98dc94-fc26-4071-ba7c-1cecf0cffe29
1080,316f2bdc-95c2-4740-8672-03886cf19e13,720,review on beauty!,1189,143598,146,1748270283,715101,1059,4c7745f0-b801-45ae-a5b0-c491a628b0fd
720,316f2bdc-95c2-4740-8672-03886cf19e13,1080,review on fashion!,8098,87608,89,1751380683,271101,3761,8dc0ca93-8e9a-47f0-a7be-ad8c1bedb833
1080,316f2bdc-95c2-4740-8672-03886cf19e13,720,review on travel!,3270,,68,1751985483,459491,28,a62f58be-8fa4-4f32-84b4-580e6dada3d8
720,316f2bdc-95c2-4740-8672-03886cf19e13,720,reaction on fashion!,9516,122756,67,1750603083,92230,1545,9faa3129-6953-4930-98c2-086d435e1a7c
1080,316f2bdc-95c2-4740-8672-03886cf19e13,1080,review on beauty!,,246534,173,1752590283,667325,1561,2a9bc98d-0113-4852-b58b-95e8a7a5424a
720,316f2bdc-95c2-4740-8672-03886cf19e13,720,unboxing on fitness!,7742,492384,59,1749998283,659834,2061,ecb57ec3-b3b1-4cf6-8d40-3f04b25347c1
?,316f2bdc-95c2-4740-8672-03886cf19e13,1080,vlog on fitness!,1264,121969,152,1748097483,816845,686,380c7a41-56fa-4974-923a-722c9b9716a0
720,ac5dcf2a-9ef6-4732-b8fa-bcd9d7868e05,720,vlog on food!,3382,0.0.0,95,1749652683,451707,3344,e5ebe723-9ff6-40cd-87a6-833e3ede3c8f
1080,ac5dcf2a-9ef6-4732-b8fa-bcd9d7868e05,720,review on food!,8706,NaN,155,1747838283,688737,799,c9a08a99-c31b-4f7a-baf5-ad1e673569df
720,ac5dcf2a-9ef6-4732-b8fa-bcd9d7868e05,720,vlog on fitness!,7940,286716,13,1752417483,,789,054fb648-518a-49fe-9be1-790d7cb8851e
,ac5dcf2a-9ef6-4732-b8fa-bcd9d7868e05,720,unboxing on travel!,2163,127107,39,1751553483,576554,4707,30d7f51d-2869-4eeb-9524-ada361cd9cb2
720,ac5dcf2a-9ef6-4732-b8fa-bcd9d7868e05,720,vlog on food!,9376,NaN,163,1751985483,707307,3399,fa3f6fbd-82eb-4b2f-be6c-2dc98d70d590
?,ac5dcf2a-9ef6-4732-b8fa-bcd9d7868e05,720,review on fashion!,681,359242,83,1752676683,76360,3714,afacdba4-1fd0-47ba-9ac1-db1164ad1169
1080,ac5dcf2a-9ef6-4732-b8fa-bcd9d7868e05,720,challenge on fashion!,7507,204610,161,1750603083,,1314,f26d0af7-1335-4d3d-82ee-ca4fac8eb7bc
1080,ac5dcf2a-9ef6-4732-b8fa-bcd9d7868e05,720,review on fitness!,2364,172648,131,1749220683,251315,1797,c7378c79-cf16-4b61-b947-5470707734a3
1080,ac5dcf2a-9ef6-4732-b8fa-bcd9d7868e05,720,challenge on beauty!,5393,128199,166,1752158283,14072,3115,1ae98544-7a98-4eda-91e1-a4096256cd62
720,ac5dcf2a-9ef6-4732-b8fa-bcd9d7868e05,1080,unboxing on fitness!,8722,265872,28,1748875083,436270,2748,a02094ff-0087-466b-80f3-eccfb7b03d9c
720,ac5dcf2a-9ef6-4732-b8fa-bcd9d7868e05,1080,unboxing on beauty!,?,37046,73,1752676683,913194,?,e4759745-efd4-41a8-825d-5dfe12cf2f3a
1080,ac5dcf2a-9ef6-4732-b8fa-bcd9d7868e05,0.0.0,review on food!,NaN,251408,143,1749479883,353433,4451,a2561d8a-bba9-49ef-b58c-890c045f6034
720,ac5dcf2a-9ef6-4732-b8fa-bcd9d7868e05,1080,unboxing on tech!,8234,NaN,132,1747838283,568760,,a4bcfee1-b228-43d1-b31d-b6ef66e8189d
1080,ac5dcf2a-9ef6-4732-b8fa-bcd9d7868e05,1080,review on tech!,7403,NaN,114,1751726283,6894,3380,d2149505-3f07-409c-b4ca-e7e167627366
1080,ac5dcf2a-9ef6-4732-b8fa-bcd9d7868e05,720,vlog on fitness!,1184,,121,1750603083,742563,3247,05476168-23d4-4846-87c2-8d1400520a02
1080,ac5dcf2a-9ef6-4732-b8fa-bcd9d7868e05,720,reaction on fashion!,4929,0.0.0,50,1753022283,238258,3836,c62785a7-95cd-49d6-8cf4-28ac7444cb3d
720,ac5dcf2a-9ef6-4732-b8fa-bcd9d7868e05,720,challenge on fitness!,7074,39504,136,1751812683,991303,2546,a56fbd86-90ec-42f6-b79f-50b76bc4093e
?,ac5dcf2a-9ef6-4732-b8fa-bcd9d7868e05,1080,review on fashion!,5817,352129,97,1752849483,?,2107,ecd555f4-5ce9-4263-94c2-8b7b15fd37a4
1080,ac5dcf2a-9ef6-4732-b8fa-bcd9d7868e05,720,review on travel!,3206,359554,162,1752071883,29132,3388,b2917ce2-ae22-4869-81f9-f201cba1abdf
720,44a3dbc8-c5b9-43ca-bfcc-dfb83dcbff6f,720,reaction on travel!,1150,288957,65,1750603083,881748,1363,b0ea02f9-9b9a-4a5d-8ae5-7c65ff71ea63
720,44a3dbc8-c5b9-43ca-bfcc-dfb83dcbff6f,1080,unboxing on tech!,3357,306996,90,1750603083,19835,2973,52fe1753-26bb-4ca9-90ee-6ad198abf994
720,44a3dbc8-c5b9-43ca-bfcc-dfb83dcbff6f,1080,vlog on fashion!,1956,0.0.0,169,1748356683,224448,4929,a3de16c1-9cc3-4a23-974a-c38809a7ec9a
1080,44a3dbc8-c5b9-43ca-bfcc-dfb83dcbff6f,720,challenge on beauty!,3946,105748,139,1749307083,932183,1580,8354e402-3d5c-45c2-82c4-16b474716751
1080,44a3dbc8-c5b9-43ca-bfcc-dfb83dcbff6f,1080,vlog on beauty!,5717,259748,68,1749220683,776060,0.0.0,fd758182-a8dd-4379-9433-fa7a72538c3e
1080,44a3dbc8-c5b9-43ca-bfcc-dfb83dcbff6f,1080,review on tech!,9547,200506,?,1749393483,153316,878,ea11e1d8-1fa8-4384-bdee-9e6af74fcbf3
720,44a3dbc8-c5b9-43ca-bfcc-dfb83dcbff6f,720,review on travel!,9771,99216,60,1750689483,587671,2703,2ddc06de-2371-4f8e-a4a1-f15172ee039c
720,44a3dbc8-c5b9-43ca-bfcc-dfb83dcbff6f,720,reaction on fitness!,NaN,?,135,1752244683,644053,1973,a4f6c546-0c4b-4483-b5ec-5a16305aa141
1080,44a3dbc8-c5b9-43ca-bfcc-dfb83dcbff6f,720,review on travel!,,464469,83,1750862283,731034,4695,564ad152-6347-42e2-95b8-954dfae5722d
720,44a3dbc8-c5b9-43ca-bfcc-dfb83dcbff6f,1080,vlog on travel!,6225,310983,121,1752158283,395927,3789,
1080,44a3dbc8-c5b9-43ca-bfcc-dfb83dcbff6f,720,vlog on food!,1409,454888,18,1752244683,541946,883,33fbaa7c-d684-4282-b9f5-a1e586802b15
1080,44a3dbc8-c5b9-43ca-bfcc-dfb83dcbff6f,720,unboxing on tech!,6403,47293,90,1750689483,808790,3141,b619396c-7e8e-4ac3-9f92-06c3cbad1e72
1080,44a3dbc8-c5b9-43ca-bfcc-dfb83dcbff6f,720,challenge on travel!,7901,103137,38,1752417483,850638,3698,5c34808c-24cb-4092-b517-1b083764dc22
720,44a3dbc8-c5b9-43ca-bfcc-dfb83dcbff6f,720,reaction on tech!,8430,303459,167,1749911883,284967,1516,6287117e-da69-4da2-b076-9887bff8b182
720,44a3dbc8-c5b9-43ca-bfcc-dfb83dcbff6f,1080,review on fashion!,6518,204554,117,1748615883,524090,4404,3e930054-d0f7-45e2-af1b-2ed9f43144e3
1080,44a3dbc8-c5b9-43ca-bfcc-dfb83dcbff6f,720,review on beauty!,317,369162,70,1751467083,386799,2626,7e1e5408-deb6-4ebe-b236-c308d5cbf8cc
1080,44a3dbc8-c5b9-43ca-bfcc-dfb83dcbff6f,1080,unboxing on fashion!,6750,,153,1751035083,414869,,36028bea-fe3b-4556-bb70-1f344f88088a
720,44a3dbc8-c5b9-43ca-bfcc-dfb83dcbff6f,,review on food!,0.0.0,497941,62,1748270283,615579,,50f06060-0d68-4ac6-b272-30862538ce8e
1080,44a3dbc8-c5b9-43ca-bfcc-dfb83dcbff6f,1080,vlog on fitness!,1750,432818,10,1748702283,388295,4014,33f1eb18-ba62-446a-8dfb-474ddcb778a1
720,44a3dbc8-c5b9-43ca-bfcc-dfb83dcbff6f,720,review on beauty!,9873,82758,111,1752503883,534449,4151,97787817-6557-4acc-92dd-75f835114b66
1080,44a3dbc8-c5b9-43ca-bfcc-dfb83dcbff6f,1080,challenge on fashion!,,64997,104,1749134283,806919,3515,5aadd173-d64e-46b4-96ed-8dbe27fc5395
1080,44a3dbc8-c5b9-43ca-bfcc-dfb83dcbff6f,1080,reaction on food!,9266,195488,130,1752331083,897350,3003,63b7be54-ef23-44b9-9988-ab54650d2040
1080,44a3dbc8-c5b9-43ca-bfcc-dfb83dcbff6f,1080,challenge on fashion!,0.0.0,342597,60,1750171083,892618,2420,c0aae99c-a982-432f-8b20-d6cb2308a81a
720,23afec36-58d7-4b7f-ae94-30c24ea7f114,1080,challenge on fashion!,3299,184119,178,1752503883,621906,1925,c3424d23-dd4c-4085-8b71-6af67aee8868
720,23afec36-58d7-4b7f-ae94-30c24ea7f114,1080,,7302,329778,NaN,1749307083,97526,2497,9e63868a-d074-4736-8dde-09da1d6c1ba1
720,23afec36-58d7-4b7f-ae94-30c24ea7f114,1080,review on fashion!,4581,0.0.0,128,1749739083,30089,3796,9fedb872-93b1-423b-bdd6-7d61a2e62d87
720,23afec36-58d7-4b7f-ae94-30c24ea7f114,1080,reaction on tech!,3442,3699,,1750775883,391836,3930,9885712c-de1c-4d33-9b54-bfc0a9cef030
1080,23afec36-58d7-4b7f-ae94-30c24ea7f114,1080,vlog on travel!,6699,207889,38,1749393483,NaN,3664,f8190d86-dfc4-4ea9-85a9-88d7bd4d792d
720,23afec36-58d7-4b7f-ae94-30c24ea7f114,1080,vlog on tech!,6503,121185,84,1751726283,380305,3248,88beaa3e-5ff8-41b7-92a7-6a17ce4bb716
720,23afec36-58d7-4b7f-ae94-30c24ea7f114,1080,vlog on tech!,,423949,119,1749911883,202418,4455,a5fc3c20-bb3d-41cc-914d-1be258b312a6
1080,23afec36-58d7-4b7f-ae94-30c24ea7f114,1080,reaction on food!,8087,348000,25,1748097483,775828,309,d0bccdfd-9cd6-498e-a90f-f17994f16739
720,23afec36-58d7-4b7f-ae94-30c24ea7f114,720,vlog on fitness!,6143,2792,19,1752935883,382269,2205,ec051a44-a1a6-4393-a213-19bb16e9f67d
720,23afec36-58d7-4b7f-ae94-30c24ea7f114,720,challenge on fitness!,2852,393023,104,1747838283,147116,2000,743a660b-55c2-44d9-8afa-7f83946d3e04
0.0.0,23afec36-58d7-4b7f-ae94-30c24ea7f114,720,reaction on fashion!,6087,183675,175,1749047883,869771,350,6d49a191-58c9-429a-9a9c-5cd6586648d5
1080,23afec36-58d7-4b7f-ae94-30c24ea7f114,720,vlog on travel!,3830,,141,1749825483,205668,1802,c4f26df2-5b40-45fc-a63b-7e9c61c5a682
1080,23afec36-58d7-4b7f-ae94-30c24ea7f114,720,vlog on food!,9913,58578,64,1750257483,655383,3225,38e16a0c-c1ff-412c-8a69-daa93db22c75
1080,23afec36-58d7-4b7f-ae94-30c24ea7f114,1080,challenge on tech!,2500,59358,95,1750948683,408956,2484,eec7de9b-d81f-41df-9ae6-0dd41218b98b
1080,23afec36-58d7-4b7f-ae94-30c24ea7f114,720,challenge on travel!,5813,278980,180,1750257483,117116,4172,0528a57a-c5c7-4f3e-a023-73f6b70dda6c
,23afec36-58d7-4b7f-ae94-30c24ea7f114,720,vlog on fitness!,2367,?,59,1752417483,920285,3217,a3abba35-d7f9-4209-90b8-80e6fd86c841
1080,23afec36-58d7-4b7f-ae94-30c24ea7f114,1080,unboxing on beauty!,6356,254633,81,1752331083,220699,4225,437bd256-b036-40b7-8dba-1bfa1bf3f9e6
1080,23afec36-58d7-4b7f-ae94-30c24ea7f114,1080,review on fitness!,6567,18507,51,1751812683,,4963,af447427-a7b3-428e-b245-d89234bb79c3
720,23afec36-58d7-4b7f-ae94-30c24ea7f114,720,challenge on travel!,4568,481211,17,1749825483,895901,,7f7583c2-4a09-43a8-84cf-b30db46921bd
720,23afec36-58d7-4b7f-ae94-30c24ea7f114,720,vlog on beauty!,8312,98861,127,1749134283,722228,301,f98c1b89-c412-425f-8bcb-dc186ad6acb4
720,23afec36-58d7-4b7f-ae94-30c24ea7f114,1080,challenge on beauty!,7544,489345,134,1751294283,180542,4857,763e1c72-abb0-4d84-9525-8af041777d6c
1080,23afec36-58d7-4b7f-ae94-30c24ea7f114,1080,review on tech!,1783,378849,27,1751207883,217729,1338,20cd43de-f590-42a3-adfe-50d7b74dcf47
720,23afec36-58d7-4b7f-ae94-30c24ea7f114,1080,vlog on fashion!,2696,286019,19,1748875083,626704,NaN,1600f913-b1aa-43bb-ad43-b05d0c1ae945
,23afec36-58d7-4b7f-ae94-30c24ea7f114,720,unboxing on beauty!,3563,,60,1749047883,387523,4119,3b6c51c9-17f3-4e97-93a6-cf2f7ecb3fca
720,23afec36-58d7-4b7f-ae94-30c24ea7f114,720,unboxing on beauty!,3060,56255,132,1748875083,162513,2721,a4af0da4-b89e-4d7e-816b-e26e7ad8ba21
720,23afec36-58d7-4b7f-ae94-30c24ea7f114,1080,review on fitness!,7137,92930,39,1749566283,457889,4820,5c9e8c0f-578b-4d66-af11-9ef0c9aac7d6
720,23afec36-58d7-4b7f-ae94-30c24ea7f114,1080,review on fitness!,8765,349080,,1752244683,697162,4558,df57cc14-ff3e-4bc4-9db4-69681419e0b2
1080,23afec36-58d7-4b7f-ae94-30c24ea7f114,1080,review on fitness!,5400,215982,45,1752071883,910512,1612,3d88d897-2606-4e85-b480-6a54c4e044bf
1080,23afec36-58d7-4b7f-ae94-30c24ea7f114,1080,review on beauty!,?,234709,113,1748011083,795065,2232,36376529-2806-4fcc-8834-91dc56204bb0
720,17ac137e-26b2-45d5-81b7-12e250f0a737,720,unboxing on beauty!,0.0.0,378418,28,1749047883,?,?,71df1303-bd43-47fe-87a1-e6e7d5f6b428
720,17ac137e-26b2-45d5-81b7-12e250f0a737,720,review on tech!,1439,314306,176,1748961483,560261,3778,3fc88e60-725c-498e-a57d-3425d5144f12
1080,17ac137e-26b2-45d5-81b7-12e250f0a737,720,vlog on food!,1306,31038,94,1752331083,?,3619,952bbee2-6999-4eb6-9aad-920f40ab44f3
1080,17ac137e-26b2-45d5-81b7-12e250f0a737,1080,challenge on fashion!,?,?,26,1749566283,932927,1866,2cd0e5e2-6092-4ce0-a01a-6a9dd16aa124
1080,17ac137e-26b2-45d5-81b7-12e250f0a737,1080,challenge on beauty!,3876,368572,106,1750343883,16139,4620,da8ae031-5ff9-4317-811d-d1c11d46189a
1080,17ac137e-26b2-45d5-81b7-12e250f0a737,720,reaction on tech!,2432,313277,126,1751899083,810131,821,10279d26-66c7-415a-be29-82928ba47cde
720,17ac137e-26b2-45d5-81b7-12e250f0a737,1080,vlog on fitness!,?,276636,174,1751380683,549151,1550,be90dbc5-5ba7-4c49-9340-6fa51f9782d9
720,17ac137e-26b2-45d5-81b7-12e250f0a737,1080,review on travel!,0.0.0,148920,119,1751553483,813812,766,7eeefd3d-bc2a-4de2-83f4-786e82b0cdcf
1080,17ac137e-26b2-45d5-81b7-12e250f0a737,1080,reaction on travel!,3856,179268,57,1752763083,812443,756,03be8660-63e2-4347-955c-2c2152d99ae7
720,17ac137e-26b2-45d5-81b7-12e250f0a737,720,vlog on fitness!,5848,102703,153,1748702283,70767,1327,c4b5052e-ae25-438a-ac1d-e1888a3b30c7
1080,17ac137e-26b2-45d5-81b7-12e250f0a737,NaN,challenge on fitness!,9423,439663,174,1751294283,637482,700,22b929b2-a821-4ec8-af24-e29d8ffdbae6
1080,17ac137e-26b2-45d5-81b7-12e250f0a737,1080,unboxing on tech!,440,248128,39,1749652683,530333,3849,af4d831b-131f-4896-a1b4-fc88a745be96
1080,17ac137e-26b2-45d5-81b7-12e250f0a737,1080,vlog on fashion!,6962,360701,53,1752849483,771010,1545,9a598d4e-f8fd-4222-82e7-84c7d3d489cb
1080,17ac137e-26b2-45d5-81b7-12e250f0a737,1080,review on tech!,2017,353623,74,1750516683,154562,2556,413911b2-0f25-4b16-a1bb-4318fea60400
720,17ac137e-26b2-45d5-81b7-12e250f0a737,1080,unboxing on fashion!,6059,306040,89,1748788683,832534,2172,49e95332-4a9d-4021-9a72-ed62327bd8ab
1080,17ac137e-26b2-45d5-81b7-12e250f0a737,1080,vlog on tech!,3887,NaN,54,1752676683,339317,3205,be99ae3c-938e-416a-b8ed-5c187179882a
720,495f0aad-dded-470f-9813-91abc44ca717,,reaction on beauty!,6564,236410,22,1747924683,145830,4629,b44dcfdd-232d-4eb6-bfc6-ca586b22bf78
720,495f0aad-dded-470f-9813-91abc44ca717,1080,review on fitness!,336,257314,45,1751553483,951211,4157,9860cd75-eab8-4e43-937b-914ed72601ed
720,495f0aad-dded-470f-9813-91abc44ca717,720,challenge on food!,1454,479054,149,1748011083,849111,4875,95474eb2-01f1-4bb3-999e-d017f0cbe342
720,495f0aad-dded-470f-9813-91abc44ca717,1080,vlog on fitness!,4282,47231,27,1750084683,814415,960,a1373ca4-3413-43cf-9c11-92cc38d636e2
1080,495f0aad-dded-470f-9813-91abc44ca717,720,review on tech!,8162,152620,129,1751553483,231654,3791,ac00a669-8e18-4535-84bf-8e8910d09d52
720,495f0aad-dded-470f-9813-91abc44ca717,720,unboxing on food!,2050,65799,168,1751985483,637601,2346,d0417794-638c-4f01-a570-d1f184db9c0f
1080,495f0aad-dded-470f-9813-91abc44ca717,1080,review on food!,5334,162096,104,1750343883,452157,2674,c848e4a4-8410-470f-8d31-d21822856a9c
1080,495f0aad-dded-470f-9813-91abc44ca717,720,challenge on food!,6375,24355,71,1749047883,716988,825,fc7c6f03-8cb8-42de-b8f7-e845fc082f3a
1080,495f0aad-dded-470f-9813-91abc44ca717,720,vlog on food!,1754,14758,15,1752503883,954816,3068,8de777be-c88c-4a4b-bc30-f9cc9e2e3197
720,495f0aad-dded-470f-9813-91abc44ca717,1080,reaction on fashion!,3417,79716,122,1751985483,800653,2429,29ec7ade-bff4-4464-94d5-9a6a883c4839
720,495f0aad-dded-470f-9813-91abc44ca717,720,vlog on fashion!,1379,345452,72,1751553483,616254,513,41335e39-127c-4a64-99d5-6a825ca94cf8
720,495f0aad-dded-470f-9813-91abc44ca717,1080,review on tech!,3052,,15,1752935883,238431,1831,ef5aa510-715a-4d63-b592-96d44b070dbb
720,495f0aad-dded-470f-9813-91abc44ca717,1080,vlog on travel!,1308,159929,137,1750171083,112069,1744,9a4d5ea1-a289-47ca-a4c9-948be096e4e5
720,495f0aad-dded-470f-9813-91abc44ca717,1080,challenge on fashion!,9971,135578,52,1747924683,353428,3275,49b58b64-4a7b-4dab-afdb-866926bf1317
1080,495f0aad-dded-470f-9813-91abc44ca717,1080,challenge on tech!,5016,250162,67,1748875083,813228,1043,43c23b58-0478-4c7d-bb36-5c83cc695756
1080,495f0aad-dded-470f-9813-91abc44ca717,720,unboxing on travel!,?,415763,22,1749047883,606276,2986,2d19265a-c074-4224-bf78-fd34e69c9d15
1080,495f0aad-dded-470f-9813-91abc44ca717,1080,challenge on tech!,1372,,23,1749998283,400351,176,d938d28e-fa82-4c4c-9709-bfa59e897661
1080,495f0aad-dded-470f-9813-91abc44ca717,1080,unboxing on fashion!,7203,86430,69,1749825483,19937,4751,aff12b5b-f0ef-4ddd-aaff-84b176c4529b
NaN,495f0aad-dded-470f-9813-91abc44ca717,720,review on travel!,719,205105,0.0.0,1751899083,677890,1262,3ae773f1-f5ec-4116-a49e-1579f44224b8
720,495f0aad-dded-470f-9813-91abc44ca717,1080,review on beauty!,4857,,100,1747838283,435532,3256,0dfeded4-93a2-461f-b062-614e7f897280
720,495f0aad-dded-470f-9813-91abc44ca717,1080,review on fashion!,0.0.0,224096,54,1750516683,378274,2670,4da8c34c-64a9-4153-b84d-d6c639d7784d
1080,495f0aad-dded-470f-9813-91abc44ca717,1080,challenge on tech!,7202,,173,1748788683,794757,4175,336a7ff8-e167-4fef-81ca-4fd09378a512
720,495f0aad-dded-470f-9813-91abc44ca717,720,review on fitness!,?,375968,130,1750603083,721268,1544,d63caffe-30a5-4ec6-b231-e39224330c0b
720,495f0aad-dded-470f-9813-91abc44ca717,1080,unboxing on food!,522,328853,58,1750775883,816180,3677,f5f1200a-020c-4f41-b332-7adedd099077
1080,495f0aad-dded-470f-9813-91abc44ca717,0.0.0,reaction on fashion!,3425,73950,86,1748875083,666375,1994,2dcf278e-7a1f-4ce0-9a4e-1033e14063d9
1080,495f0aad-dded-470f-9813-91abc44ca717,720,reaction on beauty!,3534,131282,50,1752244683,419809,3057,1831dcdd-1d83-48e8-95f5-7e414f633907
1080,495f0aad-dded-470f-9813-91abc44ca717,720,unboxing on fitness!,?,230333,107,1748615883,515756,,19e73f76-22ac-486a-9ada-12bb5aa8bf42
?,495f0aad-dded-470f-9813-91abc44ca717,720,reaction on tech!,1170,305172,96,1747838283,349229,2343,8d021ca3-ef1e-4747-a477-03ab0351270a
720,0aca90cb-3846-4198-8af5-2a2bd47de5dd,720,reaction on travel!,7348,0.0.0,177,1748615883,?,2746,5ea8869d-eb7e-4f56-9e83-ae278542d8b5
720,0aca90cb-3846-4198-8af5-2a2bd47de5dd,1080,review on beauty!,8944,345431,171,1748875083,480112,1939,72a2ae91-9448-41da-b95e-26ca47a760c2
720,0aca90cb-3846-4198-8af5-2a2bd47de5dd,0.0.0,review on tech!,346,439169,49,1748961483,72258,3666,879d295e-b64f-42f6-8612-357eb6c6f548
1080,0aca90cb-3846-4198-8af5-2a2bd47de5dd,1080,reaction on beauty!,1490,,137,1751985483,540208,1329,3630052f-f083-4e0a-9df2-25a78e5d6769
720,0aca90cb-3846-4198-8af5-2a2bd47de5dd,1080,unboxing on food!,7549,173089,52,1748529483,958070,NaN,92bef66a-c228-4339-b702-7493f77f8cb7
1080,0aca90cb-3846-4198-8af5-2a2bd47de5dd,1080,vlog on tech!,8093,142291,,1748011083,100333,747,354dde67-54e5-43de-b93f-9edc9b743d4d
1080,0aca90cb-3846-4198-8af5-2a2bd47de5dd,1080,review on fashion!,513,148095,164,1748097483,930709,1952,d59c1b25-04f7-4087-98e2-fef8e92c58d7
720,0aca90cb-3846-4198-8af5-2a2bd47de5dd,1080,vlog on fitness!,9571,308209,27,1752071883,144146,4446,fcb10632-5641-4323-a8fc-0ac4325ceb94
1080,0aca90cb-3846-4198-8af5-2a2bd47de5dd,720,vlog on fashion!,9270,293497,14,1750257483,923673,2502,be3ecb4b-6d00-4ea7-aff2-2799b132d615
1080,0aca90cb-3846-4198-8af5-2a2bd47de5dd,720,vlog on tech!,885,42510,92,1752244683,217257,936,51a3b4ad-6121-4ab8-91f4-cc1c59c6c66b
720,0aca90cb-3846-4198-8af5-2a2bd47de5dd,720,challenge on beauty!,9711,103548,128,1750257483,948328,3673,5a00232f-e614-4828-b62f-5eadc6acf21b
1080,0aca90cb-3846-4198-8af5-2a2bd47de5dd,1080,review on tech!,493,177866,39,1751035083,128419,1342,4ffae674-0ff7-4b59-b6fa-3ba1b005011b
720,0aca90cb-3846-4198-8af5-2a2bd47de5dd,1080,reaction on beauty!,1655,,84,1752331083,303796,687,b9d67a04-7c55-4fe7-8eb8-d729c87fd255
720,0aca90cb-3846-4198-8af5-2a2bd47de5dd,720,unboxing on fashion!,9128,53382,?,1751467083,472988,4354,0f376e5d-9b04-41f3-acfa-6b39c1e9c660
720,0aca90cb-3846-4198-8af5-2a2bd47de5dd,1080,review on food!,1164,0.0.0,129,1748788683,458885,2294,0eeab0f4-81fe-4cf3-a59c-32b501ffd470
1080,0aca90cb-3846-4198-8af5-2a2bd47de5dd,1080,reaction on travel!,5971,327233,112,1751899083,582791,NaN,f406c205-1f8d-4083-921f-ddacc0f272b4
720,0aca90cb-3846-4198-8af5-2a2bd47de5dd,0.0.0,challenge on travel!,291,296288,28,1748788683,534128,3201,0f912a08-5d54-43e6-bb1d-815cb3bf2c0d
1080,0aca90cb-3846-4198-8af5-2a2bd47de5dd,1080,unboxing on tech!,7514,76232,49,1752331083,252817,1934,ef0c784e-8dd8-4a68-97df-d9cf80ce5f1c
1080,0aca90cb-3846-4198-8af5-2a2bd47de5dd,1080,challenge on food!,395,,64,1752849483,548517,3677,2c55e399-9f6f-4b09-937a-c6f28b905c4d
1080,0aca90cb-3846-4198-8af5-2a2bd47de5dd,1080,reaction on tech!,6562,417005,118,1748529483,62600,3855,7f5e9bba-f754-421d-9db9-3f385912f76e
720,0aca90cb-3846-4198-8af5-2a2bd47de5dd,1080,challenge on food!,6341,147114,149,1748443083,591360,2939,5b582a8f-6ef0-44a2-ab53-1ea8d13614e6
720,0aca90cb-3846-4198-8af5-2a2bd47de5dd,1080,review on fitness!,3771,232815,151,1751207883,201912,1857,9718665b-50ef-41b1-b29b-08145047903c
1080,0aca90cb-3846-4198-8af5-2a2bd47de5dd,1080,unboxing on beauty!,7885,332515,145,1750430283,250008,,025eedff-65af-4c74-a80e-bf3f2378eacf
1080,0aca90cb-3846-4198-8af5-2a2bd47de5dd,720,reaction on fitness!,3284,237663,129,1750775883,0.0.0,4156,983f32c8-a711-430b-bff7-ddcd6c93951f
720,d3f752a3-b24a-426e-a10d-b201e7eaec94,1080,unboxing on fashion!,,316658,41,1750257483,68366,1862,56fb3145-79f2-487f-b572-e811ec8e1e60
1080,d3f752a3-b24a-426e-a10d-b201e7eaec94,1080,vlog on food!,6933,86040,47,1748788683,16147,3250,b2500c91-da6d-40cf-b9b4-f845fb4964fd
1080,d3f752a3-b24a-426e-a10d-b201e7eaec94,720,reaction on travel!,4826,355786,122,1752590283,101663,1204,fad8dc48-bfc0-463d-9ec8-59108b61e852
720,d3f752a3-b24a-426e-a10d-b201e7eaec94,1080,vlog on tech!,8922,351732,174,1753022283,603896,685,ff1470e0-9c9d-4cd4-a400-31281b9ecb73
?,d3f752a3-b24a-426e-a10d-b201e7eaec94,1080,unboxing on food!,8441,0.0.0,53,1750343883,457473,1949,bcf1cb19-0d26-410c-85c5-d2de08bc91c2
1080,d3f752a3-b24a-426e-a10d-b201e7eaec94,1080,reaction on fashion!,7688,313986,134,1749134283,19124,0.0.0,580de9e6-7238-4803-a2f2-352593cb89a3
1080,d3f752a3-b24a-426e-a10d-b201e7eaec94,720,vlog on fashion!,8439,195697,151,1750775883,353292,1105,3d8a260c-7267-47ec-9b8a-2695720fc432
?,d3f752a3-b24a-426e-a10d-b201e7eaec94,1080,reaction on fashion!,5434,353529,156,1752590283,614286,1413,73823f0d-fd77-4a2f-9c0b-cca3124fb661
720,d3f752a3-b24a-426e-a10d-b201e7eaec94,1080,reaction on beauty!,4931,37440,164,1752331083,35648,2032,08197212-2d1c-4fa4-bc5c-298651b9fa60
720,d3f752a3-b24a-426e-a10d-b201e7eaec94,720,unboxing on fitness!,1261,434313,95,1752503883,801542,2673,4e9f2467-3af6-4e23-8ac5-a74eb9924d9f
NaN,d3f752a3-b24a-426e-a10d-b201e7eaec94,720,challenge on travel!,7294,450976,110,1748270283,900833,4402,5d9c4bad-bb4e-4f16-a644-0779596bcf44
720,d3f752a3-b24a-426e-a10d-b201e7eaec94,720,vlog on beauty!,4133,172001,163,1748702283,184763,2577,ad3eb5b7-e9f2-4202-af63-16ddcafe6de0
720,d3f752a3-b24a-426e-a10d-b201e7eaec94,,unboxing on beauty!,8687,50181,37,1752590283,,2792,17d72d9e-8008-4eb7-8670-be61607c0d13
720,d3f752a3-b24a-426e-a10d-b201e7eaec94,720,challenge on beauty!,,117976,155,1749134283,305700,4711,fa55d094-0781-43e2-b1f4-b9f7096c7743
1080,d3f752a3-b24a-426e-a10d-b201e7eaec94,720,unboxing on beauty!,868,0.0.0,72,1748097483,187860,2411,be0e9cc6-7e87-483a-aa93-056f62d147fb
,d3f752a3-b24a-426e-a10d-b201e7eaec94,1080,unboxing on fashion!,9077,188978,142,1750430283,666390,4848,dddde479-b4cc-4e88-b91f-e53c0e727061
NaN,d3f752a3-b24a-426e-a10d-b201e7eaec94,1080,review on fitness!,735,2719,58,1752417483,594659,2339,22e97e33-27a5-466b-aca4-a25ba78aacdf
720,d3f752a3-b24a-426e-a10d-b201e7eaec94,1080,review on travel!,9351,95958,19,1748788683,493124,2585,6a0f7281-481c-40ee-8a15-c26b206ae902
720,d3f752a3-b24a-426e-a10d-b201e7eaec94,1080,unboxing on fashion!,6683,NaN,52,1752071883,371468,3438,5c807202-ff4d-4430-b2db-eb47d44fab8b
1080,d3f752a3-b24a-426e-a10d-b201e7eaec94,1080,review on tech!,,337445,12,1752331083,NaN,839,68c71529-df19-41e9-abf3-2a02fba81d91
1080,d3f752a3-b24a-426e-a10d-b201e7eaec94,1080,reaction on travel!,9466,0.0.0,62,1748443083,398018,661,fe7f70a0-dbff-4e21-94bf-0529ec0ffbb1
720,d3f752a3-b24a-426e-a10d-b201e7eaec94,720,challenge on tech!,NaN,398553,94,1749047883,301862,2225,58761514-0188-4528-ac1e-9a703f21fbe9
1080,d3f752a3-b24a-426e-a10d-b201e7eaec94,720,vlog on fashion!,7855,NaN,65,1751726283,1012,1989,6322c583-b58a-457b-8547-b8000944706e
1080,d3f752a3-b24a-426e-a10d-b201e7eaec94,720,unboxing on beauty!,?,210164,20,1747838283,611165,854,c9fa0a8c-2419-4439-93c0-425bcb5033e8
1080,d3f752a3-b24a-426e-a10d-b201e7eaec94,720,review on fitness!,8066,364482,158,1748011083,655174,2204,c7a990cd-c7c5-485b-bf26-4f1976d5553b
,1589588e-a607-4668-bbe5-e840b7f2496e,1080,unboxing on tech!,3456,0.0.0,67,1752244683,157313,57,37de7209-ad99-4c3a-b4cf-77f22513070a
1080,1589588e-a607-4668-bbe5-e840b7f2496e,720,challenge on fitness!,6517,239057,90,1752071883,888972,3796,e03b589e-406a-4259-a4ed-63394f207c34
1080,1589588e-a607-4668-bbe5-e840b7f2496e,720,challenge on tech!,,106904,98,1752503883,47254,3282,64317437-aab7-4dc6-a823-f5a065d44562
720,1589588e-a607-4668-bbe5-e840b7f2496e,1080,vlog on beauty!,9243,,92,1751553483,197616,3635,e1e7b114-1a38-49d2-80eb-3e67676816a8
720,1589588e-a607-4668-bbe5-e840b7f2496e,1080,review on fashion!,5824,458934,88,1749047883,209189,,c89dc594-45b7-4776-b343-afa88e61c283
1080,1589588e-a607-4668-bbe5-e840b7f2496e,1080,vlog on tech!,9315,422092,162,1750603083,48385,2152,43c5abbc-4115-4a7e-9d12-a06467dbf4cb
1080,1589588e-a607-4668-bbe5-e840b7f2496e,720,review on fashion!,9813,249761,24,1751553483,418538,4294,3134aed1-61f5-4f7d-9dcf-cf5050df5c20
1080,1589588e-a607-4668-bbe5-e840b7f2496e,720,review on food!,8373,352987,80,1750171083,960502,1332,2fc10cac-d3b6-4673-9086-922abfb6b37d
1080,1589588e-a607-4668-bbe5-e840b7f2496e,1080,challenge on travel!,3726,419620,111,1749393483,715328,1110,8f8714f2-a616-4723-84c1-acc632725e95
720,1589588e-a607-4668-bbe5-e840b7f2496e,720,reaction on fashion!,9464,263698,114,1750516683,47522,357,09a89b43-0322-4f12-9c6f-946fc62cb76b
720,1589588e-a607-4668-bbe5-e840b7f2496e,720,reaction on tech!,2582,289357,163,1752935883,197663,572,c9fcc928-13bf-4714-a076-b1bccf3348a6
,1589588e-a607-4668-bbe5-e840b7f2496e,720,review on beauty!,7915,498431,63,1750603083,257700,3997,70f07d6b-1c96-4a77-93aa-d93ccce1823f
1080,1589588e-a607-4668-bbe5-e840b7f2496e,1080,challenge on beauty!,1525,479428,45,1750689483,781358,4537,c6327ffc-013f-4ad6-9786-163f0c11a50a
1080,1589588e-a607-4668-bbe5-e840b7f2496e,720,unboxing on fitness!,?,348282,88,1749566283,497181,1914,3321f22b-9697-4c4c-8438-337d8d13491c
1080,1589588e-a607-4668-bbe5-e840b7f2496e,1080,unboxing on food!,1548,354069,14,1750430283,786713,4209,96bfbcc6-1381-44ad-bc68-0686e4bde025
1080,1589588e-a607-4668-bbe5-e840b7f2496e,720,review on beauty!,3714,377088,43,1752590283,47166,4941,d0356354-6566-4c25-b0ca-715cadaf0a78
?,1589588e-a607-4668-bbe5-e840b7f2496e,720,review on tech!,0.0.0,405935,,1749047883,388701,4311,e9af65cb-cf17-4ba5-b1ae-935e852d6a92
1080,1589588e-a607-4668-bbe5-e840b7f2496e,720,reaction on food!,4107,499522,85,1749479883,262592,1296,ba173a82-65b8-43c7-b5d7-9fbd1ec58cc3
720,1589588e-a607-4668-bbe5-e840b7f2496e,720,review on tech!,,406355,129,1752935883,120007,1036,4a5b9829-3e00-4b62-a0ce-812b2f701019
1080,1589588e-a607-4668-bbe5-e840b7f2496e,1080,unboxing on beauty!,831,395906,166,1750948683,680801,4232,63b5ef65-1578-4288-b93c-1dd9f221f9a2
720,1589588e-a607-4668-bbe5-e840b7f2496e,720,challenge on food!,0.0.0,183967,24,1752935883,48392,2233,ce99b272-6457-4261-9fd7-6172fa0bdbf4
720,1589588e-a607-4668-bbe5-e840b7f2496e,720,review on food!,5974,41022,144,1750862283,,4551,c84dd60f-c3f4-44b2-b251-848ed6c1158c
720,1589588e-a607-4668-bbe5-e840b7f2496e,720,unboxing on tech!,1356,370376,36,1749220683,219124,2043,b8605056-e255-4516-81ee-aa62ed8d5791
720,1589588e-a607-4668-bbe5-e840b7f2496e,1080,reaction on tech!,9824,477657,163,1750343883,NaN,3241,bd25b516-aa38-4e08-9c85-604d219b4b52
1080,1589588e-a607-4668-bbe5-e840b7f2496e,720,unboxing on tech!,7349,474896,120,1749307083,722303,359,ff8554b2-7407-477f-8340-bab58d21523c
1080,6232f0a1-0620-4c20-8de3-bd1377fa2185,1080,reaction on fitness!,6811,482282,45,1748875083,452624,3880,99aea6f3-35b7-429e-a6c9-2c05e9972bf7
720,6232f0a1-0620-4c20-8de3-bd1377fa2185,?,review on fashion!,2052,216910,72,1748011083,273882,,732d25df-8ff0-4406-8fa2-5d5e29f13f42
720,6232f0a1-0620-4c20-8de3-bd1377fa2185,720,vlog on beauty!,3119,0.0.0,40,1751380683,768819,4490,bc487d36-6a35-4845-a48c-89a449251da3
,6232f0a1-0620-4c20-8de3-bd1377fa2185,1080,vlog on tech!,9727,144380,149,1752849483,300656,1926,2d509242-f707-42f0-8de0-14da6c08a89e
1080,6232f0a1-0620-4c20-8de3-bd1377fa2185,720,challenge on travel!,8798,422178,40,1752676683,679878,832,dcaf0999-73d1-4ece-ac62-b90f2599a55d
1080,6232f0a1-0620-4c20-8de3-bd1377fa2185,1080,challenge on fashion!,8731,143272,11,1752331083,362280,1392,71fe775d-e5e9-4aa0-a412-371d82722b1d
720,6232f0a1-0620-4c20-8de3-bd1377fa2185,1080,review on travel!,8564,444543,156,1751035083,205212,3545,4e8c583c-4e71-4a98-be21-ab89f7d94ca8
1080,6232f0a1-0620-4c20-8de3-bd1377fa2185,720,unboxing on travel!,3519,491339,26,1751035083,644836,2092,f1d70810-dc1a-441e-a503-8b03ad0141ee
1080,6232f0a1-0620-4c20-8de3-bd1377fa2185,1080,challenge on tech!,?,470901,NaN,1751207883,485524,510,fa588f92-7637-4c2a-bc9b-306e63cabccd
720,6232f0a1-0620-4c20-8de3-bd1377fa2185,720,vlog on food!,NaN,146748,54,1750948683,103226,1297,0a65b9b7-edee-4394-b316-96f8f6957ac1
720,6232f0a1-0620-4c20-8de3-bd1377fa2185,1080,challenge on tech!,7018,105995,108,1750171083,829412,2446,a436edad-3df7-4fc5-9ee0-374c2ab9beb0
720,6232f0a1-0620-4c20-8de3-bd1377fa2185,720,reaction on beauty!,,431975,83,1747838283,279422,101,de175990-b03f-4f09-b4a1-d6fb71f739fe
1080,6232f0a1-0620-4c20-8de3-bd1377fa2185,1080,unboxing on travel!,7840,60898,?,1750948683,814216,508,bfb5a76d-d9b5-4f49-9cd3-18c40bf6a9c3
720,6232f0a1-0620-4c20-8de3-bd1377fa2185,720,reaction on fitness!,2666,312020,24,1752071883,0.0.0,2581,f1a1347e-6746-4bff-b0be-a4fca8fe83ca
1080,6232f0a1-0620-4c20-8de3-bd1377fa2185,720,vlog on food!,7647,250508,15,1748011083,432201,889,ce58ac88-bab6-4404-946e-db436c5f24a9
1080,6232f0a1-0620-4c20-8de3-bd1377fa2185,,unboxing on tech!,,418031,22,1748615883,760894,3690,1119e6a8-2eb2-4528-a80d-07080fa8d56c
720,6232f0a1-0620-4c20-8de3-bd1377fa2185,720,review on travel!,,219363,22,1751294283,0.0.0,178,78b0dc78-261f-4ced-997b-0a5b75b4f8c7
720,6232f0a1-0620-4c20-8de3-bd1377fa2185,?,,7402,97287,144,1752676683,,482,4c1cda64-a354-4bbc-be0e-aab27f4f6024
720,6232f0a1-0620-4c20-8de3-bd1377fa2185,720,challenge on travel!,7873,387002,66,1748875083,757008,2991,b1b960af-3cee-4ec1-a6d2-cba01148ed34
720,6232f0a1-0620-4c20-8de3-bd1377fa2185,720,challenge on tech!,8997,430435,38,1749652683,187390,965,3c223c80-b27d-4764-9a20-7a3be8b97566
720,6232f0a1-0620-4c20-8de3-bd1377fa2185,1080,reaction on beauty!,NaN,484038,84,1750603083,684927,2180,78e12afd-47e6-4d73-b523-5b672cb6a373
1080,6232f0a1-0620-4c20-8de3-bd1377fa2185,720,review on travel!,5626,158343,82,1751639883,484332,NaN,e315b46a-c54f-41ca-98c2-b23e26d68b2f
720,6232f0a1-0620-4c20-8de3-bd1377fa2185,720,challenge on food!,3490,114050,154,1752935883,474692,772,08ebd507-e9c8-4827-ab44-96e6b4c632b3
1080,6232f0a1-0620-4c20-8de3-bd1377fa2185,720,review on fashion!,7873,337816,48,1749047883,815307,4547,d80cb690-238c-4b92-a022-041aae66b597
1080,f23ced6d-9e8a-4f29-8d8b-569da7e0b40e,720,unboxing on travel!,9614,125074,121,1750171083,0.0.0,,fcfb76f1-a751-42c8-a4cb-fd3f5e2c1032
1080,f23ced6d-9e8a-4f29-8d8b-569da7e0b40e,1080,vlog on travel!,2842,290448,120,1750862283,760901,3003,8c1020d3-b122-41ef-a194-b9cac5a93122
1080,f23ced6d-9e8a-4f29-8d8b-569da7e0b40e,,review on fashion!,2904,103973,158,1752244683,459566,2904,a1da14f3-b644-4b14-a6f0-f3817ecb74de
720,f23ced6d-9e8a-4f29-8d8b-569da7e0b40e,1080,challenge on beauty!,3288,249717,11,1750862283,171013,?,61eeb6e9-3f74-45f8-a826-ba07510801e6
1080,f23ced6d-9e8a-4f29-8d8b-569da7e0b40e,720,review on beauty!,?,493605,27,1752158283,,,34f8bea7-783e-4564-8cde-91e6c03ea346
720,f23ced6d-9e8a-4f29-8d8b-569da7e0b40e,720,review on beauty!,2807,48621,49,1751726283,723376,56,8dcbd012-468b-4fcd-b2be-150aaf710d67
720,f23ced6d-9e8a-4f29-8d8b-569da7e0b40e,1080,reaction on travel!,1025,,88,1749739083,461841,4116,f525ebb7-ea97-4121-b469-c2760420f123
720,f23ced6d-9e8a-4f29-8d8b-569da7e0b40e,1080,challenge on food!,5506,214781,15,1749911883,357675,3459,1c52f776-6aa1-4a0d-a388-bafc67a20b82
720,f23ced6d-9e8a-4f29-8d8b-569da7e0b40e,720,reaction on fashion!,8632,230190,65,1752331083,841345,2253,90feaa8c-8479-4b4d-ae1a-3dadf05fc2d9
720,f23ced6d-9e8a-4f29-8d8b-569da7e0b40e,1080,reaction on beauty!,2753,134736,160,1749566283,823091,4783,b030ef20-d1db-42ae-b770-72fb37907aab
1080,f23ced6d-9e8a-4f29-8d8b-569da7e0b40e,720,vlog on food!,6420,,97,1748011083,16872,4197,3c17ddc8-e782-483d-8340-eac3bda87f0b
1080,f23ced6d-9e8a-4f29-8d8b-569da7e0b40e,,review on tech!,4230,389236,167,1751035083,597240,4197,00a1061b-223b-4714-905c-255def5b946c
720,f23ced6d-9e8a-4f29-8d8b-569da7e0b40e,720,reaction on fashion!,2083,,88,1753022283,727458,4779,4f735770-8dc6-4daa-9806-f293ed37d35c
1080,f23ced6d-9e8a-4f29-8d8b-569da7e0b40e,,review on food!,1436,,113,1751639883,0.0.0,2239,68f3c82b-4b75-4675-a8a1-813fee40a0b4
,f23ced6d-9e8a-4f29-8d8b-569da7e0b40e,720,unboxing on tech!,9531,446010,124,1752071883,228408,1408,bcc249a4-e6a9-435b-8e8f-d19c7990f49b
1080,f23ced6d-9e8a-4f29-8d8b-569da7e0b40e,1080,unboxing on fashion!,5837,194620,114,1748097483,66719,0.0.0,e37094ed-b9de-4c43-a583-4ce63f183b2d
1080,663efb92-9a74-45fa-8ffd-a0e911cd8ad4,720,challenge on fitness!,5711,446829,NaN,1750084683,453207,4037,959687ce-0e26-4c34-befc-afe7adf59f62
1080,663efb92-9a74-45fa-8ffd-a0e911cd8ad4,1080,unboxing on travel!,4928,492768,112,1749911883,294185,2824,532e2a25-09f9-4244-b46c-b4d8b2d88c6c
1080,663efb92-9a74-45fa-8ffd-a0e911cd8ad4,1080,challenge on fashion!,NaN,135753,30,1752071883,89162,975,82540ef8-cac3-4e93-bcf1-1997dbb7645f
720,663efb92-9a74-45fa-8ffd-a0e911cd8ad4,1080,review on beauty!,5445,480704,97,1749998283,43946,0.0.0,c42d4277-c201-46ac-922b-8050600f5c46
1080,663efb92-9a74-45fa-8ffd-a0e911cd8ad4,720,reaction on tech!,9198,388135,110,1749307083,999012,2070,1c42da4d-0f55-4df8-b05c-5391698b8f9c
1080,663efb92-9a74-45fa-8ffd-a0e911cd8ad4,1080,reaction on fitness!,?,488484,10,1751726283,31715,835,1b06a6de-c65a-416a-9d10-fb218515c1ac
720,663efb92-9a74-45fa-8ffd-a0e911cd8ad4,720,vlog on fashion!,4620,129268,129,1748183883,586352,301,69d62ddc-a503-4e91-bc25-f504530786f6
1080,663efb92-9a74-45fa-8ffd-a0e911cd8ad4,1080,unboxing on travel!,9342,182535,153,1752763083,307892,1811,a6740e95-cb13-4ec7-856b-11ac27499be8
1080,663efb92-9a74-45fa-8ffd-a0e911cd8ad4,720,reaction on fitness!,?,215301,17,1749307083,,3676,d2f75dd2-468d-471d-8dbc-c0325bee95d5
1080,663efb92-9a74-45fa-8ffd-a0e911cd8ad4,720,challenge on fashion!,7535,389448,12,1748443083,229336,282,eaf4e86f-3c0f-4586-a6e6-cd9109158e54
1080,663efb92-9a74-45fa-8ffd-a0e911cd8ad4,1080,challenge on tech!,1771,367149,39,1748702283,826266,NaN,49d66cdd-a91c-4054-9aae-edab7739ca16
720,663efb92-9a74-45fa-8ffd-a0e911cd8ad4,720,vlog on fashion!,0.0.0,,32,1752935883,785343,1523,9c5cef5f-5bbc-41ef-8fb1-97ab08a57293
720,663efb92-9a74-45fa-8ffd-a0e911cd8ad4,720,reaction on beauty!,9809,0.0.0,37,1748011083,972828,4673,f8df785d-9daf-4ed0-9c10-df41c219dce5
1080,663efb92-9a74-45fa-8ffd-a0e911cd8ad4,720,reaction on fitness!,4866,246243,25,1750084683,463236,3348,4ff3869a-d787-4bf7-a42f-236263024fef
720,663efb92-9a74-45fa-8ffd-a0e911cd8ad4,720,review on travel!,726,457587,18,1751985483,408594,1204,57b440a5-efc9-4910-a16d-5cc07a1e633a
1080,663efb92-9a74-45fa-8ffd-a0e911cd8ad4,720,unboxing on fitness!,933,,54,1748011083,?,436,124f10ef-55a6-4de3-a98a-48c8be36f37e
1080,663efb92-9a74-45fa-8ffd-a0e911cd8ad4,1080,challenge on beauty!,6552,1989,71,1752158283,372108,311,29202039-0770-4f3e-993d-a6823a593ef0
720,663efb92-9a74-45fa-8ffd-a0e911cd8ad4,1080,reaction on fitness!,5346,434262,173,1748788683,309304,4125,43c0defe-9eba-4cc0-8966-2aa5dc82e421
1080,663efb92-9a74-45fa-8ffd-a0e911cd8ad4,720,challenge on fashion!,1978,255181,18,1751035083,619131,1582,5aec51ad-f1ac-4c81-983b-6bba95bb198a
720,663efb92-9a74-45fa-8ffd-a0e911cd8ad4,720,vlog on beauty!,4284,0.0.0,65,1750430283,,3441,141936e9-111a-4225-88e1-c3c9e183b100
720,663efb92-9a74-45fa-8ffd-a0e911cd8ad4,720,vlog on beauty!,2270,,177,1750430283,338712,2754,3351f8cf-0029-4469-a11a-b565ea261877
1080,9f521a3f-b740-45e6-b1d4-d98bb76eb436,1080,review on food!,6416,167198,103,1752071883,721771,2472,5630b3ef-6fde-4482-8625-bc555b0339ef
720,9f521a3f-b740-45e6-b1d4-d98bb76eb436,720,vlog on fitness!,9207,322937,94,1747924683,0.0.0,164,4f349ce1-3dc4-4fdc-b793-6b378692b826
1080,9f521a3f-b740-45e6-b1d4-d98bb76eb436,,reaction on tech!,3101,281113,126,1748443083,178720,4112,be33ee72-9e5b-40d8-af3d-babf52d38161
1080,9f521a3f-b740-45e6-b1d4-d98bb76eb436,1080,review on food!,4456,370670,97,1750171083,999044,?,7f54cade-559d-4c31-b99c-102e8aa62d97
1080,9f521a3f-b740-45e6-b1d4-d98bb76eb436,720,,,392738,124,1747924683,384151,3010,9256fe06-9b05-44eb-a683-8870746386ef
720,9f521a3f-b740-45e6-b1d4-d98bb76eb436,1080,unboxing on fitness!,3306,218397,129,1751294283,269728,4678,c1aeb8a3-23f3-4fb4-bdba-0b5da2d83319
720,9f521a3f-b740-45e6-b1d4-d98bb76eb436,720,review on food!,5930,228599,165,1752071883,?,3111,b41dd153-c4d7-456e-a2b8-a03d7433cf48
1080,9f521a3f-b740-45e6-b1d4-d98bb76eb436,1080,unboxing on travel!,2972,193670,121,1749998283,,2737,64f7230e-cdf0-4dbc-95bf-c14d84304d82
720,9f521a3f-b740-45e6-b1d4-d98bb76eb436,720,reaction on travel!,935,487976,150,1749134283,0.0.0,1926,03919d01-8a4e-4180-bb2b-45f04aa5e280
1080,9f521a3f-b740-45e6-b1d4-d98bb76eb436,720,reaction on tech!,1555,61445,142,1749911883,400796,1721,e2b06147-015b-4db6-8ff0-a30aaaf6a5ca
720,9f521a3f-b740-45e6-b1d4-d98bb76eb436,1080,vlog on tech!,,482200,100,1748529483,284583,4241,7e848b93-f26c-441c-981a-9036be9cc035
720,9f521a3f-b740-45e6-b1d4-d98bb76eb436,1080,review on beauty!,9420,95185,59,1749911883,181880,2853,ba37b1fc-8acb-427d-ae5c-8b8673ad3ef9
720,9f521a3f-b740-45e6-b1d4-d98bb76eb436,720,unboxing on travel!,8620,9847,129,1749307083,54736,3428,fcc2e76e-0180-4c91-a5ca-79e0e813b1a9
1080,9f521a3f-b740-45e6-b1d4-d98bb76eb436,720,reaction on fitness!,5299,225018,44,1752849483,577344,4889,71d31adc-8c28-4693-bd30-5e06df9a0245
1080,9f521a3f-b740-45e6-b1d4-d98bb76eb436,,review on travel!,7539,18925,157,1751121483,827029,2725,a069a6c0-d729-4e0d-b765-819be22ad154
1080,9f521a3f-b740-45e6-b1d4-d98bb76eb436,720,challenge on food!,,,116,1750171083,577042,484,2debb087-55b2-4948-b90e-0351f3a5b390
1080,9f521a3f-b740-45e6-b1d4-d98bb76eb436,720,review on fashion!,6571,458522,101,1751985483,276278,3254,759a0297-cb16-4b09-95c2-d5a201f6ddff
720,9f521a3f-b740-45e6-b1d4-d98bb76eb436,1080,review on food!,2539,0.0.0,178,1749479883,0.0.0,2430,ec9ccf92-ef99-4ed1-9858-b5573ded4c6f
,9f521a3f-b740-45e6-b1d4-d98bb76eb436,720,challenge on fitness!,2988,182618,76,1752503883,723267,2798,a73860ed-d890-4461-80b0-7fa2ae5f587d
720,09c73929-0740-4e2b-a164-4a9b7752d8f0,1080,review on fitness!,7503,362458,93,1751380683,738819,,a9a63ad1-be07-4940-89c0-297bc49d7a83
720,09c73929-0740-4e2b-a164-4a9b7752d8f0,720,review on food!,1568,346316,122,1751121483,873704,2515,4c389fb2-ba51-4908-883e-ee810d49f684
720,09c73929-0740-4e2b-a164-4a9b7752d8f0,1080,vlog on tech!,1728,183541,13,1751812683,486137,98,51426674-abb2-4e88-9c4c-4f5841fc0626
720,09c73929-0740-4e2b-a164-4a9b7752d8f0,1080,challenge on tech!,?,212066,175,1749220683,169374,1501,45c3047e-f162-48c2-98b6-f2bdef317201
,09c73929-0740-4e2b-a164-4a9b7752d8f0,1080,vlog on beauty!,8421,227751,179,1748443083,43337,1316,ebc7b475-421c-4998-a870-a41c8ebb3cb2
720,09c73929-0740-4e2b-a164-4a9b7752d8f0,1080,vlog on food!,6310,372901,41,1751207883,23962,4976,6f9ea8b5-68af-4851-ac56-be4d19e9504b
720,09c73929-0740-4e2b-a164-4a9b7752d8f0,1080,unboxing on fashion!,5907,113872,40,1751294283,798980,317,5796cd3d-d2d0-4095-8b23-5f97a45b8f25
720,09c73929-0740-4e2b-a164-4a9b7752d8f0,720,vlog on beauty!,5315,0.0.0,174,1749220683,59189,1336,6456f774-d797-4356-8917-eb4a94d8b530
?,09c73929-0740-4e2b-a164-4a9b7752d8f0,1080,reaction on tech!,8360,269204,148,1751121483,695861,,ca90f9ff-9fa0-4fff-9f9b-9d7b625149a6
1080,09c73929-0740-4e2b-a164-4a9b7752d8f0,1080,unboxing on food!,4025,9645,120,1751294283,607179,4444,e1be027d-0a14-412b-aef9-03ed86394965
1080,09c73929-0740-4e2b-a164-4a9b7752d8f0,1080,challenge on food!,7715,247659,92,1751812683,996251,2408,ef56065c-69da-408f-8b8a-0ca0b31ecb96
1080,09c73929-0740-4e2b-a164-4a9b7752d8f0,720,reaction on fashion!,4187,291033,47,1749566283,?,981,111c3d8a-2906-4990-beda-15dfe45301a9
1080,09c73929-0740-4e2b-a164-4a9b7752d8f0,720,reaction on tech!,9104,484222,25,1749566283,898840,1718,1accab8f-31b4-4ef7-82c7-4b4c573f67af
1080,09c73929-0740-4e2b-a164-4a9b7752d8f0,720,vlog on fashion!,5649,241091,160,1749134283,248163,3420,d1fae38c-4ff4-4f57-bdb1-2ea92e2407ff
1080,09c73929-0740-4e2b-a164-4a9b7752d8f0,1080,challenge on tech!,9723,?,43,1752503883,86128,945,2ba11048-e04d-4c50-b1af-1dee1da7a37c
720,09c73929-0740-4e2b-a164-4a9b7752d8f0,1080,reaction on food!,5397,NaN,172,1747924683,,1466,2d6e31e8-1053-4f0c-8bd0-9b088558efe5
1080,09c73929-0740-4e2b-a164-4a9b7752d8f0,720,vlog on fitness!,2814,NaN,95,1749307083,986181,?,708af6ff-8a6a-4151-8e7c-bf2214e50d0e
720,09c73929-0740-4e2b-a164-4a9b7752d8f0,,reaction on fashion!,2696,402399,74,1751899083,315607,708,e3f3ff2e-b9c4-4e87-a35e-7ec6d18a8002
720,09c73929-0740-4e2b-a164-4a9b7752d8f0,720,reaction on beauty!,1166,,31,1749739083,352132,0.0.0,5f66c634-6a24-471a-bd41-9c4b36a18ee8
1080,09c73929-0740-4e2b-a164-4a9b7752d8f0,720,unboxing on fashion!,8055,10171,108,1752417483,881801,687,5664b2ba-1f1c-4889-acb8-aeb6c96fffa3
720,09c73929-0740-4e2b-a164-4a9b7752d8f0,720,reaction on fitness!,5953,172613,39,1748615883,438902,2467,6af14bf2-6ae3-4a3a-b36b-c9ddc6f8f5ed
1080,09c73929-0740-4e2b-a164-4a9b7752d8f0,1080,reaction on beauty!,8801,270449,77,1752763083,843058,3561,c4ad2305-6ee4-4519-9600-ffa9cb946c5e
720,09c73929-0740-4e2b-a164-4a9b7752d8f0,1080,unboxing on travel!,5605,182133,54,1752158283,236871,4224,f1831f81-07e2-4b59-9f01-534a2e1f8282
720,4735e5d7-e639-4248-9c90-cf058d96491f,1080,unboxing on food!,901,338940,168,1751207883,216685,2243,b5b9fbac-4fe6-4543-b7ed-303e6ee2554a
720,4735e5d7-e639-4248-9c90-cf058d96491f,1080,review on fashion!,4357,0.0.0,137,1749479883,NaN,1987,1faee0f8-244f-4ad5-92c9-9cc5362c6d04
720,4735e5d7-e639-4248-9c90-cf058d96491f,720,challenge on fitness!,2196,268714,41,1752503883,504285,3090,9f6ad0b6-472d-430d-8328-9f54cfbb7a12
1080,4735e5d7-e639-4248-9c90-cf058d96491f,720,unboxing on travel!,3082,454026,35,1750257483,439744,2817,a303112b-b431-4055-afe0-9422ccf44110
720,4735e5d7-e639-4248-9c90-cf058d96491f,720,review on beauty!,1756,317674,23,1752071883,812426,NaN,101be4c8-de44-4fc4-a700-582007f8bbfc
720,4735e5d7-e639-4248-9c90-cf058d96491f,1080,review on tech!,1660,78917,67,1750775883,,4570,c222e021-316d-453d-81b4-912a7c530811
720,4735e5d7-e639-4248-9c90-cf058d96491f,1080,unboxing on tech!,746,356077,?,1750430283,19374,4407,c5539bca-5057-4e49-b822-8733cd960edf
720,4735e5d7-e639-4248-9c90-cf058d96491f,,unboxing on tech!,2346,,109,1751553483,946367,2226,db5ad2c5-312c-4a15-8f66-2b1f6bc61c55
720,4735e5d7-e639-4248-9c90-cf058d96491f,1080,reaction on food!,0.0.0,79227,86,1748615883,837206,578,a0d2bbf7-99e0-4161-8c34-0d87f6a3bc45
1080,4735e5d7-e639-4248-9c90-cf058d96491f,1080,unboxing on food!,8445,166056,54,1751726283,377195,502,46754806-168d-47fa-9d37-92cf908acbb4
,4735e5d7-e639-4248-9c90-cf058d96491f,1080,unboxing on tech!,NaN,105246,0.0.0,1747838283,741983,?,63181de3-59f9-4d8d-bfa0-706b68c01909
1080,4735e5d7-e639-4248-9c90-cf058d96491f,720,review on food!,3211,366254,173,1747838283,461853,1058,c96f4ca2-8040-48a4-aa6a-b4c689b4d9ec
1080,4735e5d7-e639-4248-9c90-cf058d96491f,1080,review on tech!,9383,355233,97,1751035083,0.0.0,3408,54f85b93-d4ba-4947-81f7-49b052906037
1080,4735e5d7-e639-4248-9c90-cf058d96491f,1080,unboxing on fitness!,9170,NaN,102,1752158283,182478,1514,7889c47c-1d38-4e4c-93e7-36a1d69639ab
1080,4735e5d7-e639-4248-9c90-cf058d96491f,1080,reaction on fitness!,4736,0.0.0,58,1750084683,375601,2675,8cdc38e4-5e83-414a-a335-e59facf871cb
1080,4735e5d7-e639-4248-9c90-cf058d96491f,720,challenge on travel!,2751,362348,169,1749998283,500290,765,e945445d-f962-4ca4-a4f7-5fff9ac3d7e8
1080,4735e5d7-e639-4248-9c90-cf058d96491f,1080,review on travel!,9362,396678,114,1748011083,718543,3123,24d20a43-c9cb-480f-b3e6-0a3dafc8ac15
720,4735e5d7-e639-4248-9c90-cf058d96491f,1080,vlog on fitness!,9773,472072,68,1749393483,123358,210,a45078a0-5d65-4ac2-a70a-bea30bf91b87
1080,4735e5d7-e639-4248-9c90-cf058d96491f,1080,review on fitness!,1731,346267,169,1749739083,579463,4976,d416f875-cf1d-47fe-8d7b-ed578108e151
720,a0f2fe6a-cc1e-4da7-a8d7-1dc104d9afa7,1080,review on tech!,6680,442993,98,1750689483,650278,3916,7e2bfe71-46a7-4ed3-aec7-e9ff3593a068
720,a0f2fe6a-cc1e-4da7-a8d7-1dc104d9afa7,1080,review on food!,9093,471676,13,1752503883,773933,839,9da29c75-adfc-4c14-9cdf-52a167dfca12
1080,a0f2fe6a-cc1e-4da7-a8d7-1dc104d9afa7,1080,reaction on food!,9323,60506,92,1748961483,485177,4391,98cde998-0362-414f-acc3-82c8a26a8ee9
1080,a0f2fe6a-cc1e-4da7-a8d7-1dc104d9afa7,1080,vlog on tech!,NaN,277355,25,1750948683,98577,645,5d74d4bf-3d79-4099-96cb-65c6aeef702e
1080,a0f2fe6a-cc1e-4da7-a8d7-1dc104d9afa7,1080,unboxing on travel!,,306424,146,1748097483,189717,584,589c108a-be0a-403d-bbf6-2ef20afc82a1
720,a0f2fe6a-cc1e-4da7-a8d7-1dc104d9afa7,1080,vlog on fitness!,3297,258210,58,1749220683,584411,NaN,568c1870-e668-4281-8c6c-02d72efb1b9b
720,a0f2fe6a-cc1e-4da7-a8d7-1dc104d9afa7,720,challenge on food!,916,104864,35,1750689483,927435,3592,1380102b-29fe-4256-b4e1-4eff60ec0736
0.0.0,a0f2fe6a-cc1e-4da7-a8d7-1dc104d9afa7,,unboxing on fitness!,3420,495035,65,1751380683,810065,,ce9e5f40-a169-48da-a0fa-5fbaacfa780d
,a0f2fe6a-cc1e-4da7-a8d7-1dc104d9afa7,1080,review on tech!,8551,431170,77,1752935883,423841,4414,4fd93bc9-7b5c-4dd5-a549-91d09b24a654
720,a0f2fe6a-cc1e-4da7-a8d7-1dc104d9afa7,1080,challenge on beauty!,6532,168076,70,1749911883,658325,NaN,ed9fa302-0663-4848-afc0-63a03cfa9057
NaN,a0f2fe6a-cc1e-4da7-a8d7-1dc104d9afa7,720,challenge on fitness!,4334,174819,80,1750603083,511725,580,713c3e57-bf2b-4fc4-b1b8-2ba7bd2a5113
1080,a0f2fe6a-cc1e-4da7-a8d7-1dc104d9afa7,1080,challenge on tech!,0.0.0,69556,50,1751294283,222805,4140,ba5be163-f3ef-4902-9e23-0efea024e8be
1080,a0f2fe6a-cc1e-4da7-a8d7-1dc104d9afa7,1080,unboxing on fitness!,3032,,63,1751812683,173602,2301,d48811c8-d065-4308-a58f-e8a509c6c005
1080,a0f2fe6a-cc1e-4da7-a8d7-1dc104d9afa7,1080,review on food!,6596,106884,131,1752503883,211860,4584,7e6038bb-6f94-4db6-8520-fa76c0911e55
1080,a0f2fe6a-cc1e-4da7-a8d7-1dc104d9afa7,720,vlog on fitness!,NaN,473759,38,1748702283,594610,3432,655deafd-aac2-4a8f-b11d-e7f92a0fb326
1080,a0f2fe6a-cc1e-4da7-a8d7-1dc104d9afa7,1080,reaction on beauty!,1481,301324,155,1750948683,359472,?,a056efc2-0588-4772-ab97-e9ac37beca02
1080,a0f2fe6a-cc1e-4da7-a8d7-1dc104d9afa7,720,review on travel!,527,397750,85,1749652683,117514,4474,a267e6a3-50c4-47f7-b13c-1f4914b75a03
1080,a0f2fe6a-cc1e-4da7-a8d7-1dc104d9afa7,1080,review on fitness!,3134,114163,131,1748788683,NaN,1369,00052785-05fd-4ee3-a168-fc892ef868c2
1080,a0f2fe6a-cc1e-4da7-a8d7-1dc104d9afa7,720,vlog on fitness!,4725,281242,32,1749652683,52639,3104,0f2d642a-3911-46e3-9eb2-2e6ec1ed8447
720,a0f2fe6a-cc1e-4da7-a8d7-1dc104d9afa7,720,review on travel!,497,219930,136,1751899083,76885,2704,f442b864-a639-4178-8d09-5b97e8b4cd00
720,a0f2fe6a-cc1e-4da7-a8d7-1dc104d9afa7,1080,unboxing on fitness!,9803,212038,139,1752590283,921243,,f2320767-56f2-44b3-9d98-8e1ec7be1a63
720,a0f2fe6a-cc1e-4da7-a8d7-1dc104d9afa7,720,review on travel!,?,108467,36,1748443083,219623,632,cdba15b4-ec4c-47e4-93cb-94640b9850ea
720,c26faa37-830e-4fdc-a2f1-f54ac98efc7c,720,reaction on food!,8360,NaN,171,1748183883,734573,596,84949ff6-a3fb-4df8-8fce-c9fac5cc5a46
720,c26faa37-830e-4fdc-a2f1-f54ac98efc7c,720,vlog on beauty!,,155531,129,1752503883,432661,3119,f9fe4924-5b9e-4263-8ac8-a2d28a238600
1080,c26faa37-830e-4fdc-a2f1-f54ac98efc7c,720,unboxing on fitness!,5553,109471,116,1749739083,,224,0faaa24f-252c-40ce-892d-4479321566dd
720,c26faa37-830e-4fdc-a2f1-f54ac98efc7c,1080,vlog on fashion!,1850,38286,73,1751985483,0.0.0,0.0.0,16e191a5-3d37-473d-bd49-3c236ea70857
1080,c26faa37-830e-4fdc-a2f1-f54ac98efc7c,1080,unboxing on tech!,7329,408442,24,1750775883,601822,135,b57f224d-9b20-4fa4-925b-659fa155c705
720,c26faa37-830e-4fdc-a2f1-f54ac98efc7c,720,unboxing on tech!,9337,207073,108,1750603083,893685,4042,89ec1ea2-1a50-41b7-93bc-964611da82c8
720,c26faa37-830e-4fdc-a2f1-f54ac98efc7c,1080,vlog on tech!,7820,42008,26,1747924683,198072,3502,d9932302-9000-47ee-82e0-c22dce665a99
720,c26faa37-830e-4fdc-a2f1-f54ac98efc7c,1080,challenge on fitness!,5308,492137,82,1751985483,783485,2370,6e23d4df-5fda-44f1-8e06-dd0e753e3ca1
720,c26faa37-830e-4fdc-a2f1-f54ac98efc7c,720,challenge on fitness!,3132,61088,,1748270283,287609,3831,00908f7a-1dba-421e-97f8-0bbd1c8d64fe
1080,c26faa37-830e-4fdc-a2f1-f54ac98efc7c,1080,review on fashion!,7202,?,53,1749307083,?,4127,b325d7f2-aa92-4503-9892-7e93e07b4dae
,c26faa37-830e-4fdc-a2f1-f54ac98efc7c,720,challenge on fashion!,9402,210480,144,1750257483,618697,2983,dd54c488-e6e6-401c-a098-a23407e9492e
720,c26faa37-830e-4fdc-a2f1-f54ac98efc7c,1080,vlog on tech!,3710,259979,NaN,1748183883,410443,711,d5eea2d4-00dd-4f3d-a772-fb416694a351
1080,c26faa37-830e-4fdc-a2f1-f54ac98efc7c,720,challenge on fitness!,6658,NaN,63,1752935883,62054,1993,fe87020c-6055-4965-9500-76c2baf307d1
720,c26faa37-830e-4fdc-a2f1-f54ac98efc7c,1080,unboxing on food!,0.0.0,460739,58,1750516683,669901,1541,202cb556-9617-4b7a-bb1c-b532bdfab78d
720,c26faa37-830e-4fdc-a2f1-f54ac98efc7c,720,review on beauty!,3142,321853,94,1750603083,,,3b8b3439-63d7-426a-a9e7-c476ed176d29
1080,c26faa37-830e-4fdc-a2f1-f54ac98efc7c,1080,unboxing on tech!,7363,30566,45,1748270283,367907,4371,5a4e1460-b3e8-4626-a6ae-b28f2c982354
1080,c26faa37-830e-4fdc-a2f1-f54ac98efc7c,1080,unboxing on fashion!,8679,493915,65,1752849483,695318,535,944fccf8-7ec8-46ab-8828-2d094f27e080
720,c26faa37-830e-4fdc-a2f1-f54ac98efc7c,720,reaction on travel!,3260,372030,46,1752244683,290064,3341,8517bb00-1061-4010-b165-5ac02e62399d
720,c26faa37-830e-4fdc-a2f1-f54ac98efc7c,?,reaction on fitness!,9639,NaN,130,1751294283,658775,4906,f6ae442f-6cec-4c50-9c64-0807f062d19c
720,c26faa37-830e-4fdc-a2f1-f54ac98efc7c,720,unboxing on fitness!,144,59183,35,1750430283,824107,2080,811cc25a-bd6b-40a9-83e9-1a273551b22c
1080,c26faa37-830e-4fdc-a2f1-f54ac98efc7c,1080,unboxing on beauty!,8192,50075,52,1749739083,320401,1054,3db2c5e5-c4ff-4a8e-b25c-30b258f6e482
1080,c26faa37-830e-4fdc-a2f1-f54ac98efc7c,1080,unboxing on fitness!,4397,454228,167,1752071883,977750,903,c787475e-e241-4658-a3e8-9a6852afdeeb
720,c26faa37-830e-4fdc-a2f1-f54ac98efc7c,720,reaction on fitness!,NaN,177640,94,1751121483,944853,3496,7b9732eb-719d-4463-b647-292b253595f9
720,c26faa37-830e-4fdc-a2f1-f54ac98efc7c,1080,unboxing on fitness!,3886,308790,106,1747924683,238311,4955,67445709-e360-4141-ae4e-d06a2f803e91
720,c26faa37-830e-4fdc-a2f1-f54ac98efc7c,1080,challenge on food!,NaN,218993,30,1751207883,898801,,ab9270db-d8d0-48ff-8ca4-168755565ecf
720,335f45e0-c839-42bf-8b4f-dda388fbbf6f,1080,review on tech!,9989,143612,42,1749134283,436403,?,cb960acd-aae5-47e9-a7ee-b9c30aa1b623
720,335f45e0-c839-42bf-8b4f-dda388fbbf6f,1080,unboxing on food!,5253,348475,46,1750257483,437015,3324,f280a020-55b5-4854-bb52-f21533a9fe36
1080,335f45e0-c839-42bf-8b4f-dda388fbbf6f,720,vlog on beauty!,?,197422,11,1748529483,209262,1195,115e03e5-4cde-4a6c-9b7a-d76ce1596113
1080,335f45e0-c839-42bf-8b4f-dda388fbbf6f,1080,challenge on tech!,NaN,,75,1751812683,729380,,4a271dda-26af-4aa3-b4e8-966c3945b12f
720,335f45e0-c839-42bf-8b4f-dda388fbbf6f,1080,unboxing on travel!,6145,NaN,98,1749479883,266357,1894,5f16bc43-c28d-4ecf-b61c-76ecc3917a0f
,335f45e0-c839-42bf-8b4f-dda388fbbf6f,1080,challenge on fashion!,,286474,148,1750430283,517911,1009,f8937267-a36e-49f6-8e72-2168c86a46d7
,335f45e0-c839-42bf-8b4f-dda388fbbf6f,1080,reaction on beauty!,1400,302392,111,1748356683,226811,319,e05ade1f-fecf-4b9b-8185-ed9fcea23978
720,335f45e0-c839-42bf-8b4f-dda388fbbf6f,720,review on tech!,8268,422445,40,1748270283,761790,784,6d84a2af-657e-4486-bda9-f4b445cd0ea1
1080,335f45e0-c839-42bf-8b4f-dda388fbbf6f,1080,review on food!,6862,428328,98,1751812683,721602,1050,6bd6ee5c-ab59-40f7-b3b8-499484289d7e
1080,335f45e0-c839-42bf-8b4f-dda388fbbf6f,720,vlog on fashion!,9459,188336,147,1749393483,918138,1976,db4ea0fb-e2bc-40fc-951d-8ef1744f946f
720,335f45e0-c839-42bf-8b4f-dda388fbbf6f,1080,unboxing on beauty!,6061,41657,,1750516683,307636,?,0512e8de-6ec0-44a4-8d95-388ab2e4e1f3
720,335f45e0-c839-42bf-8b4f-dda388fbbf6f,1080,reaction on beauty!,7709,197780,49,1748183883,20736,1632,2ae07211-02de-4cac-a094-a951f228f727
1080,335f45e0-c839-42bf-8b4f-dda388fbbf6f,720,review on food!,0.0.0,49042,92,1749998283,633507,147,7e47e885-50b7-4000-a57a-e301beb07f36
1080,335f45e0-c839-42bf-8b4f-dda388fbbf6f,1080,review on fitness!,9877,309620,89,1751899083,201383,3768,1ba8b7ca-905e-468a-a11d-0f6d151b7182
1080,335f45e0-c839-42bf-8b4f-dda388fbbf6f,1080,vlog on beauty!,7190,323516,177,1749307083,94234,598,738ed40e-17f5-4390-9a7f-b2dd1a3688a1
720,335f45e0-c839-42bf-8b4f-dda388fbbf6f,1080,unboxing on fitness!,6750,377556,75,1749134283,721503,1739,5afad0fe-9577-4606-8ee2-80dae2b06a3a
1080,335f45e0-c839-42bf-8b4f-dda388fbbf6f,1080,review on fitness!,,197455,113,1752849483,64795,1005,7ecf8090-bea5-46fc-a066-8409e38e3cfa
0.0.0,335f45e0-c839-42bf-8b4f-dda388fbbf6f,720,unboxing on fitness!,NaN,183111,48,1749998283,241979,1251,c0838271-ab6d-4235-820d-d74734b47985
720,335f45e0-c839-42bf-8b4f-dda388fbbf6f,720,unboxing on beauty!,6862,192874,58,1749825483,NaN,2335,ab497ee1-e79e-4a69-9412-90fbbadd9b51
720,335f45e0-c839-42bf-8b4f-dda388fbbf6f,720,vlog on travel!,773,74326,71,1750084683,72173,3527,719b6fd3-1b29-40d1-94ec-94a20db927f7
720,335f45e0-c839-42bf-8b4f-dda388fbbf6f,1080,challenge on beauty!,8626,NaN,116,1750084683,917488,NaN,7e57f4c1-2b78-4be3-9a14-3082d09e13ab
1080,335f45e0-c839-42bf-8b4f-dda388fbbf6f,720,vlog on fashion!,3922,339635,140,1750171083,706788,2088,b037df60-6605-4e99-9bc9-ccf18a800cf7
720,335f45e0-c839-42bf-8b4f-dda388fbbf6f,1080,reaction on travel!,9828,499245,44,1753022283,946554,4052,a4c9f777-3aa9-4d69-812c-94274b9e53f4
720,335f45e0-c839-42bf-8b4f-dda388fbbf6f,1080,review on food!,7861,NaN,NaN,1748615883,127963,2519,85b62d09-bb51-48cd-a8da-a46d2c62b79c
1080,335f45e0-c839-42bf-8b4f-dda388fbbf6f,720,review on beauty!,4127,215149,79,1748529483,102672,NaN,c1872038-4cf6-48d0-83e1-e7c7ccfa41e5
1080,335f45e0-c839-42bf-8b4f-dda388fbbf6f,720,reaction on tech!,8068,275635,18,1750343883,650958,3066,507d8056-1274-4e04-b9e7-aaaee68133b3
720,04673a3a-5ac0-41ab-b1a6-05a63095ffff,1080,review on fashion!,8398,284134,142,1750862283,421085,1387,19f36d6b-c045-4a28-873e-1942a4b7a002
1080,04673a3a-5ac0-41ab-b1a6-05a63095ffff,720,review on fitness!,8834,125335,76,1752071883,229890,1455,b9bae4aa-fff7-44bd-938b-5a55a5f285c0
1080,04673a3a-5ac0-41ab-b1a6-05a63095ffff,720,vlog on beauty!,8136,159669,130,1751467083,55023,,56d54ad5-f4c4-4b9f-9b84-30086df8b580
1080,04673a3a-5ac0-41ab-b1a6-05a63095ffff,720,unboxing on food!,9716,359135,51,1751035083,960966,4783,d3f681d1-c8d4-4064-8b7f-aea7ef84fba1
720,04673a3a-5ac0-41ab-b1a6-05a63095ffff,720,reaction on beauty!,NaN,177625,138,1750343883,642518,3336,26b73879-730d-430a-b0e1-115e33bb2d2e
1080,04673a3a-5ac0-41ab-b1a6-05a63095ffff,NaN,reaction on tech!,6329,107123,13,1748270283,258204,976,0d1fc673-f2f0-4496-a1ab-a2d00b489b38
1080,04673a3a-5ac0-41ab-b1a6-05a63095ffff,720,review on fitness!,412,329010,48,1753022283,27980,,d70d1b74-4814-4c7a-8ff0-4dfd1206952c
1080,04673a3a-5ac0-41ab-b1a6-05a63095ffff,720,vlog on beauty!,?,366449,109,1749220683,323313,4363,81bcb308-6ff4-41e9-87eb-2d471da44f52
720,04673a3a-5ac0-41ab-b1a6-05a63095ffff,720,vlog on travel!,7297,8827,86,1752590283,684646,4456,3ecef453-69fb-4d55-8c15-164f0d31dd65
1080,04673a3a-5ac0-41ab-b1a6-05a63095ffff,720,review on tech!,2492,,14,1751035083,665863,3509,d795257d-e579-4501-bdb5-b4a7199dc7b8
720,04673a3a-5ac0-41ab-b1a6-05a63095ffff,720,review on tech!,717,314397,101,1752158283,883392,3908,3d9062d8-97a3-4ba1-ab0b-bea5bf89d683
720,04673a3a-5ac0-41ab-b1a6-05a63095ffff,720,vlog on food!,8218,357902,102,1749220683,434321,3352,9bffeca1-efd6-495b-ad47-c1903a209dea
1080,04673a3a-5ac0-41ab-b1a6-05a63095ffff,720,vlog on food!,0.0.0,479216,170,1747838283,736165,322,d6c65087-20d4-4e7f-94b1-9c467211f268
,04673a3a-5ac0-41ab-b1a6-05a63095ffff,1080,review on fashion!,8801,238827,151,1748702283,0.0.0,3425,bc50041a-a223-40d8-9831-3e9c3ad82775
1080,04673a3a-5ac0-41ab-b1a6-05a63095ffff,1080,reaction on travel!,,NaN,131,1749479883,,1911,ae938b89-759d-44a4-b633-0f8272c19e59
720,04673a3a-5ac0-41ab-b1a6-05a63095ffff,720,review on fitness!,7843,142523,142,1751639883,126104,463,039bc923-24a2-4b58-aebd-6867934306e0
1080,04673a3a-5ac0-41ab-b1a6-05a63095ffff,1080,review on food!,0.0.0,72877,70,1750171083,42749,2889,7031d6db-a62e-44fd-846f-e8aa4880d92d
1080,04673a3a-5ac0-41ab-b1a6-05a63095ffff,1080,reaction on fashion!,8478,336019,84,1751553483,714431,,03e23ec3-31b5-4f72-8dc8-72b33ddd65e6
1080,04673a3a-5ac0-41ab-b1a6-05a63095ffff,720,reaction on travel!,9881,245109,12,1749220683,279635,1361,2aaa0433-8a26-4876-8012-daae303b3335
720,04673a3a-5ac0-41ab-b1a6-05a63095ffff,1080,challenge on tech!,2686,445415,117,1748788683,991166,,73e76e88-1b8f-42d1-8d21-c36df261d376
720,04673a3a-5ac0-41ab-b1a6-05a63095ffff,720,challenge on tech!,3009,,69,1750084683,826530,1494,71b64730-0a6e-491e-9807-57e874e77848
720,04673a3a-5ac0-41ab-b1a6-05a63095ffff,720,vlog on tech!,8141,358519,90,1749652683,,3140,c4749f0a-f1b3-4baf-97b6-a78c15b10e02
1080,04673a3a-5ac0-41ab-b1a6-05a63095ffff,1080,unboxing on tech!,6267,187539,18,1751639883,NaN,1710,19e021e6-f1a4-4a89-829d-f2bb560657b6
1080,04673a3a-5ac0-41ab-b1a6-05a63095ffff,720,vlog on fashion!,5250,,168,1747924683,58023,4050,90e1031f-5a13-4de5-aa01-1b91e0ac8c31
1080,04673a3a-5ac0-41ab-b1a6-05a63095ffff,720,reaction on fashion!,4806,?,155,1749307083,641546,3522,b03ea6b4-1b4d-4d90-8053-c67bf699bcba
1080,be7f6809-f4f9-423c-b034-e0bb93fa5474,1080,challenge on tech!,2117,80954,83,1748615883,268413,1927,6133e31f-843b-4614-b9af-fbbda3360afd
720,be7f6809-f4f9-423c-b034-e0bb93fa5474,1080,vlog on tech!,5846,7863,166,1750689483,?,2944,32a6e246-a1cd-47a9-9bcb-d08c2980c4ab
720,be7f6809-f4f9-423c-b034-e0bb93fa5474,1080,reaction on tech!,6562,0.0.0,147,1749393483,502202,,1000e30a-3218-4175-9f19-de1c2cb8f1eb
720,be7f6809-f4f9-423c-b034-e0bb93fa5474,720,unboxing on fitness!,2990,283497,96,1752071883,116405,4235,bca1c11f-0d81-484b-a17c-c8386e1721c0
720,be7f6809-f4f9-423c-b034-e0bb93fa5474,720,review on travel!,8358,53352,173,1748443083,373536,4769,2e485a2c-c41a-42f5-af76-446cd450f309
1080,be7f6809-f4f9-423c-b034-e0bb93fa5474,1080,review on beauty!,1088,382458,36,1749479883,980446,1005,1a495384-a43f-4376-b935-63ebb7da412b
1080,be7f6809-f4f9-423c-b034-e0bb93fa5474,1080,challenge on travel!,4709,63468,24,1750084683,261436,,107a20a1-bf4c-4290-8668-4047d1f63be9
1080,be7f6809-f4f9-423c-b034-e0bb93fa5474,720,vlog on fitness!,7220,462290,169,1749652683,330298,3279,399a33bd-61a2-45b6-aab2-7853a1c3c87c
1080,be7f6809-f4f9-423c-b034-e0bb93fa5474,1080,reaction on fitness!,1933,443085,112,1751035083,872945,?,a92a5d3b-85c1-497d-9ce8-459bd250c175
1080,be7f6809-f4f9-423c-b034-e0bb93fa5474,1080,challenge on fashion!,7587,476145,46,1749566283,504684,2741,d7389073-c079-4c5b-bf00-e9c263c05571
720,be7f6809-f4f9-423c-b034-e0bb93fa5474,720,review on beauty!,5603,357326,17,1749047883,994308,0.0.0,ec0a50f3-81f0-4b14-96df-314ecb25af4f
1080,be7f6809-f4f9-423c-b034-e0bb93fa5474,1080,vlog on travel!,NaN,96304,152,1752763083,684346,2866,e25e883c-900a-44eb-b573-0be43ca44ded
720,be7f6809-f4f9-423c-b034-e0bb93fa5474,720,reaction on fitness!,3198,,90,1751380683,691707,4557,60316690-05a3-4801-84a6-70cd0372862d
1080,be7f6809-f4f9-423c-b034-e0bb93fa5474,720,reaction on fitness!,4623,199,14,1748961483,960030,4724,e538426e-1d8e-486c-973c-96664c1f0ce5
?,be7f6809-f4f9-423c-b034-e0bb93fa5474,1080,challenge on tech!,?,111339,57,1748702283,195716,2537,bbe6b1a3-dd1b-482e-afa8-d5a24c058c41
1080,be7f6809-f4f9-423c-b034-e0bb93fa5474,1080,vlog on food!,6783,495617,46,1749307083,346925,0.0.0,7df21692-71ba-4b99-b622-46c48f96ab28
1080,be7f6809-f4f9-423c-b034-e0bb93fa5474,720,reaction on fitness!,,310867,36,1752935883,380225,2998,f48c6e6c-5b12-49b0-9769-f1e6e9b1ac25
720,be7f6809-f4f9-423c-b034-e0bb93fa5474,1080,unboxing on food!,2881,288699,158,1750862283,10932,3692,661cd9a3-0742-4674-8569-21e539b2ae89
1080,be7f6809-f4f9-423c-b034-e0bb93fa5474,720,review on fitness!,,331058,22,1748183883,300481,4177,c3bec34b-8144-403d-ac88-a17025f7d419
720,be7f6809-f4f9-423c-b034-e0bb93fa5474,1080,vlog on tech!,7961,36098,20,1749479883,395058,4606,9b6b3c39-6e0a-478f-980d-0b31b395d3be
1080,be7f6809-f4f9-423c-b034-e0bb93fa5474,720,unboxing on travel!,2055,,27,1749739083,0.0.0,2205,b05bf4b0-c5bf-4e0b-a4ff-b35f253572c8
720,be7f6809-f4f9-423c-b034-e0bb93fa5474,720,challenge on beauty!,3645,NaN,178,1752331083,,457,6fd49e4f-0e3d-4ed0-8b0b-69e3189dea43
1080,be7f6809-f4f9-423c-b034-e0bb93fa5474,1080,vlog on fashion!,5850,444060,53,1748702283,531679,437,c49fbbeb-654e-46e6-99ba-e44e782b7be0
1080,be7f6809-f4f9-423c-b034-e0bb93fa5474,720,unboxing on fitness!,380,125256,107,1748270283,56286,1654,db421fa6-3cd2-4585-9123-ba515c4195a3
720,be7f6809-f4f9-423c-b034-e0bb93fa5474,720,review on beauty!,5816,73967,86,1752503883,605997,2969,981897fd-0952-42a6-89ae-f9bbb43e0772
720,be7f6809-f4f9-423c-b034-e0bb93fa5474,1080,unboxing on fashion!,4199,440630,117,1749825483,796370,1960,cfdf323d-aacb-4cbf-b5a7-d49a046552ad
720,be7f6809-f4f9-423c-b034-e0bb93fa5474,720,challenge on food!,349,41917,149,1751639883,982147,4594,cb7a1948-e9e3-42c3-92ed-1ba24e940543
720,0b3b8316-df23-4d20-95c4-0fe935343253,720,unboxing on fashion!,,134436,58,1748529483,283432,4982,6859fbed-34e3-45c5-ae88-9824e00b06eb
720,0b3b8316-df23-4d20-95c4-0fe935343253,1080,review on travel!,7090,450083,67,1748961483,298666,4962,8065f019-0788-4ce3-a3f2-ebdac7787c86
720,0b3b8316-df23-4d20-95c4-0fe935343253,720,reaction on beauty!,5216,466932,76,1751380683,299413,356,f01c3515-dd0b-4dfa-bb5e-4bddb5ee36c8
720,0b3b8316-df23-4d20-95c4-0fe935343253,1080,unboxing on food!,4966,279977,15,1752158283,963792,488,881b4451-7dd0-4082-84f0-21c4a6696ffd
720,0b3b8316-df23-4d20-95c4-0fe935343253,1080,unboxing on fitness!,8184,459818,22,1750430283,705081,1131,305a488f-7884-4c75-b200-85e44ee2e542
1080,0b3b8316-df23-4d20-95c4-0fe935343253,720,review on fitness!,9340,210458,17,1748875083,943791,343,448b83a9-a32d-4a58-8d95-6f4c8998ac4d
720,0b3b8316-df23-4d20-95c4-0fe935343253,1080,challenge on travel!,9686,150678,15,1749566283,731961,3404,06d9e490-5f01-4e85-ab96-b44f3932ab48
1080,0b3b8316-df23-4d20-95c4-0fe935343253,1080,unboxing on food!,NaN,110022,111,1752935883,,3281,32a72a69-6713-4503-ba2a-34ef9a1084d1
1080,0b3b8316-df23-4d20-95c4-0fe935343253,720,challenge on fitness!,9200,266371,67,1748961483,181218,,b91599c3-2a6f-40ba-b423-31ba8be1ff1c
720,0b3b8316-df23-4d20-95c4-0fe935343253,720,unboxing on beauty!,821,211106,88,1750775883,732762,2643,080783ed-4b66-42b3-845d-92d6199020f1
720,0b3b8316-df23-4d20-95c4-0fe935343253,720,reaction on tech!,6571,424746,26,1750430283,176458,4111,a5ecc910-7a3e-48cc-8c70-28f16ea9f4e6
1080,0b3b8316-df23-4d20-95c4-0fe935343253,1080,reaction on fitness!,3787,48870,87,1748097483,643919,1306,60c9d67b-4363-4c49-86a2-782b83d08fa9
1080,0b3b8316-df23-4d20-95c4-0fe935343253,720,reaction on fashion!,9096,,55,1752503883,NaN,2324,889e70d7-8515-4435-8db0-fc548bd29568
1080,0b3b8316-df23-4d20-95c4-0fe935343253,720,unboxing on food!,252,429508,154,1748788683,291532,1869,dd31ac68-a19e-4a8e-8674-97efda619023
1080,0b3b8316-df23-4d20-95c4-0fe935343253,1080,vlog on beauty!,1282,250261,137,1749998283,358796,2143,24cf1e67-5a0c-4223-9889-91048d2577f5
1080,0b3b8316-df23-4d20-95c4-0fe935343253,720,unboxing on beauty!,865,273463,11,1749220683,874060,778,06029100-4ec1-433e-8f62-05eaf39415f4
720,0b3b8316-df23-4d20-95c4-0fe935343253,720,unboxing on food!,,118596,52,1752676683,446280,3950,389760cf-cee9-4746-8485-399e3d4e1fd7
1080,0b3b8316-df23-4d20-95c4-0fe935343253,1080,vlog on fashion!,,?,177,1751985483,23947,95,0c5544fb-bd99-4b45-8214-fbbfd8a01113
1080,0b3b8316-df23-4d20-95c4-0fe935343253,,challenge on food!,,265851,137,1751726283,607384,765,042b411f-1b55-4779-a8d7-91325a48cd22
1080,0b3b8316-df23-4d20-95c4-0fe935343253,1080,reaction on travel!,8844,115156,98,1749393483,669689,899,5a53f739-e55a-40ea-a987-2a65ed8e4a95
720,0b3b8316-df23-4d20-95c4-0fe935343253,720,vlog on fashion!,9962,0.0.0,102,1752935883,506425,2584,39165fa2-916f-446b-bb02-41b054de0610
1080,0b3b8316-df23-4d20-95c4-0fe935343253,720,vlog on fashion!,7082,,44,1751121483,300466,1692,65b1299b-9f9b-4610-974e-2607c88a960f
720,0b3b8316-df23-4d20-95c4-0fe935343253,720,unboxing on tech!,3121,443976,150,1752331083,806336,3395,dd44a76f-96b7-47a8-a8ea-ee8b9e3d6e23
,06298746-5d52-49ee-b160-6b72f7507061,1080,vlog on fashion!,,413391,173,1748529483,770359,561,2679f176-9e42-4f5b-92a7-192db5ac4bd8
720,06298746-5d52-49ee-b160-6b72f7507061,720,challenge on fitness!,NaN,445982,31,1748097483,84700,2957,92b59fff-2c34-439e-b300-dec101ee489f
720,06298746-5d52-49ee-b160-6b72f7507061,,review on fitness!,6721,184601,116,1749566283,876105,2682,52f507cb-e09a-4100-998e-c90a4d7cc995
1080,06298746-5d52-49ee-b160-6b72f7507061,1080,vlog on tech!,4945,58852,135,1751726283,404563,4492,fe5a7560-4794-40e4-a8a7-1a86d594d7f0
1080,06298746-5d52-49ee-b160-6b72f7507061,720,unboxing on travel!,4072,265063,173,1749220683,394036,3067,e333c8dd-6f0d-4796-9b70-319f3a150303
720,06298746-5d52-49ee-b160-6b72f7507061,1080,review on tech!,3818,202447,12,1752331083,44349,508,e7107b1d-7ae9-46b4-af1b-c9d5330fca1b
720,06298746-5d52-49ee-b160-6b72f7507061,720,vlog on travel!,3659,19095,27,1748961483,653203,2808,62a937b2-86c9-491c-8acc-5bd2792278e9
720,06298746-5d52-49ee-b160-6b72f7507061,1080,vlog on fitness!,?,,79,1750689483,524819,1622,c8563da3-b25e-47ea-948a-664175c6dcb1
1080,06298746-5d52-49ee-b160-6b72f7507061,720,review on fashion!,8673,181029,113,1752244683,117187,4115,4f2f0f23-c10c-48e5-87e6-effe56ac6b1e
720,06298746-5d52-49ee-b160-6b72f7507061,1080,vlog on tech!,2840,475191,127,1752935883,305375,130,e71c4706-0d03-40de-97d4-51e95f753fec
720,06298746-5d52-49ee-b160-6b72f7507061,1080,review on fitness!,497,383646,91,1751899083,NaN,3677,d48ff000-dd68-4591-ae12-c332ebe15003
720,06298746-5d52-49ee-b160-6b72f7507061,720,unboxing on tech!,6671,,NaN,1753022283,81553,1185,d37d3fd8-843a-436b-b0bc-61b44e61b651
720,06298746-5d52-49ee-b160-6b72f7507061,1080,challenge on food!,2280,283523,69,1751380683,222860,4465,71d50316-cbb9-4b36-bee9-26a3b4f661b9
720,06298746-5d52-49ee-b160-6b72f7507061,1080,unboxing on beauty!,3562,72470,86,1748270283,0.0.0,4130,884f8245-cf3c-43be-a757-1ac129e71be3
720,06298746-5d52-49ee-b160-6b72f7507061,1080,review on fashion!,4702,93323,51,1748011083,23904,?,67c5a059-e71e-4c3f-8649-4e22e5daa7b8
720,06298746-5d52-49ee-b160-6b72f7507061,720,vlog on food!,6286,121348,77,1750862283,950206,1087,9ea0ed6e-161c-4998-a5ef-1697bb651561
720,06298746-5d52-49ee-b160-6b72f7507061,720,vlog on food!,6498,43993,61,1749652683,683590,4677,08e008cc-6545-4aa4-854d-8cae4967fc22
1080,06298746-5d52-49ee-b160-6b72f7507061,1080,challenge on beauty!,5375,,59,1749479883,?,3774,06d5b45c-9722-4055-94cf-6f1778f9e747
1080,06298746-5d52-49ee-b160-6b72f7507061,720,vlog on fitness!,5754,465756,168,1751294283,190055,2404,5ba6f2eb-1024-4e60-ad3a-127120c85b71
1080,06298746-5d52-49ee-b160-6b72f7507061,1080,review on travel!,4654,324914,38,1748270283,572202,3714,7ef6a822-c7c8-41d3-9014-21654e2715b2
720,06298746-5d52-49ee-b160-6b72f7507061,1080,review on travel!,5026,NaN,167,1751207883,534386,44,01b346af-240a-4c01-b48d-d6911bdbaec9
NaN,06298746-5d52-49ee-b160-6b72f7507061,720,vlog on food!,9010,262439,21,1748270283,285489,2716,741c61a6-0c9e-4944-be8a-15e45e06ab63
720,06298746-5d52-49ee-b160-6b72f7507061,720,unboxing on fashion!,7505,384431,120,1748529483,997922,687,46554b27-773b-4a2b-b9fd-ab706688b01d
1080,84dfc2e9-30c9-4059-b127-87f61f173843,1080,reaction on fitness!,6827,427458,55,1750430283,799236,2733,21503367-cef9-4b83-a5cb-93487f8d51dc
720,84dfc2e9-30c9-4059-b127-87f61f173843,1080,challenge on tech!,8576,139323,112,1748097483,508478,4811,d0addd42-6fe5-4e5c-925f-a15bd162a7fd
720,84dfc2e9-30c9-4059-b127-87f61f173843,1080,reaction on travel!,3771,448046,54,1748875083,137675,218,3951eb4b-fc4f-441b-ad06-571f41a2cb35
720,84dfc2e9-30c9-4059-b127-87f61f173843,720,review on travel!,3760,NaN,143,1750171083,897397,4556,3e397ee5-6117-46cd-b445-ebd68d0448b5
720,84dfc2e9-30c9-4059-b127-87f61f173843,1080,vlog on beauty!,7729,39760,47,1752676683,643209,1144,b505a862-ac83-47ab-bc6b-93d6881eec18
720,84dfc2e9-30c9-4059-b127-87f61f173843,720,challenge on fitness!,2389,134379,83,1752071883,624223,1908,96511197-59a7-4094-bee8-bb49ebfdc497
1080,84dfc2e9-30c9-4059-b127-87f61f173843,720,reaction on fashion!,2115,164207,175,1751294283,605836,3701,9abc0b89-ca9d-4356-8e8d-7a0d1cf031a1
720,84dfc2e9-30c9-4059-b127-87f61f173843,720,reaction on travel!,2172,193775,86,1751294283,872887,214,e0bdaf40-5b70-46b6-832a-c7a9c1963e62
720,84dfc2e9-30c9-4059-b127-87f61f173843,1080,challenge on fitness!,9204,437780,10,1748788683,614770,3916,5e72408f-2183-4cab-afc8-3f8e81e2b57d
1080,84dfc2e9-30c9-4059-b127-87f61f173843,1080,reaction on beauty!,3902,452015,103,1751985483,,2653,980dcd75-446c-4304-858e-c0f011e992ed
720,84dfc2e9-30c9-4059-b127-87f61f173843,1080,reaction on food!,9392,86391,46,1750603083,396995,1084,9fa50642-0bd5-449b-8934-01d7ad3407df
1080,84dfc2e9-30c9-4059-b127-87f61f173843,720,review on travel!,6072,37170,114,1750430283,58722,4934,7c1ef17b-c5eb-4b57-9795-6ae021e80f16
720,84dfc2e9-30c9-4059-b127-87f61f173843,1080,unboxing on food!,2005,43783,76,1750775883,931160,610,320ab578-560f-4b14-aa34-a24179dbe9b3
1080,84dfc2e9-30c9-4059-b127-87f61f173843,1080,challenge on fitness!,3015,276698,58,1749911883,189220,615,790bcd44-3eeb-4790-87d1-d7912dea5ba4
1080,84dfc2e9-30c9-4059-b127-87f61f173843,720,reaction on food!,1613,290234,46,1752676683,782719,NaN,3ac82109-dadb-41cf-809a-7f36e0ff003c
1080,6b79eac2-9242-423e-9ce1-31e5ec477a95,1080,challenge on food!,3093,271740,114,1748097483,159708,2330,cd0a485b-fdec-44b6-a420-ee3da775756d
1080,6b79eac2-9242-423e-9ce1-31e5ec477a95,720,reaction on beauty!,9614,208412,33,1752935883,359855,4770,47c75342-cd5d-4950-8f46-8b55ed095c58
1080,6b79eac2-9242-423e-9ce1-31e5ec477a95,720,vlog on tech!,2316,37125,160,1749220683,320189,2275,2a4748f1-85bc-45d6-84e7-1b02115075a4
1080,6b79eac2-9242-423e-9ce1-31e5ec477a95,720,challenge on food!,5734,141452,117,1750343883,216676,1583,d7b688f0-85ba-4173-8402-eec2a5a097a4
,6b79eac2-9242-423e-9ce1-31e5ec477a95,720,unboxing on tech!,,NaN,14,1750516683,708817,3695,f14ade53-9665-4149-8d43-adffb6fb0872
720,6b79eac2-9242-423e-9ce1-31e5ec477a95,720,reaction on fitness!,3592,?,140,1748615883,894669,4807,03ec8faf-43b0-4267-a7a2-0cb7e609c41f
1080,6b79eac2-9242-423e-9ce1-31e5ec477a95,720,unboxing on tech!,2129,398865,145,1751380683,354772,1094,11e975ac-5b06-4077-a45b-5ab2fba7a9fa
720,6b79eac2-9242-423e-9ce1-31e5ec477a95,720,challenge on food!,1555,NaN,143,1749652683,?,684,850d2e16-c094-4009-b9e1-9e50ac5b90ba
1080,6b79eac2-9242-423e-9ce1-31e5ec477a95,1080,unboxing on beauty!,4900,468534,164,1752849483,219919,1584,8b2f8c18-c603-401f-87ab-a766759a1d18
1080,6b79eac2-9242-423e-9ce1-31e5ec477a95,1080,reaction on fashion!,,75657,34,1752849483,867494,2036,e56e1159-97c3-4357-970c-f5e04d749cd9
1080,6b79eac2-9242-423e-9ce1-31e5ec477a95,1080,reaction on food!,2974,362329,28,1752676683,223688,3031,30086916-6bcc-41f1-918a-35c90c4ccb9f
1080,6b79eac2-9242-423e-9ce1-31e5ec477a95,720,vlog on travel!,7589,35417,75,1747838283,669488,883,4b588efe-aa0d-48ba-aa7d-68de2b836f63
1080,6b79eac2-9242-423e-9ce1-31e5ec477a95,1080,unboxing on travel!,26,,67,1749393483,696800,3554,400fb025-5077-4ca2-a280-4f5743b369ba
1080,6b79eac2-9242-423e-9ce1-31e5ec477a95,1080,challenge on travel!,9073,159840,102,1751726283,789172,4748,3a49e595-2cc1-4d17-8c52-b26befaaa9da
720,6b79eac2-9242-423e-9ce1-31e5ec477a95,720,challenge on beauty!,3304,418214,143,1748356683,969711,3460,e30ae6b7-1e99-4359-a28c-cd0eba7cb6f7
,6b79eac2-9242-423e-9ce1-31e5ec477a95,1080,reaction on food!,3030,,91,1748961483,NaN,2696,9f46746d-8812-469b-b424-ded9f775ea5f
720,fe0ba7f3-fe76-4e75-b632-5b38d37b6806,1080,unboxing on beauty!,9240,442947,144,1749479883,745987,1185,38b46ce7-9c73-42e1-be3a-b6f3c184b4ff
720,fe0ba7f3-fe76-4e75-b632-5b38d37b6806,1080,unboxing on travel!,433,457096,52,1750775883,220005,2637,15feae5a-840f-4496-8cb8-10bb1b2a56ac
720,fe0ba7f3-fe76-4e75-b632-5b38d37b6806,720,vlog on tech!,8090,287414,67,1752244683,529622,2216,cf7716e5-2ebe-4628-8117-7a627d50969e
720,fe0ba7f3-fe76-4e75-b632-5b38d37b6806,1080,unboxing on tech!,1510,421846,136,1752244683,777251,NaN,825c4d4e-4340-49a6-92cf-0fe2b966023d
720,fe0ba7f3-fe76-4e75-b632-5b38d37b6806,720,reaction on travel!,,257775,85,1750689483,,,bb538e14-7ab3-4554-8b4c-826284a297e2
1080,fe0ba7f3-fe76-4e75-b632-5b38d37b6806,1080,review on travel!,4904,394111,0.0.0,1751380683,865660,3275,5595f656-d438-4e95-a56f-80fd0a4892a6
1080,fe0ba7f3-fe76-4e75-b632-5b38d37b6806,720,review on tech!,2339,321583,159,1750862283,837546,3800,70856ce5-9303-4ab8-8572-a13df4a86f0c
1080,fe0ba7f3-fe76-4e75-b632-5b38d37b6806,720,review on food!,,138990,172,1749047883,781725,3762,96e43d86-0b9d-478f-8ea6-66741b579fbd
1080,fe0ba7f3-fe76-4e75-b632-5b38d37b6806,1080,unboxing on fashion!,2406,355169,96,1752676683,284024,2607,5d10b722-a8eb-47ce-ab15-f4d46ed849ad
720,fe0ba7f3-fe76-4e75-b632-5b38d37b6806,720,challenge on fitness!,3574,54323,171,1750862283,512874,2281,c0126ee6-7cb3-4047-9eaa-86164fa7832d
720,fe0ba7f3-fe76-4e75-b632-5b38d37b6806,720,vlog on beauty!,2546,172798,52,1749998283,359410,2812,274d8816-d01f-4883-a47b-33fc9b476ce1
720,fe0ba7f3-fe76-4e75-b632-5b38d37b6806,1080,review on tech!,4992,105216,145,1749307083,159951,2828,d5bcd642-f3a5-4af6-a380-d704afca7161
1080,fe0ba7f3-fe76-4e75-b632-5b38d37b6806,720,review on fitness!,0.0.0,146710,179,1749998283,40720,84,27eecfa7-4e14-4064-9a05-f4b71f648bae
720,fe0ba7f3-fe76-4e75-b632-5b38d37b6806,1080,reaction on food!,7138,186280,167,1748011083,754007,2427,d7b0eac6-28c8-49a5-816d-97aafb1ed934
720,fe0ba7f3-fe76-4e75-b632-5b38d37b6806,720,unboxing on tech!,7183,450125,169,1752676683,472297,4153,e9e6860f-b29d-40cd-9903-2391a19e45fa
1080,fe0ba7f3-fe76-4e75-b632-5b38d37b6806,720,challenge on beauty!,5810,342605,106,1747924683,359530,3690,849214a4-6f2e-47f9-9cf1-02bd521f0209
1080,b260278a-be8a-4e49-8abf-297106ca74b6,720,vlog on food!,6101,99405,165,1752071883,602922,1732,63fb7c25-a968-49b5-aa3c-27c51b366ef4
1080,b260278a-be8a-4e49-8abf-297106ca74b6,1080,vlog on beauty!,,485228,151,1751726283,743008,0.0.0,0bb83987-f238-4750-a378-70c952bfdc3c
720,b260278a-be8a-4e49-8abf-297106ca74b6,NaN,unboxing on fashion!,4330,467912,116,1748356683,334848,986,78f1d969-e7dc-4b70-bf5b-ade97b02093d
720,b260278a-be8a-4e49-8abf-297106ca74b6,1080,vlog on tech!,9249,167841,179,1751985483,401677,2245,a7835e38-e83a-49da-bf5a-9a0b10364648
1080,b260278a-be8a-4e49-8abf-297106ca74b6,720,unboxing on beauty!,NaN,NaN,176,1751035083,321188,1647,2018fd0b-4fde-46ce-8023-ccc05f7eb6ca
720,b260278a-be8a-4e49-8abf-297106ca74b6,720,vlog on travel!,248,485219,22,1752849483,349990,4231,4f6de2fc-a83c-4c43-a5d0-153f9337ad7b
1080,b260278a-be8a-4e49-8abf-297106ca74b6,1080,review on tech!,,290827,49,1748961483,286550,,503b7e17-08de-4bf6-b278-38da71c8f6de
720,b260278a-be8a-4e49-8abf-297106ca74b6,720,review on fashion!,9823,265225,73,1749998283,705085,1051,2bbf109e-761c-44e1-93c9-f7ab4e5f5dfe
720,b260278a-be8a-4e49-8abf-297106ca74b6,720,vlog on beauty!,6536,280868,,1750603083,816387,2238,08679f57-e213-4f61-88bc-6eeabe686f3e
1080,b260278a-be8a-4e49-8abf-297106ca74b6,720,review on travel!,3412,5828,41,1750862283,733510,3047,23d4260c-7b95-4a7f-8ef3-b93cd6783e82
720,b260278a-be8a-4e49-8abf-297106ca74b6,720,challenge on tech!,6597,182960,26,1749047883,411803,1265,39d46035-ef27-4f0b-8290-f7dd66db06b5
1080,b260278a-be8a-4e49-8abf-297106ca74b6,1080,challenge on travel!,7327,0.0.0,87,1747924683,,2469,29b22064-596b-40dc-b578-9c0cb84d91d9
1080,b260278a-be8a-4e49-8abf-297106ca74b6,720,review on fitness!,6465,344341,58,1751207883,250506,2415,9a7b65ec-9255-42e0-926f-a5eecba922a6
720,b260278a-be8a-4e49-8abf-297106ca74b6,1080,unboxing on tech!,3195,0.0.0,139,1749307083,228247,2665,d2718e60-554f-4963-819f-46a7d7a14efc
1080,b260278a-be8a-4e49-8abf-297106ca74b6,1080,reaction on food!,?,419994,43,1748270283,420764,1083,a1827006-2108-46a8-beea-fab40c6b6e8b
1080,b260278a-be8a-4e49-8abf-297106ca74b6,720,unboxing on beauty!,3662,362775,44,1751121483,425238,4988,0a61b497-869b-4a5b-be16-80e6cd141223
,b260278a-be8a-4e49-8abf-297106ca74b6,0.0.0,review on beauty!,7617,134930,75,1751207883,111377,3449,a3592840-3bac-4e5c-ad85-dd8fbee9286c
720,b260278a-be8a-4e49-8abf-297106ca74b6,720,review on fashion!,3979,149418,11,1752503883,793765,0.0.0,491f3adc-c6b5-4ce9-b398-e7c3d2b5944f
720,b260278a-be8a-4e49-8abf-297106ca74b6,1080,vlog on beauty!,7966,NaN,177,1748443083,352941,3993,280d7711-a9e4-4275-96e1-116a6ecc338c
720,b260278a-be8a-4e49-8abf-297106ca74b6,720,unboxing on beauty!,0.0.0,399595,136,1752590283,535504,747,81faed95-7a27-4488-a8ea-b076074f8158
720,b260278a-be8a-4e49-8abf-297106ca74b6,1080,reaction on travel!,6691,314659,109,1751207883,956896,4104,f1d8a6c7-c44f-4368-9a5c-8f88550fdbbd
720,b260278a-be8a-4e49-8abf-297106ca74b6,1080,challenge on travel!,3859,305273,91,1748875083,175627,3145,c7f9b6f7-7415-4999-862e-06b7b5d449e9
1080,b260278a-be8a-4e49-8abf-297106ca74b6,1080,unboxing on food!,217,41286,159,1749652683,90913,92,64374f66-d203-4fa4-80e0-7702f22e4eea
1080,b260278a-be8a-4e49-8abf-297106ca74b6,1080,challenge on fitness!,7511,411192,54,1748529483,999052,262,e4e6ff6b-eea9-4790-abe4-6276edc59a64
720,b260278a-be8a-4e49-8abf-297106ca74b6,720,vlog on beauty!,9553,,11,1749134283,892939,2698,86aa6963-cfcc-4472-a94d-fd1cf8a56bbb
1080,b260278a-be8a-4e49-8abf-297106ca74b6,720,unboxing on beauty!,7387,310171,36,1748615883,724499,NaN,edf3ae21-8ece-4813-add4-f08c1f0e2afb
720,d0327f8a-5e09-40b5-8b07-98b3ceb036ce,720,unboxing on beauty!,8052,281671,178,1750257483,542625,1064,47ad6d2c-7a9d-4d63-8e4c-4a634b838e49
1080,d0327f8a-5e09-40b5-8b07-98b3ceb036ce,1080,review on tech!,?,406604,150,1751899083,,4292,ce0b6cfb-7901-456d-b2f5-248febf92db4
1080,d0327f8a-5e09-40b5-8b07-98b3ceb036ce,720,vlog on food!,,60763,96,1748702283,407149,1259,6e5d4e00-57d8-4155-aa93-6ba4cd3708a4
720,d0327f8a-5e09-40b5-8b07-98b3ceb036ce,720,unboxing on fashion!,2009,319304,138,1752071883,0.0.0,3701,b17bd089-7265-4534-8bf2-897c704e18c6
1080,d0327f8a-5e09-40b5-8b07-98b3ceb036ce,720,challenge on travel!,,81690,98,1749911883,615948,570,03263558-5d39-4582-a55e-5b7697b037a2
1080,d0327f8a-5e09-40b5-8b07-98b3ceb036ce,720,challenge on food!,2133,182359,26,1752417483,671382,,90b99e60-bb38-4e2f-924b-9270292b4b1e
720,d0327f8a-5e09-40b5-8b07-98b3ceb036ce,720,vlog on fashion!,,117368,31,1748183883,532975,624,a38a66da-d4f2-4a97-9a03-28203fea4af5
720,d0327f8a-5e09-40b5-8b07-98b3ceb036ce,0.0.0,review on travel!,2640,415005,124,1749393483,72046,3881,bdbacfaf-d8eb-43c7-b36c-51e3105957f5
720,d0327f8a-5e09-40b5-8b07-98b3ceb036ce,1080,challenge on fashion!,4122,0.0.0,78,1749393483,119597,4568,7c1bef12-b528-408f-b8dc-5e91f28cd33a
720,d0327f8a-5e09-40b5-8b07-98b3ceb036ce,1080,reaction on tech!,6013,97150,NaN,1748529483,856884,1973,dfb39b01-a1af-4a07-a8bc-d2e991c25e78
720,d0327f8a-5e09-40b5-8b07-98b3ceb036ce,720,vlog on fashion!,6041,169747,66,1752417483,562432,4080,d4ebe7e0-d25f-4db2-a109-81aae9a82e50
1080,d0327f8a-5e09-40b5-8b07-98b3ceb036ce,720,vlog on beauty!,0.0.0,?,23,1750948683,0.0.0,4126,1b993498-405d-458d-99d0-0cd43bcd623e
1080,d0327f8a-5e09-40b5-8b07-98b3ceb036ce,720,vlog on travel!,8123,199314,78,1750171083,,2203,34d0c8f7-4c9a-4e20-bed6-60f37dbe7deb
1080,d0327f8a-5e09-40b5-8b07-98b3ceb036ce,720,vlog on fashion!,664,121470,68,1751639883,740822,1651,0857d131-d65b-4b13-905e-2ee59fcb7c16
720,d0327f8a-5e09-40b5-8b07-98b3ceb036ce,720,vlog on food!,4222,0.0.0,142,1748788683,593769,2439,37dd1452-7c93-4cf8-a68e-917932cf2be1
720,6f12eb06-0bcd-4d7c-afd9-b9a88a8f6103,1080,vlog on travel!,,446877,63,1752417483,351803,3886,721f3e4a-f526-4afc-a5bf-2c7413875bce
720,6f12eb06-0bcd-4d7c-afd9-b9a88a8f6103,720,reaction on fashion!,6146,110047,23,1747924683,588669,851,18862b43-8090-4f34-84f7-4b2313b0337c
720,6f12eb06-0bcd-4d7c-afd9-b9a88a8f6103,1080,review on travel!,7646,18926,33,1751380683,501219,58,08a0cfbc-6564-4871-b7ba-2f5e7abc0bf2
720,6f12eb06-0bcd-4d7c-afd9-b9a88a8f6103,1080,vlog on tech!,7958,,163,1749479883,492168,1461,ba9276d9-8855-4289-9477-1ae3b13a07aa
1080,,720,vlog on food!,452,318503,75,1752071883,632179,3349,9fa91e65-f900-4d1b-b297-c5a1a03fa142
1080,6f12eb06-0bcd-4d7c-afd9-b9a88a8f6103,1080,challenge on tech!,8160,72708,46,1748788683,834631,1342,3e4757ba-25ae-4914-b51f-6e7751d41cb6
1080,6f12eb06-0bcd-4d7c-afd9-b9a88a8f6103,720,challenge on fashion!,8617,,48,1751121483,92306,0.0.0,0cf8c28c-c408-49d8-a09a-e18e8836b9f4
720,6f12eb06-0bcd-4d7c-afd9-b9a88a8f6103,1080,unboxing on beauty!,3812,183663,66,1749998283,597229,4840,ddc2649a-7151-4f5d-a0a2-14420f68d6b9
1080,6f12eb06-0bcd-4d7c-afd9-b9a88a8f6103,1080,reaction on travel!,6224,51031,38,1750084683,913100,0.0.0,0ca8b034-52bc-46c3-868f-10a88f448312
720,6f12eb06-0bcd-4d7c-afd9-b9a88a8f6103,720,review on beauty!,5572,186049,173,1752331083,NaN,1114,e6569431-6708-432a-af2f-18b7c81e5ae0
720,6f12eb06-0bcd-4d7c-afd9-b9a88a8f6103,720,challenge on beauty!,2429,84899,102,1750430283,2545,,794c6726-facc-4471-a3d3-68bb08677eec
1080,6f12eb06-0bcd-4d7c-afd9-b9a88a8f6103,1080,challenge on tech!,2530,492772,110,1751207883,277334,4279,fc182761-d117-49bb-9bba-2f82420b63a9
720,6f12eb06-0bcd-4d7c-afd9-b9a88a8f6103,720,review on travel!,2807,0.0.0,108,1749393483,304374,3416,1bbff7e9-60ea-4aaf-bd1d-160bc87179a0
720,6f12eb06-0bcd-4d7c-afd9-b9a88a8f6103,1080,challenge on tech!,1351,234900,113,1749307083,510327,NaN,d99c876a-e666-4797-8739-48a30fcc413a
720,6f12eb06-0bcd-4d7c-afd9-b9a88a8f6103,720,vlog on beauty!,6195,0.0.0,12,1752935883,596917,,025d4e0a-f8e8-4600-b63f-c69dd4a2779f
1080,6f12eb06-0bcd-4d7c-afd9-b9a88a8f6103,720,vlog on food!,0.0.0,425213,36,1749479883,513905,,b2c21b6c-c093-438e-8103-68f368cf1d8e
720,6f12eb06-0bcd-4d7c-afd9-b9a88a8f6103,1080,vlog on tech!,0.0.0,420765,145,1751812683,?,2533,1954e2ea-c2f9-4584-9085-c3b51c476995
720,6f12eb06-0bcd-4d7c-afd9-b9a88a8f6103,720,vlog on travel!,7017,470177,152,1748270283,186058,147,0f618b01-1121-4fca-a80e-d740ef7463b1
1080,6f12eb06-0bcd-4d7c-afd9-b9a88a8f6103,1080,challenge on food!,?,76290,99,1749134283,883806,4243,a6e3a8a8-0047-4ac6-9f45-190159dd2dc1
720,6f12eb06-0bcd-4d7c-afd9-b9a88a8f6103,1080,review on fashion!,NaN,362702,167,1751553483,675753,3900,bf00f737-0359-4ffe-84c1-418cfde67fdb
720,6f12eb06-0bcd-4d7c-afd9-b9a88a8f6103,720,vlog on tech!,515,492570,111,1751207883,381386,3884,90244142-752d-4679-8300-2ad962404b6f
720,f1a6dbfa-5ee9-4cf8-b6a3-7099b861f13b,720,challenge on travel!,2790,278220,43,1749307083,714238,1419,dd0a45a5-5712-4fa5-9213-3677b0eef528
720,f1a6dbfa-5ee9-4cf8-b6a3-7099b861f13b,720,vlog on travel!,NaN,203703,157,1748011083,519698,,54453512-0b54-4e89-b7c9-676cb58c0105
1080,f1a6dbfa-5ee9-4cf8-b6a3-7099b861f13b,1080,review on tech!,7578,36718,?,1749307083,592065,144,61a267f4-8617-4cbc-9bfa-4e9c6dec1bb5
1080,f1a6dbfa-5ee9-4cf8-b6a3-7099b861f13b,720,vlog on tech!,1991,480192,74,1751899083,668421,3549,a3a753a1-4275-499b-9eb4-c5fcde443f89
720,f1a6dbfa-5ee9-4cf8-b6a3-7099b861f13b,720,reaction on fashion!,9104,58767,135,1751207883,583812,,e840e9cc-e21c-428b-a2b9-ffc6c146da6d
720,f1a6dbfa-5ee9-4cf8-b6a3-7099b861f13b,720,review on food!,,18167,85,1752071883,229264,2115,95cc38ff-e861-4f62-9b57-d7c05e394c09
1080,f1a6dbfa-5ee9-4cf8-b6a3-7099b861f13b,NaN,vlog on beauty!,3582,192318,57,1749479883,819860,2084,4937c39a-3bb8-4db5-b45c-63d5d6f3891f
720,f1a6dbfa-5ee9-4cf8-b6a3-7099b861f13b,720,challenge on travel!,571,476913,68,1750171083,105214,4798,2746d9ef-baf3-439f-952d-be34eb3388a2
1080,f1a6dbfa-5ee9-4cf8-b6a3-7099b861f13b,1080,unboxing on fashion!,5104,174759,179,1750603083,NaN,183,c6761605-edee-4fe4-b3b2-8264803f5b16
1080,f1a6dbfa-5ee9-4cf8-b6a3-7099b861f13b,720,reaction on tech!,8939,465332,102,1752158283,713157,1916,e3c0ddd3-9772-4864-8495-a6c89ab66492
1080,f1a6dbfa-5ee9-4cf8-b6a3-7099b861f13b,720,challenge on travel!,9507,337111,NaN,1751985483,418876,976,722fd265-f33b-4d83-9a34-0cd2b66585b2
720,f1a6dbfa-5ee9-4cf8-b6a3-7099b861f13b,1080,vlog on fashion!,6479,?,13,1749479883,50856,1126,cc1a4701-0b22-46b8-aa59-3ba831814533
1080,f1a6dbfa-5ee9-4cf8-b6a3-7099b861f13b,720,vlog on travel!,4908,4106,49,1752676683,940617,1331,dc4e85df-9341-4d44-8394-4b5735f0f623
720,f1a6dbfa-5ee9-4cf8-b6a3-7099b861f13b,1080,challenge on beauty!,5709,461188,70,1748443083,487078,,8c4f12e7-b586-4389-8512-177461bd3713
1080,f1a6dbfa-5ee9-4cf8-b6a3-7099b861f13b,720,vlog on fitness!,9439,161050,137,1751899083,909372,4493,4b67efa4-9c60-4c9e-8e58-d50a4981c44c
720,f1a6dbfa-5ee9-4cf8-b6a3-7099b861f13b,1080,vlog on tech!,8674,154687,74,1750603083,885742,3495,e7b37edb-5886-43d9-a60a-c7857c5095fa
720,f1a6dbfa-5ee9-4cf8-b6a3-7099b861f13b,1080,vlog on fitness!,4042,268624,71,1748961483,723323,3746,03ab1a66-365a-4ec3-b5d5-7b3d6ab04f71
720,f1a6dbfa-5ee9-4cf8-b6a3-7099b861f13b,1080,reaction on tech!,883,,14,1752935883,864268,2878,85cae287-46bf-4310-9e72-ffcd2a2967d7
1080,f1a6dbfa-5ee9-4cf8-b6a3-7099b861f13b,1080,vlog on food!,2459,?,154,1752935883,,2963,44dfbeaf-3e2f-4ae9-a72a-97a02e46a5de
720,f1a6dbfa-5ee9-4cf8-b6a3-7099b861f13b,0.0.0,reaction on fitness!,0.0.0,257133,75,1748875083,806520,1262,10775e30-2844-4d76-8b21-43685d5f81de
720,f1a6dbfa-5ee9-4cf8-b6a3-7099b861f13b,720,review on fashion!,7800,158933,43,1751726283,23886,4872,979aad09-ca8e-479a-a970-81930bed310b
720,f1a6dbfa-5ee9-4cf8-b6a3-7099b861f13b,720,reaction on travel!,5337,214252,30,1752935883,898521,1696,9563e96a-518c-42fb-9931-ac68158b8c3d
1080,f1a6dbfa-5ee9-4cf8-b6a3-7099b861f13b,1080,review on tech!,8074,121124,20,1749393483,857928,,34d4f421-12d0-4636-b5f1-7d173a2b7bb9
720,f1a6dbfa-5ee9-4cf8-b6a3-7099b861f13b,720,unboxing on travel!,6516,345984,157,1750257483,,3677,8e34c8f9-e75b-4514-baab-a5be770a5b53
720,f1a6dbfa-5ee9-4cf8-b6a3-7099b861f13b,,vlog on travel!,?,285126,48,1750343883,971423,276,26b865cd-3ede-4704-9bb5-e0994d937fb8
720,f1a6dbfa-5ee9-4cf8-b6a3-7099b861f13b,720,review on fitness!,0.0.0,374908,17,1749393483,374658,617,f47bfb91-ef1f-4102-bea4-cfdafeecf3ea
1080,f1a6dbfa-5ee9-4cf8-b6a3-7099b861f13b,1080,review on food!,4092,304988,26,1748097483,277716,1978,774a9777-082d-475b-b9ea-a98b006e3266
0.0.0,f1a6dbfa-5ee9-4cf8-b6a3-7099b861f13b,1080,vlog on beauty!,1861,447891,140,1752158283,264687,1228,08d9e1f0-6ad2-4d90-81f0-f0fde49ba482
720,f1a6dbfa-5ee9-4cf8-b6a3-7099b861f13b,720,vlog on beauty!,7597,146185,137,1750084683,955279,3586,7641f6f9-687e-4731-b29e-84e73aaede1f
1080,f1a6dbfa-5ee9-4cf8-b6a3-7099b861f13b,1080,reaction on tech!,3781,361105,128,1749739083,639923,1398,de9c9078-7e81-48e2-bc8b-6927a5944c01
720,1d256829-5384-45f3-824e-e27c74a9c1b9,720,unboxing on beauty!,9885,NaN,61,1750084683,199117,3409,fe8e2430-d7ff-43d1-ab22-4213d184da36
1080,1d256829-5384-45f3-824e-e27c74a9c1b9,1080,review on food!,2215,323855,164,1752244683,110563,587,ca2e3ecc-a992-4ba8-9e37-d8dc58fd5860
720,1d256829-5384-45f3-824e-e27c74a9c1b9,720,vlog on fashion!,1254,294606,?,1749652683,,3055,d6c2e950-1074-418b-8f33-15b165081133
720,1d256829-5384-45f3-824e-e27c74a9c1b9,1080,unboxing on tech!,767,116280,104,1752935883,521330,4108,2f22d425-7e9f-44e0-b1c3-d672a481a5cd
720,1d256829-5384-45f3-824e-e27c74a9c1b9,720,review on travel!,8684,430084,37,1750343883,37576,1135,3dd7ad7e-4e04-4c85-a9e7-34929d3e9b2f
720,1d256829-5384-45f3-824e-e27c74a9c1b9,,challenge on tech!,2807,104514,146,1751726283,78527,1900,f8613142-c254-4772-8693-d63e12a8b7e7
1080,1d256829-5384-45f3-824e-e27c74a9c1b9,720,challenge on food!,3144,404568,170,1750084683,742703,4477,be40d220-d842-4aee-9b15-2903a8fe6806
720,1d256829-5384-45f3-824e-e27c74a9c1b9,720,reaction on food!,5076,49007,33,1751812683,666819,NaN,9feb1186-cf9d-4014-bc3a-4f0edc57593e
1080,1d256829-5384-45f3-824e-e27c74a9c1b9,720,review on fitness!,4798,309302,54,1750948683,,4384,107c7ae1-d58f-4d8c-b54b-7132ddbd2dab
720,1d256829-5384-45f3-824e-e27c74a9c1b9,720,challenge on fashion!,5936,0.0.0,94,1751553483,916183,302,845b2643-f547-4858-bf87-56f8adc6860b
720,1d256829-5384-45f3-824e-e27c74a9c1b9,1080,unboxing on tech!,?,266659,101,1747924683,148195,4031,98fdba69-94a0-42a2-a7ee-a44605d143af
1080,1d256829-5384-45f3-824e-e27c74a9c1b9,720,challenge on tech!,1981,NaN,152,1748443083,355975,1521,a6adedd6-637c-4a66-ab56-94aa747f27d6
720,1d256829-5384-45f3-824e-e27c74a9c1b9,720,vlog on tech!,8962,476203,173,1751812683,204585,3499,a22b0cb4-5640-4009-9a4c-5f70404a4282
720,1d256829-5384-45f3-824e-e27c74a9c1b9,1080,challenge on travel!,9107,,134,1752071883,129163,3230,4b1815b9-d142-48a2-b91f-2d644919f83a
1080,1d256829-5384-45f3-824e-e27c74a9c1b9,1080,reaction on food!,1857,59114,128,1750430283,244647,1136,4b416ace-ac80-426b-a423-4e78923f6577
720,1d256829-5384-45f3-824e-e27c74a9c1b9,1080,unboxing on travel!,7499,439900,,1749911883,823824,2345,99cda73a-b648-4a7f-9093-3d5d71d754a0
720,1d256829-5384-45f3-824e-e27c74a9c1b9,1080,unboxing on travel!,7402,210781,11,1752763083,959356,329,69489b22-b71d-41d5-ba5f-c0377bb4c64b
720,f4b10eb3-5a1b-4445-859f-1453f397d479,1080,review on food!,1140,310086,93,1748615883,465861,1110,f0ae6d07-3a7a-4474-8890-6129351bdd08
1080,f4b10eb3-5a1b-4445-859f-1453f397d479,720,challenge on fashion!,8888,311674,109,1752331083,328549,2215,781c2ade-6edf-4a56-ad76-0d51af56d005
1080,f4b10eb3-5a1b-4445-859f-1453f397d479,720,unboxing on tech!,4784,,146,1750862283,256320,239,2eb15783-e630-4fea-840b-476ccdf7ecd7
720,f4b10eb3-5a1b-4445-859f-1453f397d479,1080,challenge on tech!,,95262,19,1747924683,793943,3574,2f2fa9d7-04b0-4822-9e8f-70b977c27092
1080,f4b10eb3-5a1b-4445-859f-1453f397d479,1080,reaction on travel!,9428,253955,137,1750430283,791199,4239,dfbb0005-1b98-4c02-822b-b0d11119a567
1080,f4b10eb3-5a1b-4445-859f-1453f397d479,720,reaction on fitness!,1762,113527,39,1750603083,224614,319,71814d56-b507-4a6e-a22a-fecb3438c261
1080,f4b10eb3-5a1b-4445-859f-1453f397d479,1080,reaction on travel!,3203,392299,162,1748356683,308496,668,79566138-304b-4324-a100-35765a1152e4
720,f4b10eb3-5a1b-4445-859f-1453f397d479,720,challenge on travel!,9860,475492,60,1749652683,553337,2350,1914765c-807d-412f-89b3-bfa0b92e7bda
1080,f4b10eb3-5a1b-4445-859f-1453f397d479,720,unboxing on beauty!,7970,80344,76,1752158283,852334,3452,c53d0d89-b1e9-4c63-8094-c7f4fd02bebc
1080,f4b10eb3-5a1b-4445-859f-1453f397d479,1080,review on travel!,5217,,60,1748702283,570184,1796,3f0d83e2-079f-493b-8a62-f72fdfb3473a
720,f4b10eb3-5a1b-4445-859f-1453f397d479,1080,reaction on tech!,1031,249915,90,1750084683,597694,1987,32b50635-9db7-4abd-ae53-5796e78fdec2
1080,f4b10eb3-5a1b-4445-859f-1453f397d479,720,vlog on beauty!,9490,327737,146,1750171083,32360,3337,86208d6e-0c63-4e0f-b586-0b13bde9d138
720,f4b10eb3-5a1b-4445-859f-1453f397d479,720,vlog on food!,8282,246218,172,1750603083,504301,1032,d35eb510-7fff-4bc2-a8cb-bdd7065f8cb8
720,f4b10eb3-5a1b-4445-859f-1453f397d479,720,challenge on fashion!,5112,238121,79,1751121483,886439,4768,4ebeeaf7-836e-4d4d-b35e-cce9efa2f145
1080,f4b10eb3-5a1b-4445-859f-1453f397d479,720,review on food!,6128,85159,23,1748961483,768313,3376,fcde39dd-9e6f-49b2-9fc1-4e81b3644e51
720,f4b10eb3-5a1b-4445-859f-1453f397d479,1080,reaction on fashion!,8663,404628,157,1749307083,927996,4557,682ffa01-67b0-4766-a785-b84f6bdb8230
1080,f4b10eb3-5a1b-4445-859f-1453f397d479,1080,vlog on beauty!,3000,249819,172,1750430283,251842,594,14650ec1-9d63-4ec5-9f4e-3f5259b36c60
1080,f4b10eb3-5a1b-4445-859f-1453f397d479,1080,unboxing on fashion!,9305,30582,149,1748961483,495757,3272,ca7d06fd-1c9a-4a18-8e6a-25749a235b24
720,f4b10eb3-5a1b-4445-859f-1453f397d479,1080,challenge on tech!,7259,81356,44,1751294283,74822,3692,78078a94-15fe-4d12-8786-f98db133a70c
1080,f4b10eb3-5a1b-4445-859f-1453f397d479,1080,reaction on food!,2783,492181,?,1752590283,570017,403,838d7fe7-6b26-4e08-9bd9-3f1304e3a7c6
1080,dc172189-0260-422e-a5bd-1d451ca9a07a,720,unboxing on tech!,7226,536,,1752763083,970333,1769,807b891f-65ca-438b-a7ea-ff2b8f75f4d0
1080,dc172189-0260-422e-a5bd-1d451ca9a07a,1080,unboxing on tech!,1377,466671,161,1752331083,192367,2302,b7ee04c2-23ec-431d-86d6-1631211ad983
1080,dc172189-0260-422e-a5bd-1d451ca9a07a,720,review on travel!,4909,116803,163,1748011083,140167,1611,cb1f406d-b16c-40c9-89b4-9367bbcddf00
720,dc172189-0260-422e-a5bd-1d451ca9a07a,1080,unboxing on fitness!,2736,297437,162,1748788683,319553,2038,74595eaa-7562-41ed-9938-92887abfcb19
1080,dc172189-0260-422e-a5bd-1d451ca9a07a,1080,challenge on food!,,382938,156,1750257483,267848,4733,fc9f0c59-9757-406d-9812-f8ad23719f57
720,dc172189-0260-422e-a5bd-1d451ca9a07a,1080,review on food!,6723,160788,178,1748788683,598960,203,759a4cf8-14e7-4f37-96d9-2368ef6c8ad3
720,dc172189-0260-422e-a5bd-1d451ca9a07a,1080,unboxing on fitness!,1498,164890,30,1752676683,NaN,4178,9204d652-dba0-4a51-9f8f-c44dd30a6039
720,dc172189-0260-422e-a5bd-1d451ca9a07a,720,review on fashion!,4077,347588,17,1750343883,64588,4681,9a41ad43-320c-4107-972b-945c073f5ae9
1080,dc172189-0260-422e-a5bd-1d451ca9a07a,720,reaction on beauty!,9076,150623,143,1751380683,535415,2851,b096dcdb-4f1b-4d7d-9c54-510477345fdb
720,dc172189-0260-422e-a5bd-1d451ca9a07a,720,challenge on tech!,2946,282086,87,1752935883,530964,1233,ec61d6cf-26b1-4f17-9984-f6d0948e28e2
1080,dc172189-0260-422e-a5bd-1d451ca9a07a,720,unboxing on food!,9993,379047,168,1749566283,51376,2429,060006b2-9874-42be-8f61-03af580baca2
720,dc172189-0260-422e-a5bd-1d451ca9a07a,720,challenge on fitness!,286,,63,1749479883,626327,2835,51180dc4-55d6-477d-ad8d-397e54826785
720,dc172189-0260-422e-a5bd-1d451ca9a07a,720,unboxing on tech!,19,398179,46,1749307083,394717,45,2bc44a57-f2ff-4742-8710-8b4d58a34ebd
1080,dc172189-0260-422e-a5bd-1d451ca9a07a,,,404,146277,178,1752071883,292696,761,6175a966-bdf3-4b4c-bea2-b673983996c1
1080,dc172189-0260-422e-a5bd-1d451ca9a07a,720,vlog on fitness!,,472240,160,1748788683,,4114,328988b7-d4f1-4579-ae2b-54765f6a953e
1080,dc172189-0260-422e-a5bd-1d451ca9a07a,720,vlog on tech!,?,141633,152,1750343883,28647,4561,9e148997-c687-4e1c-be66-ee1dd4fb8471
720,dc172189-0260-422e-a5bd-1d451ca9a07a,1080,unboxing on travel!,5835,262881,32,1753022283,53499,4267,3eeff36a-8f74-42e1-9450-dd92337b4f77
1080,dc172189-0260-422e-a5bd-1d451ca9a07a,1080,challenge on beauty!,235,67431,157,1752071883,19977,?,8ec861b7-4f8b-4173-ac5c-4d85de095350
1080,dc172189-0260-422e-a5bd-1d451ca9a07a,720,challenge on travel!,6151,465352,167,1752331083,634448,2126,023da2e1-879c-4fcf-b418-0142754b92d0
720,dc172189-0260-422e-a5bd-1d451ca9a07a,720,vlog on fashion!,7622,0.0.0,148,1752849483,66327,3019,86fff374-b410-4d2f-a269-42534d819e1d
720,b3d0d16c-84c5-4f78-85a5-549354a8d772,720,challenge on beauty!,3607,0.0.0,48,1749220683,964877,2991,23616bfe-f0b9-4ad1-b278-da9f786f36a3
1080,b3d0d16c-84c5-4f78-85a5-549354a8d772,1080,vlog on beauty!,7193,21522,119,1751812683,66471,1974,306a734a-0e63-46ea-a0bf-c5e379f9454f
720,b3d0d16c-84c5-4f78-85a5-549354a8d772,720,reaction on fitness!,9036,414963,159,1749739083,,0.0.0,889f93b1-6f00-41ab-a849-7257e9f7c76c
,b3d0d16c-84c5-4f78-85a5-549354a8d772,1080,unboxing on fashion!,5895,188029,26,1752071883,424991,3531,2f82b900-7474-4ec4-99fb-2ffe62c3e833
720,b3d0d16c-84c5-4f78-85a5-549354a8d772,720,vlog on fashion!,7405,328355,60,1748615883,NaN,0.0.0,e7842c62-e131-4f6b-bc36-df7555c5f62d
720,b3d0d16c-84c5-4f78-85a5-549354a8d772,1080,reaction on fitness!,3081,,58,1747838283,382304,2048,778d2ae5-71b0-4bf9-9ff2-fcdc721be46c
1080,b3d0d16c-84c5-4f78-85a5-549354a8d772,1080,vlog on tech!,5934,NaN,27,1749134283,40543,,2e22bed2-8c91-4df1-8c15-2c9f9b2d23f8
720,b3d0d16c-84c5-4f78-85a5-549354a8d772,720,vlog on beauty!,6965,381268,171,1752935883,98591,3737,df50e80a-19c6-4f40-9735-e248d61f05bf
720,b3d0d16c-84c5-4f78-85a5-549354a8d772,1080,vlog on fitness!,2834,459013,36,1749047883,713953,2086,71e14c16-2712-459b-9bc3-49a046d258ff
720,b3d0d16c-84c5-4f78-85a5-549354a8d772,720,reaction on beauty!,?,116550,100,1750084683,830255,2047,65b94362-9e99-4bc0-ae86-4c19983643a8
?,b3d0d16c-84c5-4f78-85a5-549354a8d772,720,challenge on travel!,6404,,30,1752763083,516726,34,2a0d37e3-a2af-4849-90e4-9af3a9a6626d
720,b3d0d16c-84c5-4f78-85a5-549354a8d772,1080,challenge on food!,3184,267026,134,1749998283,827410,1814,fa9e4820-bd8a-4520-a211-12d41107c9f6
1080,b3d0d16c-84c5-4f78-85a5-549354a8d772,1080,challenge on fashion!,7005,168734,,1751553483,57260,488,aad1b988-bcbb-428f-9994-97fe1c995375
720,b3d0d16c-84c5-4f78-85a5-549354a8d772,1080,challenge on beauty!,5232,178401,26,1750948683,,4761,445021c9-5db9-4665-94ea-bd88ea9bfaee
1080,b3d0d16c-84c5-4f78-85a5-549354a8d772,1080,review on food!,8370,96103,42,1752849483,871920,46,3c215627-c4d1-454a-bb59-4b4ef4f825cd
1080,b3d0d16c-84c5-4f78-85a5-549354a8d772,1080,reaction on beauty!,8665,275309,71,1748615883,662977,3784,b3e5c9fb-9484-44c8-abd6-fb49a96fd69f
1080,b3d0d16c-84c5-4f78-85a5-549354a8d772,720,challenge on food!,NaN,57319,53,1749911883,897788,1192,e0954e83-b3f6-4bec-8ef8-9bdc315d4fec
1080,b3d0d16c-84c5-4f78-85a5-549354a8d772,1080,review on fitness!,6141,152173,159,1750257483,330534,769,a33391c9-ff3b-4edc-8f50-0d7e02b47e97
720,b3d0d16c-84c5-4f78-85a5-549354a8d772,1080,unboxing on beauty!,3587,33057,0.0.0,1748183883,149563,2372,8fb4e4ee-7e22-4aa8-be04-171e17e09f7e
720,b3d0d16c-84c5-4f78-85a5-549354a8d772,720,reaction on tech!,,202912,83,1751553483,78929,1783,53204af1-9da1-49c5-9b2c-90fc4a32bbef
720,b3d0d16c-84c5-4f78-85a5-549354a8d772,1080,review on fashion!,5664,79370,,1750171083,?,0.0.0,e3ef2727-3503-47ce-af64-90f380afde6f
720,b3d0d16c-84c5-4f78-85a5-549354a8d772,1080,unboxing on travel!,6041,427702,79,1750516683,328205,1383,0e87ef82-c2d6-41ff-8f52-023864f7aa0f
1080,b3d0d16c-84c5-4f78-85a5-549354a8d772,1080,reaction on food!,2206,,62,1749739083,0.0.0,4407,dba6cfc3-5c29-444d-92aa-8759b0b7bd8e
1080,ded96d59-0272-4f78-9ef2-ba20b55b6714,1080,vlog on beauty!,0.0.0,,150,1750343883,289594,3074,4f392037-b64c-45e2-a02d-59486ae09705
1080,ded96d59-0272-4f78-9ef2-ba20b55b6714,1080,vlog on fitness!,5728,,135,1752935883,851980,1805,d556afda-1898-4b00-871e-65f65b8b33b0
1080,ded96d59-0272-4f78-9ef2-ba20b55b6714,1080,review on tech!,6101,265602,111,1749307083,2587,3902,cfa1b8f8-132c-4417-99a4-d59e1d267c04
720,ded96d59-0272-4f78-9ef2-ba20b55b6714,720,review on food!,9394,383406,82,1747924683,605776,3828,9aa5d397-8610-49e9-8753-b98a795f4727
1080,ded96d59-0272-4f78-9ef2-ba20b55b6714,1080,reaction on travel!,8839,457521,153,1751380683,882590,3994,000963e3-fc9c-4e5d-a708-0280054b103f
1080,ded96d59-0272-4f78-9ef2-ba20b55b6714,720,reaction on fitness!,3042,6881,111,1749825483,571022,409,0be767dc-ade6-4061-a0e6-d73fb23e1b27
720,ded96d59-0272-4f78-9ef2-ba20b55b6714,720,unboxing on fashion!,9401,421396,0.0.0,1750603083,75452,665,157e0bb3-2d9d-4ab2-bcd6-eeba1d4a9cee
720,ded96d59-0272-4f78-9ef2-ba20b55b6714,720,reaction on beauty!,5216,428638,18,1751726283,912024,1841,c5f83bfc-940d-48a6-891d-601d3b439d5f
1080,ded96d59-0272-4f78-9ef2-ba20b55b6714,1080,challenge on beauty!,4708,?,149,1748270283,979352,4994,bc8a67fe-b150-4282-ae3d-a19cf81f1f48
1080,ded96d59-0272-4f78-9ef2-ba20b55b6714,1080,vlog on travel!,?,34867,42,1748356683,138927,3482,b7f62338-6a46-4314-a9b1-0fc28bfdc7f4
1080,ded96d59-0272-4f78-9ef2-ba20b55b6714,1080,reaction on fitness!,2422,152227,53,1750257483,714145,3689,e7a59d1a-8995-492e-914b-1fcc1e0a9009
NaN,ded96d59-0272-4f78-9ef2-ba20b55b6714,1080,review on tech!,0.0.0,0.0.0,0.0.0,1752763083,753168,314,acb5f06d-412a-47dd-b25f-f0bab8131bd6
1080,ded96d59-0272-4f78-9ef2-ba20b55b6714,720,challenge on travel!,2602,445008,76,1749566283,684964,3640,84cd69aa-070a-4b9d-8b08-c087091d752b
?,ded96d59-0272-4f78-9ef2-ba20b55b6714,720,reaction on travel!,5461,116892,98,1749134283,247802,1848,12c16ccc-d010-4bc9-8434-024869ead8eb
1080,ded96d59-0272-4f78-9ef2-ba20b55b6714,1080,reaction on fitness!,6926,27114,144,1750862283,172366,1751,21ae3798-f54a-4162-84b9-e5c2cc8ddd82
720,ded96d59-0272-4f78-9ef2-ba20b55b6714,720,challenge on fitness!,8945,38503,79,1752503883,293077,3195,60863460-429d-48bf-b4ca-467af06f5a25
720,ded96d59-0272-4f78-9ef2-ba20b55b6714,1080,challenge on tech!,?,494025,149,1747924683,184143,3341,433f8c84-abf2-493e-85f0-67a1a383c914
720,ded96d59-0272-4f78-9ef2-ba20b55b6714,720,challenge on beauty!,,364313,164,1749220683,818855,,950a5d56-9b5b-4e5e-836c-1f1d5ad9600b
1080,ded96d59-0272-4f78-9ef2-ba20b55b6714,1080,challenge on tech!,?,68353,155,1750257483,400358,4791,bc3f80ce-914c-4e87-a15e-ac1842225783
,ded96d59-0272-4f78-9ef2-ba20b55b6714,1080,unboxing on food!,0.0.0,,129,1751294283,232257,79,3b567525-d952-4bdb-ad56-fc101271dd2d
1080,4028ab7e-20b2-4726-a6e4-4881b935aa41,720,reaction on travel!,1596,339654,40,1749739083,771289,2957,fd04c595-8ecb-4ea3-bc10-0a7f228ca978
1080,4028ab7e-20b2-4726-a6e4-4881b935aa41,1080,unboxing on travel!,9614,187258,54,1748443083,80165,2791,099fbbee-7ad5-48f7-a736-425e3f1db393
720,4028ab7e-20b2-4726-a6e4-4881b935aa41,720,unboxing on fashion!,,443214,NaN,1749739083,228012,3616,4ac2e9c1-94d1-4f80-8aaf-878f34205684
1080,4028ab7e-20b2-4726-a6e4-4881b935aa41,1080,vlog on fitness!,1771,149937,15,1751035083,387772,2008,ef8ea238-d484-474a-928a-db10b43136e4
1080,4028ab7e-20b2-4726-a6e4-4881b935aa41,1080,vlog on travel!,,39905,172,1751726283,767686,,409276b0-33af-49bd-bf06-efeccf94709c
1080,4028ab7e-20b2-4726-a6e4-4881b935aa41,1080,review on tech!,NaN,331327,40,1749652683,931109,3793,55839cb3-d82f-4b8b-8d7f-11b1382766af
1080,4028ab7e-20b2-4726-a6e4-4881b935aa41,720,vlog on food!,3837,317121,99,1747838283,96223,45,27dcf2db-5516-4d98-aed1-8b97f2d26b58
1080,4028ab7e-20b2-4726-a6e4-4881b935aa41,720,unboxing on tech!,4838,342009,176,1749998283,179537,1291,9bfcb962-288e-4f01-9fde-9517933df5ab
,4028ab7e-20b2-4726-a6e4-4881b935aa41,1080,challenge on fashion!,7940,379577,161,1750430283,287488,3881,66238bdd-bbc0-4311-a193-7b928e95e91d
720,4028ab7e-20b2-4726-a6e4-4881b935aa41,1080,reaction on fitness!,7942,422671,41,1748443083,548591,4001,a5bc9d56-5c07-4cc4-8ae4-c1105efbe0fc
1080,4028ab7e-20b2-4726-a6e4-4881b935aa41,1080,vlog on travel!,3023,453096,117,1748788683,691508,2991,2569469c-756c-4a68-b304-0d81a0872f42
1080,4028ab7e-20b2-4726-a6e4-4881b935aa41,720,challenge on beauty!,5649,236819,94,1751121483,0.0.0,NaN,c7b1add4-d92c-4710-ba7f-0160a442e110
1080,4028ab7e-20b2-4726-a6e4-4881b935aa41,720,,5394,15881,NaN,1752331083,993531,4394,863514a5-6381-4914-b5c6-b2139bd7cbe9
720,4028ab7e-20b2-4726-a6e4-4881b935aa41,1080,review on tech!,5407,366365,62,1750257483,822514,1871,aa52c763-c4f0-4c48-8456-abe36abacf57
1080,4028ab7e-20b2-4726-a6e4-4881b935aa41,720,unboxing on tech!,2997,139698,158,1750343883,501943,2259,b769c5d4-12b6-4a3f-adf5-87f71b745c8c
1080,4028ab7e-20b2-4726-a6e4-4881b935aa41,1080,unboxing on tech!,5991,276147,?,1747924683,821994,4299,c9a90c6c-c971-4df2-9fa6-58d82f63b1a0
720,4028ab7e-20b2-4726-a6e4-4881b935aa41,1080,vlog on fitness!,6833,274609,93,1750171083,264710,3217,00648c9f-40ea-4537-b697-b1ddfdf5cb27
1080,4028ab7e-20b2-4726-a6e4-4881b935aa41,720,reaction on travel!,859,323812,19,1748183883,505664,2323,26be206a-4f34-4652-959c-ba9357e38d96
1080,4028ab7e-20b2-4726-a6e4-4881b935aa41,720,vlog on food!,4053,65213,179,1748183883,972562,466,96bb10fe-bafc-4b3b-a03f-e02f21e554ea
720,bd7d777d-3f15-4817-8a12-a204f83712bb,1080,unboxing on food!,1863,343377,77,1751726283,399754,1886,85f2ce52-c9eb-4b86-b551-f01ca037f37d
1080,bd7d777d-3f15-4817-8a12-a204f83712bb,0.0.0,review on travel!,222,348093,129,1748875083,306446,1773,f621f2f7-7d13-420c-8380-c8df1012d7a7
720,bd7d777d-3f15-4817-8a12-a204f83712bb,1080,review on beauty!,6669,?,68,1749393483,629060,4810,ce9b5e6b-c79b-45b4-9594-6c8a517f5784
720,bd7d777d-3f15-4817-8a12-a204f83712bb,720,vlog on fitness!,3303,332949,139,1748097483,562278,3677,59976702-51f0-4a1c-9e80-b1a1b93a7add
1080,bd7d777d-3f15-4817-8a12-a204f83712bb,720,reaction on food!,4398,320724,71,1751553483,575385,2484,efeca26e-dacd-4be4-93f7-705b36b7b5a6
720,bd7d777d-3f15-4817-8a12-a204f83712bb,720,challenge on beauty!,8882,276416,32,1751639883,406831,2669,7add83b4-0e4d-4f06-8dbd-06f00d987381
1080,bd7d777d-3f15-4817-8a12-a204f83712bb,720,unboxing on food!,267,292304,90,1749825483,953525,1568,52c78c23-b963-47c9-97fc-cdd0c0cb1ea4
,bd7d777d-3f15-4817-8a12-a204f83712bb,1080,review on beauty!,,113083,92,1751121483,429908,1596,3b203fc2-c5e3-42bf-a849-45c73ecb2da0
720,bd7d777d-3f15-4817-8a12-a204f83712bb,1080,vlog on tech!,4464,432445,21,1749739083,174144,437,fc279274-f007-4c8c-83e7-e714cc429bca
,bd7d777d-3f15-4817-8a12-a204f83712bb,1080,review on food!,NaN,NaN,158,1751207883,662724,3442,0480cdd7-1369-4a8c-9c13-779acef80a51
720,bd7d777d-3f15-4817-8a12-a204f83712bb,720,unboxing on fitness!,5508,262529,74,1749134283,571658,1212,439eb577-b37c-4905-bcfc-3f99710fff04
1080,bd7d777d-3f15-4817-8a12-a204f83712bb,1080,challenge on fashion!,7029,341190,80,1752244683,807364,2608,3a53a710-a4d6-4efb-a331-b9328db9884e
720,bd7d777d-3f15-4817-8a12-a204f83712bb,1080,reaction on beauty!,8578,360735,139,1748097483,159810,3809,a07b3c58-c509-45db-90a6-43d2dd2f7b30
1080,bd7d777d-3f15-4817-8a12-a204f83712bb,1080,review on beauty!,?,18661,163,1750948683,362442,2161,e4a78602-4f29-47a4-ad49-4212c243e417
720,bd7d777d-3f15-4817-8a12-a204f83712bb,720,challenge on food!,6348,162936,110,1750084683,678736,3675,0f9858b7-6a30-40e8-b450-5e6b0f0c49f8
,bd7d777d-3f15-4817-8a12-a204f83712bb,720,unboxing on tech!,1846,301973,115,1751639883,169654,1420,3299ef2b-2a7f-488e-b460-f1b26ee1ad78
1080,bd7d777d-3f15-4817-8a12-a204f83712bb,720,reaction on tech!,9092,482431,165,1751726283,153450,4016,d3ec39a3-1e72-4554-bf59-f8dc77a81d5e
1080,bd7d777d-3f15-4817-8a12-a204f83712bb,720,reaction on beauty!,,242724,124,1751985483,116555,3815,b5bceba5-03ec-4653-ac33-842b8cfc9578
720,bd7d777d-3f15-4817-8a12-a204f83712bb,1080,vlog on fashion!,7166,0.0.0,82,1749998283,764821,2542,8321cbb8-0b29-4e4e-a925-0e6597d5ded3
1080,bd7d777d-3f15-4817-8a12-a204f83712bb,720,challenge on beauty!,9062,479755,165,1750343883,984918,797,bf820124-3739-4dd4-98ab-1c2c53c919aa
720,bd7d777d-3f15-4817-8a12-a204f83712bb,720,review on fashion!,1898,230651,66,1750516683,492259,2069,9d7921a6-7a36-439a-8976-ebe526542ca6
?,bd7d777d-3f15-4817-8a12-a204f83712bb,1080,review on travel!,2368,345006,155,1749220683,924538,3142,5e922af6-afaa-44c4-b0d4-409933582315
720,bd7d777d-3f15-4817-8a12-a204f83712bb,1080,review on fashion!,45,227880,40,1750689483,,1918,1b5807e6-8ea9-4be7-b403-ae217a90d9d6
1080,bd7d777d-3f15-4817-8a12-a204f83712bb,1080,vlog on travel!,6581,482320,35,1748961483,750896,2278,7aeacd81-6f15-4c57-8df1-92538e0fd4ca
1080,bd7d777d-3f15-4817-8a12-a204f83712bb,720,vlog on fashion!,4756,,92,1752417483,937805,770,ec34db7e-063f-445e-977f-0011ea241d25
720,bd7d777d-3f15-4817-8a12-a204f83712bb,,review on fashion!,4319,264694,38,1751985483,237926,298,46af1faf-48ce-4ff4-8ee0-405aec655a9c
1080,bd7d777d-3f15-4817-8a12-a204f83712bb,1080,vlog on tech!,2527,376594,102,1748529483,20761,?,2581900b-ee4f-4cc8-8831-8d9d5263ac6c
1080,bd7d777d-3f15-4817-8a12-a204f83712bb,1080,challenge on beauty!,7072,147529,93,1752849483,420891,2239,11541024-5b32-433c-b808-dc08e34407fd
720,bd7d777d-3f15-4817-8a12-a204f83712bb,720,vlog on tech!,9889,144326,159,1749911883,NaN,404,3d5b8070-9fc4-40fb-a215-03a056cc9223
1080,bd7d777d-3f15-4817-8a12-a204f83712bb,1080,unboxing on beauty!,4304,135178,159,1750862283,387176,,30cb2398-ff74-441c-a0d8-7b9b32269950
720,6047bb3a-b51c-4fcd-97d2-fcc9dc88e5ee,720,reaction on travel!,4337,,171,1752331083,618465,916,0f27f59e-38cb-40cd-a169-250aa72c5b74
1080,6047bb3a-b51c-4fcd-97d2-fcc9dc88e5ee,720,vlog on fashion!,8025,309074,180,1749047883,809156,222,ca8bc307-bdfa-4713-8c35-645d5687a795
720,6047bb3a-b51c-4fcd-97d2-fcc9dc88e5ee,720,review on beauty!,2648,486061,153,1750516683,,3010,90e8ada6-fed7-440b-92d7-8d5044bcde3e
720,6047bb3a-b51c-4fcd-97d2-fcc9dc88e5ee,1080,reaction on beauty!,7460,168808,66,1749998283,701108,3122,dbf67fb1-fe01-40ed-a780-2c24d3bc9af6
?,6047bb3a-b51c-4fcd-97d2-fcc9dc88e5ee,,challenge on fitness!,1662,419834,126,1748702283,780605,3762,e0280cc9-4a06-4d1f-8614-e4bc016ddda9
1080,6047bb3a-b51c-4fcd-97d2-fcc9dc88e5ee,720,vlog on tech!,1146,367889,73,1747924683,669903,1036,bf1b16dc-73f9-4ace-ac08-dc64eb3895cd
,6047bb3a-b51c-4fcd-97d2-fcc9dc88e5ee,720,review on fitness!,9410,414782,30,1751812683,647903,4565,d8e74c57-ff48-43ff-8446-f9ff96802e31
720,6047bb3a-b51c-4fcd-97d2-fcc9dc88e5ee,1080,review on tech!,9120,152325,129,1748702283,772690,659,
720,6047bb3a-b51c-4fcd-97d2-fcc9dc88e5ee,1080,challenge on fitness!,7740,392289,86,1750257483,639175,1063,b8d2383c-0f47-4ae1-b6a1-5faaeaa68e4a
720,6047bb3a-b51c-4fcd-97d2-fcc9dc88e5ee,720,reaction on travel!,5270,0.0.0,,1751121483,644035,2362,6dd0ba67-01d5-49af-89f8-22ec3bade654
1080,6047bb3a-b51c-4fcd-97d2-fcc9dc88e5ee,720,review on beauty!,6469,388331,161,1750516683,792964,4681,a9f9d4f0-8a3c-45b3-8cf8-dce6b3a384e9
720,6047bb3a-b51c-4fcd-97d2-fcc9dc88e5ee,720,reaction on travel!,4467,82528,28,1748443083,713212,4282,5c8ba8bc-6029-4c69-9ca6-05ad89d53309
720,6047bb3a-b51c-4fcd-97d2-fcc9dc88e5ee,720,review on fitness!,0.0.0,NaN,179,1749479883,621357,14,c59f1a19-f8f4-455c-a56c-1ab1379a0ef1
1080,6047bb3a-b51c-4fcd-97d2-fcc9dc88e5ee,1080,unboxing on fitness!,NaN,301190,21,1751726283,484450,2911,bc436913-d428-4ccf-bbe7-30ebdf83d0a7
1080,6047bb3a-b51c-4fcd-97d2-fcc9dc88e5ee,720,review on tech!,125,395642,142,1747838283,202432,4750,f2dabc08-f60f-4dd5-a45b-769a85d0d06f
1080,6047bb3a-b51c-4fcd-97d2-fcc9dc88e5ee,1080,challenge on food!,7313,476250,45,1748961483,600816,3133,0213c25b-962b-48ad-a935-23e11dc673a8
720,6047bb3a-b51c-4fcd-97d2-fcc9dc88e5ee,1080,review on travel!,6006,102651,147,1748011083,926306,0.0.0,07aecd44-bf6b-4c94-b41c-06fd67a84f6b
1080,6047bb3a-b51c-4fcd-97d2-fcc9dc88e5ee,1080,unboxing on food!,786,51124,52,1752417483,928726,2620,4e047ca5-79fd-4b0c-8ed2-f6446522e5db
1080,6047bb3a-b51c-4fcd-97d2-fcc9dc88e5ee,720,review on fitness!,6679,246160,62,1749307083,658218,2421,bd884d38-5eb0-4b69-8c53-af37fbacb696
720,6047bb3a-b51c-4fcd-97d2-fcc9dc88e5ee,1080,vlog on fashion!,8826,149901,142,1748702283,326441,2230,ed1a2155-c604-4c2d-a5f6-dde3211027bd
1080,6047bb3a-b51c-4fcd-97d2-fcc9dc88e5ee,720,reaction on fitness!,4378,52474,141,1747924683,600628,2903,935e88f3-717b-4633-9bbb-664e3c14d9f9
1080,6047bb3a-b51c-4fcd-97d2-fcc9dc88e5ee,720,review on fitness!,8393,455489,20,1749134283,267570,3380,01a413b6-4c2e-4a39-bf30-de18e313e062
720,6047bb3a-b51c-4fcd-97d2-fcc9dc88e5ee,720,review on tech!,?,39534,139,1748788683,?,3644,1057775e-7cb1-4054-9531-078bfdf4de61
1080,6047bb3a-b51c-4fcd-97d2-fcc9dc88e5ee,1080,reaction on travel!,7381,372490,28,1750775883,777727,1734,4f129e8f-ce0f-4f4b-a523-a5d8fe298a9c
720,6047bb3a-b51c-4fcd-97d2-fcc9dc88e5ee,1080,challenge on food!,3124,97792,21,1750343883,569717,2422,3cf2d399-7c39-454d-b430-92c6a9951679
1080,51fa2db9-6832-4059-8908-0bd221f51ada,720,review on fashion!,?,152591,74,1752071883,153398,3233,45788a7d-75f8-4573-b4b1-95ed833daa55
720,51fa2db9-6832-4059-8908-0bd221f51ada,1080,challenge on fashion!,1679,59571,10,1748529483,946915,914,32e3ae41-9796-4b93-a2b2-60b2607c02dd
720,51fa2db9-6832-4059-8908-0bd221f51ada,,challenge on tech!,2723,421516,155,1752158283,713724,2564,df7ef3ce-9302-43bc-bea4-90d4b6bc4432
1080,51fa2db9-6832-4059-8908-0bd221f51ada,720,reaction on beauty!,5516,45748,180,1750343883,284066,4801,bebc4d29-e66a-4ebb-af46-02d33b621781
1080,51fa2db9-6832-4059-8908-0bd221f51ada,720,unboxing on travel!,?,297491,51,1750862283,233024,551,18ddf55f-38c2-4097-a254-f3f8e815beb8
720,51fa2db9-6832-4059-8908-0bd221f51ada,1080,unboxing on tech!,,358213,157,1748788683,269778,3758,f68682b1-d0cf-4b04-b0a4-a9b896f63c31
NaN,51fa2db9-6832-4059-8908-0bd221f51ada,720,unboxing on tech!,293,?,,1751380683,699960,3599,831940d6-1664-42b7-8772-0d6ce9422e23
1080,51fa2db9-6832-4059-8908-0bd221f51ada,1080,challenge on fitness!,9004,262784,177,1751553483,,,5967d694-4587-495c-ae98-05a409d082d1
720,51fa2db9-6832-4059-8908-0bd221f51ada,,challenge on fashion!,0.0.0,476598,110,1752849483,296116,3554,db06d23a-90cf-4659-b8bf-47ef357db618
1080,51fa2db9-6832-4059-8908-0bd221f51ada,1080,vlog on food!,415,146278,170,1752417483,171214,1924,72df47de-97d6-4760-9e9f-e532170536f7
1080,51fa2db9-6832-4059-8908-0bd221f51ada,720,review on beauty!,1326,123057,76,1751467083,482378,4054,53146e9d-bd59-4153-87f4-7c349611e38d
1080,51fa2db9-6832-4059-8908-0bd221f51ada,1080,review on travel!,6700,,164,1750603083,430660,1457,5ec8492a-fde6-4c76-bcc8-f60b7114a423
720,51fa2db9-6832-4059-8908-0bd221f51ada,,challenge on travel!,3270,406777,158,1748702283,794642,4073,113ecadf-beec-4618-a520-717e16147417
1080,51fa2db9-6832-4059-8908-0bd221f51ada,720,review on beauty!,262,126017,177,1752763083,455336,,d3ebb55c-a45d-4e38-9181-24ceb77eed18
720,51fa2db9-6832-4059-8908-0bd221f51ada,720,vlog on beauty!,8810,303960,10,1748011083,564849,2480,7be4f800-19c6-4b93-a063-e06c066a790e
1080,0a8affff-8e08-4013-88f4-db5030c8fad7,1080,vlog on travel!,2894,317094,129,1750689483,869687,1858,f1a61fbb-811f-40da-806e-6e093b55d788
1080,0a8affff-8e08-4013-88f4-db5030c8fad7,1080,unboxing on tech!,577,NaN,144,1748356683,866639,288,37ff8129-1b7f-41f6-b2a0-859f58041dd4
1080,0a8affff-8e08-4013-88f4-db5030c8fad7,1080,unboxing on fitness!,7545,164759,85,1750689483,932632,901,4ac03760-bbd8-40e9-9dfe-df131dcb1ded
720,0a8affff-8e08-4013-88f4-db5030c8fad7,720,reaction on food!,1296,290448,133,1752158283,381935,4588,4d09afea-9e92-4282-902c-f4a146d73909
1080,0a8affff-8e08-4013-88f4-db5030c8fad7,1080,unboxing on fashion!,1353,251862,162,1751553483,748435,4663,61c2af4c-2689-4629-9459-2639123999d5
1080,0a8affff-8e08-4013-88f4-db5030c8fad7,1080,review on tech!,396,NaN,82,1750516683,709165,256,95ebbd2b-c02a-4c37-9f57-034b7b2a3e1e
1080,0a8affff-8e08-4013-88f4-db5030c8fad7,1080,reaction on travel!,8450,343036,154,1751380683,,573,f23a5c65-3426-45ae-a3fe-bec17668bbc1
,0a8affff-8e08-4013-88f4-db5030c8fad7,1080,unboxing on fitness!,4395,405808,28,1751639883,785320,2965,9526c884-a84a-45a5-a856-4c034fb16ac8
1080,0a8affff-8e08-4013-88f4-db5030c8fad7,720,vlog on fitness!,,150043,177,1752331083,,NaN,85b10cbe-9783-404d-a102-8aafeb148cd4
,0a8affff-8e08-4013-88f4-db5030c8fad7,1080,reaction on fitness!,4061,149366,,1748702283,?,1588,1538b810-33be-4848-ba23-c0936f81eb86
720,0a8affff-8e08-4013-88f4-db5030c8fad7,1080,challenge on fitness!,2443,488451,93,1752331083,893340,2837,adfcfb63-1915-4adc-9798-78ab2f2207dd
NaN,0a8affff-8e08-4013-88f4-db5030c8fad7,1080,vlog on tech!,6938,,76,1749479883,921681,4621,d6fad8ef-65da-492e-818e-345f8bb1669c
1080,0a8affff-8e08-4013-88f4-db5030c8fad7,1080,unboxing on beauty!,1880,120587,52,1749307083,615111,4970,ed949e60-6f94-48b9-9040-eb403c3b28ca
720,0a8affff-8e08-4013-88f4-db5030c8fad7,720,challenge on beauty!,4763,406242,154,1750948683,951777,124,f508c434-107e-4bda-a6c3-80dd4977e070
?,0a8affff-8e08-4013-88f4-db5030c8fad7,720,review on fitness!,NaN,,114,1749652683,380234,97,25cad463-56f7-435f-8cc0-98c6ad4661e1
1080,0a8affff-8e08-4013-88f4-db5030c8fad7,1080,challenge on food!,5241,448196,110,1748011083,995991,4625,6705a324-475a-4a30-8d25-20c34e625605
720,0a8affff-8e08-4013-88f4-db5030c8fad7,720,unboxing on travel!,6409,,114,1752158283,424578,112,8779b2de-c751-4c15-83d5-46c4bf5ab11e
1080,0a8affff-8e08-4013-88f4-db5030c8fad7,720,reaction on fashion!,9554,0.0.0,110,1752935883,16524,86,e0fc7344-514a-4dea-b6dd-10a8cd85a095
720,0a8affff-8e08-4013-88f4-db5030c8fad7,720,unboxing on food!,0.0.0,288448,54,1749739083,595946,3628,f9a7e875-38d4-49a6-89fb-a2edb404ca6a
1080,0a8affff-8e08-4013-88f4-db5030c8fad7,1080,vlog on beauty!,5005,,41,1750171083,120709,2310,41714560-8d96-458b-86e0-e4457c678cde
720,0a8affff-8e08-4013-88f4-db5030c8fad7,720,review on food!,7877,151843,45,1748183883,30920,2137,176b258e-8e2a-4caa-92dd-843a7afb6e08
1080,0a8affff-8e08-4013-88f4-db5030c8fad7,720,review on beauty!,4906,249429,75,1749393483,458262,3750,2d9bda76-2d79-407e-ac6e-acfb8cff2050
1080,0a8affff-8e08-4013-88f4-db5030c8fad7,1080,review on food!,6199,64169,44,1752417483,372269,2220,82c1d0e5-a908-410d-99de-baa7e0db5079
0.0.0,0a8affff-8e08-4013-88f4-db5030c8fad7,1080,vlog on beauty!,,144699,106,1750689483,273365,1321,d3b361bb-327b-4f16-9d0a-0d716b00540b
1080,0a8affff-8e08-4013-88f4-db5030c8fad7,720,unboxing on beauty!,9148,102025,68,1750775883,671617,883,5510a582-aec4-4a8b-8a6a-8c0819c4d346
720,0a8affff-8e08-4013-88f4-db5030c8fad7,720,vlog on fashion!,5780,373141,NaN,1749307083,8807,2234,d02ce23c-7a91-4d03-83a6-71e558381da2
720,53ad2964-81c4-48c8-8f98-600b803e46d6,1080,unboxing on tech!,2893,142047,86,1752590283,545864,4725,9da457d3-9c0d-4cc2-89e5-9c267b268012
720,53ad2964-81c4-48c8-8f98-600b803e46d6,720,reaction on beauty!,4626,405398,57,1748788683,208672,3883,c92220b5-81bf-49b8-b353-1408a958965a
720,53ad2964-81c4-48c8-8f98-600b803e46d6,1080,review on food!,1076,170578,29,1748443083,801958,1002,440e8898-2515-44fb-8072-5dad35490452
1080,53ad2964-81c4-48c8-8f98-600b803e46d6,720,unboxing on travel!,513,398769,51,1752417483,235685,2402,cca66862-dc7c-43a5-b6da-d5e7793226f5
1080,53ad2964-81c4-48c8-8f98-600b803e46d6,1080,vlog on tech!,1060,,58,1749134283,712780,1028,a7b8d9c1-d6d5-4bc6-8b4c-0432337e44aa
1080,53ad2964-81c4-48c8-8f98-600b803e46d6,720,reaction on tech!,5171,9244,158,1751899083,288206,4868,9bc7fc36-e3dc-45d1-bdf2-6688b1ff05c6
1080,53ad2964-81c4-48c8-8f98-600b803e46d6,720,vlog on beauty!,9993,418112,62,1750257483,540611,2980,d7ca9a0d-6bcf-4abc-9949-13b14a182ca1
1080,53ad2964-81c4-48c8-8f98-600b803e46d6,720,vlog on food!,?,368263,98,1751035083,342384,621,eda9b033-563c-465f-9553-3295937b6ecc
720,53ad2964-81c4-48c8-8f98-600b803e46d6,1080,unboxing on fashion!,764,102465,99,1751899083,629613,1655,e8cde7c2-dc60-4817-94cb-7baf12fe2812
720,53ad2964-81c4-48c8-8f98-600b803e46d6,1080,unboxing on fashion!,8811,481791,165,1750516683,250001,4867,afb58b6f-1de0-4bcc-bdb3-732c9835519b
1080,53ad2964-81c4-48c8-8f98-600b803e46d6,720,challenge on tech!,?,450216,81,1747838283,388534,562,4641b0f0-3f28-494c-bb2d-53b52b31855f
720,53ad2964-81c4-48c8-8f98-600b803e46d6,720,challenge on food!,803,425498,32,1750257483,605614,192,3f374575-c9e3-4bde-9448-08ee8815341f
720,53ad2964-81c4-48c8-8f98-600b803e46d6,1080,unboxing on fitness!,6232,169832,14,1750689483,452688,1089,9416a65c-5fce-43ce-bf58-a5577eb29028
1080,53ad2964-81c4-48c8-8f98-600b803e46d6,1080,reaction on travel!,1887,295728,39,1748875083,310400,3480,fcddece5-8c6e-48d1-84f2-6bf7079a39e7
?,53ad2964-81c4-48c8-8f98-600b803e46d6,720,reaction on fitness!,6397,485848,114,1749652683,423271,1432,89eeab18-0958-4357-94e1-3324fe503327
1080,53ad2964-81c4-48c8-8f98-600b803e46d6,1080,review on fitness!,?,204577,52,1748615883,412906,2384,550278f2-1dd9-4f4b-80da-780c1fbc734b
1080,53ad2964-81c4-48c8-8f98-600b803e46d6,720,vlog on fitness!,9665,330476,130,1751985483,451458,NaN,e9cd3f4d-81d8-4031-86a7-821450ac062e
720,53ad2964-81c4-48c8-8f98-600b803e46d6,720,reaction on beauty!,0.0.0,302924,62,1749220683,?,4064,97ceddc6-f4c2-4556-9cf1-7a28d1c796df
1080,53ad2964-81c4-48c8-8f98-600b803e46d6,1080,unboxing on fashion!,3696,196703,44,1748788683,251144,2089,b159aac7-b2ad-4ebb-9280-f88805ce7c7d
1080,53ad2964-81c4-48c8-8f98-600b803e46d6,720,reaction on tech!,8715,283904,66,1753022283,984824,2091,767d65ff-f1d8-46de-9be4-49bf99af472e
720,53ad2964-81c4-48c8-8f98-600b803e46d6,720,review on beauty!,3282,409393,NaN,1751294283,275502,1774,30b53036-b515-4701-a0a0-45600e569de0
720,53ad2964-81c4-48c8-8f98-600b803e46d6,720,challenge on fitness!,4348,442208,61,1748443083,672852,4928,8fc4ba9d-fa45-4c74-83a7-9d76175d6192
1080,53ad2964-81c4-48c8-8f98-600b803e46d6,1080,reaction on travel!,3915,435877,24,1750430283,,750,cdbbb24e-76e5-4857-84bd-5fefedf48a31
1080,53ad2964-81c4-48c8-8f98-600b803e46d6,1080,review on fitness!,72,375790,139,1748615883,436932,1481,d96f4155-7123-4ec5-bc10-7b537bac952b
1080,53ad2964-81c4-48c8-8f98-600b803e46d6,720,reaction on fitness!,9417,357129,26,1751035083,,3425,c394229e-4b3e-4c15-b2e8-07bb734ace62
720,53ad2964-81c4-48c8-8f98-600b803e46d6,1080,challenge on beauty!,4682,19553,39,1748097483,NaN,2596,c9824ddd-e953-4c09-8805-7f6c32ec3a97
720,53ad2964-81c4-48c8-8f98-600b803e46d6,1080,reaction on beauty!,702,433943,,1751899083,226421,1794,77b93053-1e32-44cf-af7d-a5637976eb50
720,53ad2964-81c4-48c8-8f98-600b803e46d6,1080,challenge on fitness!,?,422763,15,1749825483,297892,950,8ebadf41-6e26-4025-ba07-42bc59bf4fc8
720,53ad2964-81c4-48c8-8f98-600b803e46d6,1080,reaction on fashion!,5429,130558,62,1748443083,891175,3933,2aa3ca00-4625-4668-940d-3224710511f8
720,bc173f0e-72de-47ed-afe1-e2f43a7cb6bb,1080,reaction on travel!,2401,,124,1749739083,847647,2782,b43268c1-5442-4ef1-93c2-363483836f04
720,bc173f0e-72de-47ed-afe1-e2f43a7cb6bb,1080,unboxing on beauty!,7767,232286,22,1751726283,860630,4668,ddf2faf9-2736-4623-bfb1-3d3ccb71a80e
720,bc173f0e-72de-47ed-afe1-e2f43a7cb6bb,720,reaction on fashion!,7020,388340,132,1749566283,604153,4774,fbcd9f85-f718-4e93-ad62-2bd29cbd9cfb
720,bc173f0e-72de-47ed-afe1-e2f43a7cb6bb,1080,review on fitness!,8462,300800,50,1750343883,771833,1598,007f0e8b-067e-4b1c-bf3f-e7e292100bb2
1080,bc173f0e-72de-47ed-afe1-e2f43a7cb6bb,720,reaction on beauty!,?,305263,119,1748702283,138682,268,54ba38de-c318-4a80-bb54-d4be952fe9ca
720,bc173f0e-72de-47ed-afe1-e2f43a7cb6bb,720,review on tech!,4757,0.0.0,76,1751035083,801274,0.0.0,247b206d-5704-4827-be63-8f56dfed1d1d
1080,bc173f0e-72de-47ed-afe1-e2f43a7cb6bb,720,challenge on fashion!,168,151635,72,1751639883,54938,2409,168d6270-709d-4829-ad4d-e66d182a2254
1080,bc173f0e-72de-47ed-afe1-e2f43a7cb6bb,720,vlog on travel!,1986,111024,112,1751121483,58130,3637,f27a3442-ce00-4bda-bac2-f64a6f8cd085
720,bc173f0e-72de-47ed-afe1-e2f43a7cb6bb,720,vlog on tech!,4254,118818,98,1751726283,751486,861,ba85cf6a-f3d6-4f45-ab9b-7099e7b60108
720,bc173f0e-72de-47ed-afe1-e2f43a7cb6bb,1080,challenge on travel!,1110,449276,45,1751467083,881132,4451,2112b41f-7011-4fd3-9d6f-7b0dea81b892
720,bc173f0e-72de-47ed-afe1-e2f43a7cb6bb,1080,review on beauty!,3338,323852,53,1752849483,330708,472,cda753a5-942f-4c3d-8eb8-0e9ea2fa9562
720,bc173f0e-72de-47ed-afe1-e2f43a7cb6bb,720,reaction on fitness!,4187,322136,69,1749825483,55961,3858,4c87bdef-70c9-4e85-99ef-00e7f2266730
720,bc173f0e-72de-47ed-afe1-e2f43a7cb6bb,1080,reaction on travel!,2100,168443,132,1750689483,244393,3148,c26e973e-5e8c-4244-863c-05515c931e5b
720,bc173f0e-72de-47ed-afe1-e2f43a7cb6bb,1080,challenge on fitness!,691,290357,73,1748788683,29335,2247,de419789-5bbe-4c1b-b532-15157279a288
720,bc173f0e-72de-47ed-afe1-e2f43a7cb6bb,720,reaction on beauty!,9750,307795,0.0.0,1748875083,NaN,2822,fb50fd20-7d43-40da-8a09-d1a8d5ca71f6
1080,bc173f0e-72de-47ed-afe1-e2f43a7cb6bb,1080,vlog on travel!,5100,,177,1750603083,959952,1072,f1a10780-36c7-4972-948e-80d8f69dd24c
720,bc173f0e-72de-47ed-afe1-e2f43a7cb6bb,720,reaction on tech!,1937,207342,34,1752071883,117464,2125,def79f2a-aff8-44c9-baa3-aa3bc39cd246
1080,bc173f0e-72de-47ed-afe1-e2f43a7cb6bb,1080,review on food!,211,409205,13,1748183883,468508,1622,60dc4914-a360-4c93-abf3-55240a9f80e5
720,bc173f0e-72de-47ed-afe1-e2f43a7cb6bb,720,review on tech!,8207,192576,180,1751121483,764834,4229,38d0fb53-7475-4c74-8958-aae7bd9b47fd
720,bc173f0e-72de-47ed-afe1-e2f43a7cb6bb,720,reaction on beauty!,1139,28029,24,1748356683,482646,2869,762d7822-c363-4f29-b64e-5fa35f94e428
1080,bc173f0e-72de-47ed-afe1-e2f43a7cb6bb,1080,challenge on fitness!,971,454726,91,1749739083,231028,798,18cf1076-2837-4431-85d2-578b763534b8
1080,bc173f0e-72de-47ed-afe1-e2f43a7cb6bb,720,vlog on food!,?,77115,,1751726283,977705,385,68a36643-1fe2-4d03-af24-dead0ca22444
720,bc173f0e-72de-47ed-afe1-e2f43a7cb6bb,720,review on beauty!,0.0.0,0.0.0,162,1749998283,553053,1974,a71b212c-181f-4391-a3c2-34f9fe853f0f
1080,bc173f0e-72de-47ed-afe1-e2f43a7cb6bb,720,review on fashion!,9803,,164,1750775883,882347,,6479e911-1dd6-4498-a97c-ccc929ed376c
720,bc173f0e-72de-47ed-afe1-e2f43a7cb6bb,720,unboxing on fashion!,1478,487907,92,1748961483,114676,2570,00999309-6c51-43cd-8a2d-4fc6d4759a9b
1080,bc173f0e-72de-47ed-afe1-e2f43a7cb6bb,1080,reaction on food!,3267,113778,114,1752935883,615720,1148,9718f51d-1539-4aef-ac39-804de99bea5d
720,bc173f0e-72de-47ed-afe1-e2f43a7cb6bb,0.0.0,vlog on fitness!,3155,198975,146,1749047883,719616,878,4d62d261-b35f-4065-a3b2-87d49ca1c2d6
1080,bc173f0e-72de-47ed-afe1-e2f43a7cb6bb,720,reaction on travel!,4750,392646,18,1752158283,693236,3308,0650bb83-26b0-4884-8ae5-87c35b1c7bc7
720,bc173f0e-72de-47ed-afe1-e2f43a7cb6bb,720,unboxing on travel!,917,0.0.0,58,1748788683,608192,,292152d0-1fdf-49b8-8d96-28e7bd03d92d
720,74055d8e-635d-49d6-a97c-7341712910c8,720,challenge on fitness!,4434,390532,145,1749911883,36037,3133,720a5db7-44d8-483b-b256-73564ee36450
1080,74055d8e-635d-49d6-a97c-7341712910c8,1080,reaction on travel!,5597,15157,126,1752071883,336714,380,acbb9cf0-eab5-4907-9962-e581172f22d0
1080,74055d8e-635d-49d6-a97c-7341712910c8,1080,challenge on fashion!,9801,327648,51,1749479883,851333,4731,d5dc1fb9-aa7a-4cf7-8e84-c3d2d6d0ea6f
720,74055d8e-635d-49d6-a97c-7341712910c8,1080,challenge on tech!,2586,0.0.0,?,1751121483,968700,2424,5d4f718e-97e9-442d-9c93-7cf0c0dab5e1
720,74055d8e-635d-49d6-a97c-7341712910c8,720,review on fashion!,4698,439724,54,1749047883,?,,34686031-1a01-4304-b9b2-b9192c72456b
720,74055d8e-635d-49d6-a97c-7341712910c8,720,reaction on fashion!,9274,,25,1751553483,601009,1253,75b6fcfe-4f95-4f24-b65b-1be5e63a0be8
1080,74055d8e-635d-49d6-a97c-7341712910c8,720,reaction on travel!,NaN,153088,107,1751467083,168169,,5fb43209-5d94-4e25-8b06-bd72bd725d8a
720,74055d8e-635d-49d6-a97c-7341712910c8,720,vlog on food!,3879,197925,151,1749047883,643438,2210,659303c7-6a12-4301-a894-1921d5dac1b3
720,74055d8e-635d-49d6-a97c-7341712910c8,1080,unboxing on beauty!,465,,109,1749825483,790487,3996,e6a0b53c-978d-4bec-aef0-963d500a47a1
720,74055d8e-635d-49d6-a97c-7341712910c8,720,review on tech!,6118,,51,1748875083,783562,3864,b10abcf5-4a1f-45bc-8d32-8261cf55d52b
1080,74055d8e-635d-49d6-a97c-7341712910c8,1080,,4594,256632,68,1748183883,759846,,ab901d78-224f-47e5-881e-933db265c87e
,74055d8e-635d-49d6-a97c-7341712910c8,1080,review on beauty!,4304,46159,170,1748183883,61430,369,57040f51-dd56-4db7-a708-6b7b239e4939
720,74055d8e-635d-49d6-a97c-7341712910c8,1080,reaction on tech!,4793,78606,93,1749652683,801163,1154,072b368b-2c69-4fea-8848-f80ca58a743c
720,74055d8e-635d-49d6-a97c-7341712910c8,1080,unboxing on fitness!,7215,4958,157,1747838283,256775,,178aa2d4-7278-4dd2-b4d0-e973fe2f1745
1080,74055d8e-635d-49d6-a97c-7341712910c8,1080,unboxing on beauty!,1675,NaN,112,1748875083,879012,4782,c6ae1f92-b1a3-4b9c-a7ba-d2dacb86ad22
1080,74055d8e-635d-49d6-a97c-7341712910c8,720,reaction on beauty!,5071,394691,125,1749825483,535429,323,3cfba4d4-e846-450c-8066-b183a782d952
0.0.0,74055d8e-635d-49d6-a97c-7341712910c8,720,review on travel!,9894,,75,1747838283,379405,1382,a312fdf6-019e-4c27-9072-83f188b880f6
1080,74055d8e-635d-49d6-a97c-7341712910c8,1080,review on food!,?,131596,160,1751035083,341891,4382,eef419e7-cbd0-4bd1-be23-42e3602e297f
1080,74055d8e-635d-49d6-a97c-7341712910c8,1080,challenge on beauty!,0.0.0,354456,111,1752244683,526457,0.0.0,ccc1b92b-7b7e-4bd9-922d-bebd6d430dc5
1080,74055d8e-635d-49d6-a97c-7341712910c8,,review on food!,NaN,137385,23,1751121483,237908,1572,a53c1b53-fdcf-47b5-82e9-9c2c3980ed08
1080,74055d8e-635d-49d6-a97c-7341712910c8,1080,vlog on fitness!,3882,229625,22,1749911883,506588,4143,95b624de-0633-4bdd-b0b0-2f2d52b552f1
1080,74055d8e-635d-49d6-a97c-7341712910c8,720,unboxing on beauty!,8297,197479,130,1752244683,675315,3588,09259968-d6b2-4e40-ba21-75043ed6e123
1080,74055d8e-635d-49d6-a97c-7341712910c8,720,reaction on tech!,1371,102047,175,1750603083,723996,1579,bfc09e0a-0925-4c8f-8101-5669b8d3708e
1080,74055d8e-635d-49d6-a97c-7341712910c8,720,review on food!,8754,,84,1751467083,103688,1766,0106f268-654a-4424-860c-577b77b843ff
1080,6cd6a76a-de8c-47cb-8415-1e363f2f13a6,1080,unboxing on food!,9134,232745,125,1748443083,917754,2486,14d41eb9-a720-40ef-b5ec-0d10cfc50dfb
720,6cd6a76a-de8c-47cb-8415-1e363f2f13a6,1080,challenge on food!,?,65639,144,1752503883,473907,1493,bad7c710-e610-4e97-933c-a98b4d7d5807
720,6cd6a76a-de8c-47cb-8415-1e363f2f13a6,1080,reaction on fitness!,5878,NaN,42,1750689483,538256,3327,a1d9756a-2b78-4d84-b50f-f6a6fdb22d75
1080,6cd6a76a-de8c-47cb-8415-1e363f2f13a6,1080,challenge on beauty!,9259,55289,18,1749566283,150105,0.0.0,766b0fe1-25b9-426e-a270-e35565b5d68f
1080,6cd6a76a-de8c-47cb-8415-1e363f2f13a6,720,unboxing on fashion!,143,93791,119,1748356683,64257,1371,79839fe2-e6d5-4785-b82c-ebb3dc80d8f6
1080,6cd6a76a-de8c-47cb-8415-1e363f2f13a6,1080,reaction on beauty!,150,?,126,1748183883,309790,4593,4dfade6d-48da-476b-9ceb-57144654a348
1080,6cd6a76a-de8c-47cb-8415-1e363f2f13a6,1080,challenge on beauty!,2823,20136,17,1747924683,293870,4514,c5146ebc-531c-4160-a57c-b22352d9a238
720,6cd6a76a-de8c-47cb-8415-1e363f2f13a6,1080,vlog on travel!,7229,260091,131,1747838283,571117,484,49916391-5125-46a8-9873-49d6c98bd5c6
720,6cd6a76a-de8c-47cb-8415-1e363f2f13a6,720,review on food!,2902,462139,48,1748183883,243030,2469,0fd61708-415c-44ff-bd27-e0bc241562aa
1080,6cd6a76a-de8c-47cb-8415-1e363f2f13a6,1080,reaction on food!,3167,364128,105,1749652683,581553,,942507f1-2271-42ed-b658-cb44ae63cb33
720,6cd6a76a-de8c-47cb-8415-1e363f2f13a6,1080,unboxing on travel!,29,0.0.0,66,1751726283,85960,2927,857949a3-6c4e-4dca-bd67-025d4b2f8127
1080,6cd6a76a-de8c-47cb-8415-1e363f2f13a6,NaN,challenge on fashion!,NaN,249614,33,1752676683,914861,3318,89719b64-3ca9-4c01-8f99-be582dcb494c
1080,6cd6a76a-de8c-47cb-8415-1e363f2f13a6,720,unboxing on travel!,511,66069,144,1751467083,19221,2037,ecda8007-b63b-4e92-80d6-f0bda44ee601
720,6cd6a76a-de8c-47cb-8415-1e363f2f13a6,1080,review on beauty!,6265,190417,35,1752158283,345948,1655,a6d4e326-8ab4-4f3c-89c4-f84aecb3760d
1080,6cd6a76a-de8c-47cb-8415-1e363f2f13a6,720,vlog on beauty!,7881,366615,168,1752935883,815975,3243,8ed09ee0-5574-4a93-8e05-4c5a1bf1b360
1080,6cd6a76a-de8c-47cb-8415-1e363f2f13a6,1080,challenge on travel!,5675,479651,115,1748097483,634881,266,ed118599-95e8-4d71-9359-d5dbe633b661
1080,6cd6a76a-de8c-47cb-8415-1e363f2f13a6,1080,challenge on tech!,9846,192073,60,1749739083,935029,3127,5135f809-9a95-4603-baf6-60164ad6e632
1080,6cd6a76a-de8c-47cb-8415-1e363f2f13a6,720,vlog on beauty!,2783,496205,160,1750948683,323025,946,ab416f68-0408-4cc4-a6fe-dc8485ed5777
720,6cd6a76a-de8c-47cb-8415-1e363f2f13a6,1080,vlog on fitness!,4929,NaN,34,1749307083,390449,4494,e00db5c6-06a4-451f-a71d-e52e5b970fd5
1080,6cd6a76a-de8c-47cb-8415-1e363f2f13a6,720,unboxing on travel!,9098,86080,46,1749220683,806128,4927,393a0a68-2932-4ffd-9e1d-36c3e5750a96
1080,6cd6a76a-de8c-47cb-8415-1e363f2f13a6,720,challenge on fashion!,4938,?,63,1750084683,429414,3714,c398c802-8006-4544-a4a5-fd9ada3a4a28
720,6cd6a76a-de8c-47cb-8415-1e363f2f13a6,1080,vlog on tech!,316,88861,54,1752158283,342276,4543,815a4a0f-f9a4-441e-b5a5-97a679258d73
1080,6cd6a76a-de8c-47cb-8415-1e363f2f13a6,720,review on beauty!,4507,399122,28,1749307083,602137,3976,81211d54-0772-4a76-8353-953558596bd4
1080,6cd6a76a-de8c-47cb-8415-1e363f2f13a6,1080,vlog on beauty!,4728,338252,176,1748615883,298872,2241,e16d1c5b-031b-4b43-9742-ade6102a5602
720,6cd6a76a-de8c-47cb-8415-1e363f2f13a6,,challenge on fitness!,7348,318777,45,1749220683,232167,149,a8777a73-1587-4bde-9014-6522c72ee402
1080,6cd6a76a-de8c-47cb-8415-1e363f2f13a6,1080,unboxing on travel!,289,6524,180,1751899083,,1168,490e90cd-e53d-4f7f-a87d-27677b6d1826
720,6cd6a76a-de8c-47cb-8415-1e363f2f13a6,1080,review on travel!,NaN,86266,61,1750775883,397758,967,13cc4ffa-1b4e-44d8-8395-745dd91bc158
720,6cd6a76a-de8c-47cb-8415-1e363f2f13a6,720,review on travel!,5915,,149,1752417483,522485,0.0.0,30f0ec3f-d327-40cd-8cbb-21965a751678
,6cd6a76a-de8c-47cb-8415-1e363f2f13a6,720,unboxing on travel!,0.0.0,466608,63,1747838283,916642,4549,5fe28a03-487c-4d67-8087-f24d92415d98
1080,6cd6a76a-de8c-47cb-8415-1e363f2f13a6,1080,reaction on fitness!,4884,235080,73,1752676683,545106,2344,bc82b95f-107c-46b9-9419-7265a1f25b51
1080,c7ac3d32-5e9e-41e9-9054-a5dc35ef7e96,720,vlog on fitness!,5798,5987,14,1752935883,905016,311,6df18f71-5f4e-4c39-8025-2f7d4c020d3f
720,c7ac3d32-5e9e-41e9-9054-a5dc35ef7e96,1080,reaction on fitness!,2348,223541,16,1751639883,628518,1020,6a961d99-ce87-4458-a934-15cbfeee00cf
720,c7ac3d32-5e9e-41e9-9054-a5dc35ef7e96,720,unboxing on tech!,4366,319018,93,1751294283,927146,4326,adf8c1ec-397b-4abd-a57f-ad090df749c3
720,c7ac3d32-5e9e-41e9-9054-a5dc35ef7e96,1080,challenge on food!,7239,265873,85,1749739083,,1629,1242c6d5-9fdf-4059-b627-758c4b381b3d
1080,c7ac3d32-5e9e-41e9-9054-a5dc35ef7e96,1080,vlog on food!,5568,275708,15,1748529483,609079,1864,0789c0af-e179-4f06-8f6c-df5097bdba79
720,c7ac3d32-5e9e-41e9-9054-a5dc35ef7e96,720,unboxing on travel!,0.0.0,NaN,20,1751380683,894206,2778,d0300633-c807-4330-8780-dcaead0666ab
,c7ac3d32-5e9e-41e9-9054-a5dc35ef7e96,1080,challenge on tech!,9571,117221,58,1748615883,325372,4523,677f3653-b8f6-4ccf-be80-888a1670f497
720,c7ac3d32-5e9e-41e9-9054-a5dc35ef7e96,1080,unboxing on travel!,8983,178494,176,1753022283,381255,1382,f04828bb-ab88-40f4-99c2-56dbd2d58da0
720,c7ac3d32-5e9e-41e9-9054-a5dc35ef7e96,720,unboxing on fitness!,1166,434091,148,1748270283,732498,4668,05dc8bdf-dd2a-4f63-aa14-acd49534accc
720,c7ac3d32-5e9e-41e9-9054-a5dc35ef7e96,1080,review on travel!,4550,133749,40,,579328,?,10bd8c95-5384-4f83-98a3-2fc89d12f566
1080,c7ac3d32-5e9e-41e9-9054-a5dc35ef7e96,720,vlog on tech!,5143,,158,1749047883,264382,99,bafbe378-65ab-4019-a936-de2267ed7cca
720,c7ac3d32-5e9e-41e9-9054-a5dc35ef7e96,1080,reaction on tech!,2488,288058,151,1752244683,315996,4277,74541928-b8a9-4dd1-ad27-44bc5ad4abe9
720,c7ac3d32-5e9e-41e9-9054-a5dc35ef7e96,1080,review on tech!,,491769,64,1750862283,349291,1812,2c75bb57-2d87-40e7-9324-41d8fd38d917
720,c7ac3d32-5e9e-41e9-9054-a5dc35ef7e96,1080,unboxing on tech!,6226,358054,169,1749998283,702276,166,720bf8c0-1e1e-4e0d-b4f1-f1454b7550ae
720,c7ac3d32-5e9e-41e9-9054-a5dc35ef7e96,,reaction on fashion!,0.0.0,,57,1751467083,81267,2309,b99dfb6c-f831-4b23-899c-8a04e500cd7e
720,c7ac3d32-5e9e-41e9-9054-a5dc35ef7e96,1080,challenge on fashion!,5237,97308,126,1749479883,937894,1253,9280a9b0-2625-4153-b654-e85c6cc3e45e
720,c7ac3d32-5e9e-41e9-9054-a5dc35ef7e96,0.0.0,reaction on fitness!,6794,486009,67,1751553483,738430,1640,68c38439-601d-4170-a1a5-9ad9a67d01f5
720,c7ac3d32-5e9e-41e9-9054-a5dc35ef7e96,720,reaction on fitness!,9702,205724,77,1750171083,602305,467,2b9c5bac-02d6-407f-a233-e9d57a984d3f
720,c7ac3d32-5e9e-41e9-9054-a5dc35ef7e96,720,review on beauty!,0.0.0,103161,NaN,1752071883,160632,2483,e5876bba-b8d8-4060-ae69-b13a8439cd61
720,c7ac3d32-5e9e-41e9-9054-a5dc35ef7e96,1080,reaction on tech!,7607,359171,44,1749307083,383636,3527,8feb5efa-6473-46e1-a2e7-30b723454dbe
720,c7ac3d32-5e9e-41e9-9054-a5dc35ef7e96,1080,vlog on fashion!,8391,138817,0.0.0,1749566283,330487,3356,600b7f5c-3d00-4070-980c-6a4389926730
1080,c7ac3d32-5e9e-41e9-9054-a5dc35ef7e96,720,vlog on food!,1510,13451,38,1750084683,754675,,328bbc8c-b3ea-4d1d-940e-1abe7f130d00
1080,c7ac3d32-5e9e-41e9-9054-a5dc35ef7e96,720,challenge on fitness!,2914,456610,145,1751207883,725823,1182,0630b028-161e-4304-bab8-9224a0568c6a
720,c7ac3d32-5e9e-41e9-9054-a5dc35ef7e96,1080,vlog on food!,2036,,58,1752158283,965236,3160,cce2ec4f-7b2d-4b87-b2a9-61a035874a18
1080,c7ac3d32-5e9e-41e9-9054-a5dc35ef7e96,720,vlog on fitness!,5932,169842,40,1752849483,NaN,2713,7d1b6de2-7658-413e-87df-19af290885be
720,c7ac3d32-5e9e-41e9-9054-a5dc35ef7e96,1080,review on tech!,8823,227725,43,1750343883,906866,4971,b3ecd544-5c55-48fc-a324-7ed6f738e3c0
720,c7ac3d32-5e9e-41e9-9054-a5dc35ef7e96,1080,review on food!,3699,293451,62,1749047883,315099,2376,1d507d2c-bca5-460c-bc00-0212ced1a00b
720,c7ac3d32-5e9e-41e9-9054-a5dc35ef7e96,1080,unboxing on tech!,7543,236228,19,1752071883,564412,2407,8d428f06-9e2a-40a4-b9de-3fcd1585bc39
1080,c7ac3d32-5e9e-41e9-9054-a5dc35ef7e96,720,reaction on fashion!,3702,190449,20,1749047883,427230,2480,1151888d-932e-4fde-b12b-9c22a51d0300
720,702e6df0-619a-4eb2-82a1-37a45fe35927,720,unboxing on travel!,2737,329984,44,1748011083,829075,759,612330ad-5489-45fb-bd10-ff417583a9b6
1080,702e6df0-619a-4eb2-82a1-37a45fe35927,1080,challenge on beauty!,8953,201496,85,1752503883,176075,4306,5e43b1ee-4ba9-45b6-9cca-30b9a33ec0db
720,702e6df0-619a-4eb2-82a1-37a45fe35927,1080,challenge on beauty!,2124,161879,55,1752158283,473786,2170,ecf590f7-0557-43c3-bc5b-7aa1c21d07c3
1080,702e6df0-619a-4eb2-82a1-37a45fe35927,720,challenge on fashion!,0.0.0,64308,158,1748702283,196622,2787,990d12c2-9d96-4fb8-872b-d2a5218de903
720,702e6df0-619a-4eb2-82a1-37a45fe35927,1080,unboxing on travel!,7277,198747,127,1748961483,540626,,60f26d52-3cca-41ac-b2ee-86f8db4a6056
1080,702e6df0-619a-4eb2-82a1-37a45fe35927,1080,unboxing on tech!,3461,45645,97,1751035083,653969,4245,c51f4e58-1880-4f9d-9874-77e029381289
1080,702e6df0-619a-4eb2-82a1-37a45fe35927,720,challenge on beauty!,5872,246367,39,1752590283,850737,4808,1d6c4a66-8f55-4c37-a19e-3cbde0e51784
720,702e6df0-619a-4eb2-82a1-37a45fe35927,1080,reaction on fashion!,,114103,77,1751985483,883050,1652,1e3e09d5-10dc-4cbe-bb9c-abb71b9e41e8
720,702e6df0-619a-4eb2-82a1-37a45fe35927,720,vlog on fitness!,3932,408725,30,1752503883,768184,1846,acb8b78d-44e5-4c60-bc0c-6394d6a18fbe
1080,702e6df0-619a-4eb2-82a1-37a45fe35927,720,review on fashion!,3073,194911,28,1750689483,636154,297,7b9a6773-e751-461a-8131-2353bacd686b
720,702e6df0-619a-4eb2-82a1-37a45fe35927,1080,reaction on travel!,3553,101697,87,1749047883,317861,741,5e7f1c3c-002a-437a-ad59-2bc56eeb1c44
1080,702e6df0-619a-4eb2-82a1-37a45fe35927,1080,review on fitness!,2240,54692,112,1751467083,242187,3922,88f5aa00-7130-4b3f-a3d9-ba48ba497eb0
NaN,702e6df0-619a-4eb2-82a1-37a45fe35927,720,vlog on fitness!,1325,369123,124,1748615883,860454,4633,74b01099-f06f-4999-bb30-ffff5319dd6c
720,702e6df0-619a-4eb2-82a1-37a45fe35927,720,challenge on travel!,9684,329069,111,1749047883,202255,1194,cfcdd03d-4269-4dd9-be07-800f89e6c25e
720,702e6df0-619a-4eb2-82a1-37a45fe35927,720,vlog on beauty!,,331471,132,1749393483,92049,266,af4421ff-45e3-4b0c-83ee-703dab6a5993
720,702e6df0-619a-4eb2-82a1-37a45fe35927,720,reaction on travel!,104,462375,,1750084683,716461,4353,84bf140f-4540-47a1-9743-93367b9dc30f
720,702e6df0-619a-4eb2-82a1-37a45fe35927,720,reaction on fashion!,8073,228640,43,1752071883,285132,,e270ea0c-2537-4c35-b7f8-cc6283121384
720,702e6df0-619a-4eb2-82a1-37a45fe35927,720,unboxing on tech!,9717,NaN,146,1749911883,711400,3546,8133d7a7-0d5b-4105-9f2a-3df278897bef
1080,702e6df0-619a-4eb2-82a1-37a45fe35927,720,reaction on travel!,4681,360453,108,1752676683,233160,2443,8eabceec-3471-4a04-8f20-19a1141de9e2
720,702e6df0-619a-4eb2-82a1-37a45fe35927,1080,review on fitness!,NaN,182938,48,1751207883,654309,3113,97576691-d8da-49f5-9c50-8a4953fbf9dc
1080,702e6df0-619a-4eb2-82a1-37a45fe35927,720,challenge on fashion!,1120,154611,126,1750257483,NaN,2034,066e634b-6264-4aa4-9a87-4ed435e49287
720,702e6df0-619a-4eb2-82a1-37a45fe35927,720,reaction on fashion!,,277822,113,1748097483,375601,2931,99b4ae21-2abf-45ba-bb80-fe81fac36f37
1080,702e6df0-619a-4eb2-82a1-37a45fe35927,?,reaction on travel!,9300,315831,31,1750257483,471333,4476,c9ad9927-3334-4e6a-8595-ee1d37cc7b31
1080,702e6df0-619a-4eb2-82a1-37a45fe35927,1080,challenge on travel!,2249,?,41,1752331083,341709,1221,47c1c40c-1a64-4936-b04f-bb66ef6ca388
720,702e6df0-619a-4eb2-82a1-37a45fe35927,720,vlog on fashion!,576,255913,136,1749047883,?,0.0.0,8384fbd1-8546-48f6-aeee-ea12a3d05aca
720,702e6df0-619a-4eb2-82a1-37a45fe35927,720,vlog on food!,6045,207591,104,1751639883,740630,2237,9d08b9ec-6a90-4e59-ad57-de21ebd0c2a6
1080,702e6df0-619a-4eb2-82a1-37a45fe35927,720,reaction on fashion!,6095,381080,110,1752676683,131645,,fedbe0d3-27b5-48e3-b6eb-45493a58c481
1080,702e6df0-619a-4eb2-82a1-37a45fe35927,1080,challenge on fitness!,3537,205855,148,1747924683,851492,371,4377c97c-2f40-467a-b6de-5ba8c2f2e2ec
1080,702e6df0-619a-4eb2-82a1-37a45fe35927,720,review on tech!,0.0.0,136102,132,1751812683,220603,?,3a5869cd-7f5a-4daa-9266-b19b1302ad82
1080,f87bf228-8aa4-41f0-90bf-2334c5e707cd,720,reaction on tech!,7410,453644,15,1750689483,743164,3013,79c644cc-5436-4f14-a3a2-5d9feb5d4709
1080,f87bf228-8aa4-41f0-90bf-2334c5e707cd,720,challenge on beauty!,8704,481435,35,1751726283,424986,113,0e323fd9-31c7-4e38-b183-f4e32f5c02a4
1080,f87bf228-8aa4-41f0-90bf-2334c5e707cd,720,reaction on tech!,?,224774,121,1752763083,811493,3637,6f33e5ab-f58a-4f7d-8b35-432ae8ddd240
1080,f87bf228-8aa4-41f0-90bf-2334c5e707cd,720,vlog on fashion!,2869,88135,97,1750516683,716123,3454,f16ea509-2ea3-48c2-9c4c-c92179218e78
1080,f87bf228-8aa4-41f0-90bf-2334c5e707cd,720,vlog on food!,4905,NaN,157,1748529483,241440,1009,90969660-d866-42ee-bf6b-1fcbb64c2e0a
1080,f87bf228-8aa4-41f0-90bf-2334c5e707cd,1080,reaction on fashion!,8466,NaN,90,1751207883,767941,285,d36f83e3-5086-4c12-af15-9b0e791c55fb
720,f87bf228-8aa4-41f0-90bf-2334c5e707cd,720,reaction on fitness!,9659,166504,46,1752763083,669442,?,96ab9a6d-04f0-4705-8cfc-239d7ec2157f
1080,f87bf228-8aa4-41f0-90bf-2334c5e707cd,720,vlog on food!,1663,88621,142,1749134283,,2259,0c6882c7-ade7-433f-9c4d-3b6918f0471a
720,f87bf228-8aa4-41f0-90bf-2334c5e707cd,?,review on fashion!,5439,?,116,1750603083,264445,?,6ad1a3f4-24bc-4d97-bb7f-4915dc0f4267
720,f87bf228-8aa4-41f0-90bf-2334c5e707cd,1080,vlog on fitness!,5065,NaN,125,1751380683,996150,2720,386b446c-65ef-498c-8c10-acb377cd30de
1080,f87bf228-8aa4-41f0-90bf-2334c5e707cd,720,reaction on fashion!,682,135116,33,1752417483,194824,4173,5a0a1e89-8ee9-4dac-88b8-0f0f1c61eb10
1080,f87bf228-8aa4-41f0-90bf-2334c5e707cd,1080,reaction on travel!,9391,NaN,28,1751985483,272351,4270,9b31fd4e-c818-4c6c-825c-28b12cf3ff21
1080,f87bf228-8aa4-41f0-90bf-2334c5e707cd,720,reaction on tech!,7024,0.0.0,180,1749047883,85319,540,39482546-9429-4de5-af14-89eba7383b7c
1080,f87bf228-8aa4-41f0-90bf-2334c5e707cd,720,vlog on tech!,361,?,130,1751899083,625699,0.0.0,bb057ed7-0c67-47b6-a041-9f6bf07455f1
,f87bf228-8aa4-41f0-90bf-2334c5e707cd,720,challenge on fashion!,5783,409720,99,1751553483,189641,1027,f0095148-4f1f-4fcc-b590-305322d00856
1080,f87bf228-8aa4-41f0-90bf-2334c5e707cd,720,reaction on fashion!,4151,,153,1751726283,661845,1909,c4eafd98-92bf-406f-8e14-8a1fc789a855
1080,1dfb37d7-f388-4d8e-9a4b-b777f4851c24,720,vlog on fitness!,8260,207230,49,1749047883,247398,1644,50797c96-7b6f-4c4b-bc4f-bc4d65a5a43f
1080,1dfb37d7-f388-4d8e-9a4b-b777f4851c24,720,reaction on fitness!,8025,245713,31,1752763083,6089,4392,6b6477a5-755f-4431-9c45-67bdd5a3ac00
?,1dfb37d7-f388-4d8e-9a4b-b777f4851c24,720,vlog on travel!,6917,412916,145,1751207883,289922,534,e849e3e7-d372-47ab-95f9-5345aecbfd39
720,1dfb37d7-f388-4d8e-9a4b-b777f4851c24,720,unboxing on fitness!,47,90301,117,1751553483,NaN,1712,0a22d64a-200f-4f17-bf0f-4c39dfee2a23
720,1dfb37d7-f388-4d8e-9a4b-b777f4851c24,1080,unboxing on fitness!,8564,,41,1748961483,619687,3417,4197c776-7328-4334-8f42-27b1607665db
1080,1dfb37d7-f388-4d8e-9a4b-b777f4851c24,720,challenge on fitness!,5901,,21,1751553483,635385,3575,024ed4c1-e9dd-4125-af2b-55b29f6e757a
1080,1dfb37d7-f388-4d8e-9a4b-b777f4851c24,1080,reaction on beauty!,646,156590,80,1751467083,294035,NaN,9f004471-59c9-4854-82fc-925f05542aa8
720,1dfb37d7-f388-4d8e-9a4b-b777f4851c24,720,review on fashion!,8656,386878,109,1751380683,74933,1559,1d8a9178-835d-48ad-ac9f-a62b9cef02a4
1080,1dfb37d7-f388-4d8e-9a4b-b777f4851c24,1080,reaction on fashion!,,81078,123,1749652683,0.0.0,318,3900e3c3-5b23-482e-88f7-d7b3c8ac37b0
720,1dfb37d7-f388-4d8e-9a4b-b777f4851c24,1080,vlog on food!,?,398182,13,1750257483,605832,2578,ff587c30-f67e-4c35-830c-dcb3efa02687
720,1dfb37d7-f388-4d8e-9a4b-b777f4851c24,1080,review on tech!,4486,81306,10,1749652683,690211,1633,2ddc665c-836f-4555-8440-a0c823b1ed51
1080,1dfb37d7-f388-4d8e-9a4b-b777f4851c24,720,review on food!,,14517,115,1752763083,864971,631,fa5cb513-b3d1-46b3-8599-147fb8609dad
720,1dfb37d7-f388-4d8e-9a4b-b777f4851c24,720,reaction on fashion!,,369871,22,1752071883,278515,4478,cdb11471-3bea-4069-ab26-87ffd52b64bd
1080,1dfb37d7-f388-4d8e-9a4b-b777f4851c24,1080,review on fitness!,1594,NaN,126,1750689483,312565,2977,ca3b4038-2903-4e6e-ba00-c67eaa02b5fb
1080,1dfb37d7-f388-4d8e-9a4b-b777f4851c24,720,challenge on beauty!,6602,76245,109,1750862283,389412,4808,31ad1d82-6a9a-4002-a9d4-ecf2d60d7a72
1080,1dfb37d7-f388-4d8e-9a4b-b777f4851c24,720,challenge on fitness!,6657,?,150,1749220683,886604,1276,f68fcf20-1041-487d-ae7c-c48e343cae38
720,1dfb37d7-f388-4d8e-9a4b-b777f4851c24,1080,unboxing on fitness!,2453,140672,39,1751294283,?,820,684bb64d-24c1-4ae2-aa62-0f06dcee3cf3
720,8e7efba4-5787-430a-a4af-93edbad9a407,720,unboxing on food!,3894,219217,123,1752503883,72864,2924,b8097c57-d687-4160-a2d2-fc3edda022f1
1080,8e7efba4-5787-430a-a4af-93edbad9a407,1080,review on travel!,1277,443376,62,1750689483,0.0.0,1569,d356acba-73e4-4da9-88f1-5a17d6964dac
720,8e7efba4-5787-430a-a4af-93edbad9a407,1080,vlog on food!,2094,123818,140,1747838283,138552,4562,8246993f-66f2-416e-a82a-9de9ffa59d6a
720,8e7efba4-5787-430a-a4af-93edbad9a407,720,challenge on food!,6925,?,43,1752417483,341818,591,f27a6d2c-3eea-4977-89b0-d0477e89bd07
1080,8e7efba4-5787-430a-a4af-93edbad9a407,720,reaction on travel!,NaN,150581,87,1752763083,844889,3941,0e938492-ada6-4aed-929c-e77dfb7911ad
720,8e7efba4-5787-430a-a4af-93edbad9a407,720,review on beauty!,5863,,166,1750257483,51339,2349,a4035e14-b7b3-44cf-92a6-824b9a89a412
1080,8e7efba4-5787-430a-a4af-93edbad9a407,720,review on fitness!,4971,477957,139,1750257483,965218,3926,2e8d9317-d4c4-4292-a41f-82edf23cbc09
720,8e7efba4-5787-430a-a4af-93edbad9a407,720,unboxing on fitness!,3562,52502,93,1751035083,530870,1527,f10026bc-3626-4cba-80d8-b15d955e9389
1080,8e7efba4-5787-430a-a4af-93edbad9a407,720,review on food!,4498,36690,32,1751726283,743664,4886,f911e6dc-a10c-4214-a70f-3695eebbd741
1080,8e7efba4-5787-430a-a4af-93edbad9a407,720,unboxing on beauty!,9119,193449,73,1749825483,162975,3819,2ba6fae3-50f8-4481-8256-4d8d9ac7ab37
720,8e7efba4-5787-430a-a4af-93edbad9a407,1080,review on fitness!,2830,353825,152,1748443083,462216,1369,74192ca6-1b3f-4167-bdac-f41e3d031957
720,8e7efba4-5787-430a-a4af-93edbad9a407,720,reaction on travel!,?,41931,155,1751035083,419454,1271,0ac5e79d-8930-428c-9392-c3d45e0feec6
1080,8e7efba4-5787-430a-a4af-93edbad9a407,1080,vlog on beauty!,1325,78782,140,1748356683,211182,2027,8291c814-e0d6-4f03-878b-0231837688a0
720,8e7efba4-5787-430a-a4af-93edbad9a407,1080,challenge on fitness!,808,421311,113,1749220683,3414,999,b0c288c2-5978-408b-8952-26f2516f16d7
720,8e7efba4-5787-430a-a4af-93edbad9a407,720,vlog on tech!,7886,154382,24,1749047883,536034,3071,86a8d870-9532-4f63-ad88-c837b86a9f55
720,8e7efba4-5787-430a-a4af-93edbad9a407,720,review on food!,0.0.0,370935,111,1752849483,111266,4141,e80dc000-f878-44b9-86dc-d923f60b0875
720,8e7efba4-5787-430a-a4af-93edbad9a407,720,unboxing on fitness!,6112,278519,20,1752849483,948729,4459,70dde3e3-fde3-4f04-92dd-8416244bbc95
720,8e7efba4-5787-430a-a4af-93edbad9a407,1080,challenge on travel!,9938,163266,111,1750516683,489811,777,9c58b5ae-4d19-410d-8442-593103d44620
720,d56b93f9-d329-45e4-a79a-e4bf7922ad7c,1080,reaction on travel!,5111,247738,151,1749998283,68782,,2c863f3e-db8c-402d-9095-cf8683d40f0c
1080,d56b93f9-d329-45e4-a79a-e4bf7922ad7c,1080,challenge on tech!,4212,3237,31,1752763083,511428,635,056d31f5-f2df-48ba-8f3a-12aabb3f47eb
720,d56b93f9-d329-45e4-a79a-e4bf7922ad7c,1080,unboxing on travel!,7190,349719,42,1751985483,993937,1428,fef80116-cfac-4371-a132-d8e2667d8804
1080,d56b93f9-d329-45e4-a79a-e4bf7922ad7c,720,challenge on fitness!,4395,191151,12,1752158283,868247,859,b4316c25-fff2-4b0d-9697-65fdf56f5a4a
720,d56b93f9-d329-45e4-a79a-e4bf7922ad7c,720,unboxing on travel!,9524,425882,,1748702283,663606,,010ebf5b-33fb-442c-8b79-790d6fd2b478
1080,d56b93f9-d329-45e4-a79a-e4bf7922ad7c,720,challenge on fashion!,3450,25988,158,1752071883,383570,2062,95099bbc-b3ff-482b-a4f6-9db882d9b4e2
?,d56b93f9-d329-45e4-a79a-e4bf7922ad7c,1080,unboxing on travel!,8262,,66,1748356683,464133,1165,c10a6c78-8c51-45a8-904f-749acb5352fe
1080,d56b93f9-d329-45e4-a79a-e4bf7922ad7c,1080,reaction on beauty!,8644,368184,69,1751639883,456986,2377,392fc7d3-b5cd-475d-9214-e52fccfea5f2
1080,d56b93f9-d329-45e4-a79a-e4bf7922ad7c,1080,reaction on food!,7627,334730,53,1748443083,292714,,55034618-be85-43dc-b73d-91caac70b9e7
1080,d56b93f9-d329-45e4-a79a-e4bf7922ad7c,1080,review on tech!,9615,266934,57,1750430283,328235,4265,ae97eba4-d129-43ee-8bcd-d7a15b0474a6
720,d56b93f9-d329-45e4-a79a-e4bf7922ad7c,1080,reaction on fitness!,561,403603,94,1751380683,118787,?,691d2ea0-f1fe-4600-9fc2-c584a9bfe14c
720,d56b93f9-d329-45e4-a79a-e4bf7922ad7c,1080,reaction on beauty!,9106,150750,45,1753022283,767138,4966,9431d9e4-1a1b-481f-81fa-b3b3fcdb7e15
1080,d56b93f9-d329-45e4-a79a-e4bf7922ad7c,720,vlog on fitness!,8684,0.0.0,36,1749479883,991288,3289,3ebabcd4-b2c0-4087-8827-989a710077b4
720,d56b93f9-d329-45e4-a79a-e4bf7922ad7c,720,challenge on fitness!,7245,,160,1751121483,537571,4185,f6a4a2a7-a7f5-46ab-ad29-1422dfb8d2e4
720,d56b93f9-d329-45e4-a79a-e4bf7922ad7c,1080,challenge on travel!,1436,203700,147,1748529483,565525,3904,0000565a-d999-4315-acdc-e0c31b82437b
720,d56b93f9-d329-45e4-a79a-e4bf7922ad7c,720,vlog on beauty!,4708,470983,138,1748788683,468149,3938,984700bd-275e-438a-a0ab-2b13298ae4e9
1080,d56b93f9-d329-45e4-a79a-e4bf7922ad7c,1080,challenge on food!,4391,148629,32,1751207883,31241,397,38ec0770-6eed-4753-b430-69fb0fe2a3d8
1080,d56b93f9-d329-45e4-a79a-e4bf7922ad7c,720,review on fitness!,5223,64941,178,1750516683,724720,4553,db4de6a8-ef00-408c-8b13-b6cbed5394df
1080,d56b93f9-d329-45e4-a79a-e4bf7922ad7c,720,review on beauty!,,48122,68,1749220683,206714,2165,bde8a011-6888-4681-be7d-397c506eba9e
1080,d56b93f9-d329-45e4-a79a-e4bf7922ad7c,1080,review on fitness!,558,271214,21,1749134283,679554,1826,457d38d9-941f-438a-92a8-a76906e60184
?,d56b93f9-d329-45e4-a79a-e4bf7922ad7c,1080,vlog on beauty!,5234,320198,133,1751812683,33416,1669,0eea8f09-681c-41e2-92dc-5db945adfbaf
720,d56b93f9-d329-45e4-a79a-e4bf7922ad7c,720,review on tech!,4303,331241,174,1749307083,128197,4543,ceefd26e-12bc-45b2-84ea-0dab1148e413
720,d56b93f9-d329-45e4-a79a-e4bf7922ad7c,720,unboxing on beauty!,5850,186360,122,1749220683,104536,2651,a00b22fa-a2e5-4225-92a6-312ad4d93efd
1080,d56b93f9-d329-45e4-a79a-e4bf7922ad7c,1080,challenge on fitness!,2889,249573,47,1751639883,,842,3cf0d01f-6580-4019-af46-db4220fdfbd3
720,d56b93f9-d329-45e4-a79a-e4bf7922ad7c,1080,reaction on food!,6546,282688,135,1751294283,632655,778,228d3692-7392-49fd-9fb2-10f4d1da5d1f
720,d56b93f9-d329-45e4-a79a-e4bf7922ad7c,720,challenge on travel!,,74813,83,1748183883,492447,2581,9efa4dbf-0197-48c8-95e4-14d584534e2a
1080,d56b93f9-d329-45e4-a79a-e4bf7922ad7c,1080,vlog on fitness!,7238,?,116,1750948683,499606,3175,71e62246-e06f-4c4a-be40-7f36c14e0681
720,d56b93f9-d329-45e4-a79a-e4bf7922ad7c,1080,unboxing on beauty!,6364,219176,88,1753022283,111319,2991,48f5e202-2158-4355-8277-ee3030c0ff2a
1080,d56b93f9-d329-45e4-a79a-e4bf7922ad7c,?,review on tech!,9937,0.0.0,99,1749652683,78551,4045,7abdff61-48bd-4d7a-a4fa-9019f24fccc2
720,88d8d86d-01e2-4a08-80f4-a9abea3e84f8,1080,reaction on food!,311,48781,66,1749911883,?,2300,0c710567-b345-4bda-aa71-9cc427a40f41
1080,88d8d86d-01e2-4a08-80f4-a9abea3e84f8,1080,unboxing on travel!,2867,0.0.0,138,1750862283,299925,4587,d77d2e89-a655-4890-a70c-1da0c5fa5688
720,88d8d86d-01e2-4a08-80f4-a9abea3e84f8,1080,unboxing on tech!,7871,,111,1751294283,728862,4153,0ae82f38-5fd9-49b2-9c88-80cc929de9bb
1080,88d8d86d-01e2-4a08-80f4-a9abea3e84f8,1080,reaction on fashion!,960,360237,156,1749652683,526183,4691,67e44823-6f0e-4194-b8fc-1180b54973bd
720,88d8d86d-01e2-4a08-80f4-a9abea3e84f8,1080,reaction on fitness!,2871,111215,67,1751726283,65247,1534,7887fae0-231a-4dfe-884c-2085a1dfb097
720,88d8d86d-01e2-4a08-80f4-a9abea3e84f8,720,reaction on fashion!,3418,360051,130,1752590283,321440,1969,777d9bbb-a3e6-4e44-a3a7-ccad389abd9d
720,88d8d86d-01e2-4a08-80f4-a9abea3e84f8,720,unboxing on fashion!,1556,465226,140,1750171083,,961,7f60cc49-21b9-49d2-92b4-932371ed734d
720,88d8d86d-01e2-4a08-80f4-a9abea3e84f8,720,unboxing on tech!,9582,136956,102,1751726283,759075,798,921bf0e3-20bb-47b8-bf1c-8e016b4a3129
1080,88d8d86d-01e2-4a08-80f4-a9abea3e84f8,720,unboxing on food!,4586,275495,132,1750516683,168992,2662,a2608827-3817-4b8c-97ad-4309dead43ac
720,88d8d86d-01e2-4a08-80f4-a9abea3e84f8,720,reaction on fitness!,NaN,228773,41,1749134283,296894,3466,25f141ad-bd93-48d3-8213-497cc1d98c66
720,88d8d86d-01e2-4a08-80f4-a9abea3e84f8,1080,review on food!,8096,318768,160,1751294283,,1969,0f6cff41-1b3f-450f-8b40-fec5eaa97bc6
1080,88d8d86d-01e2-4a08-80f4-a9abea3e84f8,1080,challenge on travel!,,335863,174,1751639883,420114,2412,4d0dc7df-7534-476d-a8bc-797166445058
1080,88d8d86d-01e2-4a08-80f4-a9abea3e84f8,1080,unboxing on food!,1181,387284,143,1750257483,90044,1264,5613f1e4-a475-4893-8ae8-0fb785e992c4
1080,88d8d86d-01e2-4a08-80f4-a9abea3e84f8,1080,challenge on beauty!,?,64313,131,1748183883,,2915,ed403cb1-9c06-475e-b3de-950c3dad33de
1080,88d8d86d-01e2-4a08-80f4-a9abea3e84f8,1080,challenge on fashion!,0.0.0,46554,87,1752244683,177736,,4a0deea6-92a8-4c76-85d1-89ab65fef574
720,88d8d86d-01e2-4a08-80f4-a9abea3e84f8,1080,challenge on food!,,284897,,1748529483,312517,2104,03df370a-1ef0-4e0a-941c-3c8aedb1ace0
1080,88d8d86d-01e2-4a08-80f4-a9abea3e84f8,720,reaction on beauty!,2666,291066,167,1748961483,274744,1870,179a1be6-aca7-4409-937d-2a1252c0de34
1080,88d8d86d-01e2-4a08-80f4-a9abea3e84f8,1080,challenge on tech!,688,465445,171,1750343883,849404,2460,023362b8-0c4a-4a61-9e53-7a0bf9321204
1080,88d8d86d-01e2-4a08-80f4-a9abea3e84f8,720,vlog on travel!,4045,454265,170,1748961483,460258,2381,04ff8482-47f8-45cb-9798-78b0a09c7bfe
720,88d8d86d-01e2-4a08-80f4-a9abea3e84f8,1080,challenge on food!,1153,NaN,67,1748702283,529411,2396,097ee107-1e01-4dfa-979b-ce7179ac2483
,88d8d86d-01e2-4a08-80f4-a9abea3e84f8,720,unboxing on beauty!,7182,351017,57,1751467083,562929,4123,691d62b1-64c4-4b30-bf72-4496ca9c5dd6
,88d8d86d-01e2-4a08-80f4-a9abea3e84f8,720,unboxing on food!,3986,404767,145,1751812683,147008,,7e263ca4-a739-47dc-8b97-d79af7e95a83
1080,1200986d-d4ab-4391-819c-b62fe15cd20f,1080,unboxing on tech!,9968,209705,90,1751726283,961648,786,c0af1794-2c92-4e02-95b9-82367c700a60
1080,1200986d-d4ab-4391-819c-b62fe15cd20f,1080,vlog on fitness!,7886,8443,12,1751639883,404590,3568,17150efb-5305-4e59-a757-744c17dff5c9
,1200986d-d4ab-4391-819c-b62fe15cd20f,720,unboxing on fashion!,354,180339,33,1749566283,511331,3530,8d0daa44-e10f-47a8-b221-493b7b5a744b
720,1200986d-d4ab-4391-819c-b62fe15cd20f,1080,review on food!,7386,474229,155,1749911883,132857,3417,7bb6f446-e1ea-4a0c-892c-51b5017913eb
720,1200986d-d4ab-4391-819c-b62fe15cd20f,720,unboxing on food!,3150,154374,36,1749220683,899018,2205,8d626570-a168-4a4f-9dab-46116b2abcb1
1080,1200986d-d4ab-4391-819c-b62fe15cd20f,720,review on tech!,NaN,63016,35,1749307083,417899,4131,861100bb-069f-40a5-a821-a179ea64d091
720,1200986d-d4ab-4391-819c-b62fe15cd20f,1080,challenge on fitness!,9857,263032,159,1748788683,501648,4007,8b00d46b-13b5-4da3-bd3f-a6a8ded7f985
1080,1200986d-d4ab-4391-819c-b62fe15cd20f,1080,vlog on tech!,2735,268312,,1749825483,,4079,37e5932d-435d-4287-968f-282a4dbbca89
1080,1200986d-d4ab-4391-819c-b62fe15cd20f,720,vlog on beauty!,3166,467473,98,1748529483,774313,2821,0101c1e3-6b5a-49de-93c0-390b0e5104a5
1080,1200986d-d4ab-4391-819c-b62fe15cd20f,1080,unboxing on fashion!,967,102552,19,1751380683,,669,1ee9853f-460e-4dda-9b58-4eba5f307539
1080,1200986d-d4ab-4391-819c-b62fe15cd20f,720,vlog on food!,4877,327806,153,1750171083,,550,271bbeb7-e423-4ac4-b2c4-30c7c2df29d4
0.0.0,1200986d-d4ab-4391-819c-b62fe15cd20f,1080,unboxing on tech!,5625,57745,177,1750516683,201042,4940,1febf420-ca88-4e43-9dc3-95359eaf8888
720,1200986d-d4ab-4391-819c-b62fe15cd20f,1080,reaction on travel!,7713,448359,77,1751294283,167206,,d8dc9e18-5ee2-4c73-bfce-e7622d3ee6d9
720,1200986d-d4ab-4391-819c-b62fe15cd20f,?,review on fashion!,1919,,79,1751035083,350660,2996,21e1d46f-735c-4e04-a79e-fa6566a75969
1080,1200986d-d4ab-4391-819c-b62fe15cd20f,1080,review on travel!,0.0.0,22487,125,1748875083,450934,4700,95a3b6c9-611e-4885-bde3-bced4f50216a
720,1200986d-d4ab-4391-819c-b62fe15cd20f,,challenge on tech!,6009,274482,143,1750862283,27426,645,6c6beebb-99d3-4cbf-9e17-0a0db33b637b
1080,1200986d-d4ab-4391-819c-b62fe15cd20f,720,vlog on tech!,7491,26040,49,1751812683,,2509,8adf55be-120f-4962-9a69-45e2b135adb9
720,1200986d-d4ab-4391-819c-b62fe15cd20f,720,vlog on tech!,9173,259798,86,1748443083,625448,3531,6a87a8b7-7696-42f1-8e86-5ba6cf3556c8
720,88fab9f8-d82c-49ae-90af-135eba0035d1,1080,unboxing on food!,9100,354602,,1749566283,879741,2233,316806fd-bed7-46b6-95fa-74a3f19136c4
720,88fab9f8-d82c-49ae-90af-135eba0035d1,1080,reaction on travel!,7000,73254,156,1749998283,906812,3243,8a9b1574-8a60-44a4-b5b0-10d7e88060fc
1080,88fab9f8-d82c-49ae-90af-135eba0035d1,720,unboxing on travel!,2079,444436,84,1751035083,0.0.0,4857,a6e16a2f-af2e-4eff-b4c7-197b009e1387
1080,88fab9f8-d82c-49ae-90af-135eba0035d1,720,challenge on travel!,2668,,175,1749739083,844285,?,36dc8a20-6a3e-4c60-87b3-bc0f078d16b6
1080,88fab9f8-d82c-49ae-90af-135eba0035d1,,vlog on tech!,12,143304,80,1752590283,6262,540,2dd8f26b-0214-40bb-9770-1ae70494a8c7
720,88fab9f8-d82c-49ae-90af-135eba0035d1,1080,unboxing on tech!,1729,0.0.0,53,1748615883,697507,613,8c448746-d5ce-42c2-b055-9c02dc898bf0
1080,88fab9f8-d82c-49ae-90af-135eba0035d1,1080,reaction on travel!,8671,225986,125,1748615883,789428,737,c1388f8a-b4db-4776-95d2-f5d33f05a938
720,88fab9f8-d82c-49ae-90af-135eba0035d1,1080,review on fitness!,6884,201035,68,1752244683,573407,2608,408fcc26-dda7-44b5-9cdf-4355d448f809
1080,88fab9f8-d82c-49ae-90af-135eba0035d1,720,review on fitness!,5904,474890,89,1748961483,489829,4321,206587cd-cd85-4c4f-a812-c5e1dbf78282
720,88fab9f8-d82c-49ae-90af-135eba0035d1,1080,unboxing on beauty!,4672,493902,98,1751121483,685703,,f52b625c-ecf7-41df-8930-9e2b7dfbd8e2
720,88fab9f8-d82c-49ae-90af-135eba0035d1,720,challenge on beauty!,NaN,NaN,100,1749566283,814688,4763,f87638cc-9fba-4f63-934e-1bd6c5cd430c
720,88fab9f8-d82c-49ae-90af-135eba0035d1,,reaction on tech!,3762,309903,25,1750862283,344519,4070,5ea92604-8187-4f4c-990b-dbd4bd1975b0
1080,88fab9f8-d82c-49ae-90af-135eba0035d1,1080,reaction on food!,4146,163941,64,1750084683,NaN,3855,d9849fed-d4ed-4c89-acaf-e4c6ffcdbea1
1080,88fab9f8-d82c-49ae-90af-135eba0035d1,720,vlog on food!,6874,380739,103,1750948683,827262,368,7b326de8-3fb2-44a0-9dd4-38eda861cdc0
720,88fab9f8-d82c-49ae-90af-135eba0035d1,1080,challenge on tech!,3883,496823,126,1751035083,254765,1657,a4015dcd-0604-443e-950f-f44a0d54382b
1080,88fab9f8-d82c-49ae-90af-135eba0035d1,720,reaction on food!,7668,,63,1750689483,391705,1417,1728bdf1-d0ab-4034-b61f-1f3c4a53b856
720,88fab9f8-d82c-49ae-90af-135eba0035d1,?,unboxing on travel!,4417,379911,147,1752158283,,4426,752d8f92-b26b-4931-b7c1-7f6ec2ee85b0
1080,88fab9f8-d82c-49ae-90af-135eba0035d1,720,reaction on food!,3949,366220,144,1748356683,483899,2399,ac23452f-26b8-4b92-b75d-d7d7b15beba0
1080,88fab9f8-d82c-49ae-90af-135eba0035d1,1080,unboxing on travel!,6937,360097,156,1748356683,865656,5,1a7c996e-4106-492f-982a-a131aafb78e7
,2e183374-a635-46d2-91f6-4b5cfed43959,720,reaction on travel!,2595,0.0.0,167,1748183883,583812,4290,00040e64-c229-46fb-891a-a7b093c23423
720,2e183374-a635-46d2-91f6-4b5cfed43959,720,reaction on travel!,5001,225243,177,1748183883,490968,4222,71fe7308-bb47-4ef2-b772-a252826f4c93
720,2e183374-a635-46d2-91f6-4b5cfed43959,,reaction on travel!,9532,439881,160,1749652683,588404,4450,5dac2e3d-fcb7-4662-8e71-19246bc10448
1080,2e183374-a635-46d2-91f6-4b5cfed43959,1080,review on food!,8753,168328,111,1751121483,349690,,c89ae0ed-a3f5-437d-a716-3a9b5f2f2a02
720,2e183374-a635-46d2-91f6-4b5cfed43959,720,reaction on travel!,3544,328667,79,1750084683,658466,1720,8139651e-2a58-44ce-8beb-a28434fbc0ee
1080,2e183374-a635-46d2-91f6-4b5cfed43959,1080,challenge on travel!,5848,78870,48,1750257483,?,4004,80e49378-0da1-4e0d-9f4e-e7e8afa2520d
1080,2e183374-a635-46d2-91f6-4b5cfed43959,1080,vlog on beauty!,1573,86024,NaN,1750948683,306320,0.0.0,06f97603-ef7c-4f2d-a8f5-ec3d00165389
720,2e183374-a635-46d2-91f6-4b5cfed43959,720,challenge on food!,NaN,265926,80,1751726283,987751,?,c061efb3-c15a-4939-b08f-ff52c58314d2
1080,2e183374-a635-46d2-91f6-4b5cfed43959,1080,vlog on travel!,,383980,64,1752849483,,4773,e3c1cba0-1556-4d6a-afd9-87ad85a66522
1080,2e183374-a635-46d2-91f6-4b5cfed43959,1080,vlog on fashion!,8281,376468,28,1750862283,839693,1502,3385ff92-31fe-428d-8ecd-77471ab2d3c8
720,2e183374-a635-46d2-91f6-4b5cfed43959,1080,challenge on travel!,324,,47,1751121483,625175,3368,3279d867-a851-4b51-bac1-3f3f062b3a29
1080,2e183374-a635-46d2-91f6-4b5cfed43959,1080,challenge on fitness!,3684,,34,1750603083,480415,1759,e399dc08-e2e2-44af-8db1-32a3a333e45b
720,2e183374-a635-46d2-91f6-4b5cfed43959,1080,challenge on food!,695,16180,112,1752935883,781014,,77791982-2ccb-4937-a8a9-71d0845c7611
720,2e183374-a635-46d2-91f6-4b5cfed43959,720,review on fitness!,513,402273,132,1748183883,943527,4241,56140066-de69-47eb-9450-ef4e1c7224fb
720,2e183374-a635-46d2-91f6-4b5cfed43959,720,reaction on fashion!,1702,293291,131,1749652683,519505,2434,1cb659f4-892c-4d61-b580-5eff9d028395
1080,2e183374-a635-46d2-91f6-4b5cfed43959,1080,vlog on food!,4990,41850,130,1750603083,725106,531,c06204c9-929c-46ff-9ea4-7ea6556e05d2
720,2e183374-a635-46d2-91f6-4b5cfed43959,1080,unboxing on fitness!,548,140845,47,1752331083,579062,,19e6dabd-079f-40df-b864-75b4643e9ea7
720,2e183374-a635-46d2-91f6-4b5cfed43959,720,review on fashion!,2400,0.0.0,111,1749998283,236521,,69b6eaa4-3665-448f-918d-d16c7a1cc832
1080,2e183374-a635-46d2-91f6-4b5cfed43959,720,vlog on food!,6492,314825,163,1748529483,300188,2695,3ef7601c-d1af-47d9-b111-ba9a88595f6e
720,2e183374-a635-46d2-91f6-4b5cfed43959,1080,reaction on food!,842,215858,157,1748443083,277889,2383,5f6e1463-756c-4df6-bf2f-1d50a95d8fad
720,2e183374-a635-46d2-91f6-4b5cfed43959,1080,reaction on food!,,342665,170,1751899083,357732,3479,63fe974f-c4ec-469e-9bc9-17cbf5f0a0c3
NaN,2e183374-a635-46d2-91f6-4b5cfed43959,720,review on tech!,1640,48946,157,1748875083,842248,1971,2bfb974e-3d6e-40b1-b6ea-8c97c9a043ad
720,2e183374-a635-46d2-91f6-4b5cfed43959,720,unboxing on fashion!,NaN,409277,53,1749566283,,3169,b1d73153-2bf8-469a-9f8a-fb18354cbcd2
1080,2e183374-a635-46d2-91f6-4b5cfed43959,720,unboxing on beauty!,2025,145578,116,1747838283,37922,602,6620496a-924f-4ec3-ba9d-94c6555f5eed
NaN,2e183374-a635-46d2-91f6-4b5cfed43959,1080,challenge on beauty!,2994,123267,72,1751639883,454195,4919,d6ee9166-776b-4e4e-a377-360c5e334a73
720,2e183374-a635-46d2-91f6-4b5cfed43959,1080,challenge on tech!,6448,348082,36,1749479883,450175,2847,8696428b-7ff0-4053-89c4-59fa12a24223
1080,2e183374-a635-46d2-91f6-4b5cfed43959,1080,challenge on fitness!,,202829,44,1749911883,287673,?,55ac5861-72c5-4219-8eb5-5e35a37c6026
1080,13de26c1-6351-47c6-a706-bd164908f702,,review on fashion!,5857,68785,92,1748875083,188340,849,6f1add4a-eedf-4127-980f-52b1628c807b
1080,13de26c1-6351-47c6-a706-bd164908f702,720,challenge on fitness!,2861,177206,150,1749134283,742615,1489,39295938-1a2c-41ff-96b6-6be0e53e4949
1080,13de26c1-6351-47c6-a706-bd164908f702,720,challenge on travel!,3924,416973,69,1751899083,319141,2547,a99a5834-967c-450a-8fa1-d941cd367954
1080,13de26c1-6351-47c6-a706-bd164908f702,720,unboxing on tech!,9276,329204,48,1749911883,986333,1745,09d6f15a-31a9-4b69-994d-2e6742f7882d
720,13de26c1-6351-47c6-a706-bd164908f702,1080,unboxing on food!,799,75905,82,1752158283,321242,3596,cbdf955d-db22-4ef4-a7a0-2f472af89a15
720,13de26c1-6351-47c6-a706-bd164908f702,720,challenge on food!,5889,NaN,66,1753022283,177417,2712,a6ecb595-dc59-4af1-8ab1-d98e02a4193e
720,13de26c1-6351-47c6-a706-bd164908f702,0.0.0,unboxing on travel!,5282,349885,108,1751121483,494329,3897,ef6e5031-da18-4f92-9739-b5db21af1822
1080,13de26c1-6351-47c6-a706-bd164908f702,720,reaction on beauty!,8113,255829,150,1751380683,519706,4396,7d4f9bdf-213f-4010-a175-027fb4f69f3b
1080,13de26c1-6351-47c6-a706-bd164908f702,1080,unboxing on food!,7513,159392,11,1748529483,981662,85,12aa50aa-7a96-43ae-9201-39a3f293108f
1080,13de26c1-6351-47c6-a706-bd164908f702,1080,vlog on travel!,9085,,84,1751812683,569836,4234,eacb3401-4a47-49e9-8e1b-108fa0503e68
720,13de26c1-6351-47c6-a706-bd164908f702,1080,vlog on beauty!,2875,55168,80,1749652683,22873,3541,94358350-5b5a-4cc8-aecb-b7f057f05b07
NaN,13de26c1-6351-47c6-a706-bd164908f702,720,challenge on food!,0.0.0,286074,0.0.0,1748702283,614175,4317,92a8b175-a03c-42e4-9823-e7c27e60ae2c
720,13de26c1-6351-47c6-a706-bd164908f702,720,unboxing on tech!,752,250107,172,1752676683,17500,NaN,a0c33655-dc77-4f30-bb2c-4355551bd1d7
1080,13de26c1-6351-47c6-a706-bd164908f702,1080,review on fashion!,3577,268092,128,1750689483,452751,2801,c341a787-0703-4a97-a470-1db0fe1f4fc1
1080,13de26c1-6351-47c6-a706-bd164908f702,720,review on travel!,9712,407308,89,1752935883,528627,4565,c6ba3589-37a0-48fa-b1cd-1867cc80b0d7
1080,13de26c1-6351-47c6-a706-bd164908f702,1080,vlog on travel!,6596,0.0.0,108,1752503883,774336,2735,6d39464b-9500-4f5e-a95f-dbc87ef1a559
1080,13de26c1-6351-47c6-a706-bd164908f702,720,challenge on fashion!,?,312831,114,1749134283,45255,3568,eed9a83e-ef6f-496b-89d8-d3ca24a91c7f
1080,13de26c1-6351-47c6-a706-bd164908f702,720,review on fashion!,7216,0.0.0,164,1749393483,118779,222,2b21479a-ac41-41c1-91cc-917f1c56a0c7
1080,13de26c1-6351-47c6-a706-bd164908f702,1080,challenge on tech!,2715,248166,41,1749307083,693351,1431,d0977a59-eb77-422f-8c74-358f9bdf3e2c
1080,13de26c1-6351-47c6-a706-bd164908f702,1080,vlog on tech!,?,273725,41,1748615883,639177,,05d15658-764f-426d-8634-6f9a3c4cbcaf
1080,13de26c1-6351-47c6-a706-bd164908f702,720,reaction on fashion!,3563,388066,110,1750948683,67560,?,cf4e372f-c60e-497b-8f81-6c100da3e9e7
720,13de26c1-6351-47c6-a706-bd164908f702,720,unboxing on food!,5568,92676,35,1752158283,NaN,1834,064e9048-7720-4668-8f22-98fe0f4275ca
720,13de26c1-6351-47c6-a706-bd164908f702,1080,vlog on beauty!,8818,256741,123,1750862283,669111,745,62b0a114-3fa0-4b27-8dd3-a45952d77516
720,13de26c1-6351-47c6-a706-bd164908f702,720,challenge on travel!,3592,118614,166,1749134283,,3727,d6015502-4963-487d-8a10-e451eea02a72
1080,13de26c1-6351-47c6-a706-bd164908f702,1080,challenge on tech!,8184,0.0.0,10,1750603083,,NaN,be0b5044-03e1-4e50-9f30-727d29da49e6
720,13de26c1-6351-47c6-a706-bd164908f702,1080,review on fitness!,1350,,77,1749047883,545340,NaN,ae2037d0-3fa0-4810-9fc8-414ae373f3c4
1080,13de26c1-6351-47c6-a706-bd164908f702,720,review on fitness!,2892,493857,175,1747838283,513145,964,8ad027f3-f334-4019-bb32-e6f4d2cfecc3
720,13de26c1-6351-47c6-a706-bd164908f702,1080,vlog on tech!,7018,72602,NaN,1749825483,393588,996,6f23fa05-0804-430c-af85-d135e1e1a5eb
1080,3ebc82b4-d7ca-4725-9acb-c702f7e2fc0f,1080,vlog on tech!,3339,NaN,38,1750084683,636498,3423,cee224d0-8733-4781-b1ec-6eff9ee298d2
1080,3ebc82b4-d7ca-4725-9acb-c702f7e2fc0f,720,vlog on tech!,7037,288036,168,1750948683,715362,1875,34914ccb-1a9f-41ad-8c3c-7787c570da4e
1080,3ebc82b4-d7ca-4725-9acb-c702f7e2fc0f,1080,reaction on travel!,827,42732,76,1749911883,737587,638,18cd5f11-8279-458a-94c3-df8ac70725e2
1080,3ebc82b4-d7ca-4725-9acb-c702f7e2fc0f,720,vlog on travel!,1671,297866,80,1749220683,506217,4108,eb8816f6-0fa7-4bbc-9159-d05ba7fbdaa9
720,3ebc82b4-d7ca-4725-9acb-c702f7e2fc0f,720,reaction on beauty!,9234,0.0.0,138,1749047883,?,,60726fc9-ef65-4ef4-8e7c-85212daf05bd
1080,3ebc82b4-d7ca-4725-9acb-c702f7e2fc0f,720,challenge on fashion!,3812,152431,33,1752244683,0.0.0,0.0.0,6bde7456-66bb-49d3-b7fc-d5fee3ce37cd
1080,3ebc82b4-d7ca-4725-9acb-c702f7e2fc0f,720,challenge on beauty!,6882,7814,87,1750257483,778109,1611,b58ee719-b785-4534-925f-a4cd64a372fe
720,3ebc82b4-d7ca-4725-9acb-c702f7e2fc0f,1080,review on tech!,1715,25688,68,1749739083,976960,4512,de9ab957-613e-4269-974f-530135eb497f
720,3ebc82b4-d7ca-4725-9acb-c702f7e2fc0f,720,reaction on beauty!,1186,NaN,169,1753022283,940857,1188,6f6f05a8-cc2f-4b38-9cda-d7feb671c925
1080,3ebc82b4-d7ca-4725-9acb-c702f7e2fc0f,720,vlog on travel!,8309,247819,100,1749134283,453540,3999,b20627b5-2570-42b2-b562-3ff69e66bd19
1080,3ebc82b4-d7ca-4725-9acb-c702f7e2fc0f,720,review on beauty!,6166,NaN,0.0.0,1751726283,,4746,a328092b-0169-4d4c-bd05-551f19d5797c
720,3ebc82b4-d7ca-4725-9acb-c702f7e2fc0f,720,review on tech!,4366,135498,114,1748788683,888763,3861,3d034265-675c-4584-9f73-b4abfa5ee383
1080,3ebc82b4-d7ca-4725-9acb-c702f7e2fc0f,720,vlog on fashion!,8203,264455,142,1751380683,979067,3597,63889dc0-0e0e-4988-b768-b72c82375453
1080,3ebc82b4-d7ca-4725-9acb-c702f7e2fc0f,1080,review on beauty!,4299,482329,28,1752590283,474291,1152,fb0f49f1-f6a8-4ff9-812c-5e38b3d47c21
720,3ebc82b4-d7ca-4725-9acb-c702f7e2fc0f,720,reaction on tech!,1848,362657,25,1751985483,913303,0.0.0,647b602f-5375-4ce6-bcda-5fb3a62de8a6
1080,3ebc82b4-d7ca-4725-9acb-c702f7e2fc0f,1080,reaction on beauty!,4307,225403,52,1750084683,223047,,97ea892c-668a-48bf-94c7-28b62f5fed29
1080,3ebc82b4-d7ca-4725-9acb-c702f7e2fc0f,720,unboxing on fashion!,5453,51288,42,1750948683,10723,3347,26e54b69-45ef-49b7-9203-94157cb62d34
720,3ebc82b4-d7ca-4725-9acb-c702f7e2fc0f,,challenge on beauty!,NaN,295635,24,1749566283,?,NaN,8ab5d55b-f92b-4458-9fb9-f6cce3f8e219
1080,3ebc82b4-d7ca-4725-9acb-c702f7e2fc0f,720,vlog on fashion!,7346,456127,166,1749739083,700399,1414,b63b15be-b12b-4512-943f-9353ee7f9b9f
1080,3ebc82b4-d7ca-4725-9acb-c702f7e2fc0f,720,review on tech!,0.0.0,230490,28,1749566283,922191,2445,68b296ac-1828-4c46-b67b-3bf6e9a87cd3
1080,3ebc82b4-d7ca-4725-9acb-c702f7e2fc0f,720,reaction on fashion!,2172,353414,117,1749566283,861339,2095,8a3a52e4-7d89-495d-9ca7-327894ad71e2
720,3ebc82b4-d7ca-4725-9acb-c702f7e2fc0f,1080,unboxing on food!,2302,254560,81,1750257483,258375,560,3fa6dd02-648a-4318-98e8-0aed6b84385f
1080,3ebc82b4-d7ca-4725-9acb-c702f7e2fc0f,1080,vlog on food!,4867,163688,157,1752331083,30714,3218,3b946fba-417a-4717-80e8-9a2ad99c3c2f
,3ebc82b4-d7ca-4725-9acb-c702f7e2fc0f,,review on tech!,?,469190,67,1749911883,145986,4276,44a1e5de-32c4-455a-851c-4558b74d3b61
1080,54eddd02-86ed-449e-84ad-5365bde9da60,1080,vlog on beauty!,,NaN,142,1749739083,707906,4184,0ff9a75f-935b-4d89-8750-697bf4f85df2
1080,54eddd02-86ed-449e-84ad-5365bde9da60,720,challenge on beauty!,6738,33221,67,1748615883,214938,2281,e4df2f68-1017-4902-8e80-73d9ff851e05
720,54eddd02-86ed-449e-84ad-5365bde9da60,1080,review on fashion!,4734,,58,1752244683,793357,4625,a7423f9c-4f9c-4f8b-adf4-e00681aa3858
1080,54eddd02-86ed-449e-84ad-5365bde9da60,720,unboxing on travel!,3378,477671,180,1749566283,859771,4777,71129d68-d4fc-4b6c-ac78-3b4e409a40ee
1080,54eddd02-86ed-449e-84ad-5365bde9da60,720,vlog on food!,,294901,50,1751207883,829535,4723,964269ed-c31a-455c-8d35-0aff4521a172
720,54eddd02-86ed-449e-84ad-5365bde9da60,1080,challenge on beauty!,4393,NaN,0.0.0,1752676683,894720,NaN,e8050b26-4f26-471f-9048-abec336ca7d2
720,54eddd02-86ed-449e-84ad-5365bde9da60,720,review on food!,6429,224216,123,1749307083,118941,3535,f048a38a-07c4-4783-bfa5-e1896283fbee
720,54eddd02-86ed-449e-84ad-5365bde9da60,1080,unboxing on tech!,NaN,432731,159,1750343883,401912,3904,e4d98c53-f7ca-4193-8b47-ce357ed2ce1b
720,54eddd02-86ed-449e-84ad-5365bde9da60,720,challenge on travel!,7987,281017,177,1748356683,782640,367,5119c75a-2537-440f-a452-9bc7094625d0
1080,54eddd02-86ed-449e-84ad-5365bde9da60,720,reaction on food!,6261,163102,94,1750343883,773389,4446,deae42fb-0c10-4f01-b23c-790ee4c39513
0.0.0,54eddd02-86ed-449e-84ad-5365bde9da60,1080,vlog on fitness!,NaN,63106,112,1748788683,314602,4231,a3e186be-c6a4-49bf-a56d-33faf756a4bd
1080,54eddd02-86ed-449e-84ad-5365bde9da60,1080,vlog on beauty!,9791,332017,159,1752071883,,399,2b18e5b3-2c50-43b8-9698-0528e902649b
1080,54eddd02-86ed-449e-84ad-5365bde9da60,720,unboxing on food!,3932,318334,157,1752763083,741033,952,d33eaf2a-f1bf-4191-b488-a181f041d525
720,54eddd02-86ed-449e-84ad-5365bde9da60,1080,unboxing on fashion!,7456,52259,176,1748961483,903346,2291,bebd0d96-f15a-4ee5-85dd-64f5e480d191
1080,54eddd02-86ed-449e-84ad-5365bde9da60,720,reaction on tech!,1492,214069,17,1751726283,427940,4611,31674e28-fad4-43de-a24c-b058dcb13bed
1080,54eddd02-86ed-449e-84ad-5365bde9da60,1080,reaction on fitness!,1801,220075,16,1751812683,599558,4896,1723f330-40d5-4fed-bf15-71bafbb09797
1080,2768d812-69ad-449f-aca6-25c6bb1279ab,1080,unboxing on travel!,8304,233411,155,1752849483,524274,1457,843accda-6f36-4957-93eb-b517135b797c
1080,2768d812-69ad-449f-aca6-25c6bb1279ab,720,reaction on food!,9403,232084,70,1750257483,526213,699,48553864-3d03-4223-8d78-6d008d6b8707
720,2768d812-69ad-449f-aca6-25c6bb1279ab,720,reaction on travel!,4526,453695,69,1753022283,901618,947,03848d74-5c44-4d56-b421-e4f79757ffda
1080,2768d812-69ad-449f-aca6-25c6bb1279ab,1080,vlog on fashion!,2140,NaN,118,1750171083,870630,2410,7582546c-335b-47a9-bb69-b64278a21d51
720,2768d812-69ad-449f-aca6-25c6bb1279ab,1080,reaction on fitness!,6127,,112,1748529483,528876,?,505315aa-4dc1-4e06-a3ed-03b519d8cdbb
720,2768d812-69ad-449f-aca6-25c6bb1279ab,720,unboxing on food!,3369,140129,153,1749220683,892019,3232,fc670227-29fd-41cc-830d-3818f45cd5cf
1080,2768d812-69ad-449f-aca6-25c6bb1279ab,1080,review on food!,1658,,81,1753022283,NaN,4590,b2a7730e-05f8-45c1-8e64-fea3fb536d86
720,2768d812-69ad-449f-aca6-25c6bb1279ab,1080,reaction on fitness!,1277,441049,155,1748270283,550225,1282,64e3ed60-02f2-4244-8264-efb1f384bac2
720,2768d812-69ad-449f-aca6-25c6bb1279ab,1080,vlog on travel!,1282,134787,23,1751467083,581409,4148,df9f4e4c-11d9-43bd-9ea6-034cbe2e8ef7
720,2768d812-69ad-449f-aca6-25c6bb1279ab,720,reaction on fashion!,NaN,413271,94,1752417483,944278,2060,03d10306-c226-40e3-bc89-14596cc6875e
1080,2768d812-69ad-449f-aca6-25c6bb1279ab,1080,unboxing on beauty!,9232,368081,153,1752763083,717160,3283,60d578e1-999a-4636-be9a-1ad98ab55d66
1080,2768d812-69ad-449f-aca6-25c6bb1279ab,1080,review on food!,9267,,25,1750948683,650241,3155,2ab8717f-7588-4cff-a156-6a5c25b9826a
1080,2768d812-69ad-449f-aca6-25c6bb1279ab,720,challenge on fashion!,94,58043,154,1752244683,732802,1803,a45f2104-1e8c-4965-b6d5-b0af2ef89b3b
1080,2768d812-69ad-449f-aca6-25c6bb1279ab,1080,review on fitness!,5640,31178,50,1751726283,674165,?,c9b86fb8-7f49-4699-9aad-ba90107ec2cd
1080,2768d812-69ad-449f-aca6-25c6bb1279ab,1080,review on tech!,4969,232182,178,1751899083,102219,1789,ce5b2d8c-2370-4ad7-8aa9-5a3a8fdd61cb
720,2768d812-69ad-449f-aca6-25c6bb1279ab,1080,challenge on fashion!,418,306706,69,1749566283,964731,4880,aaf023e2-32e5-4553-9f4a-6e5d8b130e45
1080,2768d812-69ad-449f-aca6-25c6bb1279ab,720,reaction on fashion!,5190,281838,119,1753022283,,4381,5fcf55ea-2fab-4126-9e48-d2ee77a14fb1
1080,2768d812-69ad-449f-aca6-25c6bb1279ab,1080,unboxing on tech!,,NaN,97,1747924683,282018,1251,ae9b7e4a-e76d-409f-92ee-b914442c7530
720,2768d812-69ad-449f-aca6-25c6bb1279ab,1080,review on fitness!,NaN,9621,115,1749047883,108113,4383,60ba1fb9-742e-4548-84e1-8714dfc60b03
720,2768d812-69ad-449f-aca6-25c6bb1279ab,1080,unboxing on tech!,7537,350761,37,1751467083,469917,3939,df31f6b4-ae10-40b6-bc2a-5620ce2f3016
720,2768d812-69ad-449f-aca6-25c6bb1279ab,720,review on tech!,5777,74165,145,1749479883,854040,93,7bb14be0-d6d6-47fe-9810-1d5adcd38642
1080,2768d812-69ad-449f-aca6-25c6bb1279ab,720,review on tech!,NaN,468073,139,1752590283,387351,4947,1897109d-1da5-4508-9436-679ce342862f
720,041a98a0-d650-4089-8bbb-5a9fd6a17ee3,720,reaction on travel!,7672,52633,127,1749393483,636516,NaN,1a30c8d1-a40b-4ff9-9d19-103b65ff12bc
720,041a98a0-d650-4089-8bbb-5a9fd6a17ee3,1080,challenge on tech!,1505,438227,110,1752763083,470044,3507,d94d153e-699c-4901-9028-140abaf54097
1080,041a98a0-d650-4089-8bbb-5a9fd6a17ee3,1080,vlog on food!,6932,,143,1749739083,902856,1497,90ef6c18-16a0-46f8-963b-e301b4d6c6ea
1080,041a98a0-d650-4089-8bbb-5a9fd6a17ee3,,reaction on food!,,387386,78,1748961483,842558,NaN,900e16a7-6ad6-4988-b271-e351a92abcd3
720,041a98a0-d650-4089-8bbb-5a9fd6a17ee3,1080,vlog on fashion!,7471,101359,126,1752244683,,1069,8fcd1d4b-c0e5-48db-bb42-0ece7da3c921
720,041a98a0-d650-4089-8bbb-5a9fd6a17ee3,NaN,challenge on tech!,9749,476953,10,1749998283,295257,1130,ec338d40-4cf6-48fc-baf9-040973a23cb7
1080,041a98a0-d650-4089-8bbb-5a9fd6a17ee3,720,vlog on fashion!,9105,394732,148,1752503883,201728,1303,db3a1d84-6b24-46fa-8800-9b5b56858b86
1080,041a98a0-d650-4089-8bbb-5a9fd6a17ee3,720,unboxing on food!,0.0.0,423265,114,1749134283,538811,4045,cb51b31b-1746-4fb2-ac64-43e769bcdf71
1080,041a98a0-d650-4089-8bbb-5a9fd6a17ee3,1080,review on food!,1568,363680,162,1747838283,433970,4302,a0064ad0-1c55-4482-9715-775f3365b4a4
1080,041a98a0-d650-4089-8bbb-5a9fd6a17ee3,720,unboxing on fashion!,1113,194946,130,1749393483,248071,2754,3072656c-0358-4947-bc75-8ad98df12e89
720,041a98a0-d650-4089-8bbb-5a9fd6a17ee3,0.0.0,review on beauty!,?,284906,174,1750171083,477417,2189,d7f872d5-2044-426b-b035-178790f92f0b
1080,041a98a0-d650-4089-8bbb-5a9fd6a17ee3,1080,unboxing on fashion!,7859,NaN,136,1751467083,752664,?,41184e4b-d21f-47be-b2bd-27baf19cb1fe
720,041a98a0-d650-4089-8bbb-5a9fd6a17ee3,1080,vlog on fashion!,4110,31328,53,1751985483,817090,663,d81f4dc0-d8b8-4b3e-932c-3b908ac3962a
720,041a98a0-d650-4089-8bbb-5a9fd6a17ee3,1080,reaction on food!,7600,278706,132,1749739083,71698,2478,de8bd97c-7b9a-4e15-b4e2-1d5a53a8d620
1080,041a98a0-d650-4089-8bbb-5a9fd6a17ee3,1080,unboxing on fitness!,5472,168481,167,1750775883,710735,NaN,18689963-6525-4006-b3ce-5a1aab0c7335
1080,041a98a0-d650-4089-8bbb-5a9fd6a17ee3,720,challenge on fitness!,2556,113211,163,1752244683,354535,1759,6c9b7eff-8994-4938-b3ea-cfe87c01c1e4
720,041a98a0-d650-4089-8bbb-5a9fd6a17ee3,1080,reaction on beauty!,2758,485376,22,1747924683,282940,1503,e249e1bc-20b3-4954-8ab7-d31af0032112
720,041a98a0-d650-4089-8bbb-5a9fd6a17ee3,1080,reaction on tech!,7095,429634,18,1751294283,222553,4661,88896a69-e800-4449-8b87-7ff0297a60d0
1080,041a98a0-d650-4089-8bbb-5a9fd6a17ee3,720,unboxing on fashion!,8475,259998,68,1749998283,776559,4799,ccd878d8-23b8-401f-bb64-6116323953dc
720,041a98a0-d650-4089-8bbb-5a9fd6a17ee3,1080,review on food!,?,244306,104,1751553483,551104,1323,33e46410-7507-4bfc-8527-ad8f023eb19c
,041a98a0-d650-4089-8bbb-5a9fd6a17ee3,720,challenge on food!,4618,202890,166,1749652683,417413,69,9c6c20a0-55c6-49e4-a1c9-b88e10b81629
720,041a98a0-d650-4089-8bbb-5a9fd6a17ee3,720,vlog on food!,4905,249920,115,1749393483,929581,,a35c8cab-4bfb-4099-bb4f-aaafcd85a46d
720,041a98a0-d650-4089-8bbb-5a9fd6a17ee3,1080,challenge on food!,,NaN,19,1751380683,274822,1850,43812fc0-fff2-437d-975d-41313e0957fb
720,041a98a0-d650-4089-8bbb-5a9fd6a17ee3,1080,unboxing on food!,7007,191410,179,1751207883,800322,,33956f04-2996-489e-a551-18c81b0e7205
720,041a98a0-d650-4089-8bbb-5a9fd6a17ee3,720,challenge on travel!,1901,72363,17,1752676683,530970,3461,2e6e8290-c7ce-4de9-8afb-3580b86f0b39
720,041a98a0-d650-4089-8bbb-5a9fd6a17ee3,1080,unboxing on fashion!,4355,234754,60,1749479883,567079,1692,a34c889b-cbc2-44ff-960c-25cc7c9fc0c9
720,041a98a0-d650-4089-8bbb-5a9fd6a17ee3,1080,vlog on fashion!,114,64402,85,1751121483,826043,3296,2e67f3e6-5917-4cbc-9913-a20c7a8d28f5
720,cba8f29e-a367-4e2f-a58e-01f05a42b948,1080,review on tech!,1293,0.0.0,101,1750516683,361207,421,b8f26e77-c3ea-41e7-a30a-e8c0c8d2ee62
1080,cba8f29e-a367-4e2f-a58e-01f05a42b948,1080,vlog on tech!,594,NaN,92,1752590283,319743,1672,c38ee4a4-d82c-482a-8a1e-63f11bc16f4d
,cba8f29e-a367-4e2f-a58e-01f05a42b948,720,review on food!,2464,348362,93,1750171083,390427,2925,23f2180c-c23b-40cb-bbbf-49ce1ccf5d6e
,cba8f29e-a367-4e2f-a58e-01f05a42b948,1080,challenge on travel!,,454368,37,1749911883,932443,1268,2b471eb9-7aff-4029-a23a-66c9f42c81ed
1080,cba8f29e-a367-4e2f-a58e-01f05a42b948,720,reaction on food!,?,42036,53,1748529483,95986,4593,167244a6-95ab-43a4-8dbf-0c9b3eb5e9fd
1080,cba8f29e-a367-4e2f-a58e-01f05a42b948,1080,vlog on tech!,?,198776,176,1751553483,290374,1235,3158dfdf-6c4d-4dbc-9bfc-839aafb59fc7
1080,cba8f29e-a367-4e2f-a58e-01f05a42b948,,challenge on fashion!,8092,468226,?,1749566283,287657,NaN,83852651-787e-4380-9d66-f9dfb6646c61
1080,cba8f29e-a367-4e2f-a58e-01f05a42b948,720,review on beauty!,7990,495369,0.0.0,1749998283,736798,986,cf75368e-0143-4941-a2c6-1e6b30f6e2bc
720,cba8f29e-a367-4e2f-a58e-01f05a42b948,720,unboxing on fashion!,7473,255341,164,1751899083,,1505,5240a45b-e3e5-48e2-8412-22abd965dc71
720,cba8f29e-a367-4e2f-a58e-01f05a42b948,1080,vlog on tech!,5224,215765,54,1748702283,884056,381,451e2757-a892-4557-9887-2495d8693f50
1080,cba8f29e-a367-4e2f-a58e-01f05a42b948,1080,vlog on fitness!,7524,88343,58,1751294283,144526,4093,7a3e5822-7143-4566-b945-974064903452
720,cba8f29e-a367-4e2f-a58e-01f05a42b948,1080,challenge on beauty!,2412,14149,79,1753022283,210668,2918,3dbd863c-702c-4f44-b571-1f101589daec
720,cba8f29e-a367-4e2f-a58e-01f05a42b948,1080,unboxing on beauty!,3869,425840,59,1748788683,399179,662,66daeffc-fc15-4997-8eef-24a70e40a094
720,cba8f29e-a367-4e2f-a58e-01f05a42b948,1080,reaction on fashion!,4817,369362,47,1749307083,886644,2038,b499b8f5-a8a6-4996-bbe2-9294c37d2b76
1080,cba8f29e-a367-4e2f-a58e-01f05a42b948,1080,challenge on tech!,4951,,166,1749911883,441152,3035,bc9df3a1-cf94-4214-80c5-98b75e14fc31
720,cba8f29e-a367-4e2f-a58e-01f05a42b948,1080,unboxing on beauty!,4619,,145,1750257483,459735,207,95842e3b-30ae-418f-8541-8fc89507560b
1080,cba8f29e-a367-4e2f-a58e-01f05a42b948,720,reaction on fitness!,7847,464798,,1750171083,215348,394,776e8528-dcdd-4c77-9e60-0b234d8d83de
1080,cba8f29e-a367-4e2f-a58e-01f05a42b948,720,review on tech!,6892,242508,51,1751812683,110802,3765,7a062ece-b13c-4e14-80d6-766f95bc9711
720,cba8f29e-a367-4e2f-a58e-01f05a42b948,720,review on beauty!,7267,282457,178,1750430283,846512,2794,0f2090c3-7cc2-4b01-a1a8-ad930ef34cd0
720,cba8f29e-a367-4e2f-a58e-01f05a42b948,1080,reaction on travel!,7503,174417,55,1751467083,776322,4577,d1808973-470f-4489-a11b-5992841c7970
720,cba8f29e-a367-4e2f-a58e-01f05a42b948,1080,reaction on food!,1098,73219,54,1751985483,821153,1045,98be28fb-549e-47a8-bf66-c12e2b97a46e
720,cba8f29e-a367-4e2f-a58e-01f05a42b948,720,unboxing on tech!,NaN,173263,110,1748183883,227462,3292,5e899f6a-a562-4307-a726-655fc8808d6a
720,cba8f29e-a367-4e2f-a58e-01f05a42b948,720,challenge on food!,9280,155009,82,1751294283,716789,0.0.0,c42e9e38-c5ce-466b-b425-f62747a9a280
1080,cba8f29e-a367-4e2f-a58e-01f05a42b948,1080,reaction on food!,,328622,59,1752676683,237279,121,5020b01c-3c2e-4134-93b0-b6cdfe69e7d8
1080,cba8f29e-a367-4e2f-a58e-01f05a42b948,1080,vlog on food!,2987,,137,1750257483,136172,3708,479cdfb4-dc62-4e09-a68e-80b334e4fd21
1080,cba8f29e-a367-4e2f-a58e-01f05a42b948,1080,vlog on travel!,2620,145521,139,1752503883,665008,4306,1cf413a6-c510-4d43-bcc7-fa2e36759aba
1080,cba8f29e-a367-4e2f-a58e-01f05a42b948,720,reaction on food!,213,439006,176,1747838283,475569,828,08c4b6a9-84a6-4c78-9bea-b5a5c973466d
0.0.0,20d58ea0-2022-4b22-96a3-7934fa8ce539,1080,review on fitness!,5985,145875,32,1752590283,343642,1727,67bfec30-7d5e-46fa-92d0-c02baca4fa86
1080,20d58ea0-2022-4b22-96a3-7934fa8ce539,1080,unboxing on fashion!,5954,NaN,72,1753022283,641612,577,6b69300c-9c6d-4333-b88f-7732fb113d2a
1080,20d58ea0-2022-4b22-96a3-7934fa8ce539,720,reaction on fashion!,8377,6836,157,1752503883,645533,1059,5173396e-3d0e-4e39-812d-b336882f12da
720,20d58ea0-2022-4b22-96a3-7934fa8ce539,1080,unboxing on travel!,0.0.0,110443,165,1748183883,269443,786,cb31e82f-43b8-4327-ba58-b3d5cafa21a5
1080,20d58ea0-2022-4b22-96a3-7934fa8ce539,1080,vlog on fitness!,8249,NaN,?,1748183883,604732,4294,f042aebf-5ccb-42aa-9c97-09e364aaa0ef
1080,20d58ea0-2022-4b22-96a3-7934fa8ce539,720,unboxing on fashion!,,?,118,1749566283,?,4627,188e90bb-34c9-46d1-9514-838ff07c5ab7
?,20d58ea0-2022-4b22-96a3-7934fa8ce539,1080,vlog on food!,7426,390204,178,1748183883,332262,4517,adaa9c74-be7e-4694-a123-6c0c5ba6860c
720,20d58ea0-2022-4b22-96a3-7934fa8ce539,1080,unboxing on tech!,3823,165415,70,1751294283,151672,4632,c89196ae-aa92-4351-8c28-a17ef6b29346
720,20d58ea0-2022-4b22-96a3-7934fa8ce539,720,vlog on beauty!,2417,8659,,1749825483,735266,1110,15a1bf8e-63e0-46bd-a27e-f26e5725e332
1080,20d58ea0-2022-4b22-96a3-7934fa8ce539,1080,vlog on beauty!,0.0.0,143090,81,1748270283,974762,411,ae896c93-c8f5-46c4-9618-9782bb4445d6
1080,20d58ea0-2022-4b22-96a3-7934fa8ce539,1080,review on fashion!,4930,288712,25,1752935883,661658,746,122e225b-95e6-4be2-9eb6-85d872b8816a
1080,20d58ea0-2022-4b22-96a3-7934fa8ce539,1080,review on fashion!,746,67229,105,1750430283,191839,929,edb3a064-6f0d-4795-bf5b-744b8ca880ef
720,20d58ea0-2022-4b22-96a3-7934fa8ce539,720,challenge on beauty!,0.0.0,42566,71,1748788683,145321,2112,e5ca7a2c-9bd1-4cd3-ab36-210d274c4333
1080,20d58ea0-2022-4b22-96a3-7934fa8ce539,720,challenge on travel!,0.0.0,0.0.0,152,1753022283,354391,343,d346943c-cdf5-4b4c-bacd-2ab65ae3a9fb
1080,20d58ea0-2022-4b22-96a3-7934fa8ce539,720,challenge on fashion!,NaN,392777,34,1749307083,465959,4975,2f082245-4e63-440e-8429-9f3d2b12d8c8
1080,20d58ea0-2022-4b22-96a3-7934fa8ce539,1080,unboxing on fashion!,1550,52370,86,1752071883,506609,2959,3732433b-daf7-4931-96e5-4be01934dc4d
1080,20d58ea0-2022-4b22-96a3-7934fa8ce539,1080,unboxing on food!,6707,253102,170,1747924683,180969,,b112902f-7e87-4437-a1c3-9a9eb42f3aa8
,20d58ea0-2022-4b22-96a3-7934fa8ce539,1080,review on travel!,4296,269663,44,1748529483,62349,1773,d90afa83-c405-45a0-bb7e-7e47d833bb20
1080,fdc816e1-7445-44e1-b2d1-1f4eef89310e,720,reaction on food!,6027,31047,91,1752849483,272476,4284,f324cd1d-ab14-4738-a631-3f1af5baba4e
720,fdc816e1-7445-44e1-b2d1-1f4eef89310e,1080,unboxing on travel!,7857,394795,39,1750603083,327500,3946,e29fd8e9-dca8-4b58-8a76-ab2dbe9b6cd0
1080,fdc816e1-7445-44e1-b2d1-1f4eef89310e,1080,challenge on travel!,3246,158183,92,1752676683,45570,664,d80f9f5f-763c-46ca-bc47-cdbd4271b5bc
720,fdc816e1-7445-44e1-b2d1-1f4eef89310e,1080,unboxing on beauty!,1915,0.0.0,114,1750775883,375608,283,d3172efc-f798-4c08-9419-1581b5f5f1e8
720,fdc816e1-7445-44e1-b2d1-1f4eef89310e,1080,unboxing on beauty!,7602,191317,90,1748011083,922463,1105,964a2fcf-94ca-47e4-82e1-94b8a11cb56d
1080,fdc816e1-7445-44e1-b2d1-1f4eef89310e,720,vlog on travel!,,206109,23,1751207883,861915,3076,e101c7ac-4b5b-4739-9a92-b9a1a33ceb26
?,fdc816e1-7445-44e1-b2d1-1f4eef89310e,1080,vlog on fashion!,7119,174732,77,1748875083,313945,3361,9a95874f-ded8-4106-82f6-d0fd1f05bdf7
720,fdc816e1-7445-44e1-b2d1-1f4eef89310e,1080,unboxing on travel!,6400,368485,138,1751726283,411332,4317,fbac2b59-f8be-4096-8758-63a060ecb53c
1080,fdc816e1-7445-44e1-b2d1-1f4eef89310e,720,challenge on travel!,5198,476325,162,1751899083,357614,3631,5c0d4b82-e948-40c7-b4f2-4d4dd08ad62b
1080,fdc816e1-7445-44e1-b2d1-1f4eef89310e,1080,unboxing on tech!,7461,469024,85,1752244683,200633,3610,7dc447c0-1c55-4bd8-aaea-b493406add09
720,fdc816e1-7445-44e1-b2d1-1f4eef89310e,720,review on tech!,5163,89079,68,1751726283,81288,1673,ce9ab547-fd97-4f93-bfd6-979fbc08be38
1080,fdc816e1-7445-44e1-b2d1-1f4eef89310e,1080,vlog on beauty!,?,184264,116,1748270283,960517,1477,64701875-58cf-4f09-8fb9-2afa1f7e08a4
1080,fdc816e1-7445-44e1-b2d1-1f4eef89310e,1080,review on beauty!,7252,496785,139,1748270283,814987,3878,9f972277-ad0b-45b5-bb84-40191e50abd0
1080,fdc816e1-7445-44e1-b2d1-1f4eef89310e,1080,vlog on travel!,7909,230652,0.0.0,1748615883,?,4224,169d1c41-6355-455f-8813-86353e68510f
720,fdc816e1-7445-44e1-b2d1-1f4eef89310e,720,review on fitness!,9663,180769,177,1753022283,262912,2622,d1b2b554-f2f6-451c-aa71-09f419a943aa
,fdc816e1-7445-44e1-b2d1-1f4eef89310e,1080,vlog on tech!,2570,17977,176,1750171083,562168,786,94f05da0-5ac7-45db-9ca8-a7d14d36f691
720,fdc816e1-7445-44e1-b2d1-1f4eef89310e,0.0.0,vlog on fashion!,5907,252494,30,1751726283,508953,3303,0116f069-c029-4301-8fa6-3b349f2c11ef
1080,fdc816e1-7445-44e1-b2d1-1f4eef89310e,1080,unboxing on food!,NaN,356364,85,1748270283,321765,3103,59f602fa-f72d-4e9c-9c75-c92112f06356
1080,fdc816e1-7445-44e1-b2d1-1f4eef89310e,720,unboxing on fashion!,3529,167054,131,1751553483,,1873,c7a9e4f6-d865-4d14-af5c-c5247bf1b80c
1080,667f2a79-aa2a-4322-83be-36b94272c6bb,720,challenge on tech!,1659,160923,90,1752676683,899754,1405,cf72a7e3-63de-46ad-8f96-ba00fc3bc6fc
?,667f2a79-aa2a-4322-83be-36b94272c6bb,720,challenge on fashion!,442,?,135,1750430283,332563,4640,313800c9-92e8-4986-80d0-3e303c01c223
720,667f2a79-aa2a-4322-83be-36b94272c6bb,1080,review on fashion!,4903,252926,89,1751812683,248938,811,e0be3bdd-b26c-495d-b64e-e11c2edfb232
720,667f2a79-aa2a-4322-83be-36b94272c6bb,1080,vlog on tech!,5048,61581,132,1752763083,34699,1236,f8917521-f021-4967-b55f-940f35b78e30
720,667f2a79-aa2a-4322-83be-36b94272c6bb,1080,unboxing on food!,NaN,359907,83,1750430283,802026,1753,dd132f2b-18e6-48b3-95b5-f39789ec6463
720,667f2a79-aa2a-4322-83be-36b94272c6bb,720,unboxing on food!,3914,373968,130,1752503883,?,3246,ee087153-cfdc-4c74-b4d0-a776bfd2b26a
1080,667f2a79-aa2a-4322-83be-36b94272c6bb,1080,challenge on food!,7549,196813,106,1750775883,112123,818,8587189b-5c24-4554-9a93-72af9e28c319
720,667f2a79-aa2a-4322-83be-36b94272c6bb,720,vlog on food!,?,303519,23,1749998283,385158,154,15164459-31c6-41ef-8e47-769cd8312b87
720,667f2a79-aa2a-4322-83be-36b94272c6bb,720,review on food!,4182,110019,11,1752935883,747357,3994,f2606742-fa37-4d85-ad9d-b6dcf01c49e0
1080,667f2a79-aa2a-4322-83be-36b94272c6bb,720,challenge on beauty!,6976,230230,160,1750775883,681594,3338,5f0c54dc-f4f7-4ada-b357-6f1bb6ce6e61
720,667f2a79-aa2a-4322-83be-36b94272c6bb,720,challenge on travel!,9471,208304,95,1747924683,567125,4854,30c09427-01b2-4092-82a1-1dc262023db0
720,667f2a79-aa2a-4322-83be-36b94272c6bb,1080,vlog on food!,2943,168186,27,1748788683,235451,3910,ea2f42e6-b7f7-4d66-8e4d-01043b4f55af
720,667f2a79-aa2a-4322-83be-36b94272c6bb,720,unboxing on fitness!,3983,441845,13,1751121483,283836,3174,d609978a-5a6d-4904-b09e-f967468281d0
720,667f2a79-aa2a-4322-83be-36b94272c6bb,1080,vlog on food!,8040,5058,124,1749566283,544133,207,fabfaa7e-0143-412d-982e-e114770a385d
720,667f2a79-aa2a-4322-83be-36b94272c6bb,1080,reaction on fitness!,,10060,18,1749566283,89220,2146,186d2ba3-0558-426d-aa24-152b073e5b25
,667f2a79-aa2a-4322-83be-36b94272c6bb,1080,unboxing on travel!,NaN,153205,97,1749998283,30897,4257,eb2e06e1-71f2-4a43-b0b6-f37fa9868535
720,667f2a79-aa2a-4322-83be-36b94272c6bb,0.0.0,unboxing on fitness!,5461,390821,NaN,1750171083,755519,4730,448637a9-5a46-4fbb-b83e-cc2ee1ca93ab
720,667f2a79-aa2a-4322-83be-36b94272c6bb,720,vlog on tech!,9164,73402,158,1752071883,?,342,87a58b85-888d-46f0-8570-5f56910013c5
720,667f2a79-aa2a-4322-83be-36b94272c6bb,720,review on fashion!,1802,189115,164,1748356683,65287,2168,7a13881c-a622-49d8-8436-5fcaf9bc1f04
1080,667f2a79-aa2a-4322-83be-36b94272c6bb,1080,reaction on food!,6845,286729,58,1752676683,23417,4935,8391213f-36ff-432c-9d29-4ba11b7db4ff
720,667f2a79-aa2a-4322-83be-36b94272c6bb,1080,unboxing on food!,176,38157,25,1751207883,752859,?,108b7139-c290-459b-b350-6c6a30d1f078
720,667f2a79-aa2a-4322-83be-36b94272c6bb,720,unboxing on travel!,91,NaN,110,1748615883,370335,4693,77ba62b6-dd5e-423e-8e32-4a83a26631fe
1080,667f2a79-aa2a-4322-83be-36b94272c6bb,1080,review on food!,2192,247436,71,1751639883,21423,NaN,6833575a-5eec-437c-9bf2-b1f4ff384602
720,a18dbee1-af9a-4dbf-92d7-789e79f8213a,1080,unboxing on beauty!,5464,250065,54,1751121483,626555,0.0.0,3c155143-79af-428a-8b31-0cba3aad5f9c
1080,a18dbee1-af9a-4dbf-92d7-789e79f8213a,1080,challenge on travel!,6571,146263,108,1751467083,868098,471,7de248c7-b12e-42f5-9398-b596b913ceaa
720,a18dbee1-af9a-4dbf-92d7-789e79f8213a,1080,reaction on fitness!,437,13959,48,1750775883,547986,1029,a733cd6c-19d0-4982-9152-99cbbba8f19c
720,a18dbee1-af9a-4dbf-92d7-789e79f8213a,720,challenge on tech!,5957,2775,98,1751121483,233919,4891,d6521d2f-f5bf-435e-b1f5-1fd5144a5de0
?,a18dbee1-af9a-4dbf-92d7-789e79f8213a,,challenge on tech!,?,370602,124,1748183883,933924,4602,fdc82de9-368d-4e70-8e0d-5fc390dd1720
720,,?,unboxing on fitness!,3248,14190,110,1752244683,585307,0.0.0,adb72cf2-01ba-4078-bc56-bc3192a20099
1080,a18dbee1-af9a-4dbf-92d7-789e79f8213a,1080,vlog on food!,,424644,32,1748529483,84562,955,fa840068-767b-4ff7-80d5-58a3736c930e
720,a18dbee1-af9a-4dbf-92d7-789e79f8213a,1080,unboxing on travel!,7315,0.0.0,0.0.0,1751639883,963142,4153,0c037a5e-8ffd-4ef9-a74e-028e9f2a64e2
1080,a18dbee1-af9a-4dbf-92d7-789e79f8213a,1080,reaction on fitness!,3610,200334,151,1750948683,590164,,95fe0c93-9e7e-481a-8014-8cb6bb78997a
720,a18dbee1-af9a-4dbf-92d7-789e79f8213a,720,unboxing on food!,319,241284,177,1752590283,,3823,c16c1026-3ba3-4440-8daf-ab4ab8334ec1
720,a18dbee1-af9a-4dbf-92d7-789e79f8213a,?,vlog on food!,254,202637,46,1748529483,561982,2907,0c7521c3-aeb2-4eca-8e29-bb573f84364d
720,a18dbee1-af9a-4dbf-92d7-789e79f8213a,1080,challenge on fashion!,6586,329999,67,1751035083,35880,1666,fe1cb0be-98f1-469e-b1c0-5c6a981e279e
1080,a18dbee1-af9a-4dbf-92d7-789e79f8213a,1080,unboxing on beauty!,4981,NaN,18,1750430283,388877,2202,227e20fc-9a1d-4718-beaa-f91688fe8935
720,a18dbee1-af9a-4dbf-92d7-789e79f8213a,1080,vlog on fitness!,1900,90211,56,1749739083,380471,,9f0c3856-6b15-4ead-986e-578a0ffe8ef8
720,a18dbee1-af9a-4dbf-92d7-789e79f8213a,1080,unboxing on travel!,,136770,104,1749911883,480237,824,4ca77a80-010d-4f1d-848f-34619432cfd4
1080,a18dbee1-af9a-4dbf-92d7-789e79f8213a,1080,challenge on fashion!,1602,314389,49,1752590283,754608,4693,dbfabf1d-5daf-470a-a3d7-931b05bcdb5c
1080,a18dbee1-af9a-4dbf-92d7-789e79f8213a,720,challenge on travel!,4229,354807,0.0.0,1751035083,556909,4703,89793438-ceec-4be4-868e-4e01586d4dc5
720,a18dbee1-af9a-4dbf-92d7-789e79f8213a,720,challenge on beauty!,7711,NaN,76,1751467083,74707,,0dc2db8c-7dcb-4a86-aaca-00a62f738827
720,a18dbee1-af9a-4dbf-92d7-789e79f8213a,1080,reaction on food!,NaN,343151,99,1752244683,0.0.0,3420,503acdef-7559-424d-a9b3-7271dc4aad90
720,a18dbee1-af9a-4dbf-92d7-789e79f8213a,720,review on fashion!,1874,38390,19,1748961483,783380,3299,0313d315-cb8f-4fcb-bd02-9365794b2430
720,a18dbee1-af9a-4dbf-92d7-789e79f8213a,1080,challenge on travel!,6981,156511,82,1749739083,388331,1262,0a98ca41-f139-445b-8ac5-471a575219c3
1080,a18dbee1-af9a-4dbf-92d7-789e79f8213a,1080,reaction on food!,4758,258005,132,1750862283,647099,3979,acdb0f03-2d46-40c2-91bb-5fb283bec9ce
720,a18dbee1-af9a-4dbf-92d7-789e79f8213a,720,review on beauty!,8679,262156,166,1749825483,41924,3943,99fee0b9-a4f4-4221-8a69-03f850c4ed1c
720,a18dbee1-af9a-4dbf-92d7-789e79f8213a,720,unboxing on food!,1303,112198,46,1748875083,604829,69,4e4f0ef5-2465-49c2-bfef-aa0ab8713dd7
1080,a18dbee1-af9a-4dbf-92d7-789e79f8213a,720,vlog on fashion!,6522,35404,0.0.0,1747924683,348145,4095,
1080,a18dbee1-af9a-4dbf-92d7-789e79f8213a,720,reaction on fashion!,4769,303465,76,1748702283,284446,1105,0a2f0ae1-8c88-412f-94fd-56542ac917fb
1080,a18dbee1-af9a-4dbf-92d7-789e79f8213a,1080,unboxing on food!,6296,78619,174,1750084683,432417,,63767f73-7a0f-4166-a251-40821cdeeb31
1080,a18dbee1-af9a-4dbf-92d7-789e79f8213a,1080,review on travel!,,488998,44,1748615883,998122,65,5d080f1c-768d-4b01-a534-2e30f67e6242
720,a18dbee1-af9a-4dbf-92d7-789e79f8213a,1080,reaction on fashion!,4829,489409,163,1752849483,760101,1579,354ef2b6-37cc-42cd-84f5-21dcd6f0c6da
1080,3b1d15db-ca8a-4949-bd9a-bf6c33b5a8de,720,challenge on fitness!,8484,263358,103,1750343883,NaN,2935,83c80e6f-b49a-4bbb-9dd0-6c5467f4a8b8
1080,3b1d15db-ca8a-4949-bd9a-bf6c33b5a8de,720,challenge on fashion!,7826,50666,34,1749479883,215452,2118,a24eaaff-7c0e-4f1e-b3f2-c9843f8fb7fa
1080,3b1d15db-ca8a-4949-bd9a-bf6c33b5a8de,720,challenge on food!,8905,313458,60,1752417483,488089,2925,748f9433-954c-443c-9b7c-16ebfdda7420
1080,3b1d15db-ca8a-4949-bd9a-bf6c33b5a8de,720,vlog on food!,2559,,145,1749998283,512886,3237,afa1d4d9-acdf-414c-9b1c-ec40f77fe55e
1080,3b1d15db-ca8a-4949-bd9a-bf6c33b5a8de,1080,unboxing on travel!,9311,10671,49,1748702283,306128,3600,84f5d58f-7451-488f-91e7-52822c2ec14b
1080,3b1d15db-ca8a-4949-bd9a-bf6c33b5a8de,720,challenge on fashion!,NaN,127300,16,1752935883,501535,1283,339ae500-74b3-4a6e-889c-0a57ae600bc6
1080,3b1d15db-ca8a-4949-bd9a-bf6c33b5a8de,720,challenge on food!,?,179437,150,1752849483,0.0.0,1241,01c8dd21-e953-49b8-bcd2-ab3943a3cd3d
1080,3b1d15db-ca8a-4949-bd9a-bf6c33b5a8de,1080,challenge on beauty!,,22730,121,1748875083,584482,4718,ddf0a7e0-aaed-4875-90e3-d23b3d1413a9
1080,3b1d15db-ca8a-4949-bd9a-bf6c33b5a8de,720,reaction on fitness!,9215,0.0.0,,1749220683,245321,1745,7136ebe7-d236-440e-8d5d-83f84745015f
1080,3b1d15db-ca8a-4949-bd9a-bf6c33b5a8de,1080,unboxing on beauty!,1239,153951,48,1749479883,883403,2644,ec3e0b6e-f6a5-41c4-8788-4fecea1db66c
720,3b1d15db-ca8a-4949-bd9a-bf6c33b5a8de,720,unboxing on beauty!,6968,342302,148,1748702283,278292,2681,34507185-4ead-48b8-ad5b-8249fff5680c
720,3b1d15db-ca8a-4949-bd9a-bf6c33b5a8de,1080,reaction on food!,,434552,77,1749220683,918253,283,9163082a-e020-4f67-8d54-6bc886c93a89
,3b1d15db-ca8a-4949-bd9a-bf6c33b5a8de,1080,review on tech!,?,,118,1749739083,0.0.0,4903,68841413-c4cc-4c91-8619-668b0887fd8f
1080,3b1d15db-ca8a-4949-bd9a-bf6c33b5a8de,1080,reaction on fitness!,9741,?,10,1752331083,41553,4471,0a6d7656-fe6c-4591-a529-fd7bd1d749db
1080,3b1d15db-ca8a-4949-bd9a-bf6c33b5a8de,720,reaction on travel!,4646,262313,128,1749652683,345039,2825,9be17683-a552-43df-b18f-f44c638721bd
720,3b1d15db-ca8a-4949-bd9a-bf6c33b5a8de,1080,challenge on fitness!,6758,359491,143,1751035083,705150,4939,5c2a5e10-5736-4c33-8f80-b0ac3e73d177
1080,3b1d15db-ca8a-4949-bd9a-bf6c33b5a8de,720,unboxing on food!,4526,115084,131,1751553483,602419,2281,1421a5be-dee0-4bb0-be38-d0836e1f13f1
720,3b1d15db-ca8a-4949-bd9a-bf6c33b5a8de,1080,review on fitness!,NaN,429493,72,1749047883,497532,4323,62205158-1350-4e27-a474-8d2413e7b3e5
,3b1d15db-ca8a-4949-bd9a-bf6c33b5a8de,1080,unboxing on beauty!,3033,349906,140,1751121483,615719,3232,5f9fd6e0-c524-4925-9150-f046d5daf779
720,3b1d15db-ca8a-4949-bd9a-bf6c33b5a8de,1080,unboxing on fashion!,5270,439419,138,1748097483,920110,,7c33a8a5-dda5-48f2-b206-d1abaaca6604
720,3b1d15db-ca8a-4949-bd9a-bf6c33b5a8de,1080,vlog on food!,7681,359279,75,1750603083,831805,2436,e2e93b63-019d-4199-b231-f3b7bc824ebf
720,3b1d15db-ca8a-4949-bd9a-bf6c33b5a8de,720,challenge on fashion!,3182,253074,12,1748183883,970469,2508,bd175acf-ce4e-4327-980a-7adec30e0c8a
1080,3b1d15db-ca8a-4949-bd9a-bf6c33b5a8de,1080,vlog on travel!,6401,182084,172,1748097483,492667,2843,92ced877-757a-4432-acc1-9a266ff18e21
1080,819e35c0-d864-428f-a7a4-9659cbd9ea13,720,reaction on food!,NaN,458092,27,1749047883,905418,4453,c0f8cebf-8d0f-4b6d-834a-2ce04e8e5110
720,819e35c0-d864-428f-a7a4-9659cbd9ea13,1080,reaction on travel!,8576,NaN,159,1751553483,274330,1515,36ea5349-bd7b-4748-89a7-639e9eef229a
1080,819e35c0-d864-428f-a7a4-9659cbd9ea13,720,vlog on fashion!,17,214226,100,1751035083,446292,,b59b54c4-d36c-4176-8ef9-3e3457d747fc
1080,819e35c0-d864-428f-a7a4-9659cbd9ea13,720,vlog on food!,54,210317,93,1749307083,30655,3620,fff957e8-f8cb-45c1-b888-759903610661
720,819e35c0-d864-428f-a7a4-9659cbd9ea13,1080,review on travel!,8824,?,170,1752244683,239527,4418,cf8682a9-67a6-401b-9474-1a6aeb35c8b5
1080,819e35c0-d864-428f-a7a4-9659cbd9ea13,720,vlog on travel!,7749,443513,139,1751553483,499921,3207,512eef54-2db3-40f6-8a05-89db7e66b331
1080,819e35c0-d864-428f-a7a4-9659cbd9ea13,,vlog on food!,6349,474891,33,1749307083,280027,1420,4c46cb51-e7bf-4e5b-90b8-2eb745ad4625
720,819e35c0-d864-428f-a7a4-9659cbd9ea13,720,reaction on tech!,3625,259258,52,1748961483,382157,2726,c0b05ac5-bb8e-44e0-92db-343be3157a61
720,819e35c0-d864-428f-a7a4-9659cbd9ea13,720,reaction on fitness!,0.0.0,391383,63,1748875083,381356,3159,8a314b59-91cd-4739-baaf-57216e310866
720,819e35c0-d864-428f-a7a4-9659cbd9ea13,1080,review on beauty!,2037,33284,NaN,1752331083,906993,0.0.0,dc243a80-05ad-41c6-9ce5-68153c406d5a
1080,819e35c0-d864-428f-a7a4-9659cbd9ea13,720,vlog on travel!,4201,346737,21,1748097483,0.0.0,4044,888803b7-4ff6-4539-9aab-228445978ca6
720,819e35c0-d864-428f-a7a4-9659cbd9ea13,720,reaction on travel!,2257,460473,66,1751639883,733935,4041,d3f6c9a4-bdc6-43ea-b221-be9127f7bf2b
720,819e35c0-d864-428f-a7a4-9659cbd9ea13,1080,review on fitness!,8342,239388,116,1748011083,26065,1914,4b7cf3ae-ff27-459d-a962-ecae056709d0
1080,819e35c0-d864-428f-a7a4-9659cbd9ea13,1080,review on food!,5332,21173,140,1750862283,927691,714,df659ab3-e1d6-41d6-a7fe-198a822132b3
720,819e35c0-d864-428f-a7a4-9659cbd9ea13,720,review on food!,7692,457888,62,1748183883,26208,123,3925dbe2-ce42-40ef-b697-4ece4c6b0207
720,819e35c0-d864-428f-a7a4-9659cbd9ea13,720,vlog on food!,3861,27573,101,1751467083,251145,4126,7053e84f-d555-4703-b4a8-93a5d42a58e3
1080,819e35c0-d864-428f-a7a4-9659cbd9ea13,720,unboxing on fitness!,2819,454418,100,1748529483,849645,,dc3e4902-ef40-4ccf-abf5-cfae6a4e784e
720,819e35c0-d864-428f-a7a4-9659cbd9ea13,720,vlog on beauty!,7233,436839,143,1749998283,751532,1374,beb8b5b5-c1b8-4a74-a4cf-269b6e98d219
1080,819e35c0-d864-428f-a7a4-9659cbd9ea13,720,unboxing on tech!,,216503,179,1749047883,571755,2319,c415ecb3-e2f1-4d36-8551-1c63c1eae858
720,819e35c0-d864-428f-a7a4-9659cbd9ea13,1080,reaction on fitness!,7234,258764,143,1750343883,401298,1320,f55b3e00-9cf3-4f3e-943d-f82c665b48c4
1080,819e35c0-d864-428f-a7a4-9659cbd9ea13,720,challenge on food!,6148,,139,1752676683,589642,422,33635e8f-c933-4f39-9400-5f4cf42f3826
720,819e35c0-d864-428f-a7a4-9659cbd9ea13,720,review on fashion!,14,270201,58,1749220683,823372,1287,0afe6ae6-447c-4db0-8475-486c3a81481b
720,819e35c0-d864-428f-a7a4-9659cbd9ea13,1080,unboxing on fashion!,9828,26496,71,1751121483,331218,4677,264f4296-e4d6-4fda-b61a-4a1ed11ff026
720,080ce44a-a8b6-42ff-8a8c-195207e47a3d,1080,challenge on travel!,6803,294011,118,1749047883,0.0.0,434,8e0bbae8-c1fb-4c75-bdda-48c5454a7b1e
1080,080ce44a-a8b6-42ff-8a8c-195207e47a3d,720,review on fashion!,,,15,1751467083,762629,794,01cab19d-65b5-4c90-a52c-6be519033d3b
720,080ce44a-a8b6-42ff-8a8c-195207e47a3d,720,reaction on beauty!,816,326512,136,1752244683,396490,3423,e783890a-90fa-4d29-906e-df81511de02d
1080,080ce44a-a8b6-42ff-8a8c-195207e47a3d,720,reaction on fashion!,2994,6615,76,1748183883,91608,3695,31daa7c5-1dc5-4280-a374-c4a084e1be65
1080,080ce44a-a8b6-42ff-8a8c-195207e47a3d,720,challenge on fitness!,3285,53013,62,1750257483,782082,4243,f13f4a19-0235-4466-9c87-7f44cc2018f8
1080,080ce44a-a8b6-42ff-8a8c-195207e47a3d,1080,review on food!,8501,NaN,51,1748702283,759666,805,66de7e44-a8c3-4039-a8bd-f9fbdc30fc5b
720,080ce44a-a8b6-42ff-8a8c-195207e47a3d,720,unboxing on tech!,6187,206544,38,1750084683,864811,4433,d1650636-3981-4f5b-9c52-eb3a639e2741
?,080ce44a-a8b6-42ff-8a8c-195207e47a3d,1080,vlog on tech!,4339,311845,22,1748270283,,,fef7e761-0398-42bf-aeaa-0f0c836193dd
1080,080ce44a-a8b6-42ff-8a8c-195207e47a3d,720,challenge on beauty!,,401268,175,1749134283,659076,3011,fce756a2-f685-404a-b2b9-d93e7ce44a67
720,080ce44a-a8b6-42ff-8a8c-195207e47a3d,1080,reaction on tech!,6264,408788,,1752676683,,4167,3af754d4-112b-43c1-b3ec-049c8b6fe757
1080,080ce44a-a8b6-42ff-8a8c-195207e47a3d,720,challenge on fitness!,3193,292516,92,1751467083,?,4019,1cbd9301-3da0-4669-a0ba-ce3c976a3f50
720,080ce44a-a8b6-42ff-8a8c-195207e47a3d,720,vlog on tech!,1951,86578,117,1747924683,464243,977,25c73e28-2f97-4dc6-ad83-28841753dbfb
1080,080ce44a-a8b6-42ff-8a8c-195207e47a3d,720,vlog on fashion!,0.0.0,337073,41,1752417483,921077,1920,8f668f04-4eeb-4d3f-a04d-e8574711a07d
0.0.0,080ce44a-a8b6-42ff-8a8c-195207e47a3d,720,unboxing on food!,2912,112611,117,1751985483,690137,4480,05f0b6a6-7650-4e7e-8fd2-7b508a6cf876
,080ce44a-a8b6-42ff-8a8c-195207e47a3d,720,vlog on tech!,4164,397694,23,1748443083,844408,8,e3258bb8-22f7-490a-a95e-03bcaa5efbaf
1080,080ce44a-a8b6-42ff-8a8c-195207e47a3d,,challenge on fashion!,5053,475281,59,1749998283,603597,?,84775418-bc48-40d5-ac85-58dc6a0200d9
1080,080ce44a-a8b6-42ff-8a8c-195207e47a3d,1080,challenge on food!,,83284,26,1751985483,NaN,3963,0369e4e6-7773-46f3-9b48-2ab9fd3a4e42
1080,080ce44a-a8b6-42ff-8a8c-195207e47a3d,1080,review on travel!,51,310035,30,1749134283,458817,1633,25e89548-549c-4347-8c61-3aaac6cdabb0
720,080ce44a-a8b6-42ff-8a8c-195207e47a3d,720,vlog on travel!,3118,96723,173,1752503883,969032,,54191ade-e1e7-44c2-9996-9119ffa6aa03
720,080ce44a-a8b6-42ff-8a8c-195207e47a3d,,review on food!,6518,490887,51,1751553483,572083,2015,94995994-036d-43e7-b5f6-997f6e28055f
720,080ce44a-a8b6-42ff-8a8c-195207e47a3d,0.0.0,challenge on travel!,?,NaN,92,1750948683,783479,2562,9cce5953-feba-4b4b-a2e4-80fb3fd3b4d4
720,080ce44a-a8b6-42ff-8a8c-195207e47a3d,1080,reaction on beauty!,6811,NaN,161,1749998283,596742,2565,e100ba40-0a54-47d6-bc6c-267b487eacf8
1080,080ce44a-a8b6-42ff-8a8c-195207e47a3d,1080,review on travel!,1034,444303,157,1749739083,301131,4468,58b1f3c7-1b8d-45ba-9540-7d15e30a54b0
0.0.0,080ce44a-a8b6-42ff-8a8c-195207e47a3d,720,vlog on travel!,3567,360359,40,1752849483,738479,959,c2fadbfa-9207-45f3-b2c0-e36fa4216071
1080,080ce44a-a8b6-42ff-8a8c-195207e47a3d,1080,vlog on beauty!,1412,146935,NaN,1748183883,851932,4346,085c5d31-b05c-4cfa-947e-62393b86d3d4
1080,080ce44a-a8b6-42ff-8a8c-195207e47a3d,1080,vlog on beauty!,5944,306848,167,1751294283,577813,2982,a475cde6-dbfc-4f99-add3-c19b2fe05c69
720,080ce44a-a8b6-42ff-8a8c-195207e47a3d,1080,unboxing on food!,6614,217374,32,1752763083,753201,987,804f28a9-f200-4037-b01f-139a7f3a6bbf
720,080ce44a-a8b6-42ff-8a8c-195207e47a3d,1080,challenge on travel!,0.0.0,242672,130,1748529483,,4671,e738d691-13c7-4153-b8c9-7187f0f6763c
1080,080ce44a-a8b6-42ff-8a8c-195207e47a3d,720,reaction on fashion!,6786,69803,45,1752071883,327621,4394,75730b5e-5ba4-43ff-a295-0370633b450c
1080,9df33518-e3fc-4509-ac4b-05c8fa317522,720,unboxing on fashion!,0.0.0,270932,132,1751639883,727104,1378,b5151b17-0140-4cca-9ded-ffa2d7cd64b7
720,9df33518-e3fc-4509-ac4b-05c8fa317522,1080,review on fashion!,4858,397798,42,1748702283,4184,3859,44a93d23-b922-4cf7-9c8e-9b2ea892d263
1080,9df33518-e3fc-4509-ac4b-05c8fa317522,1080,reaction on food!,8611,193797,70,1749739083,909863,2738,1bc24233-e5bc-44bb-969c-bb22f8a5fcac
720,9df33518-e3fc-4509-ac4b-05c8fa317522,1080,vlog on tech!,,84912,124,1750689483,859623,4797,5f43646d-9856-4454-a2da-4663223b31aa
720,9df33518-e3fc-4509-ac4b-05c8fa317522,1080,unboxing on tech!,7848,NaN,73,1750948683,826942,3693,310995ee-a8ed-495f-84de-5de1ec3b4bef
1080,9df33518-e3fc-4509-ac4b-05c8fa317522,NaN,vlog on food!,1301,336509,66,1751035083,507279,2292,f63d6e3b-c954-440b-8a6f-71f850d2f38d
1080,9df33518-e3fc-4509-ac4b-05c8fa317522,720,reaction on fitness!,,195519,171,1748011083,377339,1404,e47a68de-0417-4b8a-91d0-e3deeda68d77
720,9df33518-e3fc-4509-ac4b-05c8fa317522,1080,unboxing on fitness!,9803,267594,89,1750689483,519075,?,12b53487-28a8-488c-87c2-38074107e681
720,9df33518-e3fc-4509-ac4b-05c8fa317522,720,reaction on fashion!,3565,,110,1750430283,103875,0.0.0,282d7f7b-b251-442f-b856-63021853fba4
720,9df33518-e3fc-4509-ac4b-05c8fa317522,720,,2626,,15,1751035083,880842,142,f502cbf3-1ab2-488c-b183-c43a1107a8ee
1080,9df33518-e3fc-4509-ac4b-05c8fa317522,720,unboxing on tech!,8372,493588,34,1748183883,99015,2062,8de738f8-4584-4768-8b2d-84ae66882d56
720,9df33518-e3fc-4509-ac4b-05c8fa317522,1080,challenge on travel!,0.0.0,,62,1751467083,55305,4376,71b0a622-f6ce-4916-888f-8c9a233e2e7b
720,9df33518-e3fc-4509-ac4b-05c8fa317522,0.0.0,reaction on fitness!,7996,241733,87,1750948683,311660,4504,b6a548ea-b418-4dda-b4b0-da37d0e5f641
1080,9df33518-e3fc-4509-ac4b-05c8fa317522,1080,reaction on tech!,9210,4156,179,1750775883,589038,1121,baded807-07fb-4b2e-9ddd-94ec6d08c941
720,9df33518-e3fc-4509-ac4b-05c8fa317522,720,unboxing on fitness!,3037,159782,157,1748443083,395674,2307,b7e67659-c759-48cc-ae06-212a4853700a
1080,9df33518-e3fc-4509-ac4b-05c8fa317522,1080,reaction on food!,2445,477863,25,1752417483,513646,3921,fec51434-b741-4ad9-8c3d-1b723e03b285
1080,9df33518-e3fc-4509-ac4b-05c8fa317522,NaN,review on fashion!,7278,NaN,67,1748443083,242860,2614,d2d95f68-d9c2-4ac3-86e2-aaed3daeff84
720,9df33518-e3fc-4509-ac4b-05c8fa317522,1080,reaction on travel!,3397,422944,49,1749652683,NaN,1127,8e8dc3b7-0b30-4752-b6b2-90b7d1135836
720,9df33518-e3fc-4509-ac4b-05c8fa317522,720,vlog on tech!,6277,265842,163,1751207883,?,1491,28f1b2f6-6b18-4a3d-9c92-b7781f04f263
720,9df33518-e3fc-4509-ac4b-05c8fa317522,1080,challenge on travel!,?,97075,105,1752763083,332459,2602,f6726530-7010-4c87-a537-5c2577bbc6c8
720,9df33518-e3fc-4509-ac4b-05c8fa317522,1080,review on travel!,1762,468903,163,1750516683,441221,4189,9887f9b6-7456-497f-9252-b9997a9d3af2
720,9df33518-e3fc-4509-ac4b-05c8fa317522,1080,challenge on travel!,0.0.0,244664,49,1752935883,385147,NaN,bedd68e1-08a8-43e5-9d93-cc7024a6f2f0
,9df33518-e3fc-4509-ac4b-05c8fa317522,1080,vlog on travel!,9230,496078,137,1750689483,135084,364,af3c8f61-4adb-46ff-95a0-512efd5e0793
1080,9df33518-e3fc-4509-ac4b-05c8fa317522,720,review on travel!,2661,?,105,1751553483,526888,?,c6574f0c-10ed-48d6-a8ee-744e7ffe651a
720,9df33518-e3fc-4509-ac4b-05c8fa317522,720,challenge on beauty!,211,212910,14,1751380683,974262,3371,9637db79-b503-4161-bf43-b8fcf868d665
720,9df33518-e3fc-4509-ac4b-05c8fa317522,720,vlog on tech!,1222,251877,84,1752417483,60717,584,23eeca98-f4e5-4587-bdd8-60a7b5774ec2
720,9df33518-e3fc-4509-ac4b-05c8fa317522,1080,unboxing on travel!,6141,440672,109,1752590283,486698,3825,9fecb239-4871-4f4c-8c4e-d6db64d34e14
1080,9df33518-e3fc-4509-ac4b-05c8fa317522,720,reaction on fitness!,6343,293126,18,1749479883,164875,1951,04ae5ce8-6f5a-40b6-806a-d5d25eec5326
1080,215a6dce-9d7e-4f91-b6e7-f2dba171ceba,1080,vlog on fashion!,,304018,NaN,1752158283,NaN,2287,942e26ef-f4a7-4ec6-83f1-99a9b45ece76
1080,215a6dce-9d7e-4f91-b6e7-f2dba171ceba,1080,unboxing on fitness!,2690,475873,93,1748615883,547684,4045,3cd2f67a-2e12-49f4-b681-7725daff3b6a
1080,215a6dce-9d7e-4f91-b6e7-f2dba171ceba,1080,review on beauty!,9128,361075,45,1748788683,460341,927,6886c976-fda4-42c6-9963-4c0cc6b899f8
720,215a6dce-9d7e-4f91-b6e7-f2dba171ceba,720,challenge on food!,9960,50181,101,1750775883,256626,2337,c8096275-cf0b-4fdb-9a40-55008d81eb86
720,215a6dce-9d7e-4f91-b6e7-f2dba171ceba,1080,unboxing on fashion!,2082,204033,104,1749998283,938085,NaN,30771abf-22b5-41dd-8220-16e51e60be49
720,215a6dce-9d7e-4f91-b6e7-f2dba171ceba,720,unboxing on travel!,6922,206757,176,1752676683,771237,2748,80212e07-b4d2-424a-8ecf-98107a738aa5
720,215a6dce-9d7e-4f91-b6e7-f2dba171ceba,1080,reaction on travel!,323,66942,165,1751639883,886969,2937,f00ca786-84c2-4756-a0b6-e1cdb069448d
720,215a6dce-9d7e-4f91-b6e7-f2dba171ceba,1080,reaction on fashion!,,67478,110,1751121483,903399,3435,d38db505-3233-4965-b08e-d41ea07e55ee
1080,215a6dce-9d7e-4f91-b6e7-f2dba171ceba,1080,challenge on food!,,,69,1747838283,204898,,ed9fd60b-1664-4817-95d0-bdc1df2f242f
1080,215a6dce-9d7e-4f91-b6e7-f2dba171ceba,1080,unboxing on fashion!,6402,153914,87,1748788683,885241,,9311d087-ce71-456b-b8c7-6819e7b96e35
720,215a6dce-9d7e-4f91-b6e7-f2dba171ceba,1080,unboxing on fitness!,7900,172352,92,1748615883,113436,3233,6c5cabe1-6976-4d65-a91f-768522ef1abb
720,215a6dce-9d7e-4f91-b6e7-f2dba171ceba,1080,review on fitness!,4622,0.0.0,14,1749911883,502309,2897,bc8d8fe4-23b7-404d-845d-be6bee5c5408
1080,215a6dce-9d7e-4f91-b6e7-f2dba171ceba,720,review on fashion!,2788,35762,172,1752331083,140861,2512,55df18a3-6dc4-4b0a-8465-c3c5ddecbd78
1080,215a6dce-9d7e-4f91-b6e7-f2dba171ceba,,review on travel!,7363,171304,105,1748615883,928701,4174,7e80e551-49c2-4f4c-9913-e6c0173e0d2c
720,215a6dce-9d7e-4f91-b6e7-f2dba171ceba,720,vlog on travel!,211,NaN,63,1752417483,74158,,174d5386-8814-4796-946d-3f438b60d54a
1080,215a6dce-9d7e-4f91-b6e7-f2dba171ceba,720,challenge on beauty!,2799,97272,33,1749911883,331691,3694,5931afb7-36f6-4450-bc1f-11fce6d57960
720,215a6dce-9d7e-4f91-b6e7-f2dba171ceba,1080,review on beauty!,7840,341522,31,1748011083,563337,802,4f4ee6a8-53eb-4b84-b2b6-d4dc2e10a611
720,215a6dce-9d7e-4f91-b6e7-f2dba171ceba,720,unboxing on fitness!,NaN,208413,122,1749047883,259934,NaN,7d04d3b0-da2c-4ea2-a000-3105b46764ac
720,215a6dce-9d7e-4f91-b6e7-f2dba171ceba,720,review on fitness!,4474,337477,143,1749220683,395173,549,fe1560ff-2d0d-4a63-971b-24f5a9197621
720,215a6dce-9d7e-4f91-b6e7-f2dba171ceba,720,reaction on tech!,8628,377331,131,1752590283,853888,766,d7bbd8e5-0339-4d76-a8c1-3cf3de251111
1080,215a6dce-9d7e-4f91-b6e7-f2dba171ceba,1080,vlog on beauty!,NaN,?,94,1748011083,764694,3808,91da857b-bdb9-4c4d-90f7-a741469f77b4
0.0.0,215a6dce-9d7e-4f91-b6e7-f2dba171ceba,1080,review on travel!,2583,?,0.0.0,1750948683,225339,4783,d1c04cbf-0af9-412a-a142-6d75a8679872
1080,215a6dce-9d7e-4f91-b6e7-f2dba171ceba,1080,challenge on food!,567,440607,69,1748443083,947113,783,2fe102d2-71eb-4db0-ac04-4dcd2e96f668
720,c3c4b1e3-4543-4e58-8b16-817809d0a552,1080,review on travel!,6228,0.0.0,72,1748097483,519549,1819,b265ea4b-dece-4cb0-924d-d48c5a0bbcba
1080,c3c4b1e3-4543-4e58-8b16-817809d0a552,720,review on fitness!,9786,131759,87,1750171083,52534,4558,83353f90-9c5d-4f9b-934b-c0b417046e10
1080,c3c4b1e3-4543-4e58-8b16-817809d0a552,720,reaction on beauty!,6256,?,174,1750862283,67723,1547,0a667e71-32c4-4887-97f6-96659420bb19
1080,c3c4b1e3-4543-4e58-8b16-817809d0a552,1080,vlog on fitness!,,50181,50,1752071883,827601,,a4b55c48-b926-4007-ab75-e4b40d77a7b8
720,c3c4b1e3-4543-4e58-8b16-817809d0a552,720,challenge on food!,6470,95355,53,1751467083,273637,1991,58e33d4d-f0cf-4307-ae94-02fc1ce7bbe6
720,c3c4b1e3-4543-4e58-8b16-817809d0a552,720,unboxing on beauty!,455,172750,53,1752763083,952684,?,b40b19dc-c6c3-45ed-9b86-d6d4fbbaec55
720,c3c4b1e3-4543-4e58-8b16-817809d0a552,720,reaction on food!,4961,0.0.0,151,1751467083,754074,1515,7c2ae8e8-f4ff-4072-8d51-374a1f178cde
0.0.0,c3c4b1e3-4543-4e58-8b16-817809d0a552,720,reaction on tech!,5009,412923,16,1753022283,767144,1641,067d700b-65d8-4ba4-9438-fe20697a7d36
1080,c3c4b1e3-4543-4e58-8b16-817809d0a552,720,challenge on fashion!,?,37426,51,1750343883,197543,1341,8df2bce8-3888-442b-a784-acfc7955d167
720,c3c4b1e3-4543-4e58-8b16-817809d0a552,720,challenge on fitness!,4409,166689,104,1752244683,542304,4960,78da6a47-b931-46c9-a803-61ece81fcba6
1080,c3c4b1e3-4543-4e58-8b16-817809d0a552,1080,unboxing on travel!,3427,13052,169,1752417483,269131,4566,6376df0c-6e71-4c5f-94c2-c6e1906fe119
720,c3c4b1e3-4543-4e58-8b16-817809d0a552,720,review on beauty!,8272,250888,129,1749220683,347367,1284,c9a51330-e807-433c-9ad9-d43760685d25
1080,c3c4b1e3-4543-4e58-8b16-817809d0a552,720,vlog on tech!,4999,118627,83,1752849483,733662,4461,93769739-9fa7-4675-a1af-754b008d2c87
720,,720,unboxing on fitness!,934,470463,134,1748702283,666063,3020,84ff515f-06aa-4057-a71c-a2409f6643e1
1080,c3c4b1e3-4543-4e58-8b16-817809d0a552,1080,challenge on fitness!,4406,337599,67,1750343883,700107,,5b574547-e18e-43b7-b0d5-d1ca6f2f5f04
1080,c3c4b1e3-4543-4e58-8b16-817809d0a552,720,challenge on fitness!,8286,NaN,96,1750343883,564969,252,0c1d01a0-78f8-4d6b-8f1b-8a00aa4babc1
1080,c3c4b1e3-4543-4e58-8b16-817809d0a552,1080,review on fitness!,6699,458071,74,1752935883,975434,399,2ac8fd36-266a-4425-a9ca-fe142e98323f
1080,1e52e427-9ff2-495d-aca6-7e0fb65c04c3,1080,unboxing on tech!,6421,177959,92,1750516683,482435,1237,2a61922e-90aa-4af2-b4ad-e5d1632495b7
720,1e52e427-9ff2-495d-aca6-7e0fb65c04c3,720,unboxing on fitness!,6261,176338,57,1749825483,479492,3150,035e44fa-d44d-4d68-9aec-91172c8fde67
720,1e52e427-9ff2-495d-aca6-7e0fb65c04c3,1080,unboxing on food!,3117,?,171,1750775883,123182,4840,a4537f77-4279-4a3c-b7af-69c7ed0fecef
720,1e52e427-9ff2-495d-aca6-7e0fb65c04c3,720,challenge on travel!,5374,122127,23,1753022283,49163,4554,2c159a27-56de-4fde-84b2-2169d43e58e6
1080,1e52e427-9ff2-495d-aca6-7e0fb65c04c3,720,review on food!,8251,372837,96,1751035083,967836,4770,5c69ef56-7bf7-49dd-bd5e-f1f6ca697e47
720,1e52e427-9ff2-495d-aca6-7e0fb65c04c3,1080,vlog on food!,2902,,111,1752590283,756461,2669,4b5c4795-814c-48c6-9737-20a2e1d82521
1080,1e52e427-9ff2-495d-aca6-7e0fb65c04c3,720,reaction on tech!,7353,?,146,1751899083,900045,4155,6f83cf04-d2f1-495b-894a-a9048bb500e8
1080,1e52e427-9ff2-495d-aca6-7e0fb65c04c3,1080,challenge on travel!,8838,380648,158,1752849483,106333,4275,fdcc1f75-fff9-41a9-8128-c201224e76f4
1080,1e52e427-9ff2-495d-aca6-7e0fb65c04c3,720,review on travel!,991,463209,125,1751380683,252330,4538,505d9e87-82d8-4f98-b263-c4c666947b18
720,1e52e427-9ff2-495d-aca6-7e0fb65c04c3,1080,vlog on fashion!,6682,69876,63,1751380683,795741,2456,064ccfb7-3b94-4ad7-a60c-51838a92f983
1080,1e52e427-9ff2-495d-aca6-7e0fb65c04c3,NaN,unboxing on fitness!,967,258615,30,1752935883,589443,4687,86f9be97-39d6-45cf-b682-66adf498eae3
720,1e52e427-9ff2-495d-aca6-7e0fb65c04c3,720,review on fashion!,2693,96646,NaN,1752849483,671688,1381,1b1a5a4e-d2cb-43a1-83d9-03d830aab8c1
,1e52e427-9ff2-495d-aca6-7e0fb65c04c3,720,unboxing on tech!,1131,231705,52,1747924683,943228,1147,d8c93da9-da7d-4361-abae-8d5994dd4e2b
720,1e52e427-9ff2-495d-aca6-7e0fb65c04c3,1080,vlog on fashion!,8284,44451,69,1751467083,784010,2354,762b996b-6387-4b5f-98d1-565dbeb87e2c
720,1e52e427-9ff2-495d-aca6-7e0fb65c04c3,720,review on beauty!,7327,,95,1752244683,493995,4533,08860558-b714-42fa-b478-e8f3bf26da7d
720,1e52e427-9ff2-495d-aca6-7e0fb65c04c3,1080,unboxing on beauty!,54,305398,92,1748356683,178622,3446,5812bbd1-8f8e-402e-8c97-2b468235e12c
720,1e52e427-9ff2-495d-aca6-7e0fb65c04c3,720,vlog on fitness!,6168,302066,114,1750689483,911219,900,587f622a-b8b2-43ea-9956-fede9571107b
1080,1e52e427-9ff2-495d-aca6-7e0fb65c04c3,1080,challenge on travel!,4804,,137,1752503883,654856,4829,1efac0a7-050a-42ec-95f6-ea0f9650ae10
1080,1e52e427-9ff2-495d-aca6-7e0fb65c04c3,720,reaction on travel!,,367584,103,1752849483,148236,946,8756f4fe-77bf-4e15-b9e8-5dd61b308548
720,1e52e427-9ff2-495d-aca6-7e0fb65c04c3,720,vlog on beauty!,3240,156786,127,1749739083,145895,1744,17d12d9f-7921-4683-a6b6-592742903789
720,1e52e427-9ff2-495d-aca6-7e0fb65c04c3,720,unboxing on travel!,3983,,119,1748961483,870335,3988,e03dce1e-627b-4c28-8691-c72eba8e8efe
1080,1e52e427-9ff2-495d-aca6-7e0fb65c04c3,1080,reaction on travel!,,24071,,1752503883,547076,2253,0fc57d2d-1282-4f6a-b8f7-72f8a7458059
1080,1e52e427-9ff2-495d-aca6-7e0fb65c04c3,720,review on fitness!,4287,219569,45,1752676683,185501,1185,c067a198-fad3-4010-b6ab-aeac67989f7c
1080,1e52e427-9ff2-495d-aca6-7e0fb65c04c3,1080,reaction on fitness!,7494,289897,107,1751639883,857428,2855,18290988-927b-478f-96a6-fd09d87a57c8
720,1e52e427-9ff2-495d-aca6-7e0fb65c04c3,720,review on travel!,5316,255190,10,1749998283,992715,1867,9dd44aa0-0e3c-4903-b928-80797603026c
1080,1e52e427-9ff2-495d-aca6-7e0fb65c04c3,720,vlog on beauty!,122,43184,38,1751985483,922676,4631,c66ad8cc-c97d-4bab-9bce-b24207643f15
1080,1e52e427-9ff2-495d-aca6-7e0fb65c04c3,1080,vlog on fashion!,887,77774,111,1752763083,192823,3883,891b4f6b-2a1e-4707-8ee3-04121ed35e9f
