width,creator_id,height,video_description,comment_count,like_count,duration,create_time,view_count,share_count,video_id
720.0,54c845c9-e0a1-4c1f-a498-3b5f1c966383,720.0,reaction on travel!,79.0,80154.0,168.0,1748443083.0,494478.7454455933,3339.0,4ad573ea-b5f8-4232-bf1f-0a52fb15372b
720.0,54c845c9-e0a1-4c1f-a498-3b5f1c966383,1080.0,unboxing on tech!,4999.513470681458,405778.0,36.0,1749911883.0,451241.0,1484.0,c14195b2-7499-4a17-b595-88ad714eb639
1080.0,54c845c9-e0a1-4c1f-a498-3b5f1c966383,1080.0,reaction on beauty!,4687.0,89147.0,44.0,1748875083.0,432844.0,2328.0,fb09b652-98ff-4e0e-9c8d-0b66edd9913b
720.0,54c845c9-e0a1-4c1f-a498-3b5f1c966383,1080.0,review on beauty!,7805.0,253113.63264767933,101.0,1750343883.0,494478.7454455933,3702.0,2864b264-2a85-431a-af90-e570a06c3167
1080.0,54c845c9-e0a1-4c1f-a498-3b5f1c966383,1080.0,unboxing on beauty!,4999.513470681458,342942.0,37.0,1753022283.0,455493.0,2747.0,36d3d35a-6dbe-48e4-8a2a-38a7f74ba021
1080.0,54c845c9-e0a1-4c1f-a498-3b5f1c966383,1080.0,challenge on travel!,1326.0,472471.0,35.0,1748011083.0,410904.0,4485.0,325abb36-a63c-41be-991a-ca40797761fc
1080.0,54c845c9-e0a1-4c1f-a498-3b5f1c966383,720.0,reaction on fashion!,4999.513470681458,357097.0,51.0,1748356683.0,771809.0,434.0,fe2ac8e3-541c-47ef-a90c-68fc86e4e0af
720.0,54c845c9-e0a1-4c1f-a498-3b5f1c966383,720.0,review on fitness!,3434.0,307570.0,10.0,1751899083.0,348276.0,762.0,68157706-8798-4d4a-88c5-d17ff577bfe9
1080.0,54c845c9-e0a1-4c1f-a498-3b5f1c966383,1080.0,review on travel!,9104.0,253113.63264767933,26.0,1750516683.0,732103.0,4662.0,b624dd8e-1c19-4f08-a7d6-94fa3d0ba54d
1080.0,54c845c9-e0a1-4c1f-a498-3b5f1c966383,1080.0,vlog on travel!,7508.0,13453.0,59.0,1752935883.0,100739.0,767.0,84abfed6-d76f-49cc-8bbd-e86a5e9dfa2c
1080.0,54c845c9-e0a1-4c1f-a498-3b5f1c966383,720.0,vlog on travel!,8764.0,163724.0,174.0,1749047883.0,690284.0,2886.0,b8b6f7a3-6ff0-46f7-b806-cba0827f37fb
1080.0,54c845c9-e0a1-4c1f-a498-3b5f1c966383,720.0,unboxing on fitness!,894.0,253113.63264767933,113.0,1751121483.0,467376.0,2806.0,6fc2cf3d-3f77-4b7e-9d21-899fc10feaf3
720.0,54c845c9-e0a1-4c1f-a498-3b5f1c966383,1080.0,reaction on tech!,501.0,253113.63264767933,121.0,1749307083.0,706444.0,479.0,80bceb49-5e65-4a00-a27f-0c4ed1e12f3b
1080.0,54c845c9-e0a1-4c1f-a498-3b5f1c966383,1080.0,review on food!,7093.0,93031.0,94.45944039501528,1751207883.0,859267.0,1028.0,45495106-ed0a-4a0f-8d3a-d761b0ce6e20
1080.0,54c845c9-e0a1-4c1f-a498-3b5f1c966383,1080.0,challenge on travel!,6634.0,340109.0,110.0,1749220683.0,494478.7454455933,3307.0,98c37ff6-7b4f-4098-855a-4ad05d1477f5
897.9699248120301,54c845c9-e0a1-4c1f-a498-3b5f1c966383,1080.0,unboxing on fitness!,4999.513470681458,160424.0,106.0,1749479883.0,317115.0,1148.0,275f181c-5634-4182-b617-929ef67b3bc5
897.9699248120301,54c845c9-e0a1-4c1f-a498-3b5f1c966383,720.0,challenge on fashion!,8393.0,366450.0,30.0,1749825483.0,624507.0,3350.0,b35cc896-65c6-4ef3-ac03-e4aab9505bab
720.0,54c845c9-e0a1-4c1f-a498-3b5f1c966383,1080.0,reaction on beauty!,4999.513470681458,470377.0,72.0,1751294283.0,494478.7454455933,4329.0,5dfe4c56-9ffc-4dca-8f92-b7187c215beb
1080.0,54c845c9-e0a1-4c1f-a498-3b5f1c966383,720.0,reaction on beauty!,8985.0,7409.0,64.0,1748788683.0,171986.0,1680.0,0307e248-afb2-437d-95e3-1143324d1569
897.9699248120301,54c845c9-e0a1-4c1f-a498-3b5f1c966383,1080.0,review on beauty!,6375.0,253113.63264767933,153.0,1748011083.0,906453.0,4830.0,c106bc5e-fb35-4e71-b0c4-290b7221350c
897.9699248120301,54c845c9-e0a1-4c1f-a498-3b5f1c966383,896.6165413533835,reaction on tech!,3884.0,124634.0,128.0,1749998283.0,608367.0,940.0,a9c3fbe3-809b-4e20-8b24-56e1534fd15b
720.0,54c845c9-e0a1-4c1f-a498-3b5f1c966383,720.0,vlog on fitness!,5458.0,222360.0,94.45944039501528,1751467083.0,282749.0,72.0,511175ca-0870-41cf-929f-0cb6fe8d1942
720.0,54c845c9-e0a1-4c1f-a498-3b5f1c966383,720.0,review on tech!,8680.0,32503.0,102.0,1750257483.0,89040.0,986.0,bc2e0735-c878-4f57-bf95-aaeadf33ce8c
720.0,54c845c9-e0a1-4c1f-a498-3b5f1c966383,1080.0,challenge on fitness!,7506.0,253113.63264767933,93.0,1752849483.0,193103.0,1544.0,2ed5fe1e-7150-4b00-9973-273695a0f8fb
1080.0,54c845c9-e0a1-4c1f-a498-3b5f1c966383,1080.0,challenge on food!,8925.0,90514.0,143.0,1752849483.0,730970.0,2906.0,966f994f-ce35-45c3-bd21-2e81fbeac6f4
897.9699248120301,54c845c9-e0a1-4c1f-a498-3b5f1c966383,720.0,review on travel!,4501.0,441970.0,97.0,1751726283.0,761798.0,3711.0,be707dd2-7d20-4cd7-817b-4e1e82c9757b
1080.0,54c845c9-e0a1-4c1f-a498-3b5f1c966383,720.0,unboxing on fashion!,3861.0,167944.0,37.0,1750516683.0,513288.0,854.0,ce0c8b0b-d6e1-4f96-a6d2-b02df2509b4f
1080.0,25c4ef1e-7cbf-4a69-956b-ffff60a1edd5,1080.0,challenge on food!,240.0,465233.0,56.0,1752503883.0,56512.0,4545.0,4da6a662-2c76-408f-b3da-bb9d50f315c3
720.0,25c4ef1e-7cbf-4a69-956b-ffff60a1edd5,720.0,vlog on fashion!,3431.0,341491.0,128.0,1751294283.0,444591.0,4356.0,0f5db5d9-b1f8-4f14-b269-eeaa1705b404
720.0,25c4ef1e-7cbf-4a69-956b-ffff60a1edd5,1080.0,challenge on tech!,4999.513470681458,367943.0,164.0,1748961483.0,138273.0,464.0,107ce313-fa4b-464b-92e6-97c55589abfe
720.0,25c4ef1e-7cbf-4a69-956b-ffff60a1edd5,1080.0,vlog on tech!,2252.0,380750.0,20.0,1750084683.0,144116.0,522.0,bd7c277b-5ec4-4432-aa1d-f51e0cce668d
1080.0,25c4ef1e-7cbf-4a69-956b-ffff60a1edd5,720.0,vlog on fitness!,6872.0,253113.63264767933,87.0,1750862283.0,409887.0,3650.0,fdbaab06-8ac7-420c-8b6c-b8bd71569e1f
720.0,25c4ef1e-7cbf-4a69-956b-ffff60a1edd5,1080.0,reaction on fitness!,4999.513470681458,12763.0,133.0,1752417483.0,257857.0,1854.0,e96199a7-11f4-48e1-989e-612f13a71e22
720.0,25c4ef1e-7cbf-4a69-956b-ffff60a1edd5,1080.0,review on food!,1936.0,270530.0,157.0,1750689483.0,179582.0,834.0,f4cd4d81-34d2-4f17-a19f-cade3dd4f09b
720.0,25c4ef1e-7cbf-4a69-956b-ffff60a1edd5,1080.0,unboxing on beauty!,4233.0,130998.0,19.0,1749047883.0,226479.0,2188.0,67873809-a532-43f3-b0f8-d15ef75e85e9
720.0,25c4ef1e-7cbf-4a69-956b-ffff60a1edd5,896.6165413533835,challenge on beauty!,8867.0,58284.0,20.0,1749566283.0,544836.0,2222.0,4c739bb1-c8ec-4a45-9f21-8a0c6083f3b4
720.0,25c4ef1e-7cbf-4a69-956b-ffff60a1edd5,720.0,challenge on fashion!,7613.0,368243.0,94.45944039501528,1750343883.0,129917.0,2069.0,49e13121-1b65-45b0-97ab-a93f7e40b37b
720.0,25c4ef1e-7cbf-4a69-956b-ffff60a1edd5,1080.0,unboxing on beauty!,5836.0,125661.0,40.0,1753022283.0,449940.0,1721.0,d5f7cbb0-006a-4e08-940a-1fcfa553ecf0
1080.0,25c4ef1e-7cbf-4a69-956b-ffff60a1edd5,1080.0,reaction on fitness!,5481.0,84917.0,33.0,1749825483.0,494478.7454455933,4236.0,4bba0288-0ee2-48b2-b8f1-590e9c1da268
1080.0,25c4ef1e-7cbf-4a69-956b-ffff60a1edd5,1080.0,vlog on food!,4649.0,183801.0,50.0,1749134283.0,868527.0,3999.0,c7624eaf-d92a-49f1-853a-f0efc9dd2db4
720.0,25c4ef1e-7cbf-4a69-956b-ffff60a1edd5,720.0,vlog on beauty!,4003.0,151110.0,90.0,1748875083.0,494478.7454455933,2998.0,d842da6e-8321-4e1c-950c-38cf216ad341
1080.0,25c4ef1e-7cbf-4a69-956b-ffff60a1edd5,1080.0,reaction on fitness!,142.0,253113.63264767933,73.0,1752676683.0,577732.0,243.0,f64096d4-d145-4b73-9b51-af9b2dd4fd76
720.0,25c4ef1e-7cbf-4a69-956b-ffff60a1edd5,720.0,vlog on travel!,6277.0,109845.0,24.0,1749652683.0,955490.0,2175.0,3e32f731-b523-457d-b84b-000445523634
1080.0,25c4ef1e-7cbf-4a69-956b-ffff60a1edd5,896.6165413533835,reaction on food!,4999.513470681458,11998.0,74.0,1752244683.0,926095.0,14.0,2f7153a7-431e-4f98-b154-b84c496bc458
720.0,25c4ef1e-7cbf-4a69-956b-ffff60a1edd5,720.0,unboxing on fitness!,9047.0,472959.0,79.0,1750689483.0,458747.0,1776.0,83e08ff6-30de-42d3-b207-c2fbec17e967
1080.0,25c4ef1e-7cbf-4a69-956b-ffff60a1edd5,1080.0,challenge on fashion!,1626.0,121521.0,94.45944039501528,1748097483.0,555316.0,4268.0,749e6a21-485e-439a-9fc5-57090ad71edb
1080.0,25c4ef1e-7cbf-4a69-956b-ffff60a1edd5,1080.0,unboxing on travel!,4931.0,471167.0,50.0,1749307083.0,666448.0,2535.6222222222223,33e5f9ff-ba6b-4f21-8a34-d4b22e33f57e
720.0,25c4ef1e-7cbf-4a69-956b-ffff60a1edd5,720.0,reaction on beauty!,2338.0,140164.0,165.0,1749393483.0,198467.0,995.0,641249a2-41f8-4470-92b9-47cf8085719e
1080.0,25c4ef1e-7cbf-4a69-956b-ffff60a1edd5,720.0,vlog on beauty!,1227.0,292070.0,149.0,1747838283.0,221237.0,2884.0,52c8ca32-6dd1-41cd-8da1-651c6ce04982
720.0,25c4ef1e-7cbf-4a69-956b-ffff60a1edd5,720.0,unboxing on food!,5600.0,253113.63264767933,92.0,1747838283.0,747550.0,1002.0,1a5f41c3-1bb1-4769-898f-2ffd7e1a4c62
1080.0,25c4ef1e-7cbf-4a69-956b-ffff60a1edd5,720.0,challenge on fashion!,3983.0,490850.0,61.0,1748961483.0,340580.0,2120.0,77239311-f922-49c7-ba7f-5372e9540d63
1080.0,25c4ef1e-7cbf-4a69-956b-ffff60a1edd5,720.0,unboxing on fashion!,4999.513470681458,9086.0,170.0,1750257483.0,57564.0,2446.0,4bb15824-6423-47b4-bcf2-635fc4f7e7f5
720.0,25c4ef1e-7cbf-4a69-956b-ffff60a1edd5,720.0,reaction on tech!,1394.0,472310.0,118.0,1749998283.0,563119.0,846.0,f61ce08f-ce51-4c3f-8e29-00bab3181b1c
720.0,25c4ef1e-7cbf-4a69-956b-ffff60a1edd5,1080.0,review on fashion!,5038.0,253113.63264767933,41.0,1751726283.0,499510.0,2658.0,f947a433-44e0-43c6-a042-18256a2bb8cb
720.0,25c4ef1e-7cbf-4a69-956b-ffff60a1edd5,896.6165413533835,reaction on beauty!,4999.513470681458,105612.0,145.0,1752676683.0,702507.0,4481.0,394e20d8-73c2-461a-abdf-ddf7bd94a3ac
1080.0,8d671101-5462-42fa-9652-3b01351ae912,720.0,vlog on food!,6659.0,136118.0,169.0,1752244683.0,533826.0,1052.0,b979c6e6-313e-4bfa-be99-deccb4f3bb98
720.0,8d671101-5462-42fa-9652-3b01351ae912,720.0,challenge on travel!,2833.0,206532.0,60.0,1748615883.0,115482.0,1452.0,2fb0d993-aa5b-42ce-88a9-4c7ed0f93c76
1080.0,8d671101-5462-42fa-9652-3b01351ae912,720.0,reaction on beauty!,2065.0,292763.0,172.0,1751467083.0,898962.0,1852.0,3d4e9322-8cdc-4f13-8c60-8af773a0d636
720.0,8d671101-5462-42fa-9652-3b01351ae912,720.0,review on food!,4999.513470681458,368698.0,74.0,1748788683.0,804948.0,2114.0,3c19a59f-7e7f-4ddb-89e7-b74a8f19ecbb
1080.0,8d671101-5462-42fa-9652-3b01351ae912,1080.0,reaction on fashion!,221.0,151589.0,15.0,1749393483.0,494478.7454455933,3297.0,7bb298d2-fed3-423c-ace4-8584bc19f4a7
720.0,8d671101-5462-42fa-9652-3b01351ae912,720.0,vlog on travel!,6255.0,253113.63264767933,95.0,1749393483.0,369608.0,1737.0,092b279b-b7c5-423e-8c35-f08f8e326198
1080.0,8d671101-5462-42fa-9652-3b01351ae912,1080.0,unboxing on beauty!,4999.513470681458,344188.0,37.0,1748788683.0,776458.0,4806.0,ce4ed480-a24f-427f-a040-033a9ee3835d
897.9699248120301,8d671101-5462-42fa-9652-3b01351ae912,1080.0,review on food!,6822.0,313554.0,132.0,1748529483.0,494478.7454455933,2535.6222222222223,c97b4944-a13f-4457-9255-2d0a36fb3495
1080.0,8d671101-5462-42fa-9652-3b01351ae912,1080.0,review on fitness!,9893.0,197986.0,169.0,1748270283.0,494478.7454455933,2535.6222222222223,b5901899-adf3-42ea-a75e-b0aa3f99603a
720.0,8d671101-5462-42fa-9652-3b01351ae912,1080.0,reaction on food!,3345.0,253113.63264767933,39.0,1752503883.0,578673.0,4887.0,db0565eb-1c71-4291-babd-0d55dfaeca5f
1080.0,8d671101-5462-42fa-9652-3b01351ae912,720.0,unboxing on fitness!,9396.0,419439.0,158.0,1752935883.0,494478.7454455933,3182.0,3ebde1c2-7288-4373-b37e-1a4c7e0cf1b2
720.0,8d671101-5462-42fa-9652-3b01351ae912,1080.0,reaction on tech!,8453.0,198821.0,92.0,1748443083.0,870242.0,2694.0,36a17360-0453-4b1e-a6c7-6770a8132981
720.0,8d671101-5462-42fa-9652-3b01351ae912,720.0,review on fitness!,8363.0,253113.63264767933,144.0,1753022283.0,732968.0,101.0,d3ec77d6-5322-40b5-9fa8-f317c4a4da0e
897.9699248120301,8d671101-5462-42fa-9652-3b01351ae912,1080.0,unboxing on food!,4841.0,253113.63264767933,25.0,1749134283.0,341752.0,2535.6222222222223,920faaa8-c29e-4f4d-99f0-2f02b8d03200
720.0,8d671101-5462-42fa-9652-3b01351ae912,720.0,reaction on fashion!,835.0,475521.0,88.0,1751207883.0,327472.0,2286.0,738d9146-e6a3-4c88-8e54-254e3a5f7085
1080.0,8d671101-5462-42fa-9652-3b01351ae912,720.0,unboxing on beauty!,6072.0,398455.0,73.0,1751639883.0,494478.7454455933,3358.0,d578a37c-fb78-4ac6-98c0-45e918c29ab8
720.0,7ef7d968-0779-44aa-9019-409de5cfcae9,720.0,unboxing on fashion!,8362.0,150923.0,94.0,1749393483.0,888796.0,2889.0,66c4f734-0e2d-4ba0-a94f-93f90c5ed20c
1080.0,7ef7d968-0779-44aa-9019-409de5cfcae9,720.0,vlog on fitness!,4999.513470681458,388622.0,128.0,1752244683.0,813700.0,4985.0,11a73307-fea6-40a8-b5e5-36ba9fced4ed
720.0,7ef7d968-0779-44aa-9019-409de5cfcae9,1080.0,review on travel!,7327.0,419350.0,25.0,1749393483.0,308251.0,3985.0,9e47afd0-dfcf-46a7-a21c-05779ab53c12
720.0,7ef7d968-0779-44aa-9019-409de5cfcae9,1080.0,vlog on tech!,2137.0,35746.0,176.0,1749393483.0,760110.0,7.0,431b42f7-e826-43b4-b79f-5cb29c8624b8
720.0,7ef7d968-0779-44aa-9019-409de5cfcae9,720.0,vlog on fitness!,9352.0,177319.0,133.0,1748183883.0,494478.7454455933,4082.0,a8605de0-6d80-4a5b-a9a5-c5386a1f6e31
1080.0,7ef7d968-0779-44aa-9019-409de5cfcae9,720.0,challenge on beauty!,4526.0,56827.0,39.0,1750171083.0,317858.0,4236.0,cac4013e-c81b-4eb2-927d-79dcff6093b7
1080.0,7ef7d968-0779-44aa-9019-409de5cfcae9,720.0,challenge on tech!,5023.0,177541.0,84.0,1749739083.0,415079.0,3537.0,d99b9f5f-3685-409c-b31a-58b4786f9483
1080.0,7ef7d968-0779-44aa-9019-409de5cfcae9,1080.0,challenge on tech!,7783.0,412877.0,14.0,1749739083.0,684894.0,308.0,e2e1df36-13c8-4a88-8367-77564e28e7e0
1080.0,7ef7d968-0779-44aa-9019-409de5cfcae9,1080.0,challenge on tech!,4547.0,366595.0,111.0,1751380683.0,653451.0,3573.0,8e792893-4e09-419f-bf64-c88b4137a0a2
720.0,7ef7d968-0779-44aa-9019-409de5cfcae9,720.0,reaction on food!,482.0,397873.0,20.0,1751467083.0,70305.0,3558.0,911eb379-4d10-4dda-8d92-9cb3effa800b
720.0,7ef7d968-0779-44aa-9019-409de5cfcae9,1080.0,challenge on fashion!,9527.0,253113.63264767933,51.0,1749393483.0,540977.0,3366.0,ac264089-0032-41cc-881e-6e047452da22
1080.0,7ef7d968-0779-44aa-9019-409de5cfcae9,1080.0,vlog on beauty!,7673.0,435214.0,94.45944039501528,1750775883.0,860014.0,2473.0,3e028f23-d293-4721-af1b-27275450701f
720.0,7ef7d968-0779-44aa-9019-409de5cfcae9,720.0,review on beauty!,4999.513470681458,159683.0,79.0,1749479883.0,713092.0,2106.0,d40053d0-4c23-4cc9-88c4-0b55f9d0a9b6
1080.0,7ef7d968-0779-44aa-9019-409de5cfcae9,1080.0,unboxing on travel!,1064.0,295379.0,61.0,1752331083.0,132296.0,4297.0,70ac0625-1c0a-4a5d-bbb5-b8020b6c01ac
720.0,7ef7d968-0779-44aa-9019-409de5cfcae9,1080.0,challenge on tech!,6095.0,253113.63264767933,141.0,1748011083.0,771443.0,891.0,e19888ec-d071-48f9-9288-6aea81a10549
1080.0,7ef7d968-0779-44aa-9019-409de5cfcae9,1080.0,challenge on food!,5483.0,253113.63264767933,177.0,1747838283.0,782599.0,2495.0,1bdf5e7e-8f28-429c-bf8d-8be6d5937278
1080.0,7ef7d968-0779-44aa-9019-409de5cfcae9,1080.0,vlog on beauty!,3981.0,253113.63264767933,94.45944039501528,1753022283.0,196974.0,1748.0,1badede4-0454-4cea-a1dc-7934a9eecc0c
1080.0,7ef7d968-0779-44aa-9019-409de5cfcae9,720.0,challenge on travel!,7095.0,63347.0,165.0,1753022283.0,935158.0,4883.0,63c08d62-7ede-4a86-b74b-6f98078bb864
897.9699248120301,7ef7d968-0779-44aa-9019-409de5cfcae9,1080.0,vlog on beauty!,3347.0,253113.63264767933,39.0,1748875083.0,886843.0,1165.0,8a3eed05-ca9d-4890-ac5b-7724d2c346be
1080.0,7ef7d968-0779-44aa-9019-409de5cfcae9,1080.0,vlog on beauty!,9721.0,234960.0,19.0,1752503883.0,189174.0,1168.0,3ad99254-68f3-4ba2-84c0-f53f60c5ddfd
720.0,7ef7d968-0779-44aa-9019-409de5cfcae9,1080.0,unboxing on beauty!,5815.0,319054.0,138.0,1747924683.0,40583.0,382.0,a193847e-a82f-47f1-9ef0-2bdbc779f26b
1080.0,7ef7d968-0779-44aa-9019-409de5cfcae9,720.0,challenge on fashion!,6002.0,390868.0,67.0,1753022283.0,472414.0,2535.6222222222223,9e14a276-3d88-4730-9025-f5ad5993dcb0
1080.0,a98043a6-757e-4d8e-84cd-eb69677402a5,1080.0,vlog on fashion!,1209.0,253113.63264767933,94.45944039501528,1752763083.0,105398.0,502.0,5191d777-22bb-4dd1-84fd-d7a6bf719911
1080.0,a98043a6-757e-4d8e-84cd-eb69677402a5,720.0,reaction on fitness!,3793.0,253113.63264767933,89.0,1751294283.0,730311.0,4929.0,9df10708-602f-432b-b0de-63533e132946
1080.0,a98043a6-757e-4d8e-84cd-eb69677402a5,1080.0,challenge on travel!,4285.0,229819.0,40.0,1748443083.0,398128.0,2152.0,780087d1-2542-424c-8ef4-2d67441935d7
1080.0,a98043a6-757e-4d8e-84cd-eb69677402a5,720.0,unboxing on fitness!,5988.0,34530.0,43.0,1749307083.0,379128.0,3717.0,a68f6b27-9c50-4906-87fa-9122d447e4b7
720.0,a98043a6-757e-4d8e-84cd-eb69677402a5,720.0,challenge on beauty!,2808.0,246986.0,113.0,1749911883.0,681793.0,238.0,2b94c10b-97e2-4e2f-9c01-e82a28dda479
1080.0,a98043a6-757e-4d8e-84cd-eb69677402a5,1080.0,unboxing on beauty!,6352.0,54898.0,156.0,1751812683.0,935539.0,2535.6222222222223,c592c82a-0938-4368-8c62-d03e0f3a7551
1080.0,a98043a6-757e-4d8e-84cd-eb69677402a5,1080.0,unboxing on travel!,3184.0,269618.0,75.0,1750343883.0,964314.0,664.0,f5c4df94-3554-4ab8-a09f-11241b5747b7
720.0,a98043a6-757e-4d8e-84cd-eb69677402a5,1080.0,challenge on travel!,6152.0,253113.63264767933,39.0,1750948683.0,721890.0,4854.0,f3824cdc-5f7e-49ec-b6a0-e4658ce47f0b
720.0,a98043a6-757e-4d8e-84cd-eb69677402a5,1080.0,vlog on travel!,6593.0,81615.0,109.0,1752763083.0,162266.0,1523.0,a11d4e93-5851-4e32-b71d-2305a3cc1c6d
1080.0,a98043a6-757e-4d8e-84cd-eb69677402a5,896.6165413533835,review on fitness!,1430.0,253113.63264767933,46.0,1749652683.0,314664.0,2707.0,e47315eb-2498-4483-b41f-41b422d6a91e
720.0,a98043a6-757e-4d8e-84cd-eb69677402a5,896.6165413533835,vlog on food!,8671.0,442263.0,172.0,1750257483.0,831842.0,4109.0,309b6f4f-9419-4972-8311-e1a21fd2fdad
1080.0,a98043a6-757e-4d8e-84cd-eb69677402a5,1080.0,unboxing on fashion!,564.0,74890.0,30.0,1748702283.0,194126.0,1659.0,5261bd99-2d36-48ee-888d-6ff2eed4fccf
720.0,a98043a6-757e-4d8e-84cd-eb69677402a5,1080.0,unboxing on food!,6272.0,328909.0,170.0,1748183883.0,403676.0,3268.0,a3c04a0b-cf56-4eca-9bcb-9fddec6f02e7
1080.0,a98043a6-757e-4d8e-84cd-eb69677402a5,720.0,review on tech!,6799.0,292473.0,20.0,1748183883.0,524844.0,2559.0,e5ad1ef0-8385-467f-a7f9-0a14bb764a75
720.0,a98043a6-757e-4d8e-84cd-eb69677402a5,720.0,vlog on food!,1746.0,390831.0,178.0,1749911883.0,930314.0,668.0,4fddf1f6-9e49-448a-9501-49542f6ed17f
720.0,a98043a6-757e-4d8e-84cd-eb69677402a5,720.0,challenge on fitness!,4999.513470681458,284764.0,94.45944039501528,1750171083.0,934303.0,4978.0,2a409947-89f8-4611-8b9c-075e2d8671a5
1080.0,a98043a6-757e-4d8e-84cd-eb69677402a5,1080.0,vlog on tech!,910.0,469725.0,169.0,1750171083.0,494478.7454455933,3427.0,977a6976-ec7c-4708-9499-7d98ce3658dd
1080.0,a98043a6-757e-4d8e-84cd-eb69677402a5,720.0,reaction on tech!,1091.0,253113.63264767933,94.45944039501528,1752331083.0,239686.0,2046.0,999e799a-4264-404a-ac65-6b54e13d303f
1080.0,a98043a6-757e-4d8e-84cd-eb69677402a5,720.0,challenge on travel!,3456.0,245421.0,17.0,1748443083.0,584960.0,3922.0,c474534d-0bbc-4563-bc47-c6eb09352976
720.0,a98043a6-757e-4d8e-84cd-eb69677402a5,1080.0,unboxing on food!,6985.0,334921.0,94.45944039501528,1750343883.0,868567.0,2535.6222222222223,24af9dc3-6493-4f82-beb0-59fcf195129d
720.0,a98043a6-757e-4d8e-84cd-eb69677402a5,720.0,unboxing on travel!,9693.0,235906.0,26.0,1751294283.0,961463.0,1261.0,59137894-fe72-4c03-be10-03b78994d795
1080.0,a98043a6-757e-4d8e-84cd-eb69677402a5,720.0,reaction on beauty!,4999.513470681458,253113.63264767933,11.0,1748529483.0,50235.0,2535.6222222222223,f50e77c8-8ab3-44c9-878f-18e3994424e9
720.0,b7945511-7688-442e-8795-99b90ed33e15,720.0,challenge on fitness!,2233.0,253113.63264767933,76.0,1751467083.0,2912.0,2043.0,dfacc408-02ee-403c-95f4-b6fab75b0bce
1080.0,b7945511-7688-442e-8795-99b90ed33e15,1080.0,unboxing on fitness!,5848.0,57943.0,98.0,1748011083.0,494478.7454455933,1691.0,f09b6e45-8da7-408f-b5ff-2aa44417e38d
720.0,b7945511-7688-442e-8795-99b90ed33e15,1080.0,challenge on travel!,9269.0,253113.63264767933,93.0,1751553483.0,111105.0,577.0,bf7ff3cf-7470-4999-bc2d-b12f495fedd8
1080.0,b7945511-7688-442e-8795-99b90ed33e15,720.0,unboxing on food!,8565.0,494426.0,175.0,1749825483.0,494478.7454455933,4804.0,f28d76d9-d5e9-4fad-acc0-e50701fa5c3f
720.0,b7945511-7688-442e-8795-99b90ed33e15,720.0,review on food!,33.0,99661.0,43.0,1750430283.0,667523.0,715.0,19fa6893-9e52-4841-bbc6-bdc0050fdfaa
720.0,b7945511-7688-442e-8795-99b90ed33e15,720.0,unboxing on food!,2842.0,204985.0,26.0,1748788683.0,776108.0,2472.0,dd43dc24-a9a4-42a2-8e0d-88f0b0f26111
1080.0,b7945511-7688-442e-8795-99b90ed33e15,1080.0,review on travel!,5880.0,253113.63264767933,131.0,1751985483.0,809299.0,3998.0,c1a194a6-ec7f-46ab-86fd-b374387b3eae
720.0,b7945511-7688-442e-8795-99b90ed33e15,720.0,review on fitness!,2160.0,240013.0,61.0,1749911883.0,98782.0,4862.0,01b89d03-f270-4d22-9852-67bb351c8aef
1080.0,b7945511-7688-442e-8795-99b90ed33e15,720.0,vlog on fashion!,1664.0,253113.63264767933,54.0,1751899083.0,40170.0,2832.0,87c34c33-b0f4-4d32-bede-0f14426869ec
1080.0,b7945511-7688-442e-8795-99b90ed33e15,1080.0,review on food!,8050.0,253113.63264767933,123.0,1749393483.0,290657.0,4591.0,bc42f101-ab4e-460e-a5d6-f505ae845cd7
1080.0,b7945511-7688-442e-8795-99b90ed33e15,1080.0,challenge on food!,4458.0,126270.0,139.0,1751467083.0,494478.7454455933,1412.0,25ab6dc7-a255-4b11-bd63-2f56d19ce0cb
1080.0,b7945511-7688-442e-8795-99b90ed33e15,1080.0,challenge on beauty!,6442.0,105713.0,106.0,1751207883.0,992567.0,191.0,88f7ba9f-dccb-44bd-84a8-9f56ac507a35
720.0,b7945511-7688-442e-8795-99b90ed33e15,1080.0,review on tech!,309.0,253113.63264767933,52.0,1748356683.0,619849.0,2535.6222222222223,2dd9ea57-d730-4087-a89f-1fb675fb7d51
1080.0,b7945511-7688-442e-8795-99b90ed33e15,720.0,reaction on fitness!,3929.0,444755.0,144.0,1750603083.0,113021.0,3994.0,6898e065-97f6-4f43-a9a9-3966fa27f5d1
897.9699248120301,b7945511-7688-442e-8795-99b90ed33e15,896.6165413533835,reaction on tech!,2891.0,253113.63264767933,20.0,1749479883.0,333194.0,4457.0,df4fe57d-925a-4041-a6a1-a165b10bd437
897.9699248120301,b7945511-7688-442e-8795-99b90ed33e15,720.0,reaction on tech!,2634.0,253113.63264767933,94.45944039501528,1750084683.0,523038.0,4818.0,85837239-0535-4bf4-b098-808716747f39
1080.0,b7945511-7688-442e-8795-99b90ed33e15,1080.0,reaction on fitness!,7535.0,267434.0,36.0,1751812683.0,845055.0,992.0,e1bdbc4c-b00c-475f-b29e-7c0d33dd020d
720.0,b7945511-7688-442e-8795-99b90ed33e15,720.0,unboxing on fashion!,5489.0,253113.63264767933,94.45944039501528,1749220683.0,646215.0,2008.0,b4a306c8-3dcb-46e6-9acf-efb7d25c0cbb
1080.0,b7945511-7688-442e-8795-99b90ed33e15,1080.0,vlog on travel!,7985.0,341266.0,125.0,1751899083.0,999814.0,2535.6222222222223,ebeb5e9a-c8eb-4762-957c-deb714878de7
720.0,b7945511-7688-442e-8795-99b90ed33e15,1080.0,challenge on tech!,9639.0,253113.63264767933,176.0,1752331083.0,232273.0,2535.6222222222223,3daedb96-2787-43ba-900c-d211a4577490
720.0,b7945511-7688-442e-8795-99b90ed33e15,1080.0,unboxing on fashion!,4999.513470681458,423214.0,153.0,1748011083.0,274370.0,1926.0,40edb0a9-2ded-4a2d-bb22-c3a0994077ca
1080.0,b7945511-7688-442e-8795-99b90ed33e15,720.0,challenge on beauty!,9416.0,226552.0,136.0,1748356683.0,423441.0,437.0,f0c3fa57-b69d-4d9f-9475-60933e8702f6
1080.0,b7945511-7688-442e-8795-99b90ed33e15,720.0,reaction on travel!,2106.0,253113.63264767933,84.0,1748788683.0,698148.0,2535.6222222222223,a8471f46-5ebf-44a2-a109-2fb9af618340
897.9699248120301,b7945511-7688-442e-8795-99b90ed33e15,720.0,review on travel!,4999.513470681458,46483.0,43.0,1749479883.0,494478.7454455933,4808.0,b316942a-6418-46cb-86de-824b3e1c432d
720.0,b7945511-7688-442e-8795-99b90ed33e15,1080.0,unboxing on tech!,4999.513470681458,176929.0,167.0,1750516683.0,166933.0,3340.0,9432e816-3a78-4087-8eb2-0ca1450e0d73
720.0,b7945511-7688-442e-8795-99b90ed33e15,720.0,review on tech!,3901.0,443756.0,124.0,1748615883.0,144097.0,1171.0,6762b37e-133e-456a-9355-a5bae744d60c
720.0,b7945511-7688-442e-8795-99b90ed33e15,720.0,review on beauty!,4999.513470681458,454444.0,12.0,1752071883.0,225545.0,3997.0,594db655-ad51-4237-be03-de4985944ebb
720.0,bf935ec7-d76a-459d-bb79-6d1617c1d1af,1080.0,vlog on beauty!,9732.0,351480.0,41.0,1751380683.0,494478.7454455933,4078.0,8fe4303e-4b69-4e1b-bd4e-722a7b945264
1080.0,bf935ec7-d76a-459d-bb79-6d1617c1d1af,1080.0,review on travel!,2560.0,396585.0,126.0,1748961483.0,746040.0,943.0,f369de10-89d8-41fc-9c86-250dd36c6b3e
720.0,bf935ec7-d76a-459d-bb79-6d1617c1d1af,720.0,unboxing on beauty!,8148.0,137550.0,168.0,1747838283.0,345585.0,4923.0,efb207b9-0fc6-4e4e-b259-5197a8edaef6
720.0,bf935ec7-d76a-459d-bb79-6d1617c1d1af,1080.0,vlog on fashion!,4999.513470681458,479625.0,93.0,1752417483.0,677497.0,4816.0,a771b172-b4ab-4139-aec3-b648584790b2
1080.0,bf935ec7-d76a-459d-bb79-6d1617c1d1af,720.0,unboxing on fitness!,2307.0,436496.0,169.0,1750171083.0,382482.0,2068.0,8b4d9ff8-0666-4c99-8f6b-c7ee50267310
720.0,bf935ec7-d76a-459d-bb79-6d1617c1d1af,1080.0,reaction on beauty!,6785.0,408404.0,88.0,1753022283.0,722261.0,1524.0,ec9180b3-7888-4f9d-b6e6-53f77cb65688
1080.0,bf935ec7-d76a-459d-bb79-6d1617c1d1af,1080.0,vlog on fashion!,4999.513470681458,117638.0,34.0,1752763083.0,525359.0,830.0,cb572758-807c-4b2d-8f61-e444ba8cb48c
1080.0,bf935ec7-d76a-459d-bb79-6d1617c1d1af,1080.0,unboxing on beauty!,6296.0,200409.0,94.45944039501528,1747838283.0,455540.0,2931.0,cee29e9e-28c1-4405-b65b-e057f92b6920
720.0,bf935ec7-d76a-459d-bb79-6d1617c1d1af,896.6165413533835,reaction on tech!,6633.0,253113.63264767933,178.0,1752763083.0,494478.7454455933,1752.0,67e85fe7-de01-4444-897b-27ae24044084
1080.0,bf935ec7-d76a-459d-bb79-6d1617c1d1af,720.0,vlog on food!,4999.513470681458,167388.0,145.0,1748183883.0,65907.0,953.0,b46c0184-2ad0-4328-b133-1275e0f8e234
720.0,bf935ec7-d76a-459d-bb79-6d1617c1d1af,1080.0,unboxing on fashion!,5443.0,225412.0,111.0,1748961483.0,996936.0,2380.0,d110dcdf-8167-4ae3-900b-641e251f738f
1080.0,bf935ec7-d76a-459d-bb79-6d1617c1d1af,1080.0,unboxing on tech!,4116.0,178322.0,85.0,1749479883.0,578678.0,2535.6222222222223,85d2e816-c22d-4ecf-b913-e09e5bda633a
720.0,bf935ec7-d76a-459d-bb79-6d1617c1d1af,1080.0,reaction on fashion!,7479.0,410366.0,57.0,1750948683.0,301358.0,2565.0,51c7b8ff-a0f8-4957-a7f7-efd3b0179fdc
1080.0,bf935ec7-d76a-459d-bb79-6d1617c1d1af,720.0,reaction on food!,6975.0,336314.0,93.0,1751294283.0,824309.0,2535.6222222222223,c15ad8ff-4674-483b-8dbc-5aefd983e19b
897.9699248120301,bf935ec7-d76a-459d-bb79-6d1617c1d1af,720.0,vlog on beauty!,8104.0,339216.0,72.0,1751121483.0,932593.0,669.0,21d36da4-9e01-4fb8-bbbb-45c84caf485e
720.0,bf935ec7-d76a-459d-bb79-6d1617c1d1af,1080.0,reaction on travel!,3111.0,292663.0,94.45944039501528,1747838283.0,201008.0,4156.0,2ff9f79b-c4b8-4f40-a706-a93200f0065e
720.0,bf935ec7-d76a-459d-bb79-6d1617c1d1af,720.0,vlog on fitness!,4999.513470681458,253113.63264767933,34.0,1751985483.0,217476.0,4644.0,d4a6ebf8-05cf-4a21-859c-0737c8970120
1080.0,bf935ec7-d76a-459d-bb79-6d1617c1d1af,720.0,unboxing on tech!,5201.0,268070.0,58.0,1751035083.0,986102.0,3940.0,8c456004-0289-44f8-affc-a202b511bcb9
720.0,bf935ec7-d76a-459d-bb79-6d1617c1d1af,1080.0,vlog on tech!,9135.0,344465.0,94.45944039501528,1748443083.0,263466.0,173.0,bd5b9965-f9a7-4273-85e8-e7af9322b746
1080.0,bf935ec7-d76a-459d-bb79-6d1617c1d1af,720.0,unboxing on fashion!,1139.0,253113.63264767933,121.0,1750343883.0,342984.0,1557.0,4bb4ee23-f24f-422a-bbf9-a55a082eafa5
720.0,bf935ec7-d76a-459d-bb79-6d1617c1d1af,1080.0,reaction on fitness!,4999.513470681458,253113.63264767933,54.0,1752763083.0,19679.0,3353.0,554bf368-b732-4c5b-8807-daceab351fdb
1080.0,bf935ec7-d76a-459d-bb79-6d1617c1d1af,720.0,review on tech!,3054.0,36035.0,127.0,1748788683.0,896664.0,3413.0,a8aa8ec0-0ed7-4621-bf36-14bab09dfc0b
1080.0,bf935ec7-d76a-459d-bb79-6d1617c1d1af,720.0,vlog on fashion!,6868.0,278587.0,81.0,1750948683.0,36694.0,2469.0,d13c3a01-2d07-4f95-b825-2b890c635e62
1080.0,bf935ec7-d76a-459d-bb79-6d1617c1d1af,1080.0,review on fitness!,3241.0,3088.0,100.0,1752331083.0,223274.0,1066.0,c6942c4d-bd70-4213-84c5-cf8c49921905
897.9699248120301,485fcadd-a716-48a2-a1d0-833af92f5535,896.6165413533835,unboxing on fashion!,8143.0,473527.0,50.0,1750257483.0,318456.0,845.0,174d20dc-2a2f-4335-a4d0-be6e08ed0d2a
720.0,485fcadd-a716-48a2-a1d0-833af92f5535,1080.0,challenge on food!,5459.0,438174.0,10.0,1752244683.0,838148.0,2227.0,82779212-6d93-410b-a046-bc4dd3b8e363
1080.0,485fcadd-a716-48a2-a1d0-833af92f5535,720.0,reaction on food!,2199.0,48168.0,82.0,1752935883.0,575980.0,1256.0,2743ee4e-7d08-4dd0-8cc9-105b9647368d
720.0,485fcadd-a716-48a2-a1d0-833af92f5535,1080.0,challenge on travel!,5897.0,55608.0,94.45944039501528,1750084683.0,342155.0,1899.0,409d9c96-6fcd-4046-bb74-3fc34bc02ffd
720.0,485fcadd-a716-48a2-a1d0-833af92f5535,896.6165413533835,challenge on tech!,4999.513470681458,481515.0,30.0,1751812683.0,986408.0,71.0,e6a43956-ba20-4166-a4af-7dd7420dc25f
1080.0,485fcadd-a716-48a2-a1d0-833af92f5535,1080.0,unboxing on travel!,2507.0,360881.0,24.0,1750775883.0,863433.0,1506.0,a191fd80-926d-400d-a580-926e6c64e9c9
1080.0,485fcadd-a716-48a2-a1d0-833af92f5535,720.0,review on beauty!,4999.513470681458,253113.63264767933,116.0,1751553483.0,494478.7454455933,3313.0,14bd956c-ad12-4b0a-aa62-deac160f182c
1080.0,485fcadd-a716-48a2-a1d0-833af92f5535,1080.0,review on travel!,717.0,309837.0,113.0,1749307083.0,494478.7454455933,2535.6222222222223,21964282-c4b4-4815-a9e0-fc42183a918c
720.0,485fcadd-a716-48a2-a1d0-833af92f5535,720.0,unboxing on travel!,5188.0,198070.0,128.0,1748011083.0,651627.0,1809.0,373bb870-c6fe-4a4d-ad7a-5e80e334eb36
720.0,485fcadd-a716-48a2-a1d0-833af92f5535,1080.0,review on food!,2059.0,355689.0,120.0,1752676683.0,906638.0,4443.0,65aaaae0-8a41-47be-afcd-cd9db930b59c
720.0,485fcadd-a716-48a2-a1d0-833af92f5535,720.0,reaction on tech!,474.0,253113.63264767933,104.0,1749307083.0,720868.0,93.0,98bf53a6-714e-4fe3-bfe9-c3237682d540
1080.0,485fcadd-a716-48a2-a1d0-833af92f5535,1080.0,unboxing on food!,1337.0,240553.0,71.0,1751639883.0,507141.0,973.0,b6842cbf-6afd-4bb5-ade1-685717eb5e0d
720.0,485fcadd-a716-48a2-a1d0-833af92f5535,1080.0,review on fitness!,4102.0,81526.0,101.0,1750516683.0,880882.0,4679.0,563a96bd-9ba7-4ba2-8cdd-59061d0278c7
720.0,485fcadd-a716-48a2-a1d0-833af92f5535,896.6165413533835,vlog on travel!,1514.0,268532.0,20.0,1750689483.0,494478.7454455933,4287.0,42f5d117-1a7e-43e5-b543-f426970ecf75
1080.0,485fcadd-a716-48a2-a1d0-833af92f5535,720.0,unboxing on tech!,4999.513470681458,253113.63264767933,120.0,1751553483.0,13167.0,4316.0,ab623318-a346-4e02-ba73-9bf80a669e40
720.0,485fcadd-a716-48a2-a1d0-833af92f5535,896.6165413533835,reaction on fitness!,8672.0,408593.0,175.0,1750516683.0,800036.0,4538.0,c60cde0b-ff1b-4e7b-bd62-22de5c418b19
1080.0,485fcadd-a716-48a2-a1d0-833af92f5535,1080.0,reaction on food!,9227.0,338998.0,146.0,1751553483.0,786152.0,3690.0,d9ce07b0-be24-4575-8080-e9c0f6db11e6
720.0,485fcadd-a716-48a2-a1d0-833af92f5535,1080.0,reaction on food!,7526.0,253113.63264767933,163.0,1751467083.0,734777.0,2779.0,a024976c-d6b6-42b5-9ade-cfb44a9df93c
1080.0,485fcadd-a716-48a2-a1d0-833af92f5535,1080.0,vlog on fashion!,4999.513470681458,13387.0,161.0,1751467083.0,247551.0,2023.0,320189b3-a89f-498f-8d15-526467cd6d83
720.0,d7ad4bdf-ef7c-448e-968d-8b79fc1e241c,720.0,reaction on food!,3546.0,253113.63264767933,19.0,1752503883.0,494478.7454455933,2236.0,efe23bb0-7231-41ff-94fa-5a116d94c91e
1080.0,d7ad4bdf-ef7c-448e-968d-8b79fc1e241c,1080.0,reaction on food!,4477.0,259132.0,165.0,1752590283.0,189902.0,2535.6222222222223,39f52183-cfe0-4810-b42c-01b84456e236
1080.0,d7ad4bdf-ef7c-448e-968d-8b79fc1e241c,720.0,challenge on beauty!,3314.0,253113.63264767933,105.0,1752676683.0,566035.0,731.0,c1d10f8d-3def-49ae-9dab-c737940da7af
1080.0,d7ad4bdf-ef7c-448e-968d-8b79fc1e241c,1080.0,vlog on food!,4999.513470681458,7512.0,94.45944039501528,1749825483.0,137459.0,3032.0,58b1aacd-875d-4e8f-b5f9-aefe955d9d39
1080.0,d7ad4bdf-ef7c-448e-968d-8b79fc1e241c,896.6165413533835,challenge on beauty!,3953.0,167839.0,151.0,1749393483.0,794180.0,189.0,c120499b-c5ed-416c-881d-6e17e6b9f95c
720.0,d7ad4bdf-ef7c-448e-968d-8b79fc1e241c,1080.0,vlog on tech!,4999.513470681458,241351.0,146.0,1749825483.0,372671.0,3534.0,141ebec4-db3c-4ceb-848f-3617ebef3562
720.0,d7ad4bdf-ef7c-448e-968d-8b79fc1e241c,1080.0,vlog on fitness!,3235.0,253113.63264767933,18.0,1750343883.0,271069.0,4845.0,d800c82d-5e42-4641-b8c2-2741d935c018
720.0,d7ad4bdf-ef7c-448e-968d-8b79fc1e241c,720.0,review on travel!,2432.0,28946.0,169.0,1748702283.0,6591.0,3144.0,d62c7544-0543-4daa-adc8-cf5f975cf51b
720.0,d7ad4bdf-ef7c-448e-968d-8b79fc1e241c,720.0,reaction on beauty!,5192.0,434473.0,99.0,1750775883.0,218802.0,2535.6222222222223,999a09ed-0cc9-41e0-b0bd-e60a0bc67305
1080.0,d7ad4bdf-ef7c-448e-968d-8b79fc1e241c,720.0,review on travel!,7907.0,295873.0,116.0,1751726283.0,596503.0,3188.0,af51c8ef-291b-491d-911b-267e66b9aea8
720.0,d7ad4bdf-ef7c-448e-968d-8b79fc1e241c,720.0,challenge on fitness!,7854.0,352827.0,128.0,1749566283.0,389614.0,2779.0,76ee0f8a-2808-41bc-8a70-6a2a466b1010
1080.0,d7ad4bdf-ef7c-448e-968d-8b79fc1e241c,720.0,reaction on tech!,9949.0,216183.0,59.0,1748011083.0,737237.0,4243.0,0aca7cc9-d889-4871-89f4-0d6efd8bfb3e
1080.0,d7ad4bdf-ef7c-448e-968d-8b79fc1e241c,1080.0,reaction on beauty!,1452.0,80821.0,92.0,1748011083.0,226837.0,3422.0,05c851ab-e466-49cd-bf8f-33e4457b24e5
1080.0,d7ad4bdf-ef7c-448e-968d-8b79fc1e241c,720.0,challenge on fitness!,4090.0,82460.0,109.0,1751726283.0,527811.0,3650.0,70514759-1ed8-45e1-a948-3fdc10e733e1
897.9699248120301,d7ad4bdf-ef7c-448e-968d-8b79fc1e241c,720.0,unboxing on fitness!,9321.0,17769.0,121.0,1747838283.0,894560.0,2535.6222222222223,c105fd7e-6ba3-45bf-b6eb-80a7b8bfa4ae
720.0,97aa9797-2f3f-43bb-ba1b-70a6e2a3a2b2,720.0,unboxing on tech!,852.0,175987.0,94.45944039501528,1753022283.0,789267.0,600.0,c20091e6-47f0-433a-bf36-8746947ed99f
720.0,97aa9797-2f3f-43bb-ba1b-70a6e2a3a2b2,1080.0,reaction on travel!,815.0,278941.0,62.0,1752590283.0,553688.0,4719.0,f71d2546-8116-4327-8431-008dc584c135
720.0,97aa9797-2f3f-43bb-ba1b-70a6e2a3a2b2,1080.0,reaction on tech!,636.0,253113.63264767933,93.0,1749479883.0,879504.0,2558.0,a8a1e718-b9d4-4273-b4b8-39948b364ec4
1080.0,97aa9797-2f3f-43bb-ba1b-70a6e2a3a2b2,720.0,reaction on tech!,2084.0,446575.0,64.0,1748270283.0,607183.0,3001.0,539d73f7-8ab7-4696-aa6c-5077e5b21392
1080.0,97aa9797-2f3f-43bb-ba1b-70a6e2a3a2b2,1080.0,reaction on beauty!,5475.0,466145.0,137.0,1750084683.0,74340.0,2535.6222222222223,9c47a042-386f-41de-8fb0-7c72317a4792
1080.0,97aa9797-2f3f-43bb-ba1b-70a6e2a3a2b2,1080.0,vlog on travel!,3904.0,189057.0,76.0,1749479883.0,494478.7454455933,2692.0,d9c319a4-23f3-4f7f-a298-3fd7c31288dc
720.0,97aa9797-2f3f-43bb-ba1b-70a6e2a3a2b2,1080.0,vlog on tech!,6214.0,228501.0,17.0,1749307083.0,723409.0,2795.0,86378db9-009c-45dc-a5c3-9390f9329e92
1080.0,97aa9797-2f3f-43bb-ba1b-70a6e2a3a2b2,720.0,unboxing on beauty!,4646.0,235714.0,19.0,1749652683.0,881971.0,1798.0,7aaae24c-9b02-4d76-8a20-ae913236972a
720.0,97aa9797-2f3f-43bb-ba1b-70a6e2a3a2b2,720.0,reaction on food!,7997.0,253113.63264767933,49.0,1750084683.0,601579.0,3394.0,501e571d-e762-4893-9f31-7783d6cf1d64
1080.0,97aa9797-2f3f-43bb-ba1b-70a6e2a3a2b2,720.0,review on fashion!,6620.0,290003.0,60.0,1752158283.0,9572.0,4686.0,08c9d71a-a60d-4d3a-89c0-0d1790648710
720.0,97aa9797-2f3f-43bb-ba1b-70a6e2a3a2b2,720.0,unboxing on tech!,3520.0,253113.63264767933,16.0,1753022283.0,494478.7454455933,2535.6222222222223,bc5664af-9450-4430-a047-39b3394917b5
720.0,97aa9797-2f3f-43bb-ba1b-70a6e2a3a2b2,720.0,challenge on fitness!,938.0,236533.0,84.0,1748183883.0,861338.0,3485.0,c7fe81fb-8a3c-4136-9227-b8bbb1a6f867
1080.0,97aa9797-2f3f-43bb-ba1b-70a6e2a3a2b2,720.0,review on beauty!,3627.0,366806.0,41.0,1749998283.0,123579.0,1712.0,730181f8-45a2-451f-8f41-56995e237861
720.0,97aa9797-2f3f-43bb-ba1b-70a6e2a3a2b2,720.0,challenge on tech!,4999.513470681458,255430.0,107.0,1747924683.0,534470.0,1289.0,18e4bd0d-bcad-4ad5-8ec5-e44a16c6d100
1080.0,97aa9797-2f3f-43bb-ba1b-70a6e2a3a2b2,1080.0,unboxing on fitness!,1964.0,417213.0,146.0,1747924683.0,725517.0,1915.0,c647d9f7-89bf-4104-a343-51ec626a453b
720.0,97aa9797-2f3f-43bb-ba1b-70a6e2a3a2b2,1080.0,challenge on fitness!,4999.513470681458,145635.0,92.0,1749566283.0,713448.0,3478.0,41a4c605-bd8b-4afc-848b-d30f702c486c
1080.0,97aa9797-2f3f-43bb-ba1b-70a6e2a3a2b2,720.0,reaction on tech!,4999.513470681458,1845.0,67.0,1747924683.0,8174.0,2042.0,af299e2d-eb56-4e64-acc0-fd4ce3ca8a0b
720.0,97aa9797-2f3f-43bb-ba1b-70a6e2a3a2b2,1080.0,unboxing on food!,1009.0,201086.0,67.0,1749911883.0,494478.7454455933,2809.0,050ebfd6-5b35-4b1b-a591-64738e634f98
720.0,97aa9797-2f3f-43bb-ba1b-70a6e2a3a2b2,1080.0,reaction on beauty!,4903.0,58374.0,98.0,1752244683.0,957726.0,1099.0,4cdda16e-66e7-4a19-8718-d534d149a5e8
720.0,97aa9797-2f3f-43bb-ba1b-70a6e2a3a2b2,1080.0,vlog on travel!,4597.0,253113.63264767933,131.0,1748961483.0,851989.0,718.0,a9905385-4672-474a-bd5e-bda7a0df9579
1080.0,97aa9797-2f3f-43bb-ba1b-70a6e2a3a2b2,720.0,review on fitness!,2495.0,341705.0,36.0,1751121483.0,656106.0,4099.0,cbf607a9-fda7-42df-b894-8f6543f2285e
720.0,97aa9797-2f3f-43bb-ba1b-70a6e2a3a2b2,1080.0,review on fashion!,8816.0,490487.0,69.0,1748875083.0,676038.0,1093.0,0ed5d1b5-bd5b-4d32-b086-f6475661eff5
897.9699248120301,97aa9797-2f3f-43bb-ba1b-70a6e2a3a2b2,896.6165413533835,review on food!,3990.0,51544.0,40.0,1748011083.0,558593.0,973.0,d2be95d6-ae4b-4079-8f77-9c1e67b473c9
720.0,97aa9797-2f3f-43bb-ba1b-70a6e2a3a2b2,1080.0,unboxing on travel!,9279.0,65667.0,86.0,1752158283.0,305332.0,2535.6222222222223,5fdaedcc-9582-4417-8a03-617888b81ca6
1080.0,9791c974-f052-4167-8ed1-58407d9c7e86,720.0,reaction on fitness!,1554.0,387300.0,175.0,1749134283.0,400747.0,1816.0,47f30c7e-acbe-465e-b1b7-f8372bc68c11
1080.0,9791c974-f052-4167-8ed1-58407d9c7e86,1080.0,unboxing on fashion!,4999.513470681458,71905.0,115.0,1749134283.0,794559.0,3382.0,b0123e46-e084-4ce1-9310-54e50076cf57
897.9699248120301,9791c974-f052-4167-8ed1-58407d9c7e86,1080.0,vlog on fitness!,5249.0,253113.63264767933,94.45944039501528,1753022283.0,260880.0,3041.0,df0d9bc8-c410-4ad8-9d10-ab7eac72b5e4
720.0,9791c974-f052-4167-8ed1-58407d9c7e86,1080.0,reaction on food!,2586.0,244908.0,102.0,1752331083.0,632344.0,2546.0,c0183e53-98ac-4d99-ae6d-6e930ec6a0d5
720.0,9791c974-f052-4167-8ed1-58407d9c7e86,1080.0,review on food!,2657.0,253113.63264767933,154.0,1749998283.0,51403.0,4661.0,907c9a38-472f-4cd9-8c9b-1e0ee9ab8f54
720.0,9791c974-f052-4167-8ed1-58407d9c7e86,1080.0,vlog on tech!,3122.0,109070.0,136.0,1751639883.0,383648.0,2613.0,16e6b876-79f0-4496-ac03-039c5ddb5c21
1080.0,9791c974-f052-4167-8ed1-58407d9c7e86,1080.0,reaction on tech!,2974.0,275020.0,153.0,1752158283.0,920780.0,2448.0,b05f1dc3-4a91-4a0f-a842-75d181674f43
720.0,9791c974-f052-4167-8ed1-58407d9c7e86,720.0,review on travel!,4930.0,445261.0,148.0,1747924683.0,557416.0,2241.0,c6829eb7-0eb5-4677-a1c8-28300bce1bd2
1080.0,9791c974-f052-4167-8ed1-58407d9c7e86,720.0,challenge on travel!,7753.0,253113.63264767933,167.0,1752071883.0,243746.0,1824.0,8460ab44-9807-48c5-994f-3db496c9acf9
1080.0,9791c974-f052-4167-8ed1-58407d9c7e86,1080.0,unboxing on food!,4999.513470681458,224759.0,69.0,1750775883.0,421546.0,4979.0,f053c0d3-cc6c-465f-8c0d-1f5bcd5a1c16
1080.0,9791c974-f052-4167-8ed1-58407d9c7e86,1080.0,challenge on travel!,3344.0,493465.0,156.0,1749307083.0,286047.0,3817.0,8e9ae63e-1c0a-4c6c-8d85-54446a82a12f
1080.0,9791c974-f052-4167-8ed1-58407d9c7e86,896.6165413533835,unboxing on fitness!,8178.0,15876.0,153.0,1749566283.0,17675.0,2535.6222222222223,daa4bffa-0245-4731-9206-84da07f46b84
1080.0,9791c974-f052-4167-8ed1-58407d9c7e86,720.0,unboxing on fitness!,5354.0,153647.0,119.0,1751207883.0,237666.0,988.0,7c43f73c-7ac5-4683-a751-dea225239a75
720.0,9791c974-f052-4167-8ed1-58407d9c7e86,720.0,vlog on food!,7192.0,385606.0,165.0,1749134283.0,120653.0,495.0,35072b63-40c7-402f-b9c4-6c2922504c28
720.0,9791c974-f052-4167-8ed1-58407d9c7e86,1080.0,review on travel!,9693.0,351760.0,110.0,1749998283.0,164045.0,720.0,eb1d1c79-8e9a-4b9d-a2c3-2afb3e15a62f
720.0,9791c974-f052-4167-8ed1-58407d9c7e86,1080.0,review on tech!,4999.513470681458,228023.0,35.0,1747838283.0,336587.0,2535.6222222222223,358814d4-4e8d-4fa9-be5e-1634523fce35
1080.0,9791c974-f052-4167-8ed1-58407d9c7e86,720.0,reaction on food!,1486.0,262103.0,117.0,1751639883.0,356483.0,1979.0,ab51acc5-d0e0-408b-8336-357d2f66a483
1080.0,9791c974-f052-4167-8ed1-58407d9c7e86,720.0,vlog on travel!,5444.0,81317.0,172.0,1748615883.0,939734.0,497.0,352f2930-4558-4df7-b4fe-c7044bf0d3be
1080.0,9791c974-f052-4167-8ed1-58407d9c7e86,720.0,reaction on tech!,2104.0,382100.0,169.0,1750430283.0,66461.0,4818.0,d15ad892-0e80-4a69-992a-f9c22ffd4bc0
1080.0,9791c974-f052-4167-8ed1-58407d9c7e86,1080.0,reaction on travel!,3328.0,432164.0,126.0,1749825483.0,716225.0,3533.0,60b7f958-bbb0-40be-9bf8-de96d7ad1dda
720.0,9791c974-f052-4167-8ed1-58407d9c7e86,896.6165413533835,unboxing on tech!,8909.0,154045.0,74.0,1751294283.0,190368.0,1775.0,39a8a207-f40c-4038-9ef0-f5143f765fb9
1080.0,9791c974-f052-4167-8ed1-58407d9c7e86,720.0,vlog on food!,2098.0,382251.0,157.0,1752503883.0,774069.0,305.0,29e6aa39-a1bf-430f-8a91-c7eedb4ff670
1080.0,9791c974-f052-4167-8ed1-58407d9c7e86,720.0,vlog on travel!,4999.513470681458,295714.0,94.45944039501528,1748702283.0,44415.0,4706.0,b0df07a7-db3e-48af-9a51-ec6a0b7e16b5
720.0,9791c974-f052-4167-8ed1-58407d9c7e86,1080.0,reaction on food!,8037.0,135139.0,30.0,1752590283.0,760470.0,726.0,d14d7845-7e20-4180-acdd-9effa63905f9
1080.0,9791c974-f052-4167-8ed1-58407d9c7e86,1080.0,challenge on fashion!,8513.0,34357.0,140.0,1750775883.0,891780.0,2264.0,9981fd71-ed6d-412c-9a88-0cce9a025024
1080.0,9791c974-f052-4167-8ed1-58407d9c7e86,720.0,reaction on fitness!,5754.0,220732.0,159.0,1750603083.0,963072.0,194.0,b4ce51f7-4e5c-46d7-a5b4-b04b9f3a0860
1080.0,c8990055-a1cd-454f-aecc-6662ef91fd4a,1080.0,challenge on travel!,2055.0,403193.0,71.0,1749479883.0,393370.0,2873.0,fc9a5af4-1e92-4a9a-bf66-eda1e63a7597
720.0,c8990055-a1cd-454f-aecc-6662ef91fd4a,1080.0,unboxing on fashion!,9716.0,393548.0,155.0,1750775883.0,770137.0,1561.0,f39830fa-6a81-4e5f-958c-8ce016aee07f
1080.0,c8990055-a1cd-454f-aecc-6662ef91fd4a,720.0,vlog on travel!,9092.0,81040.0,52.0,1749652683.0,362167.0,1219.0,a58ce09e-f73b-4732-a67a-a8d2480b6b1b
720.0,c8990055-a1cd-454f-aecc-6662ef91fd4a,720.0,challenge on food!,7308.0,423865.0,153.0,1750689483.0,988442.0,1012.0,ac3ca4ef-6f69-4b4c-89d3-3b58b1e698be
1080.0,c8990055-a1cd-454f-aecc-6662ef91fd4a,720.0,review on travel!,3136.0,280481.0,107.0,1750689483.0,726394.0,1596.0,bcfd79c5-8a0d-45e4-8dfb-278c26eda153
1080.0,c8990055-a1cd-454f-aecc-6662ef91fd4a,720.0,review on fitness!,6030.0,165092.0,98.0,1748356683.0,143028.0,627.0,c2124e28-b08d-44c7-80e9-d88528119b8e
720.0,c8990055-a1cd-454f-aecc-6662ef91fd4a,1080.0,challenge on fitness!,9207.0,253113.63264767933,75.0,1751035083.0,316140.0,4889.0,20e1ba30-f403-43cc-b02f-2e10c891b6c6
720.0,c8990055-a1cd-454f-aecc-6662ef91fd4a,1080.0,review on food!,925.0,135761.0,132.0,1750948683.0,931675.0,2122.0,b0307de8-2268-447e-8e7a-5c6985527312
720.0,c8990055-a1cd-454f-aecc-6662ef91fd4a,1080.0,reaction on fashion!,4759.0,166472.0,80.0,1752071883.0,322660.0,2535.6222222222223,db6f035b-2915-44a3-81be-3472d8eb5690
720.0,c8990055-a1cd-454f-aecc-6662ef91fd4a,720.0,unboxing on tech!,168.0,423580.0,178.0,1752676683.0,297953.0,1794.0,9ff0d7b5-6a1e-4295-978d-c8918820f775
1080.0,c8990055-a1cd-454f-aecc-6662ef91fd4a,720.0,vlog on tech!,9127.0,341960.0,153.0,1749047883.0,229890.0,1804.0,dbd80cbf-aa15-45cd-b913-35d3dedc6fa7
1080.0,c8990055-a1cd-454f-aecc-6662ef91fd4a,720.0,vlog on beauty!,4999.513470681458,327971.0,46.0,1752158283.0,390623.0,2535.6222222222223,5df150f5-3de3-46cb-8dc7-6899974425b0
720.0,c8990055-a1cd-454f-aecc-6662ef91fd4a,1080.0,vlog on beauty!,1481.0,448034.0,114.0,1748875083.0,630856.0,2535.6222222222223,1749b738-46b7-422d-a20a-37329aad89ea
1080.0,c8990055-a1cd-454f-aecc-6662ef91fd4a,720.0,reaction on tech!,974.0,361804.0,58.0,1752849483.0,494478.7454455933,739.0,41930786-ae60-4f5f-a1dd-88522c3ecffe
720.0,c8990055-a1cd-454f-aecc-6662ef91fd4a,1080.0,review on tech!,4999.513470681458,454746.0,111.0,1752244683.0,663854.0,4116.0,912148da-1324-4c35-957c-7d413a8ed4f3
720.0,c8990055-a1cd-454f-aecc-6662ef91fd4a,1080.0,reaction on travel!,4339.0,409790.0,159.0,1749220683.0,245689.0,1687.0,a5a8a613-85a4-4aaa-b8fc-b3912b408c74
720.0,c8990055-a1cd-454f-aecc-6662ef91fd4a,1080.0,unboxing on travel!,9129.0,219403.0,94.45944039501528,1749652683.0,679699.0,4468.0,bd447bc1-8863-42a8-b278-d00ef651dcc6
720.0,c8990055-a1cd-454f-aecc-6662ef91fd4a,720.0,unboxing on beauty!,2239.0,249595.0,53.0,1749307083.0,465732.0,2973.0,027aa1fe-46ab-4626-86fe-4fffcdec3f2f
720.0,c8990055-a1cd-454f-aecc-6662ef91fd4a,720.0,unboxing on travel!,3647.0,177813.0,30.0,1750516683.0,660949.0,2535.6222222222223,e07c51f5-46b2-493d-aa01-bcb01a9b5b8f
720.0,c8990055-a1cd-454f-aecc-6662ef91fd4a,720.0,reaction on fashion!,4999.513470681458,386075.0,154.0,1752676683.0,276090.0,4471.0,143becde-b844-41d3-b9fc-59f94f425b6c
1080.0,c8990055-a1cd-454f-aecc-6662ef91fd4a,720.0,unboxing on fashion!,6992.0,180877.0,81.0,1752071883.0,929557.0,2745.0,69799548-e1e9-443d-8319-91105180fe9a
720.0,c8990055-a1cd-454f-aecc-6662ef91fd4a,720.0,challenge on fashion!,53.0,253113.63264767933,151.0,1748788683.0,494478.7454455933,4980.0,0e03f393-6ada-4550-a447-660b72b8dbcf
720.0,6c08497b-24cc-4143-b6dc-1de429fb9ca0,1080.0,unboxing on fitness!,7057.0,253113.63264767933,146.0,1752071883.0,246305.0,2009.0,cc956dac-80c6-41ff-bbf6-dba9fe7b5bf6
720.0,6c08497b-24cc-4143-b6dc-1de429fb9ca0,720.0,reaction on fitness!,7377.0,121416.0,167.0,1747838283.0,333948.0,1402.0,69571333-2c40-4a38-b33d-a326b3378b82
720.0,6c08497b-24cc-4143-b6dc-1de429fb9ca0,1080.0,challenge on fashion!,4999.513470681458,451548.0,49.0,1750084683.0,710478.0,2880.0,d501b4f0-860d-4d56-ab4d-12691905c73b
720.0,6c08497b-24cc-4143-b6dc-1de429fb9ca0,1080.0,review on beauty!,2217.0,195344.0,155.0,1750775883.0,494478.7454455933,2535.6222222222223,0029f5f0-25ae-4640-bf5e-9b882a85474d
720.0,6c08497b-24cc-4143-b6dc-1de429fb9ca0,720.0,challenge on travel!,1747.0,486345.0,25.0,1749134283.0,815074.0,2535.6222222222223,25f58b98-8459-4c0c-afdf-d817300f3cc2
720.0,6c08497b-24cc-4143-b6dc-1de429fb9ca0,1080.0,vlog on fitness!,4999.513470681458,477551.0,103.0,1749911883.0,494478.7454455933,1448.0,3551a0c7-213e-4103-b210-737a06f0d1d8
1080.0,6c08497b-24cc-4143-b6dc-1de429fb9ca0,720.0,unboxing on food!,7015.0,317130.0,89.0,1752763083.0,337816.0,3209.0,aabf83f6-8b14-4394-a1c8-d7c7d81c99cd
720.0,6c08497b-24cc-4143-b6dc-1de429fb9ca0,720.0,vlog on fashion!,16.0,450443.0,128.0,1750343883.0,247100.0,4652.0,d8d6318e-6054-4d81-a341-c92fff3955f9
720.0,6c08497b-24cc-4143-b6dc-1de429fb9ca0,896.6165413533835,unboxing on fashion!,4999.513470681458,326840.0,11.0,1748529483.0,140305.0,2156.0,35e66c47-6d67-4fc5-9bb9-64680bcad69a
1080.0,6c08497b-24cc-4143-b6dc-1de429fb9ca0,720.0,challenge on tech!,7007.0,495841.0,110.0,1751121483.0,760948.0,4177.0,fa80b14c-e0ec-4c37-8bb1-bc2af653cc22
720.0,6c08497b-24cc-4143-b6dc-1de429fb9ca0,720.0,reaction on travel!,2554.0,383973.0,41.0,1750948683.0,359891.0,3320.0,3a0a3536-86bf-4c59-b11e-af585c16ad79
720.0,6c08497b-24cc-4143-b6dc-1de429fb9ca0,720.0,vlog on travel!,2581.0,419829.0,62.0,1752849483.0,360849.0,1735.0,9946ef96-92c8-4061-9fb1-a4171e5940c1
720.0,6c08497b-24cc-4143-b6dc-1de429fb9ca0,720.0,review on food!,2568.0,159383.0,155.0,1749479883.0,33169.0,2386.0,88f1aa6c-031a-4dfe-b510-cf133e89002c
1080.0,6c08497b-24cc-4143-b6dc-1de429fb9ca0,1080.0,unboxing on beauty!,2977.0,421761.0,61.0,1749134283.0,838704.0,2372.0,4281a0b6-50f3-4c7d-9771-f161a08f3875
720.0,6c08497b-24cc-4143-b6dc-1de429fb9ca0,720.0,vlog on tech!,1092.0,195626.0,138.0,1750603083.0,315.0,4312.0,7cbafc74-2a08-4476-9afe-eb08103ea906
1080.0,6c08497b-24cc-4143-b6dc-1de429fb9ca0,896.6165413533835,review on fashion!,1949.0,136434.0,167.0,1749998283.0,494478.7454455933,3789.0,2aa2aa84-535c-4421-825d-d2a82f2e178a
1080.0,6c08497b-24cc-4143-b6dc-1de429fb9ca0,1080.0,vlog on fitness!,5913.0,16391.0,102.0,1751812683.0,494478.7454455933,2535.6222222222223,0b6cb68b-4186-4a14-8292-1d5276345fa2
1080.0,6c08497b-24cc-4143-b6dc-1de429fb9ca0,720.0,unboxing on fashion!,9453.0,151683.0,69.0,1752244683.0,600685.0,3887.0,f403a065-73c4-425f-bf0d-b85f6abd86b7
1080.0,6c08497b-24cc-4143-b6dc-1de429fb9ca0,1080.0,unboxing on food!,3109.0,253113.63264767933,58.0,1752503883.0,609774.0,3649.0,b3d02456-11fd-4236-977b-f190853d7e47
720.0,6c08497b-24cc-4143-b6dc-1de429fb9ca0,720.0,unboxing on fitness!,8774.0,253113.63264767933,155.0,1749220683.0,48775.0,2686.0,cab80a26-0652-4fda-8b82-62f70e6d9b6d
897.9699248120301,ea7fabd0-4102-4eed-86b2-5905391c1411,720.0,reaction on fitness!,4595.0,37792.0,113.0,1749047883.0,230506.0,4163.0,1d4e13df-e43a-437f-a089-0fee570a80f1
1080.0,ea7fabd0-4102-4eed-86b2-5905391c1411,720.0,vlog on fitness!,3150.0,224154.0,13.0,1751294283.0,59725.0,4424.0,a0402a6e-46b9-442a-add9-5e4fb628fda7
1080.0,ea7fabd0-4102-4eed-86b2-5905391c1411,720.0,review on tech!,7981.0,323286.0,158.0,1750948683.0,494478.7454455933,2535.6222222222223,79980f1b-1303-45d0-9505-5064518f613c
720.0,ea7fabd0-4102-4eed-86b2-5905391c1411,1080.0,challenge on fitness!,5433.0,80048.0,58.0,1753022283.0,48768.0,552.0,41accb1a-9ab4-49da-b918-b097e43d4595
1080.0,ea7fabd0-4102-4eed-86b2-5905391c1411,1080.0,unboxing on food!,541.0,475048.0,94.45944039501528,1750689483.0,809610.0,3295.0,b44ef05e-64af-47a0-9e83-010f14911e4c
1080.0,ea7fabd0-4102-4eed-86b2-5905391c1411,720.0,vlog on fitness!,3214.0,437993.0,115.0,1750257483.0,191037.0,2535.6222222222223,bf696d3d-c8ce-4fe9-ab79-d1e3d1a6abca
720.0,ea7fabd0-4102-4eed-86b2-5905391c1411,720.0,review on food!,8314.0,450525.0,104.0,1752503883.0,655791.0,1272.0,32a0ef24-3bd9-4ae8-bc03-39f514d571d2
1080.0,ea7fabd0-4102-4eed-86b2-5905391c1411,896.6165413533835,review on beauty!,3780.0,253113.63264767933,142.0,1749047883.0,102568.0,4579.0,46dccf83-2a1f-4983-926d-8b689a738dce
1080.0,ea7fabd0-4102-4eed-86b2-5905391c1411,720.0,challenge on beauty!,6485.0,253113.63264767933,113.0,1752417483.0,656133.0,2900.0,9a7f533b-d136-4422-9180-4282008a46c4
1080.0,ea7fabd0-4102-4eed-86b2-5905391c1411,1080.0,vlog on fashion!,3470.0,253113.63264767933,129.0,1748875083.0,652038.0,869.0,e07796f9-8a89-4c9c-a073-793ba877aec1
720.0,ea7fabd0-4102-4eed-86b2-5905391c1411,720.0,reaction on tech!,5520.0,357974.0,61.0,1751812683.0,593609.0,2535.6222222222223,06cb6c46-3afb-4de2-b471-e7e0940f71b7
720.0,ea7fabd0-4102-4eed-86b2-5905391c1411,1080.0,challenge on tech!,2392.0,80791.0,171.0,1750689483.0,158176.0,2285.0,430f92e2-ab29-45f9-8d3e-d97d8df460b9
720.0,ea7fabd0-4102-4eed-86b2-5905391c1411,1080.0,unboxing on food!,1452.0,253113.63264767933,61.0,1752590283.0,644325.0,2468.0,4a792e85-8ad4-419a-baab-1d6e2a41d0cc
1080.0,ea7fabd0-4102-4eed-86b2-5905391c1411,720.0,vlog on fashion!,3742.0,193084.0,17.0,1752071883.0,606415.0,2898.0,684c8fec-d6fc-4c2b-8ccf-0e0aa9ea50f0
1080.0,ea7fabd0-4102-4eed-86b2-5905391c1411,720.0,review on travel!,4999.513470681458,120857.0,55.0,1748615883.0,764787.0,852.0,4f1fc5d8-36c6-41fc-985e-bad3066265f8
1080.0,ea7fabd0-4102-4eed-86b2-5905391c1411,1080.0,vlog on food!,3882.0,263183.0,93.0,1749911883.0,543192.0,532.0,1144770a-63b6-4437-af74-c94a079e9179
720.0,ea7fabd0-4102-4eed-86b2-5905391c1411,720.0,challenge on beauty!,6661.0,393975.0,75.0,1749220683.0,494478.7454455933,1597.0,4bc4652e-e9df-469c-9738-a44fc016cb91
1080.0,77b24328-1b84-4c56-8279-088c5798a433,896.6165413533835,unboxing on fitness!,7939.0,191578.0,84.0,1751812683.0,189072.0,1181.0,8725847a-6909-4610-a859-774e034dc5ea
720.0,77b24328-1b84-4c56-8279-088c5798a433,1080.0,review on tech!,6323.0,343599.0,118.0,1751380683.0,21191.0,4869.0,acd79857-a4bc-4b17-9826-2f5032f68d8b
720.0,77b24328-1b84-4c56-8279-088c5798a433,720.0,reaction on tech!,6951.0,253113.63264767933,87.0,1750862283.0,614755.0,4604.0,ec3b6644-5f08-440a-a736-93739400aff3
720.0,77b24328-1b84-4c56-8279-088c5798a433,720.0,challenge on tech!,3332.0,338994.0,175.0,1749307083.0,904375.0,3337.0,e6f54b78-0e80-4b43-acc7-558e53e3004a
720.0,77b24328-1b84-4c56-8279-088c5798a433,720.0,vlog on tech!,7344.0,428594.0,10.0,1751726283.0,137133.0,963.0,595aab1e-d6ce-4ac2-ba24-d8923a62e942
720.0,77b24328-1b84-4c56-8279-088c5798a433,720.0,challenge on food!,1258.0,253113.63264767933,94.45944039501528,1751985483.0,494478.7454455933,4490.0,3547c607-90e9-473c-a2ce-76f6b3a49ac4
1080.0,77b24328-1b84-4c56-8279-088c5798a433,720.0,review on travel!,5630.0,459308.0,94.45944039501528,1752244683.0,784404.0,3873.0,e4e2bada-68a2-4c06-b1b0-b5f0d426c3fd
1080.0,77b24328-1b84-4c56-8279-088c5798a433,1080.0,unboxing on fashion!,451.0,24461.0,34.0,1751726283.0,143595.0,142.0,d0d05f86-6b5c-44b0-9aa7-f2e8cf6f24d2
1080.0,77b24328-1b84-4c56-8279-088c5798a433,1080.0,vlog on fashion!,4999.513470681458,253113.63264767933,136.0,1751207883.0,59364.0,2377.0,adc6ff10-1830-42f6-8ce9-3028115a2da6
1080.0,77b24328-1b84-4c56-8279-088c5798a433,1080.0,review on travel!,9921.0,319218.0,32.0,1748875083.0,15738.0,1844.0,a04d33fb-ce00-40f4-95f3-c6757cb7387a
720.0,77b24328-1b84-4c56-8279-088c5798a433,720.0,reaction on beauty!,64.0,172846.0,116.0,1750775883.0,494478.7454455933,1208.0,27eda3d5-3472-47bf-bfbc-e16c6eab06ac
720.0,77b24328-1b84-4c56-8279-088c5798a433,720.0,unboxing on fashion!,371.0,455142.0,58.0,1751726283.0,874380.0,1180.0,9ce34a11-eabb-479e-9fd9-9e787c40c272
720.0,77b24328-1b84-4c56-8279-088c5798a433,896.6165413533835,challenge on food!,5957.0,253113.63264767933,136.0,1748961483.0,494478.7454455933,2315.0,d12fe222-553b-4d07-aa25-b421e5a14b83
720.0,77b24328-1b84-4c56-8279-088c5798a433,720.0,challenge on tech!,9664.0,470420.0,148.0,1750948683.0,825895.0,821.0,ccee70be-0c48-4e9a-8e1b-11bd7b05c109
1080.0,77b24328-1b84-4c56-8279-088c5798a433,1080.0,vlog on food!,2607.0,430622.0,10.0,1749652683.0,72671.0,1843.0,b957fa1e-0bea-4d1e-a9af-0d870843143e
720.0,77b24328-1b84-4c56-8279-088c5798a433,720.0,reaction on food!,2975.0,253113.63264767933,106.0,1749739083.0,114425.0,2535.6222222222223,e70af499-ad3a-43d4-adf9-9aa7780ba565
1080.0,77b24328-1b84-4c56-8279-088c5798a433,1080.0,review on food!,3378.0,323845.0,98.0,1749307083.0,494478.7454455933,2000.0,0065830b-9135-4a7b-8f39-5c9f28def27a
1080.0,77b24328-1b84-4c56-8279-088c5798a433,1080.0,vlog on food!,5733.0,51728.0,112.0,1750171083.0,185565.0,1703.0,b79951f7-c574-49e8-b06a-26f89f44bb3f
1080.0,77b24328-1b84-4c56-8279-088c5798a433,720.0,challenge on travel!,6585.0,319553.0,175.0,1751467083.0,494478.7454455933,2535.6222222222223,1925cbea-bb00-419e-a3c0-ecc75002af57
1080.0,77b24328-1b84-4c56-8279-088c5798a433,1080.0,challenge on fitness!,4999.513470681458,271860.0,118.0,1752935883.0,862839.0,3476.0,834c69b2-7fec-41c3-bb2c-0008eb611f1b
720.0,77b24328-1b84-4c56-8279-088c5798a433,1080.0,review on fashion!,4394.0,138422.0,55.0,1752331083.0,921429.0,474.0,28eee870-51b3-4253-8746-40fcdd248d3e
897.9699248120301,77b24328-1b84-4c56-8279-088c5798a433,1080.0,vlog on food!,9468.0,363323.0,113.0,1750516683.0,169007.0,4561.0,bf5dcde5-289d-44ec-b3a6-525ba2d12594
1080.0,77b24328-1b84-4c56-8279-088c5798a433,720.0,review on tech!,1947.0,200113.0,163.0,1752417483.0,593914.0,4548.0,d7ed393b-20c6-4b3b-8a05-8f0056ad6f75
720.0,77b24328-1b84-4c56-8279-088c5798a433,1080.0,unboxing on fashion!,6117.0,344745.0,29.0,1752417483.0,674050.0,3451.0,b45931d5-c2d2-4c24-a5ed-8598164362ff
1080.0,77b24328-1b84-4c56-8279-088c5798a433,1080.0,vlog on food!,7420.0,277530.0,98.0,1748875083.0,951226.0,2535.6222222222223,54b28f55-24e9-450f-a853-6ef52aa96ea2
1080.0,262abdcd-5621-47f3-b818-bd56b9d8f3cb,1080.0,vlog on tech!,717.0,409814.0,94.45944039501528,1749047883.0,635603.0,2535.6222222222223,971b807f-6576-4ba9-b6eb-b4691ff3c011
720.0,262abdcd-5621-47f3-b818-bd56b9d8f3cb,1080.0,challenge on tech!,4999.513470681458,58193.0,130.0,1751207883.0,800444.0,674.0,860e8bb7-e828-47cd-9e87-413d6a52ae96
1080.0,262abdcd-5621-47f3-b818-bd56b9d8f3cb,720.0,challenge on fashion!,4245.0,125810.0,42.0,1750084683.0,730654.0,2407.0,1a32c5e2-4172-4892-8bd2-fc4ab5a3386f
1080.0,262abdcd-5621-47f3-b818-bd56b9d8f3cb,1080.0,unboxing on fitness!,910.0,253113.63264767933,59.0,1752158283.0,495880.0,2535.6222222222223,48dd84e6-e7b2-4c96-bba9-b6366367ab91
720.0,262abdcd-5621-47f3-b818-bd56b9d8f3cb,1080.0,challenge on fashion!,6644.0,15758.0,111.0,1749652683.0,77630.0,1549.0,e0d59fbf-e2e6-4060-87ed-ce98519bb360
720.0,262abdcd-5621-47f3-b818-bd56b9d8f3cb,1080.0,vlog on beauty!,4546.0,68541.0,94.45944039501528,1749652683.0,457915.0,419.0,feed8b2f-50d7-47bc-ae88-a6ac686017a5
1080.0,262abdcd-5621-47f3-b818-bd56b9d8f3cb,720.0,unboxing on beauty!,9328.0,59877.0,21.0,1749479883.0,537496.0,4512.0,d9b984f4-ae17-4f70-a72d-d02ac0369f86
1080.0,262abdcd-5621-47f3-b818-bd56b9d8f3cb,720.0,reaction on fashion!,4999.513470681458,447095.0,177.0,1749479883.0,560818.0,156.0,9d8bda44-f28a-4c80-a04b-c65ac2a3a5ec
720.0,262abdcd-5621-47f3-b818-bd56b9d8f3cb,720.0,reaction on tech!,609.0,179247.0,20.0,1751121483.0,837613.0,4749.0,20586567-b886-4882-9b0f-df2fcd074188
1080.0,262abdcd-5621-47f3-b818-bd56b9d8f3cb,1080.0,reaction on travel!,8327.0,373076.0,17.0,1752849483.0,225874.0,1545.0,d353b657-c75b-416a-8e5e-de4aab3d6612
720.0,262abdcd-5621-47f3-b818-bd56b9d8f3cb,720.0,reaction on food!,2519.0,272426.0,163.0,1752849483.0,843882.0,4151.0,4dbf4c35-636d-42fd-99c9-1b5baf41e35c
1080.0,262abdcd-5621-47f3-b818-bd56b9d8f3cb,1080.0,challenge on beauty!,4168.0,38175.0,128.0,1750862283.0,393496.0,4088.0,2fd6cce3-18eb-4767-8067-68d88b9c89ea
1080.0,262abdcd-5621-47f3-b818-bd56b9d8f3cb,720.0,unboxing on travel!,3854.0,253113.63264767933,41.0,1751726283.0,254904.0,3983.0,f49924a7-497a-40e5-87b0-82190f0503c5
720.0,262abdcd-5621-47f3-b818-bd56b9d8f3cb,1080.0,unboxing on fashion!,9392.0,420395.0,35.0,1749911883.0,156802.0,3524.0,9087e86b-4d07-4328-8b60-9358cf8b232c
1080.0,262abdcd-5621-47f3-b818-bd56b9d8f3cb,896.6165413533835,vlog on beauty!,7100.0,426598.0,110.0,1750862283.0,5335.0,396.0,fa2e3a3f-4bb0-40a0-9d30-4934fd1dcf3d
1080.0,262abdcd-5621-47f3-b818-bd56b9d8f3cb,1080.0,challenge on food!,4999.513470681458,65317.0,99.0,1752244683.0,408734.0,3075.0,419ef7f4-d585-463c-9b17-7334aecba406
1080.0,262abdcd-5621-47f3-b818-bd56b9d8f3cb,720.0,review on food!,8606.0,253113.63264767933,169.0,1748961483.0,759015.0,4114.0,6e390628-0eda-4861-a08f-47003bdf186b
1080.0,262abdcd-5621-47f3-b818-bd56b9d8f3cb,1080.0,challenge on fashion!,8308.0,407411.0,122.0,1749134283.0,681336.0,99.0,f1511e23-cb7c-4a86-935e-b96bb88ab455
720.0,262abdcd-5621-47f3-b818-bd56b9d8f3cb,1080.0,reaction on tech!,6304.0,331414.0,41.0,1748011083.0,323162.0,2512.0,7ed57889-bdd1-4c6f-a140-0b3f40b15223
1080.0,262abdcd-5621-47f3-b818-bd56b9d8f3cb,1080.0,unboxing on tech!,8541.0,409788.0,157.0,1752590283.0,657089.0,2872.0,3f1ab145-ef98-4817-b164-7cf9c3f01de1
720.0,262abdcd-5621-47f3-b818-bd56b9d8f3cb,1080.0,review on tech!,5751.0,368084.0,180.0,1751812683.0,490952.0,4190.0,5a3e236a-d7de-484e-bbc0-2582ecdead93
1080.0,262abdcd-5621-47f3-b818-bd56b9d8f3cb,720.0,vlog on food!,1931.0,306387.0,94.45944039501528,1749739083.0,682417.0,4580.0,8d2cee2f-4f8e-4472-b39c-44d56511e9c6
720.0,cd84cb50-cf4b-4687-8922-06db5018d0ff,720.0,vlog on fashion!,9136.0,3556.0,125.0,1751467083.0,504057.0,4881.0,21f15fc6-1a23-45bb-9db1-483ae7876a87
720.0,cd84cb50-cf4b-4687-8922-06db5018d0ff,1080.0,reaction on fashion!,6078.0,247079.0,167.0,1749307083.0,380763.0,3378.0,1a06ed36-52db-4dde-aa94-4fbce7e6bba6
720.0,cd84cb50-cf4b-4687-8922-06db5018d0ff,720.0,reaction on tech!,2637.0,76289.0,18.0,1749047883.0,160339.0,1373.0,9de27a63-2411-4f7d-aa06-caedae5bebde
720.0,cd84cb50-cf4b-4687-8922-06db5018d0ff,1080.0,vlog on beauty!,3490.0,430476.0,31.0,1747838283.0,702380.0,160.0,fc73e7c9-f60a-4657-8902-5ce43b0eefd6
897.9699248120301,cd84cb50-cf4b-4687-8922-06db5018d0ff,1080.0,unboxing on beauty!,4914.0,396961.0,145.0,1747924683.0,394852.0,4923.0,b4b9ee5a-0e6d-4207-bfca-1a736a457f91
1080.0,cd84cb50-cf4b-4687-8922-06db5018d0ff,1080.0,vlog on tech!,5512.0,41152.0,79.0,1748356683.0,810623.0,4024.0,1386346b-360a-4966-a8e8-df1ae1e3539d
1080.0,cd84cb50-cf4b-4687-8922-06db5018d0ff,720.0,challenge on fitness!,3152.0,172644.0,143.0,1749652683.0,60877.0,84.0,f0390dd6-3352-4803-9959-7aedcb104749
720.0,cd84cb50-cf4b-4687-8922-06db5018d0ff,720.0,vlog on travel!,4999.513470681458,415857.0,13.0,1748788683.0,494478.7454455933,4405.0,c0566027-55aa-4e3d-873d-8f90f174cce8
720.0,cd84cb50-cf4b-4687-8922-06db5018d0ff,1080.0,review on food!,4999.513470681458,253113.63264767933,120.0,1750430283.0,297520.0,2199.0,538428b7-1e24-461b-b001-628a2e442013
1080.0,cd84cb50-cf4b-4687-8922-06db5018d0ff,1080.0,review on travel!,2995.0,253113.63264767933,138.0,1750775883.0,877637.0,609.0,1994da70-5a3d-4393-be1b-93db4599336a
1080.0,cd84cb50-cf4b-4687-8922-06db5018d0ff,1080.0,vlog on travel!,321.0,157833.0,89.0,1750689483.0,668987.0,824.0,8e1238e0-e963-4803-b8c2-3fbf15dd72a4
720.0,cd84cb50-cf4b-4687-8922-06db5018d0ff,720.0,reaction on beauty!,370.0,186906.0,41.0,1749134283.0,494478.7454455933,2400.0,d0f9c971-1e9a-416b-8a2c-6b57b69ae107
1080.0,cd84cb50-cf4b-4687-8922-06db5018d0ff,720.0,unboxing on fashion!,7768.0,417317.0,40.0,1749739083.0,368744.0,4017.0,86d9b885-9c8c-4b3e-a65e-44775bf74347
1080.0,cd84cb50-cf4b-4687-8922-06db5018d0ff,720.0,vlog on travel!,5748.0,80395.0,48.0,1750516683.0,129487.0,1981.0,cd94dc69-34f8-49f5-9f4c-547677477140
1080.0,cd84cb50-cf4b-4687-8922-06db5018d0ff,1080.0,vlog on travel!,8629.0,412746.0,87.0,1749134283.0,829693.0,2535.6222222222223,9aca151f-3357-4feb-8e28-bf67f5035b79
720.0,cd84cb50-cf4b-4687-8922-06db5018d0ff,720.0,review on fitness!,7286.0,219368.0,111.0,1748270283.0,600096.0,3657.0,169a432b-936f-43b0-8f0f-868f5ab844f1
720.0,cd84cb50-cf4b-4687-8922-06db5018d0ff,896.6165413533835,reaction on fitness!,3102.0,82839.0,141.0,1749134283.0,295760.0,3522.0,db60b3a6-ecbc-4af7-ac8a-3988749c2f70
1080.0,cd84cb50-cf4b-4687-8922-06db5018d0ff,720.0,reaction on travel!,7761.0,185726.0,54.0,1750689483.0,456284.0,117.0,79fc500f-8817-48f7-8b73-f5042e9eebb9
1080.0,cd84cb50-cf4b-4687-8922-06db5018d0ff,720.0,review on food!,5851.0,253113.63264767933,45.0,1752590283.0,585261.0,1452.0,2dba9d7d-69c3-4ae6-bd89-99f9978a0488
1080.0,cd84cb50-cf4b-4687-8922-06db5018d0ff,720.0,vlog on travel!,3673.0,2242.0,114.0,1751553483.0,989696.0,755.0,86980eea-8a9c-452a-9522-e64fb1daa811
1080.0,cd84cb50-cf4b-4687-8922-06db5018d0ff,1080.0,unboxing on food!,343.0,98299.0,94.45944039501528,1749307083.0,939099.0,478.0,3e52fee1-beba-48a6-9e4c-c4352ff4c7f3
720.0,cd84cb50-cf4b-4687-8922-06db5018d0ff,1080.0,challenge on beauty!,9056.0,436888.0,94.45944039501528,1751121483.0,494531.0,2111.0,90eb6587-7015-4130-bcc0-d17a3ebea0ee
720.0,cd84cb50-cf4b-4687-8922-06db5018d0ff,720.0,reaction on tech!,4999.513470681458,367344.0,145.0,1750603083.0,322181.0,4067.0,87940763-bfea-4b71-805a-e483271dd8a8
1080.0,cd84cb50-cf4b-4687-8922-06db5018d0ff,720.0,review on beauty!,1919.0,30993.0,117.0,1752331083.0,16738.0,4021.0,49802284-baa6-4e04-b806-aead15d0cba9
1080.0,cd84cb50-cf4b-4687-8922-06db5018d0ff,1080.0,challenge on beauty!,4999.513470681458,266840.0,149.0,1753022283.0,472674.0,1523.0,2ed3be2f-6212-4ab5-a200-cc8ea668c6cf
897.9699248120301,2ae36e69-28d6-4908-ad14-6b25ad4139b0,1080.0,reaction on fashion!,127.0,358287.0,122.0,1749825483.0,35462.0,1539.0,942476cd-0750-4460-9148-4a8f527b9d3e
720.0,2ae36e69-28d6-4908-ad14-6b25ad4139b0,720.0,vlog on tech!,5795.0,471284.0,163.0,1751812683.0,15166.0,4907.0,1bafdf48-1e54-410c-be7b-5dc193af2f5f
720.0,2ae36e69-28d6-4908-ad14-6b25ad4139b0,720.0,reaction on fitness!,145.0,346502.0,13.0,1749911883.0,995084.0,2262.0,2e0ac94a-963b-4af0-9ebf-ed60be6b6f74
1080.0,2ae36e69-28d6-4908-ad14-6b25ad4139b0,1080.0,review on food!,4490.0,301588.0,40.0,1752244683.0,687733.0,757.0,f14a59b1-9290-459d-af78-301f1b200b49
1080.0,2ae36e69-28d6-4908-ad14-6b25ad4139b0,720.0,review on beauty!,9461.0,160766.0,59.0,1749998283.0,320547.0,4129.0,023bd668-55d6-4cd8-bc0f-52086a75766b
720.0,2ae36e69-28d6-4908-ad14-6b25ad4139b0,1080.0,reaction on travel!,8515.0,113977.0,88.0,1749393483.0,494478.7454455933,4550.0,d91eb205-0758-4a89-8e10-35b2f8104fa1
1080.0,2ae36e69-28d6-4908-ad14-6b25ad4139b0,1080.0,unboxing on beauty!,4999.513470681458,363262.0,83.0,1749047883.0,102382.0,430.0,430da69a-c4bd-4a96-bd4e-88b8d1bbd8dd
1080.0,2ae36e69-28d6-4908-ad14-6b25ad4139b0,720.0,challenge on tech!,4999.513470681458,282375.0,81.0,1748270283.0,37032.0,3752.0,6d60bf0d-cf26-407e-a9a9-e3137f4d4f7f
720.0,2ae36e69-28d6-4908-ad14-6b25ad4139b0,720.0,vlog on fitness!,1307.0,163859.0,170.0,1753022283.0,623036.0,4942.0,f172bd68-8d20-4e14-9beb-2ab3f0bcd22b
1080.0,2ae36e69-28d6-4908-ad14-6b25ad4139b0,896.6165413533835,reaction on fashion!,3476.0,19215.0,94.45944039501528,1750437953.577738,996919.0,4331.0,0e679486-c2a8-47a0-aeb0-0f5a8b38d7df
1080.0,2ae36e69-28d6-4908-ad14-6b25ad4139b0,720.0,unboxing on beauty!,6874.0,363756.0,169.0,1747838283.0,41844.0,1279.0,e76d71af-23bc-4e35-b015-dd8f5b96cdc9
720.0,2ae36e69-28d6-4908-ad14-6b25ad4139b0,1080.0,challenge on tech!,320.0,293250.0,55.0,1751639883.0,592948.0,2535.6222222222223,17826a23-7d4f-4daf-af1e-b002af162729
1080.0,2ae36e69-28d6-4908-ad14-6b25ad4139b0,720.0,review on food!,9097.0,335278.0,164.0,1748529483.0,576459.0,3408.0,7cf756d2-fc22-45b0-90a8-387f72fb5ee9
897.9699248120301,2ae36e69-28d6-4908-ad14-6b25ad4139b0,720.0,reaction on food!,4999.513470681458,395177.0,37.0,1750948683.0,548278.0,2217.0,687bb8b9-062f-454e-8856-a2d39f77c9c7
1080.0,2ae36e69-28d6-4908-ad14-6b25ad4139b0,896.6165413533835,vlog on fitness!,6316.0,5904.0,81.0,1750343883.0,79520.0,1935.0,1d9be4d1-e69b-4b2d-a1d5-a0f01de67690
720.0,2ae36e69-28d6-4908-ad14-6b25ad4139b0,720.0,challenge on food!,4999.513470681458,70707.0,146.0,1751294283.0,908106.0,4835.0,5fb78f30-18bc-4a84-8427-0473a1221ff4
1080.0,2ae36e69-28d6-4908-ad14-6b25ad4139b0,720.0,reaction on fitness!,7330.0,387676.0,107.0,1751553483.0,494478.7454455933,3064.0,3eb26ae6-bd4d-4e54-b76c-8ff9443e61ee
1080.0,2ae36e69-28d6-4908-ad14-6b25ad4139b0,1080.0,reaction on fitness!,9032.0,177385.0,165.0,1751380683.0,745868.0,4035.0,187979d4-631b-4d45-8cf6-917e91e3eab5
897.9699248120301,2ae36e69-28d6-4908-ad14-6b25ad4139b0,1080.0,reaction on tech!,4999.513470681458,142093.0,94.45944039501528,1750437953.577738,276825.0,2060.0,18c03290-235e-49f4-a4e2-817db0bcba05
1080.0,bfdd9767-22e9-4743-bd36-10f156c7d966,1080.0,review on tech!,4999.513470681458,211720.0,172.0,1748961483.0,660332.0,3908.0,31464a8b-ab1e-465e-b062-0b2eafbfb8f9
1080.0,bfdd9767-22e9-4743-bd36-10f156c7d966,896.6165413533835,unboxing on beauty!,854.0,222345.0,180.0,1751726283.0,714923.0,1510.0,dafd1ea1-8945-4441-a2b7-19152919bf1c
1080.0,bfdd9767-22e9-4743-bd36-10f156c7d966,1080.0,vlog on food!,527.0,210261.0,39.0,1751899083.0,426648.0,1271.0,3af1966a-8547-48ff-8d20-c1e131dbd674
720.0,bfdd9767-22e9-4743-bd36-10f156c7d966,1080.0,vlog on beauty!,4999.513470681458,73541.0,24.0,1749566283.0,533833.0,892.0,bb202707-368a-422e-bbc1-8b697e131d09
720.0,bfdd9767-22e9-4743-bd36-10f156c7d966,1080.0,review on travel!,8489.0,203647.0,75.0,1749566283.0,57002.0,3730.0,bbd7d275-b85b-4143-abac-e75dbf5f4771
1080.0,bfdd9767-22e9-4743-bd36-10f156c7d966,720.0,vlog on tech!,8538.0,484162.0,136.0,1752849483.0,703692.0,2963.0,7a42f5a7-3cf0-440d-b9aa-077e35cef683
720.0,bfdd9767-22e9-4743-bd36-10f156c7d966,720.0,unboxing on fitness!,4395.0,232350.0,107.0,1750775883.0,106774.0,552.0,63673eb2-e98f-4682-bc11-a3dd00ce816c
720.0,bfdd9767-22e9-4743-bd36-10f156c7d966,720.0,reaction on fitness!,6240.0,185737.0,120.0,1750689483.0,117883.0,3204.0,50829ac3-37c5-47ef-a78f-de99d90faeb0
720.0,bfdd9767-22e9-4743-bd36-10f156c7d966,1080.0,vlog on fashion!,4341.0,164313.0,74.0,1750257483.0,548338.0,3729.0,b079696f-ef5b-43ea-a9fb-5d8071c1dfd4
720.0,bfdd9767-22e9-4743-bd36-10f156c7d966,1080.0,reaction on fitness!,7448.0,317010.0,165.0,1750862283.0,494478.7454455933,2323.0,fb127450-cfdf-4fb4-8d8e-ac2bc159aae8
1080.0,bfdd9767-22e9-4743-bd36-10f156c7d966,720.0,review on tech!,2568.0,403907.0,136.0,1750689483.0,560615.0,2535.6222222222223,77046fcd-6da4-45e1-aa35-98f2c7096d48
720.0,bfdd9767-22e9-4743-bd36-10f156c7d966,720.0,vlog on fashion!,9346.0,307129.0,148.0,1752071883.0,390446.0,3583.0,6efcc381-3515-471e-a495-2b656e9f4667
1080.0,bfdd9767-22e9-4743-bd36-10f156c7d966,1080.0,review on fitness!,9401.0,43709.0,94.45944039501528,1751207883.0,311430.0,1719.0,e0ebe23b-7d18-46a5-ac73-f5bec132fabe
720.0,bfdd9767-22e9-4743-bd36-10f156c7d966,1080.0,review on fashion!,8252.0,167228.0,177.0,1749479883.0,494478.7454455933,853.0,7cce888f-263c-4a23-9901-d60ad06fccb2
720.0,bfdd9767-22e9-4743-bd36-10f156c7d966,720.0,review on beauty!,4999.513470681458,11171.0,117.0,1752503883.0,325812.0,2071.0,c7ccc831-92bf-4ff8-ac02-e315471b9593
720.0,84446618-f396-4ee3-a396-801ade40633c,720.0,review on tech!,3235.0,382909.0,76.0,1748011083.0,513909.0,80.0,8470bcf0-d097-4799-81e7-53b767d590a8
1080.0,84446618-f396-4ee3-a396-801ade40633c,720.0,unboxing on fitness!,2465.0,394617.0,32.0,1751467083.0,433748.0,972.0,64554747-5631-438b-a3b1-eed58757fa19
720.0,84446618-f396-4ee3-a396-801ade40633c,720.0,unboxing on beauty!,8512.0,246647.0,34.0,1748011083.0,977670.0,3596.0,d588d920-6340-45ee-8990-b58b663315f0
720.0,84446618-f396-4ee3-a396-801ade40633c,1080.0,review on travel!,4999.513470681458,326018.0,94.0,1751121483.0,869551.0,2535.6222222222223,31d8c7ba-37f1-4dfb-81fb-bcbf8f16d749
720.0,84446618-f396-4ee3-a396-801ade40633c,1080.0,challenge on fashion!,9160.0,253113.63264767933,53.0,1751812683.0,200002.0,1493.0,18411a17-4238-402d-9b5f-7ab62a3a42cc
1080.0,84446618-f396-4ee3-a396-801ade40633c,1080.0,reaction on travel!,2336.0,150040.0,138.0,1752503883.0,12090.0,3443.0,882513f3-f24c-4895-a95d-34cee31f6d76
720.0,84446618-f396-4ee3-a396-801ade40633c,720.0,challenge on travel!,435.0,180028.0,66.0,1748097483.0,593479.0,1228.0,dba83263-4207-4cee-afed-6de078a278e6
720.0,84446618-f396-4ee3-a396-801ade40633c,1080.0,review on fitness!,6536.0,198981.0,163.0,1749047883.0,494478.7454455933,3300.0,55aaf687-e28a-42ee-add9-746f7a4157d3
1080.0,84446618-f396-4ee3-a396-801ade40633c,720.0,vlog on beauty!,3004.0,253113.63264767933,116.0,1750343883.0,728865.0,4656.0,ab6ce748-1266-4d3e-ae6b-5f5166640f81
1080.0,84446618-f396-4ee3-a396-801ade40633c,720.0,unboxing on beauty!,411.0,312543.0,131.0,1749566283.0,494478.7454455933,3068.0,6d468a1e-e035-410e-b77d-e4d3e91055cd
720.0,84446618-f396-4ee3-a396-801ade40633c,720.0,unboxing on travel!,5014.0,142616.0,10.0,1752244683.0,981377.0,3644.0,d69b8cb6-7b30-4806-bcb4-15476aaec5cd
720.0,84446618-f396-4ee3-a396-801ade40633c,720.0,unboxing on fashion!,4999.513470681458,253113.63264767933,121.0,1752676683.0,75376.0,1693.0,33ad6269-3883-4bd7-b272-1648e725a770
1080.0,84446618-f396-4ee3-a396-801ade40633c,1080.0,vlog on beauty!,5269.0,253113.63264767933,32.0,1751121483.0,953683.0,3941.0,698d84ae-46aa-4ed0-bd3c-65c631435c2b
720.0,84446618-f396-4ee3-a396-801ade40633c,720.0,review on fashion!,1362.0,108842.0,114.0,1748183883.0,719207.0,1750.0,5f99ef80-ce29-4950-853a-d88d6d463161
720.0,84446618-f396-4ee3-a396-801ade40633c,896.6165413533835,reaction on fitness!,3913.0,339245.0,30.0,1748011083.0,35567.0,1793.0,72dcdd15-d4a8-4602-9a48-f0dbcf613848
720.0,84446618-f396-4ee3-a396-801ade40633c,720.0,reaction on fitness!,7964.0,66312.0,43.0,1749134283.0,306652.0,2878.0,0dbc095a-d406-44c0-93d6-61452eb18582
720.0,84446618-f396-4ee3-a396-801ade40633c,1080.0,unboxing on food!,2201.0,137154.0,170.0,1752158283.0,70562.0,3646.0,373af17e-cffa-46a3-9710-b3e33c4e8277
720.0,84446618-f396-4ee3-a396-801ade40633c,1080.0,unboxing on fashion!,4290.0,205692.0,33.0,1751726283.0,301674.0,4257.0,36f3c64d-6518-4c29-993b-b821a1f916ed
1080.0,84446618-f396-4ee3-a396-801ade40633c,1080.0,review on tech!,905.0,43315.0,159.0,1749825483.0,895765.0,1901.0,84fa4ffc-11f7-40db-8126-6967affd0a29
1080.0,84446618-f396-4ee3-a396-801ade40633c,720.0,reaction on beauty!,4999.513470681458,253113.63264767933,49.0,1752417483.0,728792.0,4140.0,5a0af026-8dd0-41be-808b-1135dc356fcb
720.0,84446618-f396-4ee3-a396-801ade40633c,720.0,vlog on travel!,4999.513470681458,157376.0,135.0,1752417483.0,734331.0,710.0,51c82562-45ed-4412-85c0-942b7f4c38be
720.0,84446618-f396-4ee3-a396-801ade40633c,1080.0,review on fitness!,5538.0,454530.0,107.0,1750603083.0,161528.0,844.0,79bef589-7cd7-44ed-8c44-c834bf327a79
1080.0,84446618-f396-4ee3-a396-801ade40633c,720.0,unboxing on beauty!,4999.513470681458,259959.0,94.45944039501528,1749825483.0,271679.0,2535.6222222222223,db557d46-a378-43ff-986d-135d3e3ccf3f
1080.0,84446618-f396-4ee3-a396-801ade40633c,1080.0,unboxing on beauty!,139.0,185500.0,115.0,1748270283.0,866958.0,4359.0,e6780660-dfcf-412f-be23-7c6d047ad2e2
1080.0,84446618-f396-4ee3-a396-801ade40633c,720.0,review on fashion!,1736.0,105758.0,24.0,1749652683.0,559920.0,4848.0,0447220a-7b59-4aff-8569-21ad668bbdb0
720.0,a3426bca-8b94-48e1-8c7c-ed677084fcf3,1080.0,vlog on travel!,642.0,266566.0,169.0,1753022283.0,874789.0,3831.0,01521702-0d17-46bc-b748-842c13c289de
1080.0,a3426bca-8b94-48e1-8c7c-ed677084fcf3,1080.0,review on fashion!,3324.0,441611.0,151.0,1749739083.0,723000.0,2652.0,82f3b899-2d2e-4133-8548-45cdeefa4c4f
720.0,a3426bca-8b94-48e1-8c7c-ed677084fcf3,720.0,reaction on tech!,3391.0,762.0,121.0,1748270283.0,491213.0,4016.0,d8bb63fa-0975-4c15-b238-0adaa4faad4f
1080.0,a3426bca-8b94-48e1-8c7c-ed677084fcf3,720.0,reaction on tech!,8723.0,169565.0,139.0,1750948683.0,792972.0,4619.0,71a5a245-6a40-4d36-a8bc-0591cb2bb090
1080.0,a3426bca-8b94-48e1-8c7c-ed677084fcf3,896.6165413533835,reaction on tech!,1403.0,356577.0,22.0,1750516683.0,616933.0,1622.0,4aeb0f97-e48f-47ec-bca5-acf64e80e7a9
1080.0,a3426bca-8b94-48e1-8c7c-ed677084fcf3,1080.0,review on fitness!,210.0,100784.0,94.45944039501528,1752763083.0,74424.0,4112.0,d1ffec04-d080-4d7b-9373-20fea1ff38cd
720.0,a3426bca-8b94-48e1-8c7c-ed677084fcf3,1080.0,reaction on beauty!,9920.0,215862.0,148.0,1749220683.0,84954.0,2430.0,4fc2984f-9ff3-429f-8e77-9ebb454172ec
1080.0,a3426bca-8b94-48e1-8c7c-ed677084fcf3,1080.0,reaction on fashion!,7407.0,253113.63264767933,94.45944039501528,1749220683.0,377837.0,665.0,a36b3ecd-bde6-4d84-b45c-bb0452cf8a1a
720.0,a3426bca-8b94-48e1-8c7c-ed677084fcf3,720.0,vlog on beauty!,7086.0,68833.0,118.0,1752244683.0,12751.0,1102.0,76eb0730-7e79-4f39-881a-ed7a4b496832
1080.0,a3426bca-8b94-48e1-8c7c-ed677084fcf3,1080.0,challenge on fitness!,4999.513470681458,300651.0,166.0,1752676683.0,218233.0,4681.0,b8010e7a-4330-40da-82ef-4c1345f1e5ec
1080.0,a3426bca-8b94-48e1-8c7c-ed677084fcf3,1080.0,vlog on travel!,3940.0,188975.0,131.0,1750689483.0,354023.0,2535.6222222222223,0860e861-20ef-441a-9369-811e95c53c67
1080.0,a3426bca-8b94-48e1-8c7c-ed677084fcf3,1080.0,unboxing on fashion!,3404.0,234424.0,131.0,1748961483.0,259040.0,694.0,52ccfdf4-f79a-4bb1-abf4-2aa38242e6fc
720.0,a3426bca-8b94-48e1-8c7c-ed677084fcf3,1080.0,review on travel!,3292.0,80082.0,168.0,1749998283.0,687323.0,4994.0,d1a566cc-0659-48a8-9529-6d4b0e741154
1080.0,a3426bca-8b94-48e1-8c7c-ed677084fcf3,720.0,challenge on tech!,8055.0,367030.0,172.0,1752503883.0,366865.0,2852.0,884d6aa6-55c6-4fdf-a572-9799b7a71ed3
1080.0,a3426bca-8b94-48e1-8c7c-ed677084fcf3,720.0,review on fashion!,4999.513470681458,263932.0,163.0,1749307083.0,999133.0,5.0,6fa5bd69-388e-4dc8-a60c-ccd4bf608908
1080.0,a3426bca-8b94-48e1-8c7c-ed677084fcf3,1080.0,review on tech!,7047.0,253113.63264767933,163.0,1748097483.0,749321.0,2538.0,6cb55728-60ec-419f-9d12-c650a28a78dc
720.0,a3426bca-8b94-48e1-8c7c-ed677084fcf3,720.0,review on food!,7638.0,326236.0,146.0,1751121483.0,853091.0,4428.0,fe7512e2-f6ac-46d3-af13-e19b5082cf07
1080.0,a3426bca-8b94-48e1-8c7c-ed677084fcf3,1080.0,vlog on travel!,4676.0,82878.0,42.0,1750948683.0,489625.0,4946.0,920f4c5b-f7a1-446b-8bf6-338ebeaa6782
720.0,a3426bca-8b94-48e1-8c7c-ed677084fcf3,720.0,vlog on fitness!,3378.0,233357.0,28.0,1747924683.0,368556.0,4411.0,a418bf6e-1584-47a5-9b10-cea520fe7a71
897.9699248120301,a3426bca-8b94-48e1-8c7c-ed677084fcf3,1080.0,review on travel!,1255.0,152410.0,138.0,1748875083.0,636313.0,808.0,7e77d61e-9d06-4f69-8faa-a9024fd6be5e
720.0,a3426bca-8b94-48e1-8c7c-ed677084fcf3,720.0,review on beauty!,8669.0,427573.0,36.0,1752503883.0,565433.0,3658.0,be6aa379-99b0-4421-92c2-e4362a210c89
720.0,8b18b5e6-eada-4cb0-aa7b-1bf360830550,1080.0,vlog on travel!,4889.0,57640.0,165.0,1748702283.0,621370.0,4032.0,7f0efa46-0c59-46b6-ad65-be03507e25d2
1080.0,8b18b5e6-eada-4cb0-aa7b-1bf360830550,720.0,vlog on food!,2893.0,147793.0,102.0,1751726283.0,864188.0,2523.0,80fc779d-ce64-4af6-a18f-99cbf9781e69
1080.0,8b18b5e6-eada-4cb0-aa7b-1bf360830550,1080.0,reaction on food!,9641.0,124450.0,77.0,1751639883.0,887771.0,2381.0,15337e1a-3bf6-4007-b3e2-4b588282066f
720.0,8b18b5e6-eada-4cb0-aa7b-1bf360830550,1080.0,challenge on travel!,6373.0,115735.0,28.0,1748183883.0,124848.0,2535.6222222222223,568da697-fc3d-47d4-8ec8-899b22af42cb
720.0,8b18b5e6-eada-4cb0-aa7b-1bf360830550,1080.0,reaction on fashion!,6649.0,230252.0,94.45944039501528,1748443083.0,366367.0,2745.0,0bee4347-f943-4071-b5e9-f8cb87f3d6c6
897.9699248120301,8b18b5e6-eada-4cb0-aa7b-1bf360830550,1080.0,vlog on tech!,2596.0,183273.0,133.0,1752244683.0,266410.0,4972.0,78f6e7f9-f6a2-4329-83ed-8c426e8d605f
1080.0,8b18b5e6-eada-4cb0-aa7b-1bf360830550,720.0,review on tech!,8751.0,253113.63264767933,94.0,1749393483.0,71426.0,1805.0,f8a09d2f-cc8d-49ef-9eda-fe257bf7db55
720.0,8b18b5e6-eada-4cb0-aa7b-1bf360830550,1080.0,unboxing on tech!,2562.0,326556.0,112.0,1747838283.0,730876.0,2091.0,b832b851-962a-4da9-bbd6-fc8e7d24d272
720.0,8b18b5e6-eada-4cb0-aa7b-1bf360830550,1080.0,challenge on tech!,1463.0,253113.63264767933,146.0,1752244683.0,30538.0,2924.0,f4aeff2e-0d12-409c-8805-ad4d90da3a3f
1080.0,8b18b5e6-eada-4cb0-aa7b-1bf360830550,1080.0,vlog on tech!,2949.0,253113.63264767933,41.0,1749652683.0,909691.0,3373.0,65dfa0e8-64b9-4c64-92ec-5df9c0a973f0
1080.0,8b18b5e6-eada-4cb0-aa7b-1bf360830550,1080.0,unboxing on food!,6246.0,423912.0,46.0,1750689483.0,827420.0,646.0,d078c0aa-ea9f-4b6b-a323-b0c761370048
1080.0,8b18b5e6-eada-4cb0-aa7b-1bf360830550,1080.0,reaction on travel!,6979.0,194401.0,168.0,1752763083.0,146678.0,2198.0,b51c29f6-0487-4a9c-8949-e897ca273e09
1080.0,8b18b5e6-eada-4cb0-aa7b-1bf360830550,720.0,reaction on food!,290.0,163052.0,179.0,1748183883.0,686136.0,2683.0,c1d95a9c-da19-4327-bcde-b1ab241b4fbc
720.0,8b18b5e6-eada-4cb0-aa7b-1bf360830550,720.0,reaction on beauty!,4999.513470681458,57693.0,51.0,1748961483.0,494478.7454455933,795.0,34d43505-4592-408a-b623-d5407cd6e020
720.0,8b18b5e6-eada-4cb0-aa7b-1bf360830550,1080.0,vlog on travel!,2834.0,374523.0,140.0,1748702283.0,616110.0,4166.0,50205f1f-5c44-4ebe-b687-1038da752c78
1080.0,8b18b5e6-eada-4cb0-aa7b-1bf360830550,1080.0,unboxing on tech!,949.0,375344.0,91.0,1752417483.0,115521.0,3788.0,e44f3880-7c63-40cf-989e-6374f5ee9c00
720.0,8b18b5e6-eada-4cb0-aa7b-1bf360830550,720.0,unboxing on fashion!,7482.0,353554.0,102.0,1751639883.0,205915.0,4304.0,f582e62a-4d44-43e0-b873-dd90399c0f91
720.0,8b18b5e6-eada-4cb0-aa7b-1bf360830550,720.0,vlog on travel!,6091.0,104765.0,55.0,1751726283.0,672192.0,4591.0,13ab4d9f-1138-4b73-9b5c-679ee81213af
720.0,8b18b5e6-eada-4cb0-aa7b-1bf360830550,1080.0,review on travel!,8859.0,80521.0,123.0,1749220683.0,494478.7454455933,4914.0,605c8940-1712-488e-a389-973410436f47
720.0,8b18b5e6-eada-4cb0-aa7b-1bf360830550,1080.0,challenge on food!,2379.0,202476.0,12.0,1748443083.0,203115.0,196.0,025c4f83-b575-49ba-a18b-34bdc4f3a609
1080.0,8b18b5e6-eada-4cb0-aa7b-1bf360830550,720.0,review on beauty!,6592.0,10249.0,33.0,1750689483.0,674797.0,2535.6222222222223,898a3298-86fd-44eb-a46f-1f91dee13375
720.0,8b18b5e6-eada-4cb0-aa7b-1bf360830550,1080.0,unboxing on tech!,8565.0,378959.0,101.0,1752676683.0,471759.0,2535.6222222222223,d82aa9e9-be5b-42a7-ab5e-4ec0f4bfdad4
1080.0,8b18b5e6-eada-4cb0-aa7b-1bf360830550,1080.0,challenge on fitness!,3882.0,499860.0,141.0,1747838283.0,568248.0,2899.0,d22e2c58-2a4d-4ec8-b7d1-eaaab3fe4418
1080.0,8b18b5e6-eada-4cb0-aa7b-1bf360830550,720.0,challenge on tech!,3826.0,253113.63264767933,49.0,1750948683.0,841292.0,1984.0,c666f969-4b39-4802-99dc-f42e0a3b0617
1080.0,8b18b5e6-eada-4cb0-aa7b-1bf360830550,720.0,review on beauty!,7929.0,232075.0,94.45944039501528,1749911883.0,386461.0,4191.0,cc06a291-2c4e-483c-b3ad-5cb0cb865f11
720.0,e406d89e-4f9c-4bf1-b823-9e71c611b320,1080.0,review on fashion!,5126.0,262743.0,142.0,1750603083.0,108446.0,1930.0,61e1091b-d530-420f-acd6-a1a9b964c6be
1080.0,e406d89e-4f9c-4bf1-b823-9e71c611b320,720.0,review on fashion!,2801.0,315431.0,28.0,1748615883.0,165713.0,2945.0,f18506cc-92a3-4081-85f1-0e2378754cbd
720.0,e406d89e-4f9c-4bf1-b823-9e71c611b320,720.0,vlog on fashion!,1306.0,158027.0,82.0,1749307083.0,103629.0,353.0,8132a669-d9cc-42a2-af45-f29a17663def
1080.0,e406d89e-4f9c-4bf1-b823-9e71c611b320,1080.0,unboxing on fashion!,6022.0,253113.63264767933,68.0,1750516683.0,849772.0,2535.6222222222223,8cffd7b4-132a-46b7-8034-a49466cca8c0
720.0,e406d89e-4f9c-4bf1-b823-9e71c611b320,720.0,unboxing on fitness!,1263.0,39684.0,72.0,1751812683.0,54838.0,4971.0,0c907ccd-87f4-4826-89f3-0c2a9455a286
720.0,e406d89e-4f9c-4bf1-b823-9e71c611b320,1080.0,review on fashion!,2951.0,222757.0,31.0,1748356683.0,231171.0,4834.0,a0f04c22-962b-4281-b3f0-4f4ba8c51e64
897.9699248120301,e406d89e-4f9c-4bf1-b823-9e71c611b320,1080.0,vlog on tech!,9610.0,303653.0,171.0,1750948683.0,994585.0,4041.0,51993b71-cff1-474e-b797-d18ddf5afc8f
1080.0,e406d89e-4f9c-4bf1-b823-9e71c611b320,720.0,unboxing on tech!,4610.0,367821.0,149.0,1749047883.0,158616.0,3739.0,262a0290-da6d-41aa-a99e-19a6946d835a
1080.0,e406d89e-4f9c-4bf1-b823-9e71c611b320,720.0,vlog on fashion!,4785.0,9740.0,94.45944039501528,1752244683.0,592725.0,4762.0,921505ef-c6a9-4085-b8ca-398ab760fcaa
720.0,e406d89e-4f9c-4bf1-b823-9e71c611b320,1080.0,review on tech!,4169.0,389177.0,161.0,1748788683.0,370494.0,742.0,a0a229bc-80c7-4549-937b-0cff564c91fe
1080.0,e406d89e-4f9c-4bf1-b823-9e71c611b320,720.0,unboxing on tech!,8967.0,246715.0,14.0,1752244683.0,520711.0,3464.0,08e7f632-adef-45b8-a52c-00445ae5fa98
1080.0,e406d89e-4f9c-4bf1-b823-9e71c611b320,720.0,unboxing on food!,5184.0,162286.0,144.0,1748702283.0,36284.0,3061.0,8540b781-eaf8-4deb-87dc-bbb4c42ac1e2
1080.0,e406d89e-4f9c-4bf1-b823-9e71c611b320,1080.0,unboxing on fitness!,4633.0,410691.0,115.0,1750603083.0,163750.0,3009.0,660d4450-5753-4eae-afe0-38b7633e13ab
1080.0,e406d89e-4f9c-4bf1-b823-9e71c611b320,1080.0,vlog on fitness!,1183.0,197488.0,108.0,1747838283.0,21661.0,1910.0,87011ca5-de8c-4199-8889-3a7246097f54
1080.0,e406d89e-4f9c-4bf1-b823-9e71c611b320,720.0,unboxing on beauty!,6525.0,2884.0,48.0,1748702283.0,332311.0,3540.0,c463cd57-89c7-4c39-a33f-c9ffbb750d76
720.0,43ffbf0c-7a13-4398-8c00-6250a2b50ae2,720.0,vlog on fitness!,4999.513470681458,285730.0,123.0,1748615883.0,706597.0,4246.0,0c6b9fa1-94ca-427c-9972-8648493afcc3
1080.0,43ffbf0c-7a13-4398-8c00-6250a2b50ae2,720.0,vlog on fitness!,4999.513470681458,412300.0,22.0,1750689483.0,57558.0,1039.0,16f6fd5d-97c6-479f-8fc6-3556f03237d1
720.0,43ffbf0c-7a13-4398-8c00-6250a2b50ae2,1080.0,challenge on fitness!,4775.0,313457.0,171.0,1750343883.0,801027.0,3552.0,292eac92-967b-4c1b-9759-0fde89d40fa8
1080.0,43ffbf0c-7a13-4398-8c00-6250a2b50ae2,720.0,unboxing on travel!,5162.0,172193.0,128.0,1750775883.0,87967.0,247.0,d6d48dc5-3a6d-43b1-ab14-3ef591d127d7
720.0,43ffbf0c-7a13-4398-8c00-6250a2b50ae2,1080.0,review on travel!,4999.513470681458,13606.0,69.0,1751380683.0,260984.0,1875.0,bc1c404b-b62a-4963-9fe9-f37263b99183
720.0,43ffbf0c-7a13-4398-8c00-6250a2b50ae2,1080.0,unboxing on travel!,855.0,12472.0,162.0,1750084683.0,733028.0,2889.0,24cdf84f-c5a9-4233-8bcc-75e56ba524b9
1080.0,43ffbf0c-7a13-4398-8c00-6250a2b50ae2,720.0,unboxing on food!,6405.0,96484.0,17.0,1747924683.0,866903.0,1414.0,4249fe66-dacd-47d4-af9b-bccea03f0ffa
897.9699248120301,43ffbf0c-7a13-4398-8c00-6250a2b50ae2,720.0,reaction on food!,6755.0,98303.0,81.0,1748702283.0,1579.0,4463.0,8f67874f-7922-4ba7-8ae3-adeb83f15008
1080.0,43ffbf0c-7a13-4398-8c00-6250a2b50ae2,1080.0,review on fitness!,6130.0,3884.0,124.0,1752503883.0,249164.0,4012.0,a57512ed-c6ab-407b-a738-124c81a1ecd8
720.0,43ffbf0c-7a13-4398-8c00-6250a2b50ae2,1080.0,review on fitness!,1732.0,253113.63264767933,53.0,1751035083.0,539169.0,1522.0,50c93d09-68bf-48f2-801f-de09649d4d0e
1080.0,43ffbf0c-7a13-4398-8c00-6250a2b50ae2,896.6165413533835,reaction on travel!,636.0,377963.0,132.0,1748443083.0,962775.0,1585.0,1fb1d64e-5f74-451c-bac3-6b22a1452d0d
1080.0,43ffbf0c-7a13-4398-8c00-6250a2b50ae2,1080.0,challenge on fitness!,4683.0,183842.0,174.0,1751035083.0,376157.0,434.0,c86bf9e7-f74c-4298-9b9e-6ed0947d9ab5
720.0,43ffbf0c-7a13-4398-8c00-6250a2b50ae2,720.0,challenge on tech!,97.0,481266.0,144.0,1751207883.0,129129.0,1445.0,0cb2b627-34af-465a-9ee8-f8f3be60b621
1080.0,43ffbf0c-7a13-4398-8c00-6250a2b50ae2,1080.0,vlog on tech!,4999.513470681458,497598.0,127.0,1748615883.0,475942.0,2117.0,248bc880-4aaa-46eb-abd5-9140170459d7
720.0,43ffbf0c-7a13-4398-8c00-6250a2b50ae2,1080.0,challenge on food!,399.0,319966.0,143.0,1752849483.0,494478.7454455933,1101.0,b6b556dd-d23d-4c53-a3a4-b4c543406b90
1080.0,43ffbf0c-7a13-4398-8c00-6250a2b50ae2,720.0,unboxing on food!,8884.0,307818.0,161.0,1749911883.0,446068.0,2340.0,4c7163e8-77ac-4efb-9a1f-a654b645b5b0
720.0,43ffbf0c-7a13-4398-8c00-6250a2b50ae2,1080.0,challenge on fashion!,6447.0,120516.0,68.0,1753022283.0,155012.0,2137.0,f94a4085-f349-47a0-b523-7f84e6299560
720.0,a2fe4938-38e3-4f93-ad1e-eff1df9ca05e,1080.0,reaction on beauty!,5576.0,284373.0,79.0,1747924683.0,324876.0,2859.0,6e0d0eaf-2a5b-414e-89d9-f175aef887d4
1080.0,a2fe4938-38e3-4f93-ad1e-eff1df9ca05e,1080.0,vlog on beauty!,9826.0,253113.63264767933,68.0,1752331083.0,418005.0,4286.0,56b2476a-6673-4648-80ae-074133f35e6c
1080.0,a2fe4938-38e3-4f93-ad1e-eff1df9ca05e,720.0,review on fitness!,4999.513470681458,45143.0,172.0,1748097483.0,217367.0,2535.6222222222223,61c78143-879d-430f-a150-1d694414c50b
1080.0,a2fe4938-38e3-4f93-ad1e-eff1df9ca05e,720.0,challenge on food!,7716.0,481522.0,175.0,1750516683.0,631937.0,2535.6222222222223,818287d3-4cab-45d3-b4cb-0c3f67ae7680
720.0,a2fe4938-38e3-4f93-ad1e-eff1df9ca05e,1080.0,unboxing on fitness!,4999.513470681458,126914.0,94.45944039501528,1749479883.0,494478.7454455933,1620.0,358704df-595c-45a2-9e57-af742e3052c7
720.0,a2fe4938-38e3-4f93-ad1e-eff1df9ca05e,720.0,reaction on travel!,6688.0,46167.0,161.0,1750257483.0,830026.0,2535.6222222222223,5c10e388-b749-4c08-b150-3b37ceba3dbb
720.0,a2fe4938-38e3-4f93-ad1e-eff1df9ca05e,1080.0,unboxing on food!,588.0,324424.0,111.0,1750862283.0,343871.0,4440.0,1d46f97a-6f1a-478b-946a-a919083320dc
1080.0,a2fe4938-38e3-4f93-ad1e-eff1df9ca05e,720.0,reaction on travel!,5759.0,280096.0,89.0,1749134283.0,128511.0,2122.0,c059af5e-5ef9-4387-9bd2-eab34d356f31
720.0,a2fe4938-38e3-4f93-ad1e-eff1df9ca05e,1080.0,unboxing on travel!,6403.0,136727.0,36.0,1752763083.0,619601.0,2066.0,2ccd2f6a-91d2-4152-9078-c4c701163ef1
720.0,a2fe4938-38e3-4f93-ad1e-eff1df9ca05e,720.0,challenge on beauty!,6166.0,420855.0,104.0,1751726283.0,58271.0,1425.0,81131aea-116a-462a-8132-edffa5f4d69c
1080.0,a2fe4938-38e3-4f93-ad1e-eff1df9ca05e,1080.0,unboxing on fashion!,1991.0,253113.63264767933,128.0,1748788683.0,346856.0,2061.0,ddb12a08-471c-4c04-940e-aec6f9caf7b9
1080.0,a2fe4938-38e3-4f93-ad1e-eff1df9ca05e,720.0,vlog on fashion!,3591.0,119691.0,94.45944039501528,1749134283.0,45755.0,2971.0,a11e4515-605b-4923-935c-8e6f59c552d2
720.0,a2fe4938-38e3-4f93-ad1e-eff1df9ca05e,720.0,vlog on beauty!,908.0,253113.63264767933,46.0,1748788683.0,754047.0,907.0,85fe65c0-b188-45a4-a142-f9cd5011e8d9
1080.0,a2fe4938-38e3-4f93-ad1e-eff1df9ca05e,720.0,unboxing on tech!,4999.513470681458,173706.0,169.0,1748702283.0,61847.0,3881.0,231d3c67-d5d9-48fd-9c70-f47b224dc17d
720.0,a2fe4938-38e3-4f93-ad1e-eff1df9ca05e,720.0,unboxing on fashion!,7915.0,426036.0,75.0,1749998283.0,810507.0,2092.0,9a5d91e0-4d5b-447e-9d7e-ee565e702f3b
1080.0,a2fe4938-38e3-4f93-ad1e-eff1df9ca05e,896.6165413533835,challenge on food!,1012.0,74030.0,178.0,1752763083.0,53371.0,1469.0,ce51b6ad-6626-46cb-8b94-2e5c27637039
720.0,a2fe4938-38e3-4f93-ad1e-eff1df9ca05e,1080.0,vlog on food!,4999.513470681458,121556.0,42.0,1748097483.0,317529.0,3918.0,e9cf0511-1b36-439d-83bb-b05f8539f34d
720.0,a2fe4938-38e3-4f93-ad1e-eff1df9ca05e,720.0,challenge on beauty!,491.0,412946.0,132.0,1748443083.0,955851.0,4979.0,607a333c-5ccb-4aeb-a8ca-7136b78b0ca3
720.0,a2fe4938-38e3-4f93-ad1e-eff1df9ca05e,720.0,vlog on beauty!,2230.0,253113.63264767933,129.0,1749652683.0,35135.0,4905.0,360e00dc-d00f-4094-bb32-1287d4dcee3d
720.0,00311047-4aea-4c19-ae7e-a08039441b24,1080.0,review on food!,8161.0,253113.63264767933,12.0,1748875083.0,680297.0,4770.0,ad4dc649-300b-44e8-bc4d-49e73858e758
1080.0,00311047-4aea-4c19-ae7e-a08039441b24,1080.0,unboxing on beauty!,7359.0,483993.0,82.0,1750689483.0,419796.0,2745.0,9404cf33-904c-47e0-8dc8-d148a89ca655
720.0,00311047-4aea-4c19-ae7e-a08039441b24,720.0,reaction on food!,4999.513470681458,253113.63264767933,97.0,1750084683.0,569706.0,3128.0,bdeb1002-edba-4d9e-b086-c25dbf8671ca
720.0,00311047-4aea-4c19-ae7e-a08039441b24,720.0,vlog on beauty!,8807.0,56400.0,125.0,1748443083.0,494478.7454455933,4209.0,c001bba4-1da8-4584-8ac3-350a6c16f372
720.0,00311047-4aea-4c19-ae7e-a08039441b24,720.0,reaction on travel!,5094.0,486217.0,122.0,1752417483.0,98239.0,317.0,8f68ca87-ca61-4c74-8e31-98f7b94e3ec2
720.0,00311047-4aea-4c19-ae7e-a08039441b24,1080.0,challenge on fashion!,4696.0,74157.0,126.0,1752849483.0,12613.0,2676.0,49cec294-27e7-4e69-80df-d4bf947a8e12
1080.0,00311047-4aea-4c19-ae7e-a08039441b24,1080.0,vlog on fashion!,2152.0,252530.0,51.0,1752071883.0,887796.0,2970.0,55b2db0c-909e-4104-9a43-e15684362ba9
720.0,00311047-4aea-4c19-ae7e-a08039441b24,720.0,vlog on tech!,9578.0,124928.0,143.0,1751207883.0,543168.0,505.0,74b8e83c-6f12-4839-8370-be03af14f2a7
720.0,00311047-4aea-4c19-ae7e-a08039441b24,720.0,unboxing on fitness!,4999.513470681458,119359.0,88.0,1751121483.0,813435.0,2535.6222222222223,6d6de30c-2290-4f61-9f25-32224e8e39ce
1080.0,00311047-4aea-4c19-ae7e-a08039441b24,1080.0,challenge on travel!,9666.0,37295.0,152.0,1749652683.0,918014.0,283.0,4f95e81c-ee15-444d-873c-8bf6726a4569
1080.0,00311047-4aea-4c19-ae7e-a08039441b24,1080.0,challenge on beauty!,2014.0,237334.0,53.0,1752244683.0,559374.0,1211.0,24ad6a3d-f63b-423b-a2b4-5974671ce0d7
720.0,00311047-4aea-4c19-ae7e-a08039441b24,1080.0,challenge on travel!,7144.0,479051.0,179.0,1749134283.0,950078.0,1854.0,f5289505-2edb-448e-a28d-098999b48bd3
720.0,00311047-4aea-4c19-ae7e-a08039441b24,720.0,unboxing on fitness!,4776.0,150113.0,97.0,1751035083.0,907839.0,3120.0,ad1c431c-733b-424e-8c00-778aa8db8625
720.0,00311047-4aea-4c19-ae7e-a08039441b24,720.0,challenge on beauty!,4941.0,387644.0,156.0,1751553483.0,60451.0,2535.6222222222223,3ca1cea4-8b51-47ff-b98c-991901c98316
1080.0,00311047-4aea-4c19-ae7e-a08039441b24,720.0,vlog on tech!,4999.513470681458,480536.0,18.0,1749220683.0,591169.0,3879.0,18c1268f-3a54-4792-9f24-12ac5db8faee
720.0,00311047-4aea-4c19-ae7e-a08039441b24,720.0,reaction on travel!,4187.0,245529.0,131.0,1748875083.0,209307.0,2402.0,c2a2a444-4cb5-4dc8-a6f0-2ddac7b85856
720.0,bbb760d6-5e63-4969-adb3-c3b85e5aa8c5,896.6165413533835,reaction on fashion!,227.0,349387.0,18.0,1752158283.0,988686.0,3022.0,e1d17aad-e93a-4c0a-aaa1-c76fa9f1efac
720.0,bbb760d6-5e63-4969-adb3-c3b85e5aa8c5,720.0,review on tech!,8440.0,201271.0,40.0,1751985483.0,440882.0,3158.0,044dd1dd-ad86-46da-bb1f-3e9a6fcdea33
1080.0,bbb760d6-5e63-4969-adb3-c3b85e5aa8c5,1080.0,challenge on food!,5210.0,96905.0,117.0,1750084683.0,982013.0,104.0,f15abd35-e888-4381-8fdf-2d95a5cb12fe
897.9699248120301,bbb760d6-5e63-4969-adb3-c3b85e5aa8c5,896.6165413533835,challenge on tech!,5072.0,99928.0,24.0,1750689483.0,466463.0,3834.0,c4779d93-4e1f-4cb0-96ff-d317dfecbb5e
1080.0,bbb760d6-5e63-4969-adb3-c3b85e5aa8c5,896.6165413533835,unboxing on food!,2236.0,143148.0,161.0,1749825483.0,238089.0,1390.0,69d9f403-4a9f-4685-9b9a-b5158b0e4a48
1080.0,bbb760d6-5e63-4969-adb3-c3b85e5aa8c5,1080.0,review on fitness!,6021.0,253113.63264767933,37.0,1748097483.0,998512.0,4220.0,f245023f-ff14-461a-a115-1a6bc2e2d7de
720.0,bbb760d6-5e63-4969-adb3-c3b85e5aa8c5,1080.0,vlog on beauty!,9167.0,348121.0,78.0,1750862283.0,399867.0,2535.6222222222223,4ed12d05-d963-4dd2-a213-e24410546812
720.0,bbb760d6-5e63-4969-adb3-c3b85e5aa8c5,720.0,challenge on fashion!,6706.0,219975.0,130.0,1749739083.0,347946.0,1107.0,220c1fa2-cc27-4c47-8a9d-c8544a6e7124
720.0,bbb760d6-5e63-4969-adb3-c3b85e5aa8c5,720.0,vlog on food!,2364.0,333924.0,170.0,1750437953.577738,407897.0,628.0,8cf749f5-840d-4093-90cf-c3f3d47d9861
720.0,bbb760d6-5e63-4969-adb3-c3b85e5aa8c5,1080.0,vlog on fitness!,9956.0,253113.63264767933,25.0,1752676683.0,494478.7454455933,3663.0,aa3a629f-27b1-483a-8103-64b68046e229
720.0,bbb760d6-5e63-4969-adb3-c3b85e5aa8c5,720.0,challenge on fashion!,8577.0,398755.0,94.45944039501528,1752071883.0,945472.0,3730.0,cb483907-7851-46b7-939d-c05417dfdbbd
720.0,bbb760d6-5e63-4969-adb3-c3b85e5aa8c5,720.0,unboxing on fitness!,2073.0,253113.63264767933,38.0,1749479883.0,831959.0,2535.6222222222223,9141cc80-7615-47ce-9ca7-4efd9a13b40f
1080.0,bbb760d6-5e63-4969-adb3-c3b85e5aa8c5,1080.0,unboxing on food!,7440.0,24394.0,105.0,1752071883.0,377674.0,332.0,fa80165e-be95-4df3-a6b6-d92f666c77f1
1080.0,bbb760d6-5e63-4969-adb3-c3b85e5aa8c5,896.6165413533835,review on fitness!,1132.0,495993.0,157.0,1749479883.0,855182.0,4648.0,c3d3ddcc-5ba2-4369-bf02-6ab70407d637
720.0,bbb760d6-5e63-4969-adb3-c3b85e5aa8c5,720.0,reaction on tech!,2913.0,253113.63264767933,131.0,1749047883.0,989949.0,730.0,8748ef49-2753-4c53-b5c4-b165af1e83bb
720.0,bbb760d6-5e63-4969-adb3-c3b85e5aa8c5,1080.0,challenge on fitness!,2375.0,441879.0,32.0,1750343883.0,409033.0,2535.6222222222223,ef4a83dd-7bab-4f34-90b7-8904adde1b34
720.0,bbb760d6-5e63-4969-adb3-c3b85e5aa8c5,896.6165413533835,review on fitness!,6817.0,418045.0,98.0,1749566283.0,425212.0,2397.0,d290ba9c-8452-465e-8cae-50ab2012673e
1080.0,feebb52c-4a98-497c-af21-29ba46eade95,896.6165413533835,vlog on beauty!,8370.0,124897.0,105.0,1750689483.0,184532.0,3850.0,95f61ef9-81fd-4626-ad44-c6b3ded61002
1080.0,feebb52c-4a98-497c-af21-29ba46eade95,1080.0,reaction on fitness!,1961.0,441294.0,58.0,1752158283.0,622210.0,2535.6222222222223,aaa63416-7429-4f5f-939e-a4ae9fcf1bce
1080.0,feebb52c-4a98-497c-af21-29ba46eade95,720.0,review on beauty!,3286.0,379201.0,55.0,1749825483.0,36401.0,4043.0,f4cb039f-dff8-423d-853c-f64917c23782
720.0,feebb52c-4a98-497c-af21-29ba46eade95,1080.0,review on fashion!,4743.0,309259.0,131.0,1752935883.0,522168.0,498.0,d39244fa-eb25-4496-8e8a-5061b7d339de
1080.0,feebb52c-4a98-497c-af21-29ba46eade95,896.6165413533835,reaction on fitness!,7038.0,253113.63264767933,90.0,1748097483.0,133940.0,2983.0,df538109-4301-48e9-b959-b7eed0758b67
1080.0,feebb52c-4a98-497c-af21-29ba46eade95,1080.0,reaction on fitness!,9401.0,243234.0,14.0,1753022283.0,345719.0,4925.0,40777b76-c766-481b-9298-6b5a91cf69d3
1080.0,feebb52c-4a98-497c-af21-29ba46eade95,720.0,vlog on travel!,9096.0,141211.0,115.0,1749739083.0,92152.0,2418.0,eb1a5067-5d1d-4c5c-acb9-87caf2447e0c
720.0,feebb52c-4a98-497c-af21-29ba46eade95,1080.0,unboxing on tech!,8762.0,253113.63264767933,120.0,1751380683.0,681596.0,2902.0,fbc45eaf-3aeb-470f-99d5-f51c637524fc
1080.0,feebb52c-4a98-497c-af21-29ba46eade95,720.0,review on fashion!,4999.513470681458,344998.0,22.0,1752590283.0,218675.0,2818.0,caa4c6c5-0a47-42c9-b1bc-a6e1ffa52e25
720.0,feebb52c-4a98-497c-af21-29ba46eade95,1080.0,unboxing on beauty!,4999.513470681458,107726.0,103.0,1748961483.0,464493.0,1258.0,55824fba-a64e-47f8-af5f-8a3e65c84859
1080.0,feebb52c-4a98-497c-af21-29ba46eade95,720.0,review on fitness!,7643.0,50781.0,173.0,1750689483.0,121444.0,706.0,4ff9c420-ec8f-4a51-a060-e21da37db899
720.0,feebb52c-4a98-497c-af21-29ba46eade95,720.0,vlog on beauty!,801.0,253113.63264767933,98.0,1749739083.0,515472.0,1981.0,61527a35-309f-4120-a883-c64ece120c58
1080.0,feebb52c-4a98-497c-af21-29ba46eade95,1080.0,challenge on fitness!,6267.0,103813.0,112.0,1750343883.0,900048.0,4026.0,f4c5a41e-5b10-4d86-9e4f-40461b41ac75
1080.0,feebb52c-4a98-497c-af21-29ba46eade95,720.0,reaction on food!,8669.0,368080.0,112.0,1749652683.0,281311.0,4002.0,b861644f-88bb-4fff-8410-8e862f5a3655
1080.0,feebb52c-4a98-497c-af21-29ba46eade95,1080.0,unboxing on fitness!,9933.0,138584.0,56.0,1748529483.0,895062.0,2653.0,9b6447a9-319c-4027-943f-0e711e127d52
720.0,feebb52c-4a98-497c-af21-29ba46eade95,1080.0,challenge on fitness!,9188.0,480618.0,51.0,1751035083.0,184920.0,3279.0,b0b22cad-019e-4a0a-862f-5f0d968c0a64
1080.0,feebb52c-4a98-497c-af21-29ba46eade95,1080.0,vlog on fashion!,2210.0,420030.0,141.0,1748788683.0,494478.7454455933,1757.0,f5110a5f-7224-4121-bb22-9fd1357d29a7
720.0,bf3dab3c-360f-4236-9ca4-9471952d5be2,1080.0,vlog on beauty!,4603.0,1626.0,12.0,1748615883.0,690348.0,2733.0,d8ade890-8822-4f11-ba2a-42c3b9287270
1080.0,bf3dab3c-360f-4236-9ca4-9471952d5be2,1080.0,unboxing on food!,7430.0,243517.0,20.0,1749652683.0,280402.0,937.0,5a5f93f8-77ad-4d66-af01-abd6cff07972
1080.0,bf3dab3c-360f-4236-9ca4-9471952d5be2,1080.0,reaction on beauty!,4999.513470681458,35516.0,155.0,1752158283.0,473013.0,606.0,771e05e0-619f-428c-9f03-6bc82ba23ad6
1080.0,bf3dab3c-360f-4236-9ca4-9471952d5be2,1080.0,unboxing on fashion!,7068.0,71753.0,159.0,1750516683.0,863451.0,215.0,6e7d1d66-9a5d-41eb-947d-67c2df758b84
1080.0,bf3dab3c-360f-4236-9ca4-9471952d5be2,1080.0,review on travel!,4999.513470681458,473527.0,39.0,1749911883.0,134.0,2937.0,40f4a080-c52d-45f1-bcfd-f5c04ec7cb0c
1080.0,bf3dab3c-360f-4236-9ca4-9471952d5be2,720.0,review on fashion!,4999.513470681458,275485.0,119.0,1750257483.0,333187.0,2912.0,03745578-c4a2-4e64-9a3c-742d6a2b23d6
720.0,bf3dab3c-360f-4236-9ca4-9471952d5be2,720.0,unboxing on fashion!,2419.0,74327.0,119.0,1748097483.0,732242.0,4208.0,b87fab51-502b-4c44-9a6a-1af51d67f0f1
720.0,bf3dab3c-360f-4236-9ca4-9471952d5be2,720.0,review on fitness!,8877.0,109862.0,58.0,1752158283.0,58764.0,966.0,9b7d4c1b-3c43-40cc-b367-9005f6805a12
1080.0,bf3dab3c-360f-4236-9ca4-9471952d5be2,720.0,vlog on food!,9132.0,253113.63264767933,176.0,1750516683.0,374498.0,2535.6222222222223,3e2138ac-3dd1-41a8-939d-546b06ce2dd9
720.0,bf3dab3c-360f-4236-9ca4-9471952d5be2,896.6165413533835,reaction on fitness!,4999.513470681458,306444.0,26.0,1752676683.0,789740.0,1882.0,d17a95d6-4913-4aad-8f5a-c33c7a73db8b
720.0,bf3dab3c-360f-4236-9ca4-9471952d5be2,720.0,reaction on food!,4999.513470681458,454754.0,117.0,1749998283.0,507433.0,2535.6222222222223,6af5c5e4-7e4a-4059-845e-7f915d7b7568
1080.0,bf3dab3c-360f-4236-9ca4-9471952d5be2,720.0,vlog on fitness!,3750.0,299078.0,116.0,1750257483.0,382137.0,4319.0,00bb6908-c757-435d-8219-6e3ddab68b44
720.0,bf3dab3c-360f-4236-9ca4-9471952d5be2,720.0,vlog on travel!,3421.0,253113.63264767933,41.0,1752590283.0,961209.0,737.0,a5948cb4-0f2d-4f80-a43b-76a0474245db
720.0,bf3dab3c-360f-4236-9ca4-9471952d5be2,1080.0,unboxing on tech!,7381.0,368387.0,41.0,1748615883.0,494478.7454455933,2608.0,2a48d08f-208a-404d-9287-32d6c6afe3e9
1080.0,bf3dab3c-360f-4236-9ca4-9471952d5be2,720.0,review on food!,7722.0,244818.0,170.0,1752676683.0,582765.0,2719.0,19dd1d2d-e6a7-4cba-a65e-2ee3df2d7675
897.9699248120301,bf3dab3c-360f-4236-9ca4-9471952d5be2,1080.0,review on tech!,5490.0,283457.0,59.0,1749220683.0,384170.0,2069.0,14bcc3d5-6455-4222-bfbf-846493129ef1
1080.0,bf3dab3c-360f-4236-9ca4-9471952d5be2,720.0,review on food!,7417.0,328377.0,40.0,1749566283.0,471544.0,4554.0,00426b5b-2fcd-4656-be79-00867a66633b
1080.0,bf3dab3c-360f-4236-9ca4-9471952d5be2,720.0,review on tech!,829.0,253113.63264767933,57.0,1748183883.0,943286.0,1250.0,63980712-9442-45f9-89ef-719ca9c3e76f
1080.0,bf3dab3c-360f-4236-9ca4-9471952d5be2,720.0,review on travel!,6453.0,305662.0,94.45944039501528,1747924683.0,297279.0,3358.0,66325492-a5e7-4a6f-8e03-7b2e414b8427
897.9699248120301,bf3dab3c-360f-4236-9ca4-9471952d5be2,720.0,review on food!,4557.0,495001.0,75.0,1750257483.0,443960.0,1209.0,ab86af20-b4da-438c-a8cb-7e51e1c0f30a
720.0,bf3dab3c-360f-4236-9ca4-9471952d5be2,896.6165413533835,review on tech!,717.0,253113.63264767933,23.0,1749652683.0,332027.0,4269.0,e594cc56-6f84-4dc9-b62a-b56121d303f4
720.0,9e6096bf-d0b7-42e4-9b7f-75bebe371200,720.0,vlog on fashion!,4999.513470681458,253113.63264767933,104.0,1751380683.0,872945.0,4960.0,637f2146-0d4b-48aa-b793-35fa39c4ff52
1080.0,9e6096bf-d0b7-42e4-9b7f-75bebe371200,720.0,reaction on food!,7607.0,44576.0,94.0,1748443083.0,376554.0,2161.0,9b6b44b4-8cc5-48ea-8ccc-8a08993cfa0b
720.0,9e6096bf-d0b7-42e4-9b7f-75bebe371200,720.0,reaction on fitness!,2334.0,145037.0,39.0,1752417483.0,607922.0,1046.0,527c0651-ade6-421f-89ec-d99770eb5128
1080.0,9e6096bf-d0b7-42e4-9b7f-75bebe371200,1080.0,unboxing on fitness!,8946.0,70481.0,10.0,1748615883.0,813200.0,1339.0,6bd4feba-322e-4447-90b5-54b67182c89c
720.0,9e6096bf-d0b7-42e4-9b7f-75bebe371200,720.0,unboxing on beauty!,1213.0,494620.0,60.0,1748529483.0,333497.0,4165.0,79ab7028-4667-43e8-8c07-df198b1c200f
1080.0,9e6096bf-d0b7-42e4-9b7f-75bebe371200,1080.0,vlog on fitness!,5221.0,260487.0,146.0,1751899083.0,446900.0,530.0,935637a5-03ad-409d-b702-dcb946720e92
720.0,9e6096bf-d0b7-42e4-9b7f-75bebe371200,1080.0,challenge on travel!,3267.0,86059.0,132.0,1748875083.0,782120.0,170.0,cb65ad64-2653-47f5-8759-a87f5e9907ac
1080.0,9e6096bf-d0b7-42e4-9b7f-75bebe371200,720.0,unboxing on tech!,5153.0,253113.63264767933,154.0,1752244683.0,255624.0,1152.0,a76a1781-c0cd-41e1-8a3a-59fbb0056e42
720.0,9e6096bf-d0b7-42e4-9b7f-75bebe371200,720.0,unboxing on travel!,9259.0,253113.63264767933,178.0,1750862283.0,539845.0,1543.0,0e0ae545-23a9-4cf4-b08b-4baea739166b
720.0,9e6096bf-d0b7-42e4-9b7f-75bebe371200,1080.0,review on beauty!,8056.0,425068.0,101.0,1748615883.0,739048.0,4166.0,2fe8bf94-4ae1-45fe-8653-316f2df7376f
1080.0,9e6096bf-d0b7-42e4-9b7f-75bebe371200,720.0,vlog on food!,8930.0,487819.0,167.0,1752158283.0,835713.0,1638.0,89f7debf-93c8-4f34-bd8a-506483f81f75
720.0,9e6096bf-d0b7-42e4-9b7f-75bebe371200,896.6165413533835,vlog on travel!,140.0,269011.0,12.0,1751553483.0,89142.0,1136.0,560bb168-be3a-47b3-b7ac-e9f4055c05ac
720.0,9e6096bf-d0b7-42e4-9b7f-75bebe371200,720.0,challenge on beauty!,9851.0,255105.0,49.0,1750430283.0,224776.0,3155.0,40e90e95-2074-4490-a666-a684d0c2286a
720.0,9e6096bf-d0b7-42e4-9b7f-75bebe371200,1080.0,vlog on tech!,124.0,60330.0,117.0,1751726283.0,894532.0,4132.0,cecc09ea-3fd3-4e84-bc53-141ed7c991a1
1080.0,9e6096bf-d0b7-42e4-9b7f-75bebe371200,896.6165413533835,review on beauty!,4999.513470681458,22507.0,95.0,1750171083.0,164516.0,550.0,cca88e4b-dcc8-4e55-8703-55681c440812
720.0,9e6096bf-d0b7-42e4-9b7f-75bebe371200,1080.0,unboxing on beauty!,2642.0,253113.63264767933,23.0,1750084683.0,893978.0,4888.0,5cc167b8-44fd-4dd1-8de5-28f8007f73a2
1080.0,9e6096bf-d0b7-42e4-9b7f-75bebe371200,720.0,reaction on fitness!,5472.0,463424.0,143.0,1752071883.0,208404.0,4610.0,06010f39-67bb-4eb8-98b7-148398ceb7af
1080.0,9e6096bf-d0b7-42e4-9b7f-75bebe371200,720.0,review on tech!,3998.0,383151.0,91.0,1748183883.0,494478.7454455933,2535.6222222222223,bb0855d0-6866-4207-8e99-60fed0549b31
720.0,9e6096bf-d0b7-42e4-9b7f-75bebe371200,1080.0,unboxing on beauty!,4999.513470681458,235608.0,94.45944039501528,1751121483.0,770950.0,2535.6222222222223,2ab6655b-4991-4b07-988b-f9777eae5f76
720.0,9e6096bf-d0b7-42e4-9b7f-75bebe371200,1080.0,vlog on tech!,5272.0,330456.0,127.0,1747924683.0,301328.0,3034.0,d0ea5e34-2859-4b56-ad7f-8cb6ec7950ea
1080.0,9e6096bf-d0b7-42e4-9b7f-75bebe371200,896.6165413533835,unboxing on fitness!,4999.513470681458,313039.0,111.0,1748875083.0,667294.0,2535.6222222222223,427300f0-ab7e-45f2-b6b4-a7c78a727354
720.0,9e6096bf-d0b7-42e4-9b7f-75bebe371200,720.0,challenge on fashion!,4999.513470681458,267278.0,66.0,1752763083.0,582542.0,4302.0,9ec7bea2-fa80-48e7-a920-632809443f64
1080.0,9e6096bf-d0b7-42e4-9b7f-75bebe371200,1080.0,reaction on fitness!,9777.0,391782.0,40.0,1748270283.0,840740.0,542.0,f0936e17-a6ae-4cb0-b5d8-7b8e97f82197
1080.0,9e6096bf-d0b7-42e4-9b7f-75bebe371200,1080.0,review on tech!,4999.513470681458,485620.0,89.0,1748011083.0,49874.0,2535.6222222222223,835c5fd4-4f2b-4875-83c5-33433f444eb0
720.0,9e6096bf-d0b7-42e4-9b7f-75bebe371200,1080.0,unboxing on food!,6462.0,288409.0,124.0,1752849483.0,983933.0,1701.0,5c66867c-b544-424c-ad03-4b2f77b2a63c
1080.0,9e6096bf-d0b7-42e4-9b7f-75bebe371200,896.6165413533835,challenge on food!,6274.0,379656.0,167.0,1750084683.0,906332.0,2828.0,a9720bc5-0382-428a-b867-5dd99abd4d28
1080.0,9e6096bf-d0b7-42e4-9b7f-75bebe371200,896.6165413533835,reaction on travel!,4779.0,24045.0,76.0,1748183883.0,387810.0,350.0,23704064-b72a-44e3-a985-6bb7f63c9029
720.0,9e6096bf-d0b7-42e4-9b7f-75bebe371200,1080.0,vlog on travel!,9668.0,98380.0,106.0,1751639883.0,842638.0,1402.0,2860132e-e550-4b1e-bfb8-68851425e8d4
897.9699248120301,9e6096bf-d0b7-42e4-9b7f-75bebe371200,1080.0,challenge on beauty!,4999.513470681458,253113.63264767933,79.0,1750257483.0,206512.0,4634.0,10680fc8-5b66-402a-a710-e872d3e695ed
720.0,9e6096bf-d0b7-42e4-9b7f-75bebe371200,1080.0,review on fitness!,1106.0,142740.0,155.0,1749479883.0,694884.0,2631.0,945847cd-b955-4c3d-8d16-b23581271aaf
720.0,517e3398-7196-4fd6-85d1-f20211931d09,1080.0,reaction on fashion!,4999.513470681458,340176.0,45.0,1751380683.0,356925.0,712.0,a5636568-10a0-410c-8ede-1d068dfed07e
897.9699248120301,517e3398-7196-4fd6-85d1-f20211931d09,1080.0,vlog on fashion!,3695.0,253113.63264767933,94.0,1749652683.0,294949.0,2535.6222222222223,2e07f086-ea62-4321-961d-e6caec3de0ab
720.0,517e3398-7196-4fd6-85d1-f20211931d09,1080.0,vlog on fitness!,2988.0,94068.0,63.0,1750257483.0,733414.0,2844.0,00d93ca9-9ef7-46c8-899e-0e3da3cda16f
1080.0,517e3398-7196-4fd6-85d1-f20211931d09,1080.0,review on fitness!,8414.0,253113.63264767933,74.0,1750948683.0,494478.7454455933,1138.0,8c799f10-45ca-492a-9c07-02c5745d2462
1080.0,517e3398-7196-4fd6-85d1-f20211931d09,720.0,challenge on tech!,6716.0,47355.0,83.0,1752935883.0,932960.0,3519.0,0a06d673-f770-4fd7-9c57-caaff8ccde87
720.0,517e3398-7196-4fd6-85d1-f20211931d09,720.0,review on food!,4999.513470681458,110609.0,11.0,1748875083.0,544585.0,1197.0,1ba10783-f0ed-4611-9faa-5fc476515b9b
720.0,517e3398-7196-4fd6-85d1-f20211931d09,720.0,reaction on fitness!,1194.0,377244.0,14.0,1748961483.0,268185.0,2067.0,fefda097-1413-4888-87d5-0c1da7a1934b
1080.0,517e3398-7196-4fd6-85d1-f20211931d09,720.0,unboxing on travel!,4999.513470681458,15906.0,69.0,1751553483.0,468800.0,4497.0,c353748f-9cd0-4b17-a0d2-7665682b91c8
1080.0,517e3398-7196-4fd6-85d1-f20211931d09,720.0,unboxing on fitness!,7157.0,253113.63264767933,25.0,1749134283.0,364423.0,2629.0,b7941867-e236-4117-99c9-b7cbfe05461f
1080.0,517e3398-7196-4fd6-85d1-f20211931d09,720.0,unboxing on beauty!,2437.0,186824.0,109.0,1749998283.0,457256.0,4215.0,2605049a-9885-48d4-8909-d24ca83594a3
720.0,517e3398-7196-4fd6-85d1-f20211931d09,1080.0,unboxing on travel!,9179.0,253113.63264767933,55.0,1751985483.0,766479.0,4080.0,027c643f-e010-40de-82ba-67697c9c5675
720.0,517e3398-7196-4fd6-85d1-f20211931d09,896.6165413533835,vlog on food!,5467.0,253113.63264767933,43.0,1749998283.0,588216.0,3169.0,48997ac1-e697-481d-b43f-cd657ca60fc8
897.9699248120301,517e3398-7196-4fd6-85d1-f20211931d09,720.0,reaction on beauty!,4601.0,317365.0,85.0,1750171083.0,394227.0,2260.0,c1e3112c-c823-4d70-b004-e65c5beaf124
720.0,517e3398-7196-4fd6-85d1-f20211931d09,720.0,unboxing on tech!,9210.0,15103.0,94.45944039501528,1750516683.0,494478.7454455933,3456.0,1f9324e4-118a-4f22-92fb-502df2bba5c7
720.0,517e3398-7196-4fd6-85d1-f20211931d09,720.0,vlog on travel!,4771.0,421898.0,57.0,1749739083.0,831371.0,4430.0,af40d000-05ab-4290-85aa-68a1fa1c3205
720.0,517e3398-7196-4fd6-85d1-f20211931d09,720.0,reaction on food!,663.0,334904.0,113.0,1748702283.0,372692.0,3490.0,f33b98a1-d14e-495c-93df-93a4a5f4d9eb
1080.0,517e3398-7196-4fd6-85d1-f20211931d09,1080.0,vlog on food!,4999.513470681458,91895.0,109.0,1752417483.0,170717.0,3604.0,006d72c7-c83a-4e37-817b-f42a6a5c6a8d
720.0,517e3398-7196-4fd6-85d1-f20211931d09,720.0,review on food!,6251.0,291271.0,179.0,1750257483.0,243511.0,2030.0,429460af-4d30-4c98-bdc6-2f72e1256d23
720.0,517e3398-7196-4fd6-85d1-f20211931d09,1080.0,reaction on food!,3180.0,238618.0,180.0,1749652683.0,8485.0,3475.0,d520395e-9d7f-4208-a909-9ec6591efab4
720.0,517e3398-7196-4fd6-85d1-f20211931d09,720.0,challenge on travel!,4999.513470681458,46656.0,158.0,1749393483.0,241443.0,3029.0,97de9ddb-d562-4782-a47b-87de67595239
720.0,517e3398-7196-4fd6-85d1-f20211931d09,720.0,unboxing on fashion!,9850.0,492141.0,135.0,1752071883.0,584968.0,1303.0,16947b68-4775-4cb0-936e-ea44f0222a74
720.0,74b91d4e-b531-4439-b204-4969540d7eee,720.0,vlog on fitness!,3828.0,253113.63264767933,56.0,1751553483.0,194743.0,3141.0,fac6cbc8-bd8b-4d7e-b990-123584830539
720.0,74b91d4e-b531-4439-b204-4969540d7eee,1080.0,review on tech!,7153.0,406377.0,62.0,1752590283.0,134259.0,3379.0,fdfb2a00-689a-4c83-963d-1642e60f487b
720.0,74b91d4e-b531-4439-b204-4969540d7eee,720.0,review on food!,2430.0,367461.0,163.0,1748702283.0,780268.0,3619.0,62f58166-4473-4fec-bcfc-170cf060b671
720.0,74b91d4e-b531-4439-b204-4969540d7eee,1080.0,vlog on fashion!,8900.0,414935.0,26.0,1751553483.0,537429.0,2535.6222222222223,264769ec-b130-47c8-9b41-dff85fe3105e
720.0,74b91d4e-b531-4439-b204-4969540d7eee,720.0,vlog on fitness!,3279.0,253113.63264767933,85.0,1750603083.0,280964.0,3205.0,df68351f-2187-4690-8bb5-35b1af696ae1
720.0,74b91d4e-b531-4439-b204-4969540d7eee,1080.0,unboxing on beauty!,4999.513470681458,147375.0,18.0,1750603083.0,632941.0,1468.0,8e8d252c-bb4d-4f21-8c02-edd2f83cfc67
720.0,74b91d4e-b531-4439-b204-4969540d7eee,1080.0,vlog on fitness!,3533.0,432884.0,90.0,1751985483.0,914525.0,2818.0,6b067507-b5cf-40bb-8e5c-fb52abf28f26
720.0,74b91d4e-b531-4439-b204-4969540d7eee,1080.0,review on beauty!,3474.0,253113.63264767933,107.0,1748702283.0,409332.0,3130.0,2b9da862-9bd0-41bf-918d-060a8f56bd9a
720.0,74b91d4e-b531-4439-b204-4969540d7eee,720.0,vlog on tech!,4855.0,272013.0,60.0,1750171083.0,730262.0,2019.0,e97349ea-9fd2-4dde-8b7c-ded4d883efb8
720.0,74b91d4e-b531-4439-b204-4969540d7eee,1080.0,reaction on beauty!,4255.0,15969.0,18.0,1752676683.0,730927.0,3755.0,12e21db4-3ac5-4197-ac82-e7ca73c9f01b
720.0,74b91d4e-b531-4439-b204-4969540d7eee,896.6165413533835,reaction on food!,4999.513470681458,297557.0,107.0,1748443083.0,238554.0,731.0,9e53a771-7192-41d7-88f7-76ff51bf2d7f
1080.0,74b91d4e-b531-4439-b204-4969540d7eee,1080.0,review on tech!,1156.0,434525.0,118.0,1751380683.0,69465.0,2900.0,c5b9c481-8c2f-41af-bd14-2281d03d07a0
1080.0,74b91d4e-b531-4439-b204-4969540d7eee,720.0,challenge on fitness!,2528.0,253113.63264767933,44.0,1751985483.0,204142.0,1388.0,2656e717-031f-4b56-a272-9422100454e5
720.0,74b91d4e-b531-4439-b204-4969540d7eee,720.0,vlog on fitness!,8670.0,167561.0,42.0,1750948683.0,441390.0,2563.0,7956f0fa-fa64-4c82-8595-df130dfc485e
720.0,74b91d4e-b531-4439-b204-4969540d7eee,720.0,reaction on beauty!,6448.0,481357.0,71.0,1748615883.0,932305.0,4397.0,10179684-4f3a-4e64-8611-d119eddea5ad
897.9699248120301,74b91d4e-b531-4439-b204-4969540d7eee,1080.0,unboxing on food!,2864.0,460129.0,24.0,1751207883.0,223439.0,2535.6222222222223,1fca33ab-db10-4ebe-b52d-96d1ca692892
1080.0,74b91d4e-b531-4439-b204-4969540d7eee,1080.0,challenge on travel!,224.0,253113.63264767933,180.0,1752590283.0,120279.0,2332.0,f2926671-524c-4d43-ac3c-379b08ec36a2
1080.0,74b91d4e-b531-4439-b204-4969540d7eee,1080.0,challenge on food!,5868.0,435000.0,60.0,1752331083.0,682427.0,4502.0,c14f22ec-4c19-49bf-a1a0-f99130750c41
720.0,74b91d4e-b531-4439-b204-4969540d7eee,720.0,review on fitness!,5425.0,384890.0,89.0,1751294283.0,561421.0,3775.0,ead41784-339f-4c4c-8a2a-668d76585b91
720.0,74b91d4e-b531-4439-b204-4969540d7eee,1080.0,review on beauty!,4785.0,349544.0,166.0,1751553483.0,163015.0,2535.6222222222223,5599aa53-fdd4-4257-ba34-12320d324b89
1080.0,4b0f0d7a-4321-4bda-822d-a2fc14f5cc66,720.0,review on beauty!,4999.513470681458,435838.0,21.0,1752071883.0,916456.0,4655.0,678a71b3-a8e5-4666-a554-c41992585706
1080.0,4b0f0d7a-4321-4bda-822d-a2fc14f5cc66,1080.0,challenge on fitness!,4496.0,468486.0,114.0,1749479883.0,192169.0,3804.0,c26e64d4-e510-4f4f-801f-292913b2398e
720.0,4b0f0d7a-4321-4bda-822d-a2fc14f5cc66,1080.0,reaction on tech!,520.0,133369.0,119.0,1751121483.0,79794.0,3855.0,6452b841-6b11-4ad4-988c-79c9a4a9dd0c
720.0,4b0f0d7a-4321-4bda-822d-a2fc14f5cc66,1080.0,unboxing on food!,4999.513470681458,404730.0,130.0,1750430283.0,586712.0,4072.0,85279cfb-331a-4d61-9117-cccea52eb97c
1080.0,4b0f0d7a-4321-4bda-822d-a2fc14f5cc66,1080.0,vlog on fashion!,2738.0,478938.0,180.0,1750603083.0,282873.0,694.0,aac21dfa-d803-4908-9e22-e5c8d6479a02
720.0,4b0f0d7a-4321-4bda-822d-a2fc14f5cc66,720.0,challenge on food!,8347.0,245002.0,161.0,1752590283.0,494478.7454455933,3688.0,bad8e475-afd0-403c-8995-2e6e2c4e2af1
720.0,4b0f0d7a-4321-4bda-822d-a2fc14f5cc66,720.0,challenge on travel!,3594.0,350513.0,170.0,1751726283.0,150504.0,1836.0,d5999390-5488-4fd5-9682-f0cb04223119
720.0,4b0f0d7a-4321-4bda-822d-a2fc14f5cc66,1080.0,vlog on tech!,4999.513470681458,286397.0,94.45944039501528,1750862283.0,439560.0,3462.0,f1ac405d-7715-4c38-93ca-c15bd4e3dd98
1080.0,4b0f0d7a-4321-4bda-822d-a2fc14f5cc66,720.0,reaction on fashion!,7860.0,110234.0,57.0,1750257483.0,991193.0,1271.0,e06d82a4-1b58-47d9-9481-34a7e5d7e377
1080.0,4b0f0d7a-4321-4bda-822d-a2fc14f5cc66,720.0,review on food!,4999.513470681458,253113.63264767933,21.0,1748097483.0,199053.0,3918.0,3de86e7b-d8d1-4358-acda-c22bffd42535
720.0,4b0f0d7a-4321-4bda-822d-a2fc14f5cc66,720.0,review on fitness!,5086.0,181018.0,68.0,1752676683.0,879343.0,2968.0,bc73d850-9789-466b-b205-af721aa84009
720.0,4b0f0d7a-4321-4bda-822d-a2fc14f5cc66,720.0,vlog on tech!,4999.513470681458,359375.0,96.0,1750084683.0,889146.0,438.0,d98dd3de-4dc2-409e-b601-d8bd8ef9902d
720.0,4b0f0d7a-4321-4bda-822d-a2fc14f5cc66,1080.0,challenge on fashion!,5882.0,253113.63264767933,166.0,1749307083.0,605075.0,4641.0,f6a4814d-40cf-4360-9fc8-c39f092377ae
1080.0,4b0f0d7a-4321-4bda-822d-a2fc14f5cc66,1080.0,challenge on travel!,8826.0,40672.0,94.45944039501528,1752331083.0,670552.0,629.0,58267b19-f9d8-4f7c-9acd-6e6b95b91209
720.0,4b0f0d7a-4321-4bda-822d-a2fc14f5cc66,1080.0,unboxing on beauty!,4333.0,153602.0,154.0,1751899083.0,429838.0,2942.0,b152252a-c161-4184-9252-ebc5b1e90579
1080.0,61cf44b0-5525-411f-8501-46b77a562ed4,1080.0,reaction on beauty!,6965.0,494195.0,94.45944039501528,1749911883.0,494478.7454455933,3203.0,7ac963bc-96a8-4d56-9f7b-b9f744691f0d
1080.0,61cf44b0-5525-411f-8501-46b77a562ed4,720.0,unboxing on fitness!,4999.513470681458,116775.0,42.0,1749652683.0,238421.0,4131.0,c94ecf95-30ea-4c67-b81b-28e17b9c7c4a
1080.0,61cf44b0-5525-411f-8501-46b77a562ed4,720.0,unboxing on travel!,4554.0,474364.0,29.0,1751553483.0,486710.0,3256.0,26f85ee8-8ec6-4d82-b1a1-d9d87d302598
1080.0,61cf44b0-5525-411f-8501-46b77a562ed4,720.0,unboxing on tech!,1905.0,182708.0,105.0,1750862283.0,650480.0,4117.0,d25456b4-0a93-4aee-abe8-40257f74b047
1080.0,61cf44b0-5525-411f-8501-46b77a562ed4,720.0,challenge on fitness!,6695.0,253113.63264767933,36.0,1749825483.0,345982.0,3593.0,9f2aaaa5-707a-4438-b79d-0774478786a2
720.0,61cf44b0-5525-411f-8501-46b77a562ed4,720.0,reaction on tech!,129.0,406513.0,147.0,1750775883.0,103516.0,1294.0,acd2d0a0-b4ff-485e-b421-ef6c310b560c
720.0,61cf44b0-5525-411f-8501-46b77a562ed4,720.0,challenge on tech!,6622.0,218127.0,96.0,1750948683.0,949693.0,1902.0,fff44f5f-7f10-4d77-ad25-fffb0e557acc
720.0,61cf44b0-5525-411f-8501-46b77a562ed4,1080.0,unboxing on fashion!,9262.0,55236.0,139.0,1751899083.0,596414.0,2767.0,dc3cb755-1a6c-4cfc-8619-12a8fff431a0
1080.0,61cf44b0-5525-411f-8501-46b77a562ed4,1080.0,review on travel!,9273.0,253113.63264767933,60.0,1748961483.0,156167.0,3248.0,f8b65775-84a3-4af1-9059-a253e55fa0ea
1080.0,61cf44b0-5525-411f-8501-46b77a562ed4,720.0,challenge on tech!,1212.0,192709.0,104.0,1752158283.0,989578.0,2184.0,c2d41813-e454-48bc-bb18-35248ae70f1c
720.0,61cf44b0-5525-411f-8501-46b77a562ed4,1080.0,reaction on travel!,2575.0,250280.0,32.0,1751812683.0,494478.7454455933,328.0,873f1428-7b74-423e-a516-4666c27f3783
720.0,61cf44b0-5525-411f-8501-46b77a562ed4,720.0,review on beauty!,2104.0,442386.0,100.0,1750516683.0,504044.0,3625.0,1c7bb795-e159-4bd6-906f-20406e3bde7a
1080.0,61cf44b0-5525-411f-8501-46b77a562ed4,720.0,reaction on food!,9598.0,253113.63264767933,109.0,1748183883.0,713356.0,1942.0,307af863-c042-4cab-8635-bb9344b92437
720.0,61cf44b0-5525-411f-8501-46b77a562ed4,1080.0,unboxing on food!,4999.513470681458,17308.0,63.0,1752331083.0,330212.0,3227.0,0ceb9bbd-d501-45ba-a04a-38ccad5b7286
897.9699248120301,61cf44b0-5525-411f-8501-46b77a562ed4,720.0,reaction on fashion!,5594.0,314237.0,96.0,1749479883.0,718693.0,3815.0,f98d02ec-47ee-448c-a7dc-ce923a0ec2f5
720.0,61cf44b0-5525-411f-8501-46b77a562ed4,1080.0,vlog on fitness!,2332.0,81944.0,99.0,1752158283.0,242922.0,1499.0,bafe5093-0efa-4752-9226-b7d409045dbb
1080.0,61cf44b0-5525-411f-8501-46b77a562ed4,720.0,challenge on fitness!,282.0,253113.63264767933,125.0,1749998283.0,93545.0,1386.0,1d07c817-23ff-47f1-ac3b-262146d8fba5
1080.0,61cf44b0-5525-411f-8501-46b77a562ed4,720.0,vlog on beauty!,3576.0,317050.0,68.0,1751553483.0,167288.0,2147.0,730feb66-2658-4001-bed7-d2d517d38615
720.0,61cf44b0-5525-411f-8501-46b77a562ed4,1080.0,review on fashion!,5239.0,97477.0,37.0,1752503883.0,311445.0,2909.0,e724c0f7-bd7a-4d16-b6f8-761dbe475bd4
720.0,61cf44b0-5525-411f-8501-46b77a562ed4,720.0,review on fitness!,9905.0,6564.0,118.0,1751553483.0,649549.0,345.0,b1699a8a-e1e6-43f5-bfe1-5ace5d5cecf1
897.9699248120301,9d15e1c7-898d-4239-84d0-c40100418bf5,1080.0,vlog on tech!,3232.0,282517.0,172.0,1751207883.0,877444.0,2344.0,1c8b277b-c5f0-4280-a183-34b2db921d1d
1080.0,9d15e1c7-898d-4239-84d0-c40100418bf5,720.0,reaction on beauty!,5235.0,231949.0,163.0,1751899083.0,985899.0,917.0,0c490bf4-fb5f-4259-9d9c-0b1f72cd6dd5
1080.0,9d15e1c7-898d-4239-84d0-c40100418bf5,720.0,reaction on beauty!,7472.0,139500.0,132.0,1748183883.0,306666.0,1413.0,553003fb-c6af-4ebb-882c-3be92c160a05
720.0,9d15e1c7-898d-4239-84d0-c40100418bf5,720.0,unboxing on fashion!,4999.513470681458,252929.0,87.0,1749566283.0,514956.0,417.0,9614a5cf-9aa3-4951-a2be-4f042e1183fd
720.0,9d15e1c7-898d-4239-84d0-c40100418bf5,1080.0,reaction on beauty!,6991.0,440568.0,113.0,1750516683.0,179663.0,2190.0,3a38820b-bf79-4775-87a3-e103850e824c
1080.0,9d15e1c7-898d-4239-84d0-c40100418bf5,1080.0,reaction on fitness!,1063.0,301702.0,94.45944039501528,1748011083.0,494478.7454455933,4911.0,a9ac7cbc-db1e-4169-af3a-3ccc38cb3b05
720.0,9d15e1c7-898d-4239-84d0-c40100418bf5,1080.0,challenge on fitness!,5766.0,107398.0,21.0,1749134283.0,661723.0,1364.0,8c15e75f-ad3a-420e-997e-5f000407d207
720.0,9d15e1c7-898d-4239-84d0-c40100418bf5,720.0,vlog on fitness!,4999.513470681458,157576.0,133.0,1750948683.0,797404.0,2535.6222222222223,ac9ac8cc-dafc-40a0-873b-e703710467f4
720.0,9d15e1c7-898d-4239-84d0-c40100418bf5,1080.0,review on food!,970.0,378263.0,150.0,1748011083.0,438161.0,944.0,1c0f3f67-4d37-4715-aac2-1f5ec8da6f89
1080.0,9d15e1c7-898d-4239-84d0-c40100418bf5,720.0,unboxing on food!,4999.513470681458,164407.0,126.0,1751553483.0,738500.0,2535.6222222222223,0a532fa0-64dc-4211-b39a-3e248c0b2442
1080.0,9d15e1c7-898d-4239-84d0-c40100418bf5,720.0,reaction on beauty!,3243.0,492060.0,20.0,1747924683.0,520389.0,3475.0,646b1783-7d72-4447-9f58-d8ced2ecd941
720.0,9d15e1c7-898d-4239-84d0-c40100418bf5,1080.0,challenge on fashion!,271.0,222872.0,68.0,1749220683.0,638441.0,1195.0,5e5a47de-8791-4c51-ade4-fc246bc3787e
720.0,9d15e1c7-898d-4239-84d0-c40100418bf5,1080.0,review on food!,3581.0,99209.0,27.0,1751467083.0,734416.0,4699.0,ca63c983-b459-4901-b198-9db695294b85
1080.0,9d15e1c7-898d-4239-84d0-c40100418bf5,720.0,unboxing on fashion!,8435.0,309806.0,42.0,1749393483.0,494478.7454455933,2854.0,844be288-f43f-4c5a-bd32-ec69110b39c2
720.0,9d15e1c7-898d-4239-84d0-c40100418bf5,720.0,reaction on beauty!,4999.513470681458,30760.0,70.0,1749479883.0,89640.0,4327.0,41374f7d-37bc-4a80-a3d2-38a44c8efdb3
1080.0,9d15e1c7-898d-4239-84d0-c40100418bf5,720.0,review on travel!,8470.0,480478.0,94.45944039501528,1751985483.0,348202.0,3183.0,1f2ffcfe-9bd2-40f5-aa18-53543f5e81cf
1080.0,9d15e1c7-898d-4239-84d0-c40100418bf5,1080.0,challenge on fitness!,5549.0,98756.0,169.0,1748788683.0,198710.0,3261.0,c36023f1-6c54-4d90-bd97-ce4893e3ee8e
720.0,9d15e1c7-898d-4239-84d0-c40100418bf5,1080.0,review on fashion!,4696.0,345194.0,146.0,1750948683.0,865633.0,4738.0,97c8539d-52f6-47fd-aa45-37ed11452866
720.0,9d15e1c7-898d-4239-84d0-c40100418bf5,1080.0,challenge on tech!,4999.513470681458,319487.0,24.0,1751726283.0,494478.7454455933,1126.0,9d2bc3fc-ecdf-4614-97dc-0fbf9b413306
1080.0,9d15e1c7-898d-4239-84d0-c40100418bf5,1080.0,challenge on beauty!,1042.0,253113.63264767933,58.0,1749220683.0,998556.0,2535.6222222222223,cfe5a2f7-58ed-4bde-b6e1-4907c7897681
720.0,9d15e1c7-898d-4239-84d0-c40100418bf5,1080.0,reaction on travel!,4999.513470681458,315955.0,175.0,1749998283.0,464838.0,4200.0,caae547e-ee88-4dde-a293-8b44811b613e
1080.0,9d15e1c7-898d-4239-84d0-c40100418bf5,720.0,unboxing on tech!,8428.0,253113.63264767933,112.0,1748270283.0,298658.0,4471.0,8b5633ff-62f7-491d-a201-515b528a1e9c
720.0,9d15e1c7-898d-4239-84d0-c40100418bf5,1080.0,review on tech!,141.0,291635.0,69.0,1750084683.0,198256.0,4651.0,afe2e6f3-a53d-4cac-9766-582ee2f97baa
1080.0,9d15e1c7-898d-4239-84d0-c40100418bf5,1080.0,reaction on beauty!,9892.0,262571.0,52.0,1752331083.0,869255.0,1214.0,4fa6e723-3c09-4a15-9ec3-75fae12711f3
1080.0,9d15e1c7-898d-4239-84d0-c40100418bf5,896.6165413533835,review on tech!,2258.0,289147.0,87.0,1750257483.0,494478.7454455933,3773.0,c5430ca3-e8a7-4f53-b3ae-68667579eb39
720.0,01d30d8a-d9e4-4c81-958d-319f63e8b730,1080.0,challenge on food!,4495.0,42682.0,41.0,1751639883.0,830981.0,2077.0,f9c382f8-acef-47ab-91f0-2d573334a5d5
1080.0,01d30d8a-d9e4-4c81-958d-319f63e8b730,1080.0,vlog on beauty!,4999.513470681458,89143.0,120.0,1749047883.0,178830.0,4006.0,ad94e4e7-0a20-4263-8793-518055f7271c
1080.0,01d30d8a-d9e4-4c81-958d-319f63e8b730,1080.0,review on tech!,8401.0,253113.63264767933,86.0,1749393483.0,882168.0,2708.0,202bb005-f762-4359-a59c-0659ee582e57
1080.0,01d30d8a-d9e4-4c81-958d-319f63e8b730,720.0,review on fashion!,4999.513470681458,254990.0,177.0,1749479883.0,962235.0,3729.0,9dde2fc9-d284-4f87-96bc-3724b96fdfa1
720.0,01d30d8a-d9e4-4c81-958d-319f63e8b730,720.0,challenge on food!,4999.513470681458,206585.0,46.0,1752417483.0,155534.0,2625.0,896a53bd-0abe-4074-bb63-a5fbbb04f5ce
1080.0,01d30d8a-d9e4-4c81-958d-319f63e8b730,1080.0,challenge on beauty!,5830.0,253113.63264767933,28.0,1750775883.0,949325.0,3603.0,1c1e3884-638c-40c6-b831-25da5c3190b7
720.0,01d30d8a-d9e4-4c81-958d-319f63e8b730,720.0,review on food!,2877.0,253113.63264767933,40.0,1749393483.0,647883.0,2044.0,b56cb5a5-d416-4de2-98a1-ae1524401965
720.0,01d30d8a-d9e4-4c81-958d-319f63e8b730,720.0,review on tech!,6030.0,450944.0,37.0,1750257483.0,417647.0,1442.0,0b10c548-2492-41c7-b964-3cc201e9aa61
720.0,01d30d8a-d9e4-4c81-958d-319f63e8b730,720.0,challenge on travel!,8487.0,201079.0,144.0,1750689483.0,494478.7454455933,1166.0,fb372338-3a34-44c1-b9d4-f55d5efd205b
1080.0,01d30d8a-d9e4-4c81-958d-319f63e8b730,1080.0,unboxing on food!,5862.0,186570.0,159.0,1753022283.0,494478.7454455933,2349.0,38c52cef-ba14-47be-9d69-5f05a21c59f9
720.0,01d30d8a-d9e4-4c81-958d-319f63e8b730,720.0,challenge on fitness!,8959.0,169316.0,94.45944039501528,1751294283.0,286514.0,2320.0,535e3bdc-b17d-444d-9b05-d5bcdf5051e0
720.0,01d30d8a-d9e4-4c81-958d-319f63e8b730,896.6165413533835,reaction on fitness!,5101.0,462347.0,104.0,1747924683.0,661074.0,619.0,ed39d783-194d-4ce6-b627-a71fdc4d114f
720.0,01d30d8a-d9e4-4c81-958d-319f63e8b730,720.0,unboxing on tech!,2064.0,88815.0,121.0,1749479883.0,908450.0,2571.0,8bbc0796-3245-4b6c-805b-d794e86d791f
720.0,01d30d8a-d9e4-4c81-958d-319f63e8b730,720.0,review on fashion!,1462.0,484324.0,100.0,1752158283.0,657552.0,2535.6222222222223,c59affbb-728b-4a5a-aa0e-83a8b6572745
1080.0,01d30d8a-d9e4-4c81-958d-319f63e8b730,720.0,reaction on food!,4505.0,253113.63264767933,94.0,1752158283.0,967187.0,4731.0,3414b25e-dac7-4519-835d-4dde7cb1ca7f
720.0,01d30d8a-d9e4-4c81-958d-319f63e8b730,1080.0,challenge on fashion!,4999.513470681458,494402.0,80.0,1747924683.0,313091.0,4866.0,3162c918-8e72-43b7-9544-ac5113162f12
720.0,01d30d8a-d9e4-4c81-958d-319f63e8b730,720.0,unboxing on tech!,3665.0,253113.63264767933,31.0,1752071883.0,847331.0,1386.0,ce8597b9-80e8-44c8-864c-7a3c87ee3501
1080.0,01d30d8a-d9e4-4c81-958d-319f63e8b730,896.6165413533835,reaction on fashion!,8916.0,163869.0,94.45944039501528,1750862283.0,892097.0,2377.0,757d50b8-a6bf-4bcf-918b-27e45ac5e268
1080.0,01d30d8a-d9e4-4c81-958d-319f63e8b730,720.0,challenge on travel!,8093.0,324123.0,167.0,1749911883.0,188982.0,2888.0,35670d8f-26b4-4fd5-94d8-29f4c3ba023e
1080.0,258eef1d-b87f-4c68-bd31-7cf57049eda6,896.6165413533835,review on travel!,2982.0,64201.0,50.0,1749307083.0,162500.0,4695.0,03e96253-3b6a-4676-94cf-d741873b710b
1080.0,258eef1d-b87f-4c68-bd31-7cf57049eda6,1080.0,review on beauty!,4666.0,73275.0,61.0,1748529483.0,307861.0,2838.0,35ff81a8-9990-4182-bcf9-57a262f98fc7
720.0,258eef1d-b87f-4c68-bd31-7cf57049eda6,720.0,challenge on travel!,47.0,445860.0,57.0,1752590283.0,585245.0,2304.0,21a4525a-9b11-47e3-8c15-bd4eefc7eb2e
1080.0,258eef1d-b87f-4c68-bd31-7cf57049eda6,1080.0,vlog on fitness!,624.0,1285.0,134.0,1752331083.0,707928.0,2535.6222222222223,64c941ea-53bf-49c3-a495-13fb265a99ce
720.0,258eef1d-b87f-4c68-bd31-7cf57049eda6,720.0,review on travel!,7062.0,495404.0,42.0,1747924683.0,934327.0,2246.0,c47ec576-8afc-48c1-b363-93caa0351e0a
720.0,258eef1d-b87f-4c68-bd31-7cf57049eda6,1080.0,review on travel!,3311.0,253113.63264767933,115.0,1747838283.0,621187.0,647.0,375a874b-6ad9-495e-8e43-c251d4df0c2e
1080.0,258eef1d-b87f-4c68-bd31-7cf57049eda6,720.0,unboxing on tech!,9976.0,248194.0,29.0,1753022283.0,225800.0,1650.0,e045f4b3-7e8a-4ddb-a40a-e443f203c560
1080.0,258eef1d-b87f-4c68-bd31-7cf57049eda6,1080.0,challenge on travel!,8090.0,232537.0,39.0,1749479883.0,127813.0,3694.0,61cad710-fe9e-40e4-af3c-ad98a09b6522
1080.0,258eef1d-b87f-4c68-bd31-7cf57049eda6,1080.0,review on food!,3265.0,155720.0,26.0,1749825483.0,494478.7454455933,2007.0,6b5c192f-5496-4201-88eb-c1ba5b35f07c
1080.0,258eef1d-b87f-4c68-bd31-7cf57049eda6,1080.0,unboxing on fitness!,4581.0,415231.0,19.0,1752417483.0,476132.0,3920.0,a2809714-77d8-47c1-8abc-799a1872ea33
720.0,258eef1d-b87f-4c68-bd31-7cf57049eda6,1080.0,challenge on beauty!,5480.0,146770.0,160.0,1749825483.0,494478.7454455933,2535.6222222222223,86d7b143-f276-4f4f-9cb7-d3ce60972cbb
1080.0,258eef1d-b87f-4c68-bd31-7cf57049eda6,720.0,unboxing on travel!,8543.0,253113.63264767933,105.0,1749998283.0,889167.0,194.0,fe6f3af0-1f15-418e-b183-5604c84f4f37
1080.0,258eef1d-b87f-4c68-bd31-7cf57049eda6,1080.0,challenge on travel!,4522.0,490098.0,31.0,1751121483.0,296452.0,4496.0,50ec05b6-4186-456e-8adf-0c6e4e57f088
720.0,258eef1d-b87f-4c68-bd31-7cf57049eda6,720.0,challenge on travel!,2762.0,430250.0,96.0,1752590283.0,35596.0,2535.6222222222223,eb94ad26-4fee-444e-9293-af0b4f9c36b9
1080.0,258eef1d-b87f-4c68-bd31-7cf57049eda6,1080.0,reaction on food!,1863.0,253113.63264767933,30.0,1752590283.0,494478.7454455933,3130.0,d513f00f-6777-4430-9441-212643cb5437
1080.0,258eef1d-b87f-4c68-bd31-7cf57049eda6,720.0,review on fashion!,7085.0,320796.0,109.0,1752676683.0,270530.0,1985.0,3726a9b7-61e5-47cd-85a7-4ed33da216f9
720.0,258eef1d-b87f-4c68-bd31-7cf57049eda6,720.0,unboxing on travel!,1897.0,467092.0,92.0,1749566283.0,763272.0,3767.0,70226275-0fb1-43bc-aef8-1063e4b4da6d
720.0,258eef1d-b87f-4c68-bd31-7cf57049eda6,720.0,review on food!,3613.0,265500.0,131.0,1752590283.0,865599.0,4375.0,5eda961d-92e4-48ca-859f-ad175a7bc096
720.0,258eef1d-b87f-4c68-bd31-7cf57049eda6,1080.0,review on travel!,2116.0,249868.0,74.0,1752244683.0,223108.0,970.0,acaf21ec-26d1-4270-b69d-9ebe2131fde5
720.0,258eef1d-b87f-4c68-bd31-7cf57049eda6,1080.0,unboxing on food!,8883.0,40304.0,51.0,1748183883.0,574085.0,765.0,ca4f16dd-5f6f-4caf-a741-b0e5b0a38ed6
1080.0,258eef1d-b87f-4c68-bd31-7cf57049eda6,1080.0,unboxing on travel!,2032.0,253113.63264767933,114.0,1749047883.0,119678.0,2696.0,3fe2777a-f033-4b1a-9ca5-8bf9ad1fd106
1080.0,258eef1d-b87f-4c68-bd31-7cf57049eda6,1080.0,reaction on food!,8962.0,253113.63264767933,81.0,1750171083.0,771934.0,2408.0,5c4c34cb-aa3a-4266-8d4d-0c7c63d801b6
1080.0,96f72b0a-aaba-4832-87c9-dd971a7d6895,720.0,unboxing on tech!,7386.0,269758.0,28.0,1749911883.0,494478.7454455933,154.0,425f1540-e989-4c85-bd2d-b98bdadc40c7
897.9699248120301,96f72b0a-aaba-4832-87c9-dd971a7d6895,720.0,unboxing on food!,8091.0,370877.0,106.0,1748443083.0,954732.0,4418.0,8a2cbb72-fa0d-4e1f-9d41-9d885ff1957b
1080.0,96f72b0a-aaba-4832-87c9-dd971a7d6895,1080.0,vlog on fashion!,8141.0,199075.0,14.0,1750603083.0,64178.0,2535.6222222222223,fc2fe5fe-ac45-4221-a41f-6cf94905b35b
720.0,96f72b0a-aaba-4832-87c9-dd971a7d6895,720.0,reaction on fashion!,2141.0,296386.0,178.0,1751035083.0,944777.0,2725.0,0993bdc1-2730-43b5-a033-f8e6d9bf7668
720.0,96f72b0a-aaba-4832-87c9-dd971a7d6895,720.0,vlog on fitness!,1416.0,253113.63264767933,88.0,1751467083.0,351879.0,4835.0,06be76dd-6af7-42eb-8d66-72d3befaa509
1080.0,96f72b0a-aaba-4832-87c9-dd971a7d6895,720.0,vlog on beauty!,5019.0,95276.0,176.0,1748788683.0,557169.0,4789.0,dcecdd25-26ec-4803-ab2d-fe63e48d748d
1080.0,96f72b0a-aaba-4832-87c9-dd971a7d6895,1080.0,vlog on travel!,5271.0,486181.0,77.0,1752331083.0,721458.0,4378.0,25961fd2-cb34-44d2-9dbc-0e100933d31c
720.0,96f72b0a-aaba-4832-87c9-dd971a7d6895,720.0,vlog on food!,9783.0,106385.0,117.0,1752331083.0,96930.0,3663.0,f98464ad-deca-4a60-94a6-b27008b756b1
720.0,96f72b0a-aaba-4832-87c9-dd971a7d6895,720.0,review on fitness!,6444.0,202566.0,36.0,1747838283.0,268731.0,2535.6222222222223,333dca0a-f5a6-4d31-81b8-24ef179ea25e
1080.0,96f72b0a-aaba-4832-87c9-dd971a7d6895,1080.0,challenge on fashion!,2570.0,250896.0,22.0,1748702283.0,382401.0,2028.0,8ff4b406-c09f-4e8d-afca-30bbd8888c45
720.0,96f72b0a-aaba-4832-87c9-dd971a7d6895,720.0,unboxing on fashion!,9268.0,253113.63264767933,64.0,1748788683.0,811062.0,3830.0,1c69e6f9-67fe-490e-9f04-a98d85ec1187
1080.0,96f72b0a-aaba-4832-87c9-dd971a7d6895,720.0,reaction on tech!,1890.0,491178.0,85.0,1750775883.0,29980.0,3945.0,f7a39163-eefa-480c-a906-eb85e1c34f68
720.0,96f72b0a-aaba-4832-87c9-dd971a7d6895,720.0,unboxing on food!,5432.0,293213.0,165.0,1749911883.0,344754.0,4948.0,f96bf45e-b5a8-4472-81fc-dbf02d56e860
897.9699248120301,96f72b0a-aaba-4832-87c9-dd971a7d6895,1080.0,vlog on fitness!,8826.0,200917.0,115.0,1750603083.0,589031.0,768.0,88b2f05b-4adc-45c9-b8f0-169f18934461
720.0,96f72b0a-aaba-4832-87c9-dd971a7d6895,1080.0,reaction on beauty!,1945.0,18085.0,131.0,1751812683.0,494478.7454455933,616.0,9c445707-cb6f-4a61-81fe-dbd43b832d2e
1080.0,96f72b0a-aaba-4832-87c9-dd971a7d6895,896.6165413533835,vlog on fashion!,5055.0,205271.0,52.0,1747924683.0,897477.0,4550.0,9c9028c1-a40d-4bca-8df1-0b6c5e93f133
1080.0,96f72b0a-aaba-4832-87c9-dd971a7d6895,1080.0,unboxing on food!,4999.513470681458,483023.0,94.45944039501528,1752158283.0,328487.0,1126.0,4bec9438-4371-461f-a402-b61b25d3c49d
1080.0,96f72b0a-aaba-4832-87c9-dd971a7d6895,1080.0,challenge on tech!,8023.0,312720.0,75.0,1751553483.0,50111.0,2535.6222222222223,4e9a2418-7809-4dd0-8fc6-c03f6b2040a1
1080.0,96f72b0a-aaba-4832-87c9-dd971a7d6895,1080.0,unboxing on tech!,8349.0,253113.63264767933,174.0,1748615883.0,647142.0,2920.0,f0d1599a-663e-4d0e-bdc8-b2da21ce4576
1080.0,96f72b0a-aaba-4832-87c9-dd971a7d6895,720.0,unboxing on beauty!,2280.0,243061.0,43.0,1749739083.0,630929.0,2535.6222222222223,e5cddc96-06ce-4f7b-9d63-00d03b4e9e1f
1080.0,96f72b0a-aaba-4832-87c9-dd971a7d6895,720.0,unboxing on food!,2030.0,446985.0,75.0,1752935883.0,130592.0,3534.0,fe33e8f8-ff38-4d81-a2dc-e289477dff11
720.0,96f72b0a-aaba-4832-87c9-dd971a7d6895,720.0,unboxing on travel!,4999.513470681458,472497.0,142.0,1749134283.0,924771.0,1708.0,a538a9a7-6b80-4c4b-871c-5d7f70e7e064
1080.0,96f72b0a-aaba-4832-87c9-dd971a7d6895,720.0,review on fashion!,8565.0,172606.0,17.0,1751899083.0,173215.0,1550.0,de896ab6-c811-4270-b53b-a56e5b125566
1080.0,96f72b0a-aaba-4832-87c9-dd971a7d6895,720.0,challenge on food!,2252.0,253113.63264767933,100.0,1748875083.0,393938.0,2535.6222222222223,aaa797a4-7aba-4a70-9744-9ed6007091ce
720.0,96f72b0a-aaba-4832-87c9-dd971a7d6895,720.0,reaction on fashion!,4999.513470681458,78086.0,22.0,1749479883.0,117435.0,1755.0,2df726ea-dd14-4222-aeb3-7ed77132e080
1080.0,96f72b0a-aaba-4832-87c9-dd971a7d6895,1080.0,review on food!,2972.0,395400.0,148.0,1751207883.0,29686.0,2801.0,127b8545-f138-429d-8aea-74b39c563fed
720.0,96f72b0a-aaba-4832-87c9-dd971a7d6895,720.0,reaction on fitness!,7423.0,466785.0,106.0,1748270283.0,836326.0,1707.0,0079836f-4072-477c-a998-3cfe1f90466d
1080.0,96f72b0a-aaba-4832-87c9-dd971a7d6895,1080.0,unboxing on tech!,3414.0,2533.0,113.0,1748443083.0,750166.0,1545.0,86d558bb-ba41-42da-80f7-fa4e92f0fe50
897.9699248120301,31859246-5b80-488e-a771-3bd7c1d68c6c,1080.0,review on food!,4999.513470681458,154936.0,48.0,1748356683.0,234935.0,1760.0,0381e578-70f6-4f61-a9f0-56b4917e5057
720.0,31859246-5b80-488e-a771-3bd7c1d68c6c,720.0,vlog on fitness!,8087.0,41384.0,67.0,1750084683.0,680883.0,1570.0,8f7d6b20-ea95-48a8-8070-6fb2624d95fe
720.0,31859246-5b80-488e-a771-3bd7c1d68c6c,1080.0,unboxing on food!,9392.0,63557.0,124.0,1750862283.0,248779.0,425.0,b84cd5d7-53ec-4fb4-a5bb-302dae4fc09f
1080.0,31859246-5b80-488e-a771-3bd7c1d68c6c,720.0,challenge on fitness!,6604.0,407786.0,135.0,1750516683.0,749458.0,2069.0,6479d4b0-d818-4d6a-b740-82ed1eceb50c
720.0,31859246-5b80-488e-a771-3bd7c1d68c6c,720.0,review on travel!,1712.0,253113.63264767933,106.0,1748875083.0,86998.0,862.0,bdeeea87-0175-417f-b4a5-47c1b71f2537
720.0,31859246-5b80-488e-a771-3bd7c1d68c6c,720.0,review on tech!,356.0,277881.0,29.0,1748875083.0,297633.0,1861.0,006ec375-b24c-4b0e-aec5-9dad39bb7fb8
1080.0,31859246-5b80-488e-a771-3bd7c1d68c6c,1080.0,challenge on travel!,7451.0,70136.0,45.0,1749739083.0,801360.0,4799.0,988ec899-bdad-4ef4-8d76-f91614214813
1080.0,31859246-5b80-488e-a771-3bd7c1d68c6c,1080.0,review on tech!,403.0,409823.0,151.0,1748702283.0,407352.0,4519.0,003ab1e9-4a48-490c-903e-57209e6d9ce5
1080.0,31859246-5b80-488e-a771-3bd7c1d68c6c,720.0,review on food!,6581.0,166729.0,166.0,1748702283.0,885731.0,2535.6222222222223,9f630827-48d6-4783-b25b-85a6be712afe
720.0,31859246-5b80-488e-a771-3bd7c1d68c6c,1080.0,vlog on fashion!,1002.0,413364.0,166.0,1749739083.0,532746.0,1143.0,8e4d0c10-d346-4d2e-9645-85b57537578d
1080.0,31859246-5b80-488e-a771-3bd7c1d68c6c,720.0,unboxing on fashion!,5758.0,379378.0,94.45944039501528,1748443083.0,360516.0,1813.0,04865b86-e858-4a65-867e-db4747582988
1080.0,31859246-5b80-488e-a771-3bd7c1d68c6c,720.0,vlog on food!,4999.513470681458,383215.0,10.0,1749220683.0,175834.0,4276.0,b6d33412-357e-4a69-8f66-4b87cc0591e1
1080.0,31859246-5b80-488e-a771-3bd7c1d68c6c,1080.0,unboxing on beauty!,3372.0,158219.0,165.0,1751380683.0,237632.0,1978.0,f5da50dc-bac9-42c2-b579-2c08ddf5f588
1080.0,31859246-5b80-488e-a771-3bd7c1d68c6c,720.0,reaction on food!,5424.0,293127.0,56.0,1750603083.0,494478.7454455933,4982.0,f3640fcb-ee88-4e67-8643-47d6805c5de1
720.0,31859246-5b80-488e-a771-3bd7c1d68c6c,720.0,reaction on beauty!,5227.0,228375.0,18.0,1747924683.0,759939.0,3509.0,1a2020c3-b962-4635-98ef-1865a675c8a2
720.0,31859246-5b80-488e-a771-3bd7c1d68c6c,1080.0,unboxing on beauty!,2491.0,292779.0,49.0,1749134283.0,494478.7454455933,3406.0,a30c96b5-2d6b-4c6b-9c5b-0b9d25234af1
1080.0,31859246-5b80-488e-a771-3bd7c1d68c6c,720.0,vlog on travel!,431.0,332794.0,24.0,1751812683.0,44932.0,2177.0,dae9311a-2f10-4e96-8669-8a417396df22
1080.0,31859246-5b80-488e-a771-3bd7c1d68c6c,1080.0,vlog on beauty!,3143.0,253113.63264767933,105.0,1752849483.0,494478.7454455933,2535.6222222222223,ca14436e-bab9-4c3d-90a8-182ae1fdcdea
720.0,31859246-5b80-488e-a771-3bd7c1d68c6c,1080.0,vlog on food!,8698.0,253113.63264767933,63.0,1748615883.0,613263.0,1438.0,795ffaee-3c26-4173-81c3-2ab35b13113c
720.0,31859246-5b80-488e-a771-3bd7c1d68c6c,720.0,challenge on beauty!,5740.0,378302.0,100.0,1751121483.0,484287.0,4770.0,498a40bc-0ebf-469d-9622-2949d35773df
720.0,31859246-5b80-488e-a771-3bd7c1d68c6c,1080.0,review on beauty!,4999.513470681458,489272.0,95.0,1752331083.0,325533.0,2078.0,93c28886-b0fa-4eb0-b68a-b6bd2a389cc2
720.0,31859246-5b80-488e-a771-3bd7c1d68c6c,720.0,reaction on beauty!,3844.0,90901.0,65.0,1751207883.0,477415.0,1331.0,3471cfea-7133-44d7-a248-ca582ef17797
720.0,31859246-5b80-488e-a771-3bd7c1d68c6c,720.0,reaction on beauty!,4889.0,379687.0,43.0,1748788683.0,86259.0,2421.0,7092e6a0-3efe-4ab7-9b02-245f4deac6b8
1080.0,72f7986e-d51c-4467-a8fb-ad19342a0c51,1080.0,review on fitness!,5072.0,27050.0,78.0,1751380683.0,271593.0,696.0,0ee132a7-9998-40cc-a33f-2e207b9d3528
720.0,72f7986e-d51c-4467-a8fb-ad19342a0c51,1080.0,vlog on fitness!,4548.0,420283.0,152.0,1751812683.0,28022.0,3589.0,ae60ef6b-7d87-425d-aec9-388083cd3d70
720.0,72f7986e-d51c-4467-a8fb-ad19342a0c51,720.0,vlog on beauty!,2390.0,211964.0,62.0,1751121483.0,738520.0,3487.0,8a199147-3f2b-4eff-91d2-2a03abd1f6f1
1080.0,72f7986e-d51c-4467-a8fb-ad19342a0c51,1080.0,review on food!,5407.0,143562.0,25.0,1749307083.0,241866.0,723.0,192e4728-e5a9-4519-a5c9-fa0cbe94f388
1080.0,72f7986e-d51c-4467-a8fb-ad19342a0c51,1080.0,reaction on tech!,4999.513470681458,135191.0,49.0,1748875083.0,494478.7454455933,4360.0,79e9b094-cedc-4ce7-8ba2-1961f6661249
1080.0,72f7986e-d51c-4467-a8fb-ad19342a0c51,720.0,review on food!,4794.0,85755.0,114.0,1750948683.0,954029.0,3585.0,1706c394-601b-4da3-9ff1-8c5609520af0
720.0,72f7986e-d51c-4467-a8fb-ad19342a0c51,720.0,vlog on fitness!,760.0,281111.0,54.0,1751380683.0,495455.0,61.0,f4c7cfb6-3fa9-41a2-b8c3-e5051269ff42
720.0,72f7986e-d51c-4467-a8fb-ad19342a0c51,720.0,unboxing on fitness!,5791.0,39294.0,102.0,1749047883.0,182731.0,3161.0,deaabb74-2f2b-4efa-ae41-8dbe39fcea8d
720.0,72f7986e-d51c-4467-a8fb-ad19342a0c51,720.0,challenge on fitness!,1335.0,123234.0,48.0,1751207883.0,641574.0,3134.0,c44cf22e-d869-48f5-b91e-bda138578ba5
720.0,72f7986e-d51c-4467-a8fb-ad19342a0c51,896.6165413533835,vlog on tech!,5107.0,168486.0,112.0,1748702283.0,683331.0,2538.0,c75120ca-4d29-4d99-b669-8e435f78dfcb
1080.0,72f7986e-d51c-4467-a8fb-ad19342a0c51,720.0,challenge on beauty!,2771.0,314495.0,69.0,1752503883.0,823579.0,4737.0,b95a98bf-5d58-4e2e-b3c4-5b7080d534a5
720.0,72f7986e-d51c-4467-a8fb-ad19342a0c51,720.0,reaction on travel!,9190.0,82019.0,75.0,1749220683.0,737372.0,173.0,ae2e6dc3-aeaf-41bc-80d5-4296e59e1d38
1080.0,72f7986e-d51c-4467-a8fb-ad19342a0c51,1080.0,vlog on travel!,82.0,253113.63264767933,161.0,1749393483.0,443714.0,4369.0,67dfa843-c1b4-4596-b5a3-6a07ea6b22ce
720.0,72f7986e-d51c-4467-a8fb-ad19342a0c51,720.0,reaction on tech!,146.0,481738.0,133.0,1751380683.0,98383.0,2089.0,7f1eb7d4-a2c2-40bc-ac7e-ef10185f55bd
1080.0,72f7986e-d51c-4467-a8fb-ad19342a0c51,1080.0,vlog on food!,3239.0,387955.0,73.0,1752158283.0,202497.0,2939.0,7066e293-74ff-491d-9d40-bdb08bd7fd1a
720.0,72f7986e-d51c-4467-a8fb-ad19342a0c51,1080.0,vlog on fashion!,1732.0,405607.0,45.0,1748615883.0,185810.0,3382.0,33b7a12f-821f-4fa3-844b-a34421d486a9
1080.0,72f7986e-d51c-4467-a8fb-ad19342a0c51,896.6165413533835,unboxing on fitness!,9960.0,180796.0,24.0,1750084683.0,221359.0,4106.0,db2af03c-bd1c-4e7a-af5a-e11eebaf4748
720.0,b125a889-653c-409e-8db6-09350ac586ee,720.0,challenge on food!,9326.0,334161.0,106.0,1752071883.0,106390.0,2845.0,2f9f7ff5-b9d5-44d9-a1aa-bb3cd1da8a06
720.0,b125a889-653c-409e-8db6-09350ac586ee,1080.0,challenge on food!,8172.0,253606.0,65.0,1752417483.0,494478.7454455933,3501.0,0830e654-768b-4bc4-be05-101f7ad4882d
720.0,b125a889-653c-409e-8db6-09350ac586ee,720.0,reaction on beauty!,6231.0,53257.0,64.0,1752935883.0,234604.0,43.0,ed66d9c0-f71f-4fa7-8904-fe549b5cf01f
720.0,b125a889-653c-409e-8db6-09350ac586ee,896.6165413533835,challenge on food!,8704.0,490085.0,96.0,1752935883.0,494478.7454455933,2003.0,12cf7035-ebf5-4b7d-afbf-cc256699790b
1080.0,b125a889-653c-409e-8db6-09350ac586ee,896.6165413533835,review on fashion!,516.0,46662.0,11.0,1752071883.0,496613.0,1924.0,053eb332-8d8e-401d-aa72-c9ad6daabb28
720.0,b125a889-653c-409e-8db6-09350ac586ee,720.0,review on fitness!,4999.513470681458,374666.0,125.0,1747838283.0,161265.0,4679.0,857c51dd-5deb-4273-94e8-2f0d25eb063b
1080.0,b125a889-653c-409e-8db6-09350ac586ee,1080.0,vlog on travel!,4180.0,326223.0,162.0,1749047883.0,929010.0,3501.0,b5852be4-07b6-486d-b9e7-59637240bc47
1080.0,b125a889-653c-409e-8db6-09350ac586ee,720.0,challenge on tech!,7115.0,493833.0,171.0,1748702283.0,322834.0,4875.0,e1913078-c311-48d3-aa7d-80e643cab5ec
720.0,b125a889-653c-409e-8db6-09350ac586ee,1080.0,unboxing on tech!,2982.0,94588.0,124.0,1748615883.0,526155.0,2058.0,fd2d10dd-a77c-47a1-8945-836c1fb277fb
720.0,b125a889-653c-409e-8db6-09350ac586ee,1080.0,vlog on travel!,887.0,139895.0,180.0,1752244683.0,423015.0,2412.0,018de082-cd78-415b-90a5-35dbae0c4f65
1080.0,b125a889-653c-409e-8db6-09350ac586ee,720.0,challenge on tech!,3099.0,445534.0,166.0,1749825483.0,542145.0,2535.6222222222223,241af5c1-aaac-4f6a-9302-af8b740e14d1
1080.0,b125a889-653c-409e-8db6-09350ac586ee,1080.0,challenge on food!,4999.513470681458,253113.63264767933,109.0,1752158283.0,259267.0,3447.0,cd7203e7-042a-43f6-91cd-a0fbbfd1e6fc
720.0,b125a889-653c-409e-8db6-09350ac586ee,1080.0,challenge on tech!,3942.0,417040.0,117.0,1750603083.0,147890.0,600.0,19248665-3657-4ecb-92f0-a1b011f32f29
1080.0,b125a889-653c-409e-8db6-09350ac586ee,720.0,vlog on fashion!,3078.0,253113.63264767933,141.0,1751467083.0,901927.0,3985.0,7b45b566-5fbb-476d-8197-a7b49c402559
720.0,b125a889-653c-409e-8db6-09350ac586ee,720.0,challenge on fitness!,2001.0,277491.0,48.0,1752071883.0,826370.0,1445.0,3e93a604-bc2a-4220-9102-efa3c1e42cfa
897.9699248120301,b125a889-653c-409e-8db6-09350ac586ee,720.0,challenge on travel!,5160.0,195189.0,168.0,1751726283.0,729651.0,240.0,21989a70-4e91-4c3a-a0d5-489af0586ee3
1080.0,b125a889-653c-409e-8db6-09350ac586ee,1080.0,review on fashion!,2799.0,25017.0,180.0,1751899083.0,43879.0,2513.0,cbade2ee-d7e0-4bac-9b84-796a4d11f269
897.9699248120301,b125a889-653c-409e-8db6-09350ac586ee,1080.0,review on tech!,3277.0,315663.0,166.0,1751207883.0,817248.0,1559.0,2c7450db-e8b9-4456-bf73-d1600189cb29
720.0,b125a889-653c-409e-8db6-09350ac586ee,1080.0,review on tech!,8042.0,253113.63264767933,92.0,1750603083.0,229293.0,550.0,ca6e5ca1-9fdc-4926-bf5b-fcb321416923
1080.0,b125a889-653c-409e-8db6-09350ac586ee,720.0,unboxing on fashion!,4630.0,389920.0,11.0,1751035083.0,589307.0,2884.0,a7c7b153-b1e9-4d72-bcac-f98fe3b93217
720.0,b125a889-653c-409e-8db6-09350ac586ee,1080.0,reaction on tech!,8939.0,256868.0,144.0,1750689483.0,434171.0,880.0,86d2206f-9790-4472-a476-56e1d46ebbbb
1080.0,b125a889-653c-409e-8db6-09350ac586ee,720.0,vlog on food!,9496.0,179548.0,129.0,1752935883.0,951632.0,3767.0,92e77ac3-17aa-4454-85b9-87f99493167d
897.9699248120301,b125a889-653c-409e-8db6-09350ac586ee,1080.0,vlog on tech!,5380.0,438537.0,88.0,1750775883.0,868325.0,4943.0,a4848873-d629-4244-828c-fa64a785ad1f
1080.0,f4d3ce25-a3f0-419c-8207-708d084c1be5,720.0,vlog on beauty!,5840.0,253113.63264767933,60.0,1748615883.0,400761.0,4128.0,b1f18759-3db3-4f1d-a2c6-14fae7a0be6b
1080.0,f4d3ce25-a3f0-419c-8207-708d084c1be5,1080.0,challenge on fitness!,4999.513470681458,253113.63264767933,158.0,1750775883.0,687453.0,1038.0,a56be547-97bb-490b-9e8a-9aeacfbf551d
897.9699248120301,f4d3ce25-a3f0-419c-8207-708d084c1be5,1080.0,reaction on travel!,4153.0,262306.0,79.0,1749739083.0,494478.7454455933,2661.0,4ba5c3bd-4023-42c3-89fa-e2aef4969348
720.0,f4d3ce25-a3f0-419c-8207-708d084c1be5,720.0,unboxing on tech!,4999.513470681458,128775.0,125.0,1750430283.0,942498.0,2535.6222222222223,882b3591-1b8d-4321-9c0e-3a9c15a0bc76
1080.0,f4d3ce25-a3f0-419c-8207-708d084c1be5,1080.0,challenge on food!,9780.0,291442.0,144.0,1751380683.0,121007.0,3051.0,0fdaaad3-832f-4bbc-b9ff-eb604a747018
1080.0,f4d3ce25-a3f0-419c-8207-708d084c1be5,1080.0,unboxing on fitness!,3428.0,349740.0,59.0,1749393483.0,494478.7454455933,4058.0,10239423-2852-4dd7-ae03-135da14b4136
897.9699248120301,f4d3ce25-a3f0-419c-8207-708d084c1be5,720.0,vlog on fashion!,45.0,1538.0,112.0,1751812683.0,391126.0,2607.0,0a608aa4-4de7-437a-9a23-578c075054dc
1080.0,f4d3ce25-a3f0-419c-8207-708d084c1be5,1080.0,vlog on food!,3075.0,419547.0,178.0,1752158283.0,677502.0,1310.0,9f3877cd-bbb4-4f49-be35-1ebf53fed375
720.0,f4d3ce25-a3f0-419c-8207-708d084c1be5,720.0,unboxing on travel!,8255.0,253113.63264767933,120.0,1749652683.0,521873.0,3318.0,971c03f2-7300-40fb-a386-e2179ee908c9
1080.0,f4d3ce25-a3f0-419c-8207-708d084c1be5,1080.0,unboxing on tech!,4999.513470681458,151649.0,174.0,1750603083.0,494478.7454455933,1573.0,6d638bfb-075b-43e3-be7d-7d7c34814939
720.0,f4d3ce25-a3f0-419c-8207-708d084c1be5,720.0,reaction on beauty!,7300.0,16694.0,33.0,1750948683.0,150659.0,2535.6222222222223,3279be86-ba60-463c-841e-af5ea8233457
720.0,f4d3ce25-a3f0-419c-8207-708d084c1be5,720.0,vlog on beauty!,8612.0,253113.63264767933,42.0,1749134283.0,68325.0,686.0,0b1486ff-76d5-4e20-9d30-df4d378bf425
1080.0,f4d3ce25-a3f0-419c-8207-708d084c1be5,1080.0,unboxing on food!,9365.0,19737.0,109.0,1751380683.0,578449.0,1003.0,77a18e8b-3696-4a9c-b2eb-29c14610734f
720.0,f4d3ce25-a3f0-419c-8207-708d084c1be5,1080.0,unboxing on fitness!,2522.0,125415.0,59.0,1749566283.0,494478.7454455933,1123.0,4caa66ca-1ee8-4394-95ae-b8f935f75d9f
1080.0,f4d3ce25-a3f0-419c-8207-708d084c1be5,720.0,reaction on tech!,420.0,114911.0,138.0,1748183883.0,202196.0,416.0,66938fa8-302f-4c3d-86c9-c735fea08dbc
897.9699248120301,f4d3ce25-a3f0-419c-8207-708d084c1be5,1080.0,review on fitness!,4119.0,253113.63264767933,100.0,1747924683.0,450256.0,2535.6222222222223,14d5b20f-e1da-402c-9f83-6a94b8ec09ef
1080.0,f4d3ce25-a3f0-419c-8207-708d084c1be5,1080.0,reaction on fashion!,4999.513470681458,490971.0,132.0,1752676683.0,802290.0,2571.0,4ecee844-6afc-42fa-b8ec-9d9f26c3b1b9
1080.0,f4d3ce25-a3f0-419c-8207-708d084c1be5,1080.0,review on fitness!,4999.513470681458,368720.0,127.0,1748011083.0,119055.0,2535.6222222222223,d5fd6552-9c8c-4b64-ab40-8de33a50b4d4
720.0,f4d3ce25-a3f0-419c-8207-708d084c1be5,1080.0,unboxing on fashion!,8411.0,25382.0,64.0,1752158283.0,26536.0,3317.0,f9a41211-732f-488d-a96d-c29f03ac280b
897.9699248120301,f4d3ce25-a3f0-419c-8207-708d084c1be5,720.0,reaction on travel!,4200.0,298306.0,27.0,1752590283.0,995121.0,1243.0,cfe1ac15-fb33-46c7-ba78-fd0baef878a1
897.9699248120301,f4d3ce25-a3f0-419c-8207-708d084c1be5,1080.0,review on fashion!,1332.0,51860.0,65.0,1749739083.0,494478.7454455933,2535.6222222222223,86d40d9d-3c53-47a2-9d5c-36b91143fa98
1080.0,f4d3ce25-a3f0-419c-8207-708d084c1be5,1080.0,reaction on food!,7350.0,178688.0,35.0,1751639883.0,494478.7454455933,2222.0,b35585e9-e1af-4692-84fe-336f32caf47b
720.0,f4d3ce25-a3f0-419c-8207-708d084c1be5,1080.0,challenge on tech!,6805.0,13559.0,82.0,1749911883.0,431938.0,3924.0,42d37cf8-2bf8-4974-af30-9ef6e2ed8a12
720.0,f4d3ce25-a3f0-419c-8207-708d084c1be5,720.0,vlog on travel!,2733.0,175155.0,93.0,1751121483.0,674029.0,600.0,6835f952-8471-4993-845e-91bd39fc11c1
1080.0,dc07beac-960a-4534-936d-0ac32e1178ed,1080.0,reaction on travel!,5621.0,94534.0,94.45944039501528,1749307083.0,686967.0,2535.6222222222223,1f0e8bcf-b036-43f9-9df3-a63e7543e627
1080.0,dc07beac-960a-4534-936d-0ac32e1178ed,720.0,review on fitness!,5477.0,378109.0,86.0,1748356683.0,911736.0,2535.6222222222223,d0a61121-6481-460f-9ee1-2d7ff5db9f88
1080.0,dc07beac-960a-4534-936d-0ac32e1178ed,720.0,review on beauty!,9492.0,229510.0,174.0,1752331083.0,118009.0,1424.0,c0708112-7100-41a3-9fc5-8486e75ec043
720.0,dc07beac-960a-4534-936d-0ac32e1178ed,720.0,review on food!,9654.0,10890.0,12.0,1750516683.0,623797.0,1024.0,4ea64612-d219-4f61-bfb2-2d1e125ba9fa
720.0,dc07beac-960a-4534-936d-0ac32e1178ed,1080.0,unboxing on food!,3781.0,186165.0,115.0,1752331083.0,584729.0,1026.0,93d9a741-bf16-42d3-8f56-9ab398293225
1080.0,dc07beac-960a-4534-936d-0ac32e1178ed,720.0,unboxing on fashion!,4999.513470681458,434364.0,94.45944039501528,1749307083.0,983128.0,4489.0,023718e1-4d6d-4e17-b0f6-265460cf0e3a
1080.0,dc07beac-960a-4534-936d-0ac32e1178ed,1080.0,review on fashion!,5369.0,435021.0,55.0,1749911883.0,494478.7454455933,1007.0,bf6d1125-6301-4466-8e35-8a645b96c0b1
1080.0,dc07beac-960a-4534-936d-0ac32e1178ed,1080.0,review on fitness!,4999.513470681458,477520.0,21.0,1748615883.0,316208.0,2865.0,2550ba06-d1b2-4d06-8c88-9350bbeabd79
720.0,dc07beac-960a-4534-936d-0ac32e1178ed,1080.0,review on fashion!,1837.0,46399.0,132.0,1751985483.0,70221.0,2859.0,714bc1e1-0eb3-49b0-97a9-3b31701260c5
720.0,dc07beac-960a-4534-936d-0ac32e1178ed,720.0,review on food!,5752.0,450425.0,175.0,1749134283.0,494478.7454455933,1807.0,80b9b497-8ec3-4d6e-812d-eabc4f808276
720.0,dc07beac-960a-4534-936d-0ac32e1178ed,720.0,unboxing on fashion!,6940.0,253113.63264767933,79.0,1748356683.0,407549.0,2627.0,d8b66dc0-fb1d-45f5-a1d8-bfe14ece7814
720.0,dc07beac-960a-4534-936d-0ac32e1178ed,1080.0,vlog on fitness!,6990.0,349079.0,102.0,1751467083.0,817813.0,1384.0,75a6a40b-152a-431d-883a-f909db47591b
1080.0,dc07beac-960a-4534-936d-0ac32e1178ed,720.0,unboxing on fashion!,6382.0,342960.0,22.0,1752158283.0,101935.0,2009.0,5303477e-b36d-4129-b22f-e19dbefe1349
720.0,dc07beac-960a-4534-936d-0ac32e1178ed,1080.0,unboxing on travel!,5362.0,284469.0,57.0,1748443083.0,494478.7454455933,1536.0,8c76a78c-52c6-44ad-9645-a42e4ed7e828
720.0,dc07beac-960a-4534-936d-0ac32e1178ed,1080.0,review on food!,3561.0,429384.0,79.0,1751899083.0,401275.0,2918.0,ae2a48b6-69e6-4516-891a-443dad5fa450
1080.0,dc07beac-960a-4534-936d-0ac32e1178ed,720.0,challenge on food!,442.0,444878.0,13.0,1748875083.0,950648.0,1448.0,93173dbd-481b-407c-8624-d4946ca3161b
1080.0,c51253aa-2f09-4e2a-83de-038a7a96675a,720.0,reaction on travel!,2045.0,131790.0,72.0,1751899083.0,143269.0,4657.0,4dc55ae9-8ad3-48f8-b96b-aed12a0e95e9
720.0,c51253aa-2f09-4e2a-83de-038a7a96675a,1080.0,review on fitness!,8626.0,253113.63264767933,166.0,1747838283.0,851861.0,1524.0,7bb4efd3-4624-4f12-a9ac-eb30fc1d495a
1080.0,c51253aa-2f09-4e2a-83de-038a7a96675a,720.0,unboxing on food!,3195.0,123498.0,23.0,1749998283.0,227917.0,2421.0,781615b1-36e3-4082-aca0-0205ea0c861f
720.0,c51253aa-2f09-4e2a-83de-038a7a96675a,720.0,challenge on beauty!,9654.0,118628.0,44.0,1750689483.0,243262.0,2894.0,281683fa-07ab-41a1-be80-d3949f6fbed2
720.0,c51253aa-2f09-4e2a-83de-038a7a96675a,896.6165413533835,review on fitness!,798.0,496103.0,98.0,1748702283.0,640005.0,2535.6222222222223,613a37e9-75b5-41d7-8d79-e2d327b5f09f
1080.0,c51253aa-2f09-4e2a-83de-038a7a96675a,1080.0,vlog on travel!,1608.0,40371.0,25.0,1752590283.0,494478.7454455933,1857.0,87bf9de5-ef17-48bb-9eb6-41e7da8102fa
720.0,c51253aa-2f09-4e2a-83de-038a7a96675a,1080.0,challenge on fitness!,4999.513470681458,22603.0,10.0,1747838283.0,702591.0,1921.0,d914ac72-1d08-47b5-b0ea-20e416f0fbcf
1080.0,c51253aa-2f09-4e2a-83de-038a7a96675a,1080.0,review on food!,568.0,45637.0,90.0,1748011083.0,261191.0,2535.6222222222223,f83f132f-d4f3-4ab6-84ea-99c4fec943e6
1080.0,c51253aa-2f09-4e2a-83de-038a7a96675a,1080.0,vlog on beauty!,2171.0,92616.0,91.0,1751985483.0,199227.0,3575.0,5d0ba3e0-b655-4c04-907e-5fb01a32105c
720.0,c51253aa-2f09-4e2a-83de-038a7a96675a,1080.0,review on beauty!,1031.0,423604.0,141.0,1751035083.0,28725.0,3880.0,bc758394-4430-461d-a323-6fcdc3aaee20
720.0,c51253aa-2f09-4e2a-83de-038a7a96675a,720.0,unboxing on food!,8877.0,193918.0,61.0,1749047883.0,494478.7454455933,2535.6222222222223,88487364-5738-4f83-84d9-637bb8fc7868
720.0,c51253aa-2f09-4e2a-83de-038a7a96675a,1080.0,review on fitness!,3579.0,253113.63264767933,117.0,1751467083.0,952571.0,103.0,9ae03f6d-0da7-442f-9d91-b040c202faca
720.0,c51253aa-2f09-4e2a-83de-038a7a96675a,1080.0,vlog on travel!,9520.0,32613.0,79.0,1748961483.0,494478.7454455933,2360.0,1a6a4b97-0363-482a-9420-4ac8d961370a
1080.0,c51253aa-2f09-4e2a-83de-038a7a96675a,720.0,challenge on fashion!,4999.513470681458,412374.0,52.0,1752158283.0,197137.0,2909.0,da49e344-34e3-40d1-947f-988d65c040a7
1080.0,c51253aa-2f09-4e2a-83de-038a7a96675a,720.0,vlog on fashion!,6052.0,106836.0,162.0,1748270283.0,549247.0,4910.0,7c4ad5c7-3406-4613-a7d0-d688469be182
1080.0,c51253aa-2f09-4e2a-83de-038a7a96675a,720.0,review on fashion!,6768.0,246497.0,18.0,1752935883.0,727448.0,4666.0,9bc63675-3d46-47da-b412-1a11e7b03edd
1080.0,c51253aa-2f09-4e2a-83de-038a7a96675a,1080.0,challenge on fashion!,4999.513470681458,305671.0,102.0,1750689483.0,400961.0,2535.6222222222223,8523a0cb-2411-4a15-95ae-225dfdb59a9e
720.0,c51253aa-2f09-4e2a-83de-038a7a96675a,720.0,vlog on beauty!,5537.0,218861.0,82.0,1750862283.0,444754.0,2535.6222222222223,e311c900-96d1-477b-b565-050226d8b39b
1080.0,c51253aa-2f09-4e2a-83de-038a7a96675a,720.0,review on fashion!,1896.0,402576.0,118.0,1750084683.0,536140.0,4656.0,43f9558c-a3f0-4407-ab2f-cc4c4cc9ae6c
1080.0,c51253aa-2f09-4e2a-83de-038a7a96675a,1080.0,vlog on beauty!,4521.0,338787.0,170.0,1748443083.0,292858.0,1386.0,1118fcea-0e49-471f-b79f-72a0b0dd3e45
1080.0,c51253aa-2f09-4e2a-83de-038a7a96675a,1080.0,vlog on fashion!,4873.0,233069.0,96.0,1752158283.0,333175.0,2535.6222222222223,dfcac50f-3e1e-464f-9700-94b685d5f78a
1080.0,c51253aa-2f09-4e2a-83de-038a7a96675a,896.6165413533835,review on food!,3396.0,443672.0,77.0,1750516683.0,472404.0,953.0,a802e26e-85fb-4e17-b0d9-df1e91809f9e
1080.0,c51253aa-2f09-4e2a-83de-038a7a96675a,1080.0,reaction on tech!,1308.0,330470.0,45.0,1748443083.0,216826.0,3753.0,335aa777-448c-4d4d-adf3-d6f770fa754c
720.0,c51253aa-2f09-4e2a-83de-038a7a96675a,1080.0,review on beauty!,4999.513470681458,238147.0,23.0,1750948683.0,461736.0,2535.6222222222223,62bda259-55db-44fe-80e3-1952fefeadd8
1080.0,c51253aa-2f09-4e2a-83de-038a7a96675a,720.0,unboxing on tech!,1275.0,6605.0,114.0,1749825483.0,703785.0,2535.6222222222223,54868e78-99c0-4af8-9cfd-b3440d276a8a
1080.0,c51253aa-2f09-4e2a-83de-038a7a96675a,1080.0,unboxing on food!,16.0,205423.0,31.0,1749047883.0,212637.0,4871.0,4a220f74-d048-407b-8da8-c9a9dbfbf396
720.0,c51253aa-2f09-4e2a-83de-038a7a96675a,720.0,review on food!,1062.0,201321.0,58.0,1751726283.0,532077.0,1263.0,34dc00b9-bb48-46d3-8cbb-3d99a5d1fdea
1080.0,c51253aa-2f09-4e2a-83de-038a7a96675a,720.0,vlog on tech!,4999.513470681458,385719.0,102.0,1751812683.0,332303.0,2978.0,4b80169b-5906-4c02-aac3-fdf0e868bd9c
1080.0,c51253aa-2f09-4e2a-83de-038a7a96675a,720.0,vlog on fitness!,8068.0,253113.63264767933,120.0,1748961483.0,713888.0,4450.0,1839a4b5-ce9d-44c5-b3ee-ae1f73fc16fa
720.0,722061e3-ff8a-4591-8b10-75f7a51b5854,720.0,reaction on fashion!,4999.513470681458,303712.0,180.0,1752331083.0,365387.0,2535.6222222222223,37c68a59-f76a-4022-8c80-90be76dd9622
720.0,722061e3-ff8a-4591-8b10-75f7a51b5854,720.0,vlog on beauty!,5202.0,58776.0,34.0,1751985483.0,494478.7454455933,111.0,33519d0e-7dab-4c4d-97cd-ddb62e62b31e
1080.0,722061e3-ff8a-4591-8b10-75f7a51b5854,720.0,vlog on tech!,3560.0,407487.0,158.0,1752590283.0,109893.0,2535.6222222222223,a8122463-56f5-4876-b4cf-5a35f71eecda
720.0,722061e3-ff8a-4591-8b10-75f7a51b5854,1080.0,vlog on fashion!,4085.0,187170.0,99.0,1747838283.0,79840.0,3398.0,fc32b229-9d1e-4327-801b-70f58088c169
1080.0,722061e3-ff8a-4591-8b10-75f7a51b5854,1080.0,reaction on fashion!,7800.0,53356.0,96.0,1751121483.0,345059.0,2248.0,c5fbbcf0-af10-4a79-a490-721d13eac629
1080.0,722061e3-ff8a-4591-8b10-75f7a51b5854,1080.0,reaction on fashion!,4234.0,100543.0,139.0,1748529483.0,445140.0,2639.0,fc19abad-24b5-4276-9a69-8b93682bcaff
1080.0,722061e3-ff8a-4591-8b10-75f7a51b5854,720.0,unboxing on travel!,6130.0,433560.0,85.0,1749911883.0,904849.0,3655.0,afd45bbd-3c11-496b-8e97-2c21083f7232
1080.0,722061e3-ff8a-4591-8b10-75f7a51b5854,1080.0,vlog on beauty!,6828.0,174406.0,118.0,1752417483.0,800249.0,4934.0,ca69f160-816a-4be2-980f-dfd2daf05478
720.0,722061e3-ff8a-4591-8b10-75f7a51b5854,1080.0,vlog on travel!,9537.0,389421.0,130.0,1749566283.0,122879.0,622.0,5fe7817a-1ffb-4081-8488-92693591f83b
1080.0,722061e3-ff8a-4591-8b10-75f7a51b5854,1080.0,review on fashion!,9923.0,61632.0,113.0,1751121483.0,78442.0,3684.0,b2058e2b-a4e0-416a-944e-16dfad9418d1
720.0,722061e3-ff8a-4591-8b10-75f7a51b5854,1080.0,reaction on beauty!,5490.0,250478.0,148.0,1748097483.0,241870.0,4.0,e1921ab8-264d-4974-a670-27a5cf68e75f
720.0,722061e3-ff8a-4591-8b10-75f7a51b5854,1080.0,review on travel!,8953.0,346690.0,118.0,1749134283.0,780614.0,4103.0,f2c5baef-c1eb-4e75-83ad-c7d7d46a3342
720.0,722061e3-ff8a-4591-8b10-75f7a51b5854,1080.0,vlog on travel!,2401.0,486796.0,65.0,1750948683.0,494478.7454455933,2535.6222222222223,c5707452-56aa-4651-b2ee-cbf22fd27865
720.0,722061e3-ff8a-4591-8b10-75f7a51b5854,720.0,vlog on food!,2971.0,253113.63264767933,146.0,1752676683.0,103264.0,4547.0,9fd00eb3-f316-4f68-9f87-f90c599f424e
897.9699248120301,722061e3-ff8a-4591-8b10-75f7a51b5854,720.0,unboxing on food!,1449.0,11931.0,23.0,1750775883.0,545256.0,4034.0,bab224ff-d47e-4055-b2d3-7d2386efc61b
1080.0,722061e3-ff8a-4591-8b10-75f7a51b5854,1080.0,vlog on travel!,2800.0,386935.0,111.0,1751207883.0,578505.0,1356.0,979beba7-0b71-4622-ac86-54cf4c8f6afc
1080.0,722061e3-ff8a-4591-8b10-75f7a51b5854,1080.0,challenge on tech!,3260.0,172945.0,127.0,1748183883.0,118506.0,638.0,02a2a5e1-7644-4100-8b8b-6330cbd38aca
1080.0,722061e3-ff8a-4591-8b10-75f7a51b5854,1080.0,vlog on beauty!,1915.0,194661.0,13.0,1748615883.0,628646.0,2249.0,846eddea-e7d3-4802-ae4b-e776019d863a
720.0,722061e3-ff8a-4591-8b10-75f7a51b5854,1080.0,review on fitness!,1315.0,160214.0,159.0,1750775883.0,83445.0,1749.0,74a9821c-6c25-4082-8d0e-44b41ebd0d8c
1080.0,722061e3-ff8a-4591-8b10-75f7a51b5854,1080.0,unboxing on tech!,7397.0,322089.0,94.45944039501528,1749307083.0,913554.0,325.0,d046a1ed-49cb-416f-88da-12457b146b67
720.0,722061e3-ff8a-4591-8b10-75f7a51b5854,720.0,review on travel!,5035.0,279187.0,94.45944039501528,1751985483.0,26284.0,982.0,fafa44b1-4d66-4de3-86f3-8a0029b6ae7b
720.0,722061e3-ff8a-4591-8b10-75f7a51b5854,1080.0,review on fitness!,8633.0,237424.0,94.45944039501528,1749047883.0,633292.0,3111.0,4707954d-8262-4468-a1d4-296b3052e06d
720.0,722061e3-ff8a-4591-8b10-75f7a51b5854,720.0,review on food!,1416.0,105014.0,180.0,1751553483.0,174502.0,4670.0,bbcc2790-d198-4138-8ced-0da1f4bf888e
720.0,722061e3-ff8a-4591-8b10-75f7a51b5854,1080.0,challenge on beauty!,9534.0,154218.0,64.0,1751035083.0,486848.0,748.0,cecb7ffa-c1a1-43d5-bfdb-1a48e3f83832
1080.0,722061e3-ff8a-4591-8b10-75f7a51b5854,720.0,reaction on travel!,4599.0,253113.63264767933,14.0,1750343883.0,679307.0,1948.0,ed65dcbf-f5fb-4359-bebd-663829daedb0
720.0,722061e3-ff8a-4591-8b10-75f7a51b5854,896.6165413533835,vlog on fitness!,529.0,111166.0,151.0,1752331083.0,312876.0,3253.0,5c888a5c-8c4c-4a86-bb3d-57459cd60764
1080.0,722061e3-ff8a-4591-8b10-75f7a51b5854,1080.0,reaction on fitness!,1160.0,289989.0,172.0,1751899083.0,326239.0,4902.0,74098d22-ae2b-469e-a286-215c0d458490
720.0,49a8b0ed-a3d0-4db9-8e2a-d88f2835f2cf,1080.0,reaction on fashion!,4281.0,253113.63264767933,161.0,1751812683.0,761490.0,1675.0,d206b06b-1263-45b7-bc79-d50cc36214ea
720.0,49a8b0ed-a3d0-4db9-8e2a-d88f2835f2cf,1080.0,review on beauty!,5345.0,217612.0,155.0,1751467083.0,19210.0,4241.0,16e18879-66ca-493d-bb73-61cd207f8240
1080.0,49a8b0ed-a3d0-4db9-8e2a-d88f2835f2cf,1080.0,review on food!,5306.0,57270.0,33.0,1751726283.0,976144.0,3364.0,40a8bcac-89b4-461f-9327-e0cf25b04cf5
1080.0,49a8b0ed-a3d0-4db9-8e2a-d88f2835f2cf,720.0,challenge on food!,1057.0,481287.0,133.0,1752158283.0,711097.0,2951.0,282286b1-0142-4ff4-9875-d923727e61ea
1080.0,49a8b0ed-a3d0-4db9-8e2a-d88f2835f2cf,1080.0,reaction on tech!,1476.0,329125.0,94.45944039501528,1748875083.0,845432.0,771.0,98581540-a74c-4716-9723-852eca57f48b
720.0,49a8b0ed-a3d0-4db9-8e2a-d88f2835f2cf,1080.0,reaction on travel!,3220.0,258694.0,25.0,1747838283.0,861278.0,4664.0,a27ec860-5b5f-4209-8790-a6e8d7dc1181
720.0,49a8b0ed-a3d0-4db9-8e2a-d88f2835f2cf,720.0,review on fashion!,3393.0,115046.0,134.0,1751639883.0,407090.0,3839.0,e72941ca-ee3d-43fa-8f82-05c93207a83c
720.0,49a8b0ed-a3d0-4db9-8e2a-d88f2835f2cf,720.0,reaction on tech!,4999.513470681458,251360.0,79.0,1750430283.0,354551.0,4025.0,41742dfa-fff9-4c39-8ba1-cb7e01bed262
897.9699248120301,49a8b0ed-a3d0-4db9-8e2a-d88f2835f2cf,1080.0,unboxing on beauty!,2009.0,207599.0,23.0,1749134283.0,410266.0,1312.0,14d1c9cd-be69-46a5-8d11-8197c654c0c7
1080.0,49a8b0ed-a3d0-4db9-8e2a-d88f2835f2cf,720.0,challenge on food!,3485.0,362498.0,109.0,1748702283.0,600819.0,3552.0,e384be67-f778-4d85-ab07-2a70a14e5d6b
720.0,49a8b0ed-a3d0-4db9-8e2a-d88f2835f2cf,1080.0,challenge on food!,1314.0,335256.0,66.0,1749134283.0,400181.0,2795.0,7d8cf2e4-0f09-4073-b426-3602b968981a
1080.0,49a8b0ed-a3d0-4db9-8e2a-d88f2835f2cf,720.0,vlog on travel!,479.0,66021.0,157.0,1748702283.0,982013.0,419.0,d0585488-d937-4a1b-b982-4dfb21c69cf1
720.0,49a8b0ed-a3d0-4db9-8e2a-d88f2835f2cf,720.0,challenge on fitness!,4999.513470681458,205544.0,86.0,1750948683.0,494478.7454455933,2535.6222222222223,2d343885-eb41-4273-9b9f-1d28bd04be1d
720.0,49a8b0ed-a3d0-4db9-8e2a-d88f2835f2cf,720.0,challenge on fashion!,9072.0,198431.0,107.0,1752244683.0,361173.0,2535.6222222222223,48be6a1d-0482-4910-bf27-38b34de70c95
720.0,49a8b0ed-a3d0-4db9-8e2a-d88f2835f2cf,720.0,unboxing on fashion!,4391.0,17088.0,42.0,1751985483.0,200680.0,112.0,a31b1e4c-23f2-4066-b2cd-ed673c77a066
720.0,49a8b0ed-a3d0-4db9-8e2a-d88f2835f2cf,720.0,review on fitness!,3769.0,417095.0,49.0,1749307083.0,399907.0,1473.0,01312334-ac36-4aff-872f-1f82f879b295
1080.0,49a8b0ed-a3d0-4db9-8e2a-d88f2835f2cf,720.0,review on fitness!,2223.0,75854.0,14.0,1749998283.0,390160.0,3203.0,6f4de9f3-111d-4985-9024-fa3af945218e
720.0,49a8b0ed-a3d0-4db9-8e2a-d88f2835f2cf,1080.0,reaction on travel!,4999.513470681458,323206.0,36.0,1751294283.0,878117.0,2535.6222222222223,83425177-6092-4597-90c8-28c8aec64728
1080.0,49a8b0ed-a3d0-4db9-8e2a-d88f2835f2cf,1080.0,reaction on food!,4625.0,294403.0,180.0,1751553483.0,491154.0,2814.0,056e339e-05af-49d0-ab9b-fc9b8b0f4869
1080.0,49a8b0ed-a3d0-4db9-8e2a-d88f2835f2cf,1080.0,challenge on beauty!,4279.0,156334.0,61.0,1752071883.0,132571.0,4562.0,07db51bf-8822-4770-9924-20331379c573
720.0,49a8b0ed-a3d0-4db9-8e2a-d88f2835f2cf,720.0,review on travel!,2320.0,151065.0,162.0,1748011083.0,468407.0,1803.0,ad47246f-ee36-43ec-8970-b9f56d79dabb
1080.0,49a8b0ed-a3d0-4db9-8e2a-d88f2835f2cf,1080.0,challenge on beauty!,9307.0,303341.0,48.0,1751899083.0,744178.0,1275.0,567e8d94-9dfd-4290-a604-1d78b4e6a2f4
1080.0,49a8b0ed-a3d0-4db9-8e2a-d88f2835f2cf,720.0,reaction on tech!,9385.0,361658.0,44.0,1750516683.0,451760.0,407.0,068300a0-474b-411b-b9ef-0788e4ba81ba
720.0,49a8b0ed-a3d0-4db9-8e2a-d88f2835f2cf,720.0,review on tech!,2297.0,351300.0,175.0,1748875083.0,90790.0,15.0,b740231c-a21c-4f2c-a505-3517dcfad0b7
1080.0,49a8b0ed-a3d0-4db9-8e2a-d88f2835f2cf,1080.0,review on travel!,3147.0,354420.0,17.0,1748961483.0,5858.0,3205.0,ade31b16-e211-45f8-a5ab-8b3807ac484c
720.0,49a8b0ed-a3d0-4db9-8e2a-d88f2835f2cf,1080.0,review on fitness!,2182.0,271366.0,66.0,1753022283.0,439903.0,4924.0,15715306-29f2-4b21-8b9f-809807837262
720.0,49a8b0ed-a3d0-4db9-8e2a-d88f2835f2cf,896.6165413533835,reaction on fashion!,8069.0,228548.0,125.0,1749911883.0,101877.0,790.0,6fc98e7f-75c7-4728-a982-814f54bd0572
1080.0,49a8b0ed-a3d0-4db9-8e2a-d88f2835f2cf,720.0,unboxing on fitness!,8542.0,282579.0,68.0,1750171083.0,586824.0,2792.0,e3882662-2e8e-4ff0-ad9b-5fe674670579
1080.0,49a8b0ed-a3d0-4db9-8e2a-d88f2835f2cf,1080.0,vlog on fitness!,1690.0,298413.0,14.0,1751121483.0,285166.0,560.0,a5966d7d-3273-4a6d-b1d0-e9dfb2016c30
720.0,dac32ded-6f31-48b7-a0d6-67918bbb5ed1,720.0,vlog on beauty!,4999.513470681458,389504.0,171.0,1751726283.0,149782.0,4764.0,4ec58c8e-e25e-4724-914f-c753d6190d1c
720.0,dac32ded-6f31-48b7-a0d6-67918bbb5ed1,720.0,unboxing on travel!,4999.513470681458,496812.0,149.0,1749393483.0,64900.0,3287.0,aaba4938-bcbd-4c1c-95b6-33efdec95564
720.0,dac32ded-6f31-48b7-a0d6-67918bbb5ed1,720.0,unboxing on fitness!,9132.0,391755.0,46.0,1752071883.0,137334.0,4450.0,5ae3efec-67c9-4122-9530-b20b5375429c
720.0,dac32ded-6f31-48b7-a0d6-67918bbb5ed1,1080.0,unboxing on fitness!,3092.0,278290.0,116.0,1751639883.0,27393.0,1185.0,53db6cc2-4730-44ad-86fb-8e584cb94b32
1080.0,dac32ded-6f31-48b7-a0d6-67918bbb5ed1,1080.0,unboxing on food!,3434.0,253113.63264767933,47.0,1750084683.0,810078.0,3555.0,9ad95e1a-976b-4d03-8489-436493897ec6
1080.0,dac32ded-6f31-48b7-a0d6-67918bbb5ed1,1080.0,vlog on food!,2591.0,329473.0,67.0,1747838283.0,543657.0,151.0,9c950082-d3b0-4029-9ed0-67ddd1d78cc1
720.0,dac32ded-6f31-48b7-a0d6-67918bbb5ed1,720.0,review on beauty!,9196.0,234336.0,47.0,1752676683.0,496454.0,3442.0,e866fa3b-a70a-4d6b-9214-cd2831c25d4a
1080.0,dac32ded-6f31-48b7-a0d6-67918bbb5ed1,1080.0,reaction on travel!,9113.0,320321.0,123.0,1748788683.0,113606.0,2535.6222222222223,73289d76-4b5a-4fd7-84e3-26701b33583e
1080.0,dac32ded-6f31-48b7-a0d6-67918bbb5ed1,720.0,unboxing on fashion!,8410.0,454778.0,58.0,1752590283.0,569920.0,3851.0,e318ecdf-5a3f-4cad-9607-6b94f2974933
720.0,dac32ded-6f31-48b7-a0d6-67918bbb5ed1,1080.0,reaction on food!,1352.0,253113.63264767933,48.0,1752071883.0,688380.0,1051.0,a4f1ac84-31bf-4e28-811b-670a2118ea89
1080.0,dac32ded-6f31-48b7-a0d6-67918bbb5ed1,720.0,review on fashion!,2607.0,285099.0,67.0,1750689483.0,961945.0,4721.0,1bc330b4-fce7-41ce-97dd-a26687b2c325
720.0,dac32ded-6f31-48b7-a0d6-67918bbb5ed1,720.0,vlog on tech!,2405.0,481692.0,129.0,1752849483.0,699765.0,4659.0,4d33ccfc-6883-44e2-8e08-c6cb191dae23
1080.0,dac32ded-6f31-48b7-a0d6-67918bbb5ed1,1080.0,reaction on fashion!,7042.0,209103.0,40.0,1751553483.0,62925.0,2535.6222222222223,cd6aa782-7d9c-4d62-a92f-eeff48f06af6
720.0,dac32ded-6f31-48b7-a0d6-67918bbb5ed1,720.0,challenge on beauty!,7225.0,253113.63264767933,173.0,1748875083.0,707212.0,2492.0,7cc04fee-6039-45f7-94fe-63af4fd41ea4
1080.0,dac32ded-6f31-48b7-a0d6-67918bbb5ed1,720.0,unboxing on food!,5728.0,204493.0,17.0,1750430283.0,256681.0,3073.0,7bcf965f-7f18-47a6-a28f-a59182715662
1080.0,dac32ded-6f31-48b7-a0d6-67918bbb5ed1,1080.0,unboxing on travel!,8711.0,422157.0,94.45944039501528,1752158283.0,494478.7454455933,974.0,901ffb72-a07e-4183-9046-ca6dd904fb40
720.0,dac32ded-6f31-48b7-a0d6-67918bbb5ed1,1080.0,vlog on fitness!,3940.0,253113.63264767933,36.0,1748961483.0,702083.0,3238.0,a3c14234-3f56-44c4-8b66-37075b2d85e2
1080.0,dac32ded-6f31-48b7-a0d6-67918bbb5ed1,720.0,review on tech!,4360.0,253113.63264767933,152.0,1748961483.0,417555.0,1327.0,e9d88ecb-e82c-4869-8ff6-155035196864
720.0,dac32ded-6f31-48b7-a0d6-67918bbb5ed1,1080.0,unboxing on travel!,4999.513470681458,60479.0,118.0,1749652683.0,658900.0,1296.0,6038ec7c-0491-4b37-86eb-5c101612214f
720.0,dac32ded-6f31-48b7-a0d6-67918bbb5ed1,720.0,unboxing on travel!,4999.513470681458,182750.0,123.0,1750171083.0,920036.0,2626.0,4dff3ef9-b8f2-4bf0-9090-5eb514267918
720.0,dac32ded-6f31-48b7-a0d6-67918bbb5ed1,896.6165413533835,unboxing on fashion!,4318.0,359070.0,173.0,1750171083.0,513179.0,3350.0,df2a1048-5833-4057-aa15-c0277dd4af9e
720.0,dac32ded-6f31-48b7-a0d6-67918bbb5ed1,1080.0,reaction on food!,7414.0,476616.0,127.0,1749393483.0,924343.0,3832.0,1aa5b876-8570-43fd-b325-8263bd6dae4f
720.0,dac32ded-6f31-48b7-a0d6-67918bbb5ed1,1080.0,review on tech!,1194.0,234950.0,112.0,1749911883.0,775032.0,2535.6222222222223,b55241df-5c8c-4b2d-9604-097ab5d40273
1080.0,dac32ded-6f31-48b7-a0d6-67918bbb5ed1,1080.0,unboxing on fitness!,6232.0,424460.0,91.0,1750948683.0,303673.0,4058.0,acdd1187-ffa7-4a62-96ce-74dc7a456eef
720.0,dac32ded-6f31-48b7-a0d6-67918bbb5ed1,720.0,vlog on fashion!,2530.0,253113.63264767933,45.0,1750862283.0,436172.0,4862.0,83cf8270-ccf5-4f3c-b2be-b7a7c2adcadd
1080.0,dac32ded-6f31-48b7-a0d6-67918bbb5ed1,1080.0,vlog on tech!,8994.0,253113.63264767933,22.0,1751985483.0,759999.0,3659.0,44280651-c8b7-4d41-9f39-38d4a8f001fd
720.0,dac32ded-6f31-48b7-a0d6-67918bbb5ed1,720.0,unboxing on fitness!,4999.513470681458,412723.0,83.0,1750775883.0,884465.0,1639.0,b221589b-dc39-4e4b-8120-eab7643f347b
1080.0,4fc2ca0a-3c05-4717-a064-9e6ed651a04b,1080.0,unboxing on fashion!,431.0,434773.0,94.45944039501528,1752417483.0,442704.0,2794.0,f4ebebf7-10ff-4ed2-95bd-d05602ed3871
720.0,4fc2ca0a-3c05-4717-a064-9e6ed651a04b,720.0,review on tech!,4999.513470681458,106805.0,92.0,1752503883.0,59487.0,670.0,a8fa1080-aab1-4010-a96e-ef051e486ad9
720.0,4fc2ca0a-3c05-4717-a064-9e6ed651a04b,720.0,challenge on food!,1407.0,253113.63264767933,138.0,1748097483.0,492823.0,2535.6222222222223,3c731424-f5d1-4227-a383-19c6818c8796
1080.0,4fc2ca0a-3c05-4717-a064-9e6ed651a04b,1080.0,review on food!,3924.0,6962.0,25.0,1751639883.0,831925.0,44.0,988f3023-b54e-4bde-89fd-aed9f68c1007
720.0,4fc2ca0a-3c05-4717-a064-9e6ed651a04b,1080.0,review on beauty!,1663.0,142160.0,97.0,1752331083.0,608330.0,4689.0,079941c9-7189-4ab2-8116-577c27000466
720.0,4fc2ca0a-3c05-4717-a064-9e6ed651a04b,720.0,vlog on fashion!,1922.0,152944.0,17.0,1749220683.0,671840.0,2978.0,d7a00ab5-052e-49bb-833a-8daa59e34c27
720.0,4fc2ca0a-3c05-4717-a064-9e6ed651a04b,720.0,vlog on fitness!,661.0,298075.0,60.0,1749393483.0,876223.0,2927.0,fc946aaa-0075-47f0-af1d-25ebb78f383e
1080.0,4fc2ca0a-3c05-4717-a064-9e6ed651a04b,720.0,vlog on food!,6096.0,253113.63264767933,176.0,1747838283.0,632596.0,3053.0,882a8a49-a9ef-463f-9319-cf623ff07935
1080.0,4fc2ca0a-3c05-4717-a064-9e6ed651a04b,720.0,reaction on beauty!,6073.0,263648.0,66.0,1748270283.0,692294.0,4268.0,a23e4bea-ed41-42a8-a2c6-09bee9ec1281
897.9699248120301,4fc2ca0a-3c05-4717-a064-9e6ed651a04b,720.0,unboxing on tech!,9462.0,45794.0,66.0,1752503883.0,65148.0,2535.6222222222223,6899ea59-6b72-44bb-93ad-7bf604fb7d90
720.0,4fc2ca0a-3c05-4717-a064-9e6ed651a04b,896.6165413533835,review on fitness!,4999.513470681458,253113.63264767933,75.0,1751121483.0,529752.0,808.0,af55a162-c914-4e47-a502-9a9f6bde7036
720.0,4fc2ca0a-3c05-4717-a064-9e6ed651a04b,720.0,review on tech!,8055.0,131550.0,116.0,1748615883.0,651269.0,4381.0,e3ec3296-96d7-44e0-a597-1fda65d1bd58
720.0,4fc2ca0a-3c05-4717-a064-9e6ed651a04b,720.0,challenge on food!,2842.0,287128.0,10.0,1750437953.577738,510057.0,4537.0,36dfa7a5-cbec-47fc-869d-a025d9b760e1
1080.0,4fc2ca0a-3c05-4717-a064-9e6ed651a04b,1080.0,challenge on fitness!,8369.0,401526.0,58.0,1752849483.0,588796.0,3430.0,e639450b-6d2d-454e-af2a-b001c2936d75
720.0,4fc2ca0a-3c05-4717-a064-9e6ed651a04b,1080.0,reaction on travel!,5650.0,237935.0,65.0,1748702283.0,711182.0,2908.0,bd09ee44-e45c-445a-9015-f0df411b96e3
720.0,4fc2ca0a-3c05-4717-a064-9e6ed651a04b,720.0,reaction on fitness!,664.0,279975.0,27.0,1748702283.0,70529.0,4942.0,87adb8f0-d5cf-4ec6-af40-32ade16c1a84
1080.0,4fc2ca0a-3c05-4717-a064-9e6ed651a04b,1080.0,vlog on fashion!,7939.0,111776.0,142.0,1750084683.0,628398.0,820.0,fb58f0ea-8eb7-46d4-b5f4-bda9aae2b894
897.9699248120301,4fc2ca0a-3c05-4717-a064-9e6ed651a04b,1080.0,unboxing on fitness!,4999.513470681458,391551.0,46.0,1748615883.0,655185.0,891.0,c0171e38-6b4d-4acb-94b8-50616a54aa3f
720.0,4fc2ca0a-3c05-4717-a064-9e6ed651a04b,720.0,vlog on tech!,7030.0,38154.0,70.0,1752849483.0,162134.0,3076.0,005afdce-65dc-422c-a12f-81455f531150
1080.0,4fc2ca0a-3c05-4717-a064-9e6ed651a04b,720.0,review on fashion!,4999.513470681458,445908.0,174.0,1749998283.0,839570.0,2535.6222222222223,643d24dc-d2ec-4fd0-9698-a16ec6def9d8
1080.0,4fc2ca0a-3c05-4717-a064-9e6ed651a04b,720.0,challenge on travel!,4999.513470681458,207517.0,75.0,1748270283.0,241751.0,1319.0,5d34ec3e-2c65-4c46-828f-c2b34072525a
720.0,4fc2ca0a-3c05-4717-a064-9e6ed651a04b,720.0,challenge on food!,8223.0,253113.63264767933,169.0,1748183883.0,117440.0,2204.0,ebc6152c-cee0-403d-804c-ed853f9b60e8
1080.0,4fc2ca0a-3c05-4717-a064-9e6ed651a04b,1080.0,challenge on food!,2609.0,238032.0,123.0,1752676683.0,494478.7454455933,1996.0,3f7d449e-53dc-405f-94e1-80843f6891b8
1080.0,4fc2ca0a-3c05-4717-a064-9e6ed651a04b,1080.0,vlog on travel!,7501.0,2246.0,93.0,1751812683.0,651706.0,2535.6222222222223,8dff36ba-65b8-4aa9-af47-1218a12dfbe3
720.0,4fc2ca0a-3c05-4717-a064-9e6ed651a04b,720.0,review on food!,3212.0,2179.0,30.0,1749220683.0,55862.0,2126.0,dd50d2aa-9576-4521-90df-fa34a47a8184
720.0,4fc2ca0a-3c05-4717-a064-9e6ed651a04b,720.0,reaction on beauty!,8507.0,90692.0,30.0,1749479883.0,853542.0,2347.0,58938169-508c-45dd-9fea-0bbb7e2136a6
1080.0,ab08eccd-0761-4b6f-b6dc-43e53990229a,720.0,unboxing on tech!,6097.0,494456.0,148.0,1751121483.0,494478.7454455933,2535.6222222222223,993140b8-8b4f-4832-a584-248a990c3f49
1080.0,ab08eccd-0761-4b6f-b6dc-43e53990229a,1080.0,review on food!,3586.0,253113.63264767933,35.0,1752417483.0,649807.0,1532.0,b2a7468d-6aaa-4110-ac1a-3c9c827c6530
1080.0,ab08eccd-0761-4b6f-b6dc-43e53990229a,1080.0,review on beauty!,9361.0,292862.0,16.0,1749911883.0,800492.0,3839.0,67649404-2bf3-4d6f-bdff-dab3019d2e81
720.0,ab08eccd-0761-4b6f-b6dc-43e53990229a,720.0,vlog on beauty!,853.0,291179.0,140.0,1750862283.0,9929.0,3362.0,5fa36d1c-247e-41c6-8e52-acf8eeb69ffb
720.0,ab08eccd-0761-4b6f-b6dc-43e53990229a,720.0,review on travel!,4999.513470681458,396911.0,32.0,1751380683.0,301742.0,4304.0,d16d60c9-91ac-4abf-a9d3-06ae277469c9
1080.0,ab08eccd-0761-4b6f-b6dc-43e53990229a,1080.0,review on fitness!,4999.513470681458,479307.0,102.0,1750257483.0,411370.0,401.0,dddb2949-2637-403e-9fc1-804c747523af
1080.0,ab08eccd-0761-4b6f-b6dc-43e53990229a,1080.0,challenge on beauty!,8459.0,236002.0,145.0,1751726283.0,351343.0,2535.6222222222223,cc5c6afb-69c6-4bb2-90ef-cedf17ae8d52
720.0,ab08eccd-0761-4b6f-b6dc-43e53990229a,720.0,review on beauty!,9289.0,334568.0,38.0,1748875083.0,494478.7454455933,4174.0,61825622-dd15-4a5f-a886-0bc8274d0cf3
1080.0,ab08eccd-0761-4b6f-b6dc-43e53990229a,720.0,review on fitness!,5829.0,253113.63264767933,24.0,1752763083.0,710229.0,3156.0,8a7de6ba-3248-4d1a-87ed-bb9198f5c365
720.0,ab08eccd-0761-4b6f-b6dc-43e53990229a,720.0,unboxing on travel!,8025.0,338244.0,138.0,1748097483.0,740089.0,4131.0,211f5936-f8c2-485c-beea-2f75f9a666a3
1080.0,ab08eccd-0761-4b6f-b6dc-43e53990229a,720.0,challenge on travel!,655.0,50961.0,94.45944039501528,1749652683.0,494478.7454455933,4691.0,1d54b98b-0991-4ef2-aefb-36e3e0f66cdc
1080.0,ab08eccd-0761-4b6f-b6dc-43e53990229a,1080.0,review on fashion!,8739.0,403319.0,150.0,1750084683.0,101704.0,4409.0,a2c23714-f6c6-403f-82fa-a9a7d2860b74
720.0,ab08eccd-0761-4b6f-b6dc-43e53990229a,720.0,reaction on tech!,4999.513470681458,253113.63264767933,42.0,1749393483.0,494478.7454455933,279.0,603f4dad-1208-4ded-8028-98e5e0f307b0
720.0,ab08eccd-0761-4b6f-b6dc-43e53990229a,720.0,unboxing on beauty!,3768.0,140788.0,53.0,1749307083.0,920069.0,4280.0,be41b842-719e-4d30-9976-60ebcd4aa527
720.0,ab08eccd-0761-4b6f-b6dc-43e53990229a,720.0,review on tech!,4999.513470681458,186628.0,10.0,1749566283.0,603940.0,3901.0,75cd1b7f-905a-405d-958e-4d0ff18cf4cf
1080.0,ab08eccd-0761-4b6f-b6dc-43e53990229a,720.0,vlog on food!,3168.0,166325.0,36.0,1751121483.0,250247.0,3870.0,5913e230-5b1f-4660-941a-cdba397bcb57
720.0,ab08eccd-0761-4b6f-b6dc-43e53990229a,720.0,review on fashion!,1889.0,381103.0,114.0,1752417483.0,122330.0,3353.0,404546cc-896b-48e3-b85f-c1290627cfc1
720.0,ab08eccd-0761-4b6f-b6dc-43e53990229a,1080.0,review on food!,4999.513470681458,458713.0,128.0,1748443083.0,125371.0,1751.0,6e8767a3-fc6c-4e8f-acb7-4bc90d5e8a88
720.0,ab08eccd-0761-4b6f-b6dc-43e53990229a,720.0,review on tech!,7690.0,412872.0,133.0,1752503883.0,302461.0,2456.0,39d2734a-a1f7-4fb3-bc32-1287cb2e94e3
720.0,ab08eccd-0761-4b6f-b6dc-43e53990229a,1080.0,unboxing on food!,2444.0,77948.0,147.0,1747838283.0,494478.7454455933,2535.6222222222223,bade7614-c02d-4466-800e-db1967c04116
1080.0,ab08eccd-0761-4b6f-b6dc-43e53990229a,720.0,review on fitness!,2441.0,478371.0,15.0,1752849483.0,829552.0,2965.0,4143ff60-6ce6-4db2-a761-8e959baf0cac
720.0,ab08eccd-0761-4b6f-b6dc-43e53990229a,720.0,reaction on beauty!,2668.0,330771.0,12.0,1747838283.0,44929.0,1103.0,ff4e5cc9-0737-4af8-8717-520637d4a052
1080.0,ab08eccd-0761-4b6f-b6dc-43e53990229a,1080.0,challenge on tech!,426.0,488500.0,37.0,1747924683.0,662536.0,1727.0,5b49172e-70e8-482c-80c1-3661b7b2262f
720.0,ab08eccd-0761-4b6f-b6dc-43e53990229a,1080.0,vlog on travel!,4999.513470681458,166414.0,18.0,1748011083.0,479305.0,2535.6222222222223,b900a423-3b9c-47e7-b664-557746be3dec
1080.0,ab08eccd-0761-4b6f-b6dc-43e53990229a,1080.0,review on fitness!,9559.0,253113.63264767933,47.0,1750343883.0,39102.0,1238.0,c018ab92-0081-4db4-950b-17582e8f864e
1080.0,ab08eccd-0761-4b6f-b6dc-43e53990229a,720.0,review on food!,847.0,403814.0,163.0,1750603083.0,588715.0,2110.0,b5d94f04-d32b-4248-9d97-ab73ceb79974
720.0,ab08eccd-0761-4b6f-b6dc-43e53990229a,896.6165413533835,reaction on fitness!,9533.0,90200.0,165.0,1749393483.0,987309.0,2535.6222222222223,77c82c15-cd83-4c58-9e0e-1bdbfb00e075
897.9699248120301,ab08eccd-0761-4b6f-b6dc-43e53990229a,1080.0,unboxing on tech!,1638.0,120313.0,55.0,1750689483.0,655034.0,1004.0,d28ad67a-8983-4818-9802-3a7886311352
897.9699248120301,ab08eccd-0761-4b6f-b6dc-43e53990229a,720.0,review on beauty!,4999.513470681458,431157.0,73.0,1751467083.0,71755.0,3347.0,257aee8c-1a85-4d57-accf-e20de338673a
1080.0,3f112fa4-429e-42ed-beb7-fc120254ace0,1080.0,vlog on travel!,2895.0,228949.0,49.0,1752503883.0,722306.0,4101.0,4c9d3f4d-00ff-4cd6-99e0-4a515cf616ce
1080.0,3f112fa4-429e-42ed-beb7-fc120254ace0,1080.0,vlog on beauty!,4999.513470681458,76258.0,57.0,1750171083.0,537060.0,3861.0,da466d2b-13bc-4959-a13d-302a874cfd6d
1080.0,3f112fa4-429e-42ed-beb7-fc120254ace0,720.0,vlog on beauty!,6314.0,324921.0,152.0,1748097483.0,975611.0,412.0,03788e84-5555-4748-b3e3-226356e10b84
1080.0,3f112fa4-429e-42ed-beb7-fc120254ace0,1080.0,unboxing on tech!,8049.0,361604.0,101.0,1749911883.0,355443.0,488.0,0d9437fb-c915-4992-a552-c8a5f8871da4
720.0,3f112fa4-429e-42ed-beb7-fc120254ace0,1080.0,vlog on food!,1982.0,10679.0,118.0,1750257483.0,270544.0,39.0,288f284b-95cb-4158-aecc-8a01010b767f
1080.0,3f112fa4-429e-42ed-beb7-fc120254ace0,1080.0,vlog on tech!,4144.0,184093.0,42.0,1751726283.0,416454.0,4594.0,93584383-e5f8-431a-aeee-24e4e9db3be4
1080.0,3f112fa4-429e-42ed-beb7-fc120254ace0,1080.0,challenge on food!,1289.0,418758.0,74.0,1747924683.0,680416.0,280.0,778954e0-ea0a-4b7e-b81b-01acba9beaa4
720.0,3f112fa4-429e-42ed-beb7-fc120254ace0,1080.0,review on fashion!,6947.0,448357.0,94.45944039501528,1747838283.0,407839.0,4888.0,90efe637-3a8b-4d92-9522-e6442de58bab
720.0,3f112fa4-429e-42ed-beb7-fc120254ace0,1080.0,vlog on tech!,4970.0,457269.0,119.0,1748183883.0,330334.0,1424.0,664563db-d91d-4c17-b134-09156f6bcf07
897.9699248120301,3f112fa4-429e-42ed-beb7-fc120254ace0,1080.0,vlog on fitness!,8565.0,305989.0,42.0,1748961483.0,192098.0,4626.0,f83a94e1-c04c-4b04-b642-a1176dcad0e6
720.0,3f112fa4-429e-42ed-beb7-fc120254ace0,1080.0,reaction on travel!,4752.0,283033.0,37.0,1752503883.0,463151.0,4907.0,ba187f95-c0e3-4bc6-86fc-d574c1cded72
720.0,3f112fa4-429e-42ed-beb7-fc120254ace0,720.0,review on travel!,3528.0,253113.63264767933,88.0,1752158283.0,267439.0,1867.0,6f5c6655-7864-4374-867c-919b4ea9059d
1080.0,3f112fa4-429e-42ed-beb7-fc120254ace0,720.0,vlog on travel!,8382.0,14996.0,110.0,1752503883.0,643366.0,427.0,4ab1c544-c0f8-496f-93c2-06bbf8b091eb
720.0,3f112fa4-429e-42ed-beb7-fc120254ace0,720.0,unboxing on fashion!,311.0,253113.63264767933,94.45944039501528,1748097483.0,712518.0,2003.0,34c58e9f-5499-4764-aa2d-cc7f32db191d
1080.0,3f112fa4-429e-42ed-beb7-fc120254ace0,896.6165413533835,review on beauty!,7122.0,229634.0,167.0,1749911883.0,336260.0,355.0,b3396bd1-8e5b-49d6-a5b1-242dfa934176
1080.0,3f112fa4-429e-42ed-beb7-fc120254ace0,1080.0,vlog on beauty!,2005.0,384041.0,13.0,1749652683.0,241722.0,3489.0,8b5e8083-38e5-4f63-83a7-01f1b5e721dd
1080.0,3f112fa4-429e-42ed-beb7-fc120254ace0,1080.0,vlog on fashion!,3266.0,82343.0,59.0,1752590283.0,910826.0,2535.6222222222223,d686e975-df68-48c7-9b6f-1e4ea8015e01
1080.0,3f112fa4-429e-42ed-beb7-fc120254ace0,1080.0,challenge on travel!,8568.0,176888.0,41.0,1748097483.0,9242.0,3580.0,bdf1c246-7817-4c5b-94dc-804bf563c1a4
720.0,3da7ddc1-6d67-4bdd-bb8f-df31a66d31f7,1080.0,reaction on fitness!,4999.513470681458,381655.0,37.0,1750603083.0,394825.0,1257.0,b24a68dd-9461-4a43-a4ad-15130993ce56
720.0,3da7ddc1-6d67-4bdd-bb8f-df31a66d31f7,1080.0,challenge on beauty!,7620.0,228107.0,63.0,1752849483.0,223965.0,338.0,1d67fb9a-bffd-453e-a05e-ff2ef5ec92d9
720.0,3da7ddc1-6d67-4bdd-bb8f-df31a66d31f7,720.0,review on fitness!,9259.0,475250.0,97.0,1751121483.0,677721.0,51.0,987bd9df-295e-4e1e-a5f4-82880303ad32
1080.0,3da7ddc1-6d67-4bdd-bb8f-df31a66d31f7,1080.0,reaction on tech!,3476.0,253113.63264767933,76.0,1748875083.0,139460.0,328.0,28624ac2-1656-469b-8790-b5571d51430a
720.0,3da7ddc1-6d67-4bdd-bb8f-df31a66d31f7,720.0,challenge on fitness!,6658.0,315683.0,49.0,1749911883.0,550884.0,1842.0,37afe841-b927-4c51-9680-6e3c9238e6d3
1080.0,3da7ddc1-6d67-4bdd-bb8f-df31a66d31f7,1080.0,challenge on fashion!,9934.0,326637.0,152.0,1751726283.0,898334.0,2170.0,9db3f8db-41bf-450d-93f3-609c811a8eb8
1080.0,3da7ddc1-6d67-4bdd-bb8f-df31a66d31f7,896.6165413533835,vlog on fashion!,7597.0,253113.63264767933,62.0,1752935883.0,494478.7454455933,3390.0,9c6baf3a-7ad5-441d-a6bf-04bf65252041
1080.0,3da7ddc1-6d67-4bdd-bb8f-df31a66d31f7,720.0,challenge on travel!,6614.0,439616.0,121.0,1752244683.0,494478.7454455933,3474.0,49a5de6a-3a9b-469d-8bed-feef2baaad18
1080.0,3da7ddc1-6d67-4bdd-bb8f-df31a66d31f7,720.0,unboxing on beauty!,9560.0,238188.0,164.0,1749739083.0,684984.0,1398.0,171a8cba-6105-4f67-90a9-2dc027fbb639
1080.0,3da7ddc1-6d67-4bdd-bb8f-df31a66d31f7,1080.0,unboxing on travel!,4562.0,276449.0,53.0,1749393483.0,544249.0,3468.0,430824ed-d3ab-4603-8ef1-0eee582df488
720.0,3da7ddc1-6d67-4bdd-bb8f-df31a66d31f7,1080.0,review on fitness!,4209.0,194755.0,149.0,1752244683.0,850828.0,4033.0,6d008deb-1d78-41c5-a7be-0e48877042e0
1080.0,3da7ddc1-6d67-4bdd-bb8f-df31a66d31f7,720.0,reaction on fitness!,4262.0,465055.0,177.0,1748270283.0,635927.0,2535.6222222222223,255dfc33-dca8-4729-86cf-ed53377705b1
720.0,3da7ddc1-6d67-4bdd-bb8f-df31a66d31f7,1080.0,reaction on travel!,5296.0,396613.0,168.0,1750084683.0,915939.0,4965.0,33c6ca39-dafc-419e-9656-7f5a9be29fc3
720.0,3da7ddc1-6d67-4bdd-bb8f-df31a66d31f7,720.0,unboxing on fashion!,4999.513470681458,12703.0,89.0,1752331083.0,217562.0,2535.6222222222223,48e685e4-9e4a-4cc5-8e8d-1019e7f05980
720.0,3da7ddc1-6d67-4bdd-bb8f-df31a66d31f7,1080.0,vlog on fashion!,4999.513470681458,90391.0,96.0,1748529483.0,177248.0,2018.0,f1ceeed3-419d-41e1-88c1-96530f0c838e
720.0,3da7ddc1-6d67-4bdd-bb8f-df31a66d31f7,1080.0,review on fashion!,4540.0,239774.0,36.0,1752071883.0,972847.0,2314.0,d31ddf90-97cb-4423-9356-63f1cf5bf97c
720.0,3da7ddc1-6d67-4bdd-bb8f-df31a66d31f7,720.0,unboxing on beauty!,5627.0,364767.0,117.0,1750603083.0,957230.0,57.0,296a5a4e-466d-47ed-9281-480cb8f5e4c5
720.0,3da7ddc1-6d67-4bdd-bb8f-df31a66d31f7,720.0,unboxing on tech!,4999.513470681458,156767.0,108.0,1748961483.0,816058.0,1548.0,b176547c-55c3-4a19-b0d7-4754e816859b
720.0,3da7ddc1-6d67-4bdd-bb8f-df31a66d31f7,1080.0,vlog on fashion!,2465.0,71006.0,45.0,1748270283.0,819058.0,4789.0,5219f0c4-603e-47c8-9c74-277479689231
1080.0,1bf0e67c-b2ec-4f8d-ae02-ed7f93bef404,720.0,reaction on beauty!,1693.0,253113.63264767933,87.0,1748097483.0,494478.7454455933,1902.0,56a40849-33b3-4076-8739-bab2e274e1e1
1080.0,1bf0e67c-b2ec-4f8d-ae02-ed7f93bef404,720.0,reaction on fashion!,4999.513470681458,243138.0,122.0,1751812683.0,507770.0,2055.0,0fa9f79b-2814-40a8-b2e0-ead4a95c5fb4
720.0,1bf0e67c-b2ec-4f8d-ae02-ed7f93bef404,720.0,reaction on tech!,5448.0,453183.0,112.0,1751467083.0,798596.0,3494.0,82de9fb0-3128-460d-bcdb-9af11fccd637
1080.0,1bf0e67c-b2ec-4f8d-ae02-ed7f93bef404,720.0,unboxing on beauty!,9748.0,402792.0,67.0,1749911883.0,182973.0,2557.0,338eb3ad-ac58-439b-b60c-c6319767613c
720.0,1bf0e67c-b2ec-4f8d-ae02-ed7f93bef404,1080.0,unboxing on fashion!,6692.0,253113.63264767933,145.0,1752331083.0,353269.0,3364.0,05e4ab27-b0f4-4775-998e-19dadc0d1501
720.0,1bf0e67c-b2ec-4f8d-ae02-ed7f93bef404,720.0,vlog on travel!,5969.0,119553.0,66.0,1749393483.0,110144.0,3127.0,ff455704-c326-4326-ad85-85a7b89d9ca4
1080.0,1bf0e67c-b2ec-4f8d-ae02-ed7f93bef404,720.0,challenge on beauty!,3062.0,253113.63264767933,100.0,1750603083.0,7123.0,4978.0,b394102d-412e-44dd-9b13-90a8ebde378b
1080.0,1bf0e67c-b2ec-4f8d-ae02-ed7f93bef404,720.0,challenge on fashion!,4999.513470681458,385416.0,54.0,1748615883.0,886331.0,2535.6222222222223,39745da5-7941-48fa-b481-fe8249cd7669
720.0,1bf0e67c-b2ec-4f8d-ae02-ed7f93bef404,720.0,review on fitness!,3280.0,253113.63264767933,95.0,1748011083.0,143764.0,1595.0,1eb9f762-4e32-417f-a281-daad052fe5f4
720.0,1bf0e67c-b2ec-4f8d-ae02-ed7f93bef404,1080.0,unboxing on fashion!,4004.0,108396.0,73.0,1752071883.0,874502.0,4512.0,381e195c-4fd6-496a-b3a0-ea3f28668c82
720.0,1bf0e67c-b2ec-4f8d-ae02-ed7f93bef404,1080.0,reaction on food!,4999.513470681458,144604.0,84.0,1749393483.0,631575.0,2535.6222222222223,c467ee96-50af-4930-9406-cb6cb44906b6
1080.0,1bf0e67c-b2ec-4f8d-ae02-ed7f93bef404,720.0,review on fitness!,8137.0,86628.0,180.0,1749566283.0,494478.7454455933,2569.0,1e369c8c-8720-46d0-bd70-6f3de639e19a
720.0,1bf0e67c-b2ec-4f8d-ae02-ed7f93bef404,1080.0,vlog on fashion!,6732.0,248769.0,167.0,1748615883.0,494478.7454455933,3055.0,9d4ad3ef-9486-487c-b7e3-250ff7122651
720.0,1bf0e67c-b2ec-4f8d-ae02-ed7f93bef404,896.6165413533835,vlog on tech!,3019.0,414807.0,94.45944039501528,1752676683.0,4220.0,2977.0,6aada132-fa6c-4b25-b154-806223c0b30e
720.0,1bf0e67c-b2ec-4f8d-ae02-ed7f93bef404,1080.0,reaction on food!,4042.0,60847.0,23.0,1750775883.0,917213.0,2285.0,dda149d4-ae64-4461-a7bf-201adc3d44f1
720.0,1bf0e67c-b2ec-4f8d-ae02-ed7f93bef404,720.0,challenge on tech!,1573.0,440967.0,66.0,1750603083.0,406025.0,3144.0,085ac76c-1d9b-4047-b7d5-0b248b084e8f
1080.0,1bf0e67c-b2ec-4f8d-ae02-ed7f93bef404,720.0,challenge on fitness!,4999.513470681458,264072.0,148.0,1749566283.0,494478.7454455933,1602.0,a1733e22-ad79-4e3d-a772-da0bc15b95f3
720.0,1bf0e67c-b2ec-4f8d-ae02-ed7f93bef404,896.6165413533835,unboxing on beauty!,4168.0,9897.0,58.0,1748443083.0,75459.0,3696.0,181f9a25-bebd-4d99-b405-f86ad36cd44a
1080.0,1bf0e67c-b2ec-4f8d-ae02-ed7f93bef404,720.0,review on fashion!,9616.0,353299.0,94.45944039501528,1751985483.0,248660.0,1125.0,5187fa20-25f4-406e-bd17-5d4c37664963
720.0,1bf0e67c-b2ec-4f8d-ae02-ed7f93bef404,896.6165413533835,review on fitness!,2986.0,253113.63264767933,10.0,1748270283.0,178608.0,2535.6222222222223,c962fd9e-db42-44c9-a0c1-78ba73a9b707
720.0,1bf0e67c-b2ec-4f8d-ae02-ed7f93bef404,1080.0,unboxing on tech!,6986.0,464505.0,89.0,1749998283.0,171191.0,70.0,957f1fdd-950c-4342-886e-643d6ae7862d
720.0,1bf0e67c-b2ec-4f8d-ae02-ed7f93bef404,720.0,reaction on food!,4897.0,23847.0,146.0,1751035083.0,575176.0,2730.0,7fb1b2f7-7aba-4639-bf05-b69d413fce53
720.0,1bf0e67c-b2ec-4f8d-ae02-ed7f93bef404,1080.0,unboxing on travel!,2810.0,104232.0,55.0,1752849483.0,814683.0,309.0,cf42cad2-4491-44c0-8fb9-3170cc353b9d
720.0,f847b966-8035-4d70-ae44-7d655d4d4822,896.6165413533835,review on food!,3283.0,188034.0,162.0,1750171083.0,108642.0,2610.0,7e987572-8f77-48a9-902f-caa48faabd89
720.0,f847b966-8035-4d70-ae44-7d655d4d4822,720.0,review on travel!,2968.0,224547.0,128.0,1751899083.0,194127.0,4550.0,99b7aa61-7afa-4af7-ab9b-2e504d1f3e30
1080.0,f847b966-8035-4d70-ae44-7d655d4d4822,720.0,review on fashion!,5075.0,253113.63264767933,114.0,1750603083.0,523478.0,4615.0,21a41779-eb22-47ea-99c5-6640bf4026db
720.0,f847b966-8035-4d70-ae44-7d655d4d4822,1080.0,challenge on tech!,4898.0,253113.63264767933,128.0,1748270283.0,494478.7454455933,2535.6222222222223,47e2f33a-459b-41b6-8cb1-31b5c731082e
1080.0,f847b966-8035-4d70-ae44-7d655d4d4822,1080.0,reaction on food!,5687.0,269686.0,61.0,1752071883.0,422648.0,1226.0,c1a4cf54-4e72-4d16-a116-bfc5d21d8ece
897.9699248120301,f847b966-8035-4d70-ae44-7d655d4d4822,720.0,unboxing on tech!,3616.0,292207.0,38.0,1750430283.0,814068.0,2192.0,263b5cce-4dc9-41d4-bc9e-2b7e8019cd0e
1080.0,f847b966-8035-4d70-ae44-7d655d4d4822,896.6165413533835,unboxing on fitness!,6475.0,363120.0,66.0,1748702283.0,506286.0,4234.0,737f5300-6151-49c3-9b7a-3ac6c747eec5
1080.0,f847b966-8035-4d70-ae44-7d655d4d4822,720.0,review on fashion!,5168.0,49573.0,112.0,1749825483.0,547505.0,4419.0,48bdd142-b650-48fb-b20d-541c1d433036
1080.0,f847b966-8035-4d70-ae44-7d655d4d4822,720.0,review on fashion!,2996.0,3297.0,36.0,1748875083.0,502916.0,333.0,d52891b3-b940-4e98-9c6c-e61940686c46
1080.0,f847b966-8035-4d70-ae44-7d655d4d4822,720.0,challenge on fitness!,2071.0,253113.63264767933,72.0,1752503883.0,494478.7454455933,737.0,61c713ca-0815-45be-af78-28bb9c14fb51
720.0,f847b966-8035-4d70-ae44-7d655d4d4822,720.0,unboxing on fitness!,8655.0,129295.0,74.0,1749134283.0,834217.0,4932.0,5c5b8bed-95f9-463f-bbd0-07415356df5e
720.0,f847b966-8035-4d70-ae44-7d655d4d4822,1080.0,vlog on tech!,9060.0,310966.0,64.0,1748788683.0,494478.7454455933,1727.0,9028fbf8-5cfb-42ac-a957-e4d6fdb5a5af
1080.0,f847b966-8035-4d70-ae44-7d655d4d4822,720.0,unboxing on food!,9856.0,217920.0,12.0,1751207883.0,542901.0,2249.0,f680237f-8fbc-41a3-9afa-b29c6aac0bdb
720.0,f847b966-8035-4d70-ae44-7d655d4d4822,720.0,review on travel!,2333.0,465065.0,173.0,1749825483.0,167785.0,2740.0,29298b21-3948-4d7c-8899-a017abb0c9aa
1080.0,f847b966-8035-4d70-ae44-7d655d4d4822,1080.0,unboxing on beauty!,6392.0,488717.0,100.0,1751553483.0,29522.0,123.0,6ac56580-8eee-4daa-ba38-d12b2041bfd0
720.0,f847b966-8035-4d70-ae44-7d655d4d4822,720.0,review on fitness!,7596.0,206699.0,142.0,1752676683.0,13627.0,272.0,85321679-0ca2-4d0c-9f5a-b1eb622db5ed
1080.0,f847b966-8035-4d70-ae44-7d655d4d4822,1080.0,unboxing on food!,4999.513470681458,251774.0,49.0,1748097483.0,662979.0,2535.6222222222223,b304a2aa-e5ad-4dc8-b20d-7081cda064f7
1080.0,5ccee1e5-8659-4038-81c4-b59bca0c7ca6,720.0,challenge on tech!,8484.0,257195.0,60.0,1751207883.0,441233.0,2535.6222222222223,ee4887a5-7d51-45a7-83e5-af23ae3b3a28
1080.0,5ccee1e5-8659-4038-81c4-b59bca0c7ca6,720.0,vlog on travel!,6787.0,220170.0,162.0,1752417483.0,310692.0,1180.0,f6caae42-946e-4f9d-b5f3-cc96892536d9
720.0,5ccee1e5-8659-4038-81c4-b59bca0c7ca6,720.0,vlog on tech!,9467.0,262507.0,145.0,1748529483.0,387721.0,1052.0,970717d3-7421-4c5a-9f4d-5d382d5cc32d
1080.0,5ccee1e5-8659-4038-81c4-b59bca0c7ca6,1080.0,reaction on travel!,4368.0,284375.0,35.0,1748011083.0,931315.0,2369.0,c878dbd8-6e3c-43e7-9958-d2fa1e8c5381
720.0,5ccee1e5-8659-4038-81c4-b59bca0c7ca6,1080.0,challenge on food!,126.0,397362.0,33.0,1750084683.0,906092.0,1151.0,cc85a435-5779-4989-b58a-85fa9415c546
1080.0,5ccee1e5-8659-4038-81c4-b59bca0c7ca6,720.0,challenge on tech!,4999.513470681458,469845.0,42.0,1752417483.0,924557.0,3523.0,e816dc62-4da7-43e8-adb4-471803dd8c8d
1080.0,5ccee1e5-8659-4038-81c4-b59bca0c7ca6,720.0,unboxing on travel!,4999.513470681458,255846.0,70.0,1750775883.0,474011.0,3120.0,8fcd483b-1612-4354-96c4-a1b10485698d
720.0,5ccee1e5-8659-4038-81c4-b59bca0c7ca6,1080.0,vlog on tech!,182.0,226277.0,138.0,1749479883.0,806325.0,2863.0,a6d9154a-ce37-438a-9297-64fd8f4fc5bb
720.0,5ccee1e5-8659-4038-81c4-b59bca0c7ca6,720.0,vlog on fashion!,4999.513470681458,465203.0,145.0,1747924683.0,888290.0,3490.0,f69bbcf2-eac1-4838-9143-1a751f552497
720.0,5ccee1e5-8659-4038-81c4-b59bca0c7ca6,1080.0,unboxing on food!,4999.513470681458,75900.0,137.0,1752244683.0,323357.0,1948.0,cee7a425-a225-4945-9c47-000dcf247c7c
720.0,5ccee1e5-8659-4038-81c4-b59bca0c7ca6,720.0,reaction on fashion!,6635.0,117088.0,128.0,1752935883.0,19636.0,310.0,f9dbddd5-fc08-4d74-a465-8f4d69ec5d0f
720.0,5ccee1e5-8659-4038-81c4-b59bca0c7ca6,720.0,unboxing on beauty!,5005.0,426630.0,94.45944039501528,1748788683.0,333546.0,970.0,6d6e027a-15f8-48d6-82b1-4e14f7b2ffcf
720.0,5ccee1e5-8659-4038-81c4-b59bca0c7ca6,1080.0,reaction on travel!,4017.0,253113.63264767933,102.0,1748961483.0,175145.0,3855.0,6521228f-72ee-42bb-91ca-aba33e6a03de
720.0,5ccee1e5-8659-4038-81c4-b59bca0c7ca6,1080.0,vlog on beauty!,7049.0,275403.0,18.0,1750948683.0,494478.7454455933,2535.6222222222223,b1d0c30b-9242-4aae-a13e-2c462a70ed5a
1080.0,5ccee1e5-8659-4038-81c4-b59bca0c7ca6,720.0,review on beauty!,8478.0,232998.0,71.0,1751467083.0,475128.0,3089.0,0c7e1650-752f-4d8c-b1cf-eeb323fe5f86
720.0,5ccee1e5-8659-4038-81c4-b59bca0c7ca6,896.6165413533835,reaction on food!,4999.513470681458,322755.0,68.0,1749134283.0,784528.0,962.0,8c298299-360d-4ea3-b3dc-2046e8be1cf5
720.0,5ccee1e5-8659-4038-81c4-b59bca0c7ca6,1080.0,reaction on fitness!,9042.0,360565.0,170.0,1751639883.0,828965.0,4037.0,7385186f-6ae5-446d-8465-d23e4044af0c
1080.0,5ccee1e5-8659-4038-81c4-b59bca0c7ca6,1080.0,vlog on beauty!,6449.0,64841.0,161.0,1751639883.0,902739.0,4462.0,8fcc6086-782d-4c3b-a43b-0f9a6e5001f2
720.0,5ccee1e5-8659-4038-81c4-b59bca0c7ca6,720.0,review on beauty!,4999.513470681458,330141.0,169.0,1747924683.0,503296.0,4155.0,c66b26f3-565e-4850-9eb5-5573d1a40cfe
1080.0,5ccee1e5-8659-4038-81c4-b59bca0c7ca6,720.0,vlog on fashion!,2494.0,40600.0,104.0,1751121483.0,794118.0,1369.0,98c5f8fc-6e2f-4b03-87bc-cbbd30ecc02b
720.0,5ccee1e5-8659-4038-81c4-b59bca0c7ca6,896.6165413533835,unboxing on travel!,1647.0,230303.0,110.0,1750603083.0,960219.0,3011.0,db6f7f7d-2eab-405f-a4b0-c51fb0b873ab
1080.0,5ccee1e5-8659-4038-81c4-b59bca0c7ca6,720.0,vlog on travel!,1423.0,116671.0,144.0,1750430283.0,551677.0,3990.0,06e00e1e-ce04-47ac-98b7-c92a6dcb0cd4
720.0,5ccee1e5-8659-4038-81c4-b59bca0c7ca6,720.0,challenge on beauty!,9847.0,409976.0,78.0,1750948683.0,779603.0,2500.0,82332f39-f832-4827-a5ab-5b4964f02fd9
720.0,cf00624e-3492-426f-8b3e-719550d4a995,1080.0,reaction on tech!,6921.0,409222.0,98.0,1748788683.0,691777.0,2390.0,3d59ba6f-88a4-44ba-a150-5b49a6d19804
1080.0,cf00624e-3492-426f-8b3e-719550d4a995,720.0,vlog on travel!,4924.0,22679.0,110.0,1749998283.0,929245.0,2535.6222222222223,51544212-527e-4f11-994d-fae5ec91199d
720.0,cf00624e-3492-426f-8b3e-719550d4a995,720.0,unboxing on travel!,9944.0,401588.0,24.0,1749911883.0,851701.0,4163.0,e57fcd59-5ad3-4243-85ba-865e0743d04f
1080.0,cf00624e-3492-426f-8b3e-719550d4a995,1080.0,review on beauty!,8389.0,403579.0,40.0,1749566283.0,736612.0,1396.0,468fd83f-b476-428c-bca0-f51668eeabb1
720.0,cf00624e-3492-426f-8b3e-719550d4a995,1080.0,vlog on beauty!,1964.0,253113.63264767933,18.0,1751985483.0,171828.0,203.0,04e6a8f1-c726-44f3-943c-e3d643e57303
720.0,cf00624e-3492-426f-8b3e-719550d4a995,1080.0,vlog on food!,2635.0,253113.63264767933,84.0,1752331083.0,668083.0,142.0,1462cd2a-529f-461b-9c84-3007122e9614
720.0,cf00624e-3492-426f-8b3e-719550d4a995,1080.0,reaction on fitness!,9540.0,88140.0,22.0,1750343883.0,768688.0,3916.0,404e931b-9439-453d-b83f-8c79ef1ed6df
720.0,cf00624e-3492-426f-8b3e-719550d4a995,720.0,unboxing on beauty!,7466.0,183742.0,171.0,1752503883.0,387798.0,3199.0,0e3d8eb1-8c11-4b56-a4a6-cb784097ceef
720.0,cf00624e-3492-426f-8b3e-719550d4a995,720.0,review on food!,5198.0,78455.0,148.0,1748183883.0,545299.0,2603.0,463a6777-73ce-4f9d-a53a-5100e5d41c64
720.0,cf00624e-3492-426f-8b3e-719550d4a995,720.0,challenge on fitness!,4999.513470681458,176372.0,130.0,1748356683.0,730990.0,328.0,74f0acc6-3740-49f6-8474-701f8a2a996d
720.0,cf00624e-3492-426f-8b3e-719550d4a995,896.6165413533835,reaction on food!,6946.0,69908.0,158.0,1751812683.0,11990.0,1891.0,af3cd3a3-d224-4527-8b4f-069ed6362e8e
720.0,cf00624e-3492-426f-8b3e-719550d4a995,720.0,challenge on tech!,2121.0,485324.0,36.0,1752503883.0,306000.0,3234.0,e363b7ac-50c7-471a-8615-f0f5008d7f03
720.0,cf00624e-3492-426f-8b3e-719550d4a995,720.0,vlog on fitness!,1419.0,412086.0,50.0,1752676683.0,86850.0,2931.0,4e1f8a3c-9aeb-4015-a50c-b542e4346887
720.0,cf00624e-3492-426f-8b3e-719550d4a995,1080.0,challenge on fashion!,9087.0,113426.0,103.0,1749652683.0,494478.7454455933,1062.0,1bc5a293-ab01-496c-a8fd-761440c22be7
720.0,cf00624e-3492-426f-8b3e-719550d4a995,720.0,challenge on tech!,4706.0,492586.0,94.45944039501528,1748702283.0,604056.0,2511.0,e6097fec-7985-4e7c-8ad9-515a86bb343b
720.0,cf00624e-3492-426f-8b3e-719550d4a995,1080.0,vlog on fitness!,6828.0,253113.63264767933,106.0,1748097483.0,494478.7454455933,4391.0,25209910-ca15-4bbe-b2a0-f77021eda883
720.0,cf00624e-3492-426f-8b3e-719550d4a995,1080.0,reaction on food!,619.0,253113.63264767933,155.0,1749307083.0,144494.0,2451.0,41277329-ab3d-411a-8e6c-536693a6b9d2
1080.0,cf00624e-3492-426f-8b3e-719550d4a995,720.0,vlog on fitness!,1933.0,17972.0,61.0,1749566283.0,883258.0,1790.0,2454b189-8340-4d34-9e48-e7240c008aa6
720.0,cf00624e-3492-426f-8b3e-719550d4a995,1080.0,challenge on food!,4999.513470681458,436799.0,94.45944039501528,1749220683.0,49486.0,163.0,99127fee-0d27-431a-b3aa-37c92830fcfd
1080.0,6f833ec2-a046-4591-b634-a7bee55bb9cf,1080.0,unboxing on tech!,4999.513470681458,495297.0,174.0,1749047883.0,570327.0,3726.0,5dc0b528-836b-4e7e-988f-e5452d937914
1080.0,6f833ec2-a046-4591-b634-a7bee55bb9cf,1080.0,reaction on fitness!,7905.0,128051.0,149.0,1748961483.0,308245.0,2530.0,81f89d79-eabb-4eda-9775-1f5497babad7
720.0,6f833ec2-a046-4591-b634-a7bee55bb9cf,720.0,unboxing on fashion!,4999.513470681458,229892.0,97.0,1750862283.0,574535.0,3208.0,f0c99af4-f298-4902-9f60-aabcf32a9c3c
1080.0,6f833ec2-a046-4591-b634-a7bee55bb9cf,1080.0,challenge on travel!,4999.513470681458,48675.0,28.0,1751812683.0,494478.7454455933,3487.0,bc102bec-6b23-41d2-99a8-c9aae1433708
1080.0,6f833ec2-a046-4591-b634-a7bee55bb9cf,1080.0,vlog on fashion!,8546.0,74818.0,50.0,1750343883.0,371229.0,4527.0,50df64ed-af10-49d9-96bd-49685e1ea165
897.9699248120301,6f833ec2-a046-4591-b634-a7bee55bb9cf,720.0,reaction on food!,6856.0,50013.0,62.0,1751380683.0,512695.0,2535.6222222222223,cdc0f57a-0068-44a2-ad85-3736c8de9486
1080.0,6f833ec2-a046-4591-b634-a7bee55bb9cf,1080.0,vlog on beauty!,4999.513470681458,477337.0,23.0,1750171083.0,494478.7454455933,2991.0,1980eee9-ceff-4f88-a628-38e73368f6fc
1080.0,6f833ec2-a046-4591-b634-a7bee55bb9cf,720.0,review on travel!,2758.0,183713.0,153.0,1747924683.0,903032.0,2647.0,40a15a55-a95b-4af6-a746-c37baa416745
720.0,6f833ec2-a046-4591-b634-a7bee55bb9cf,1080.0,reaction on beauty!,2186.0,19744.0,28.0,1748097483.0,942714.0,2535.6222222222223,39963606-7e89-4286-bdbe-ec9a6a243b23
720.0,6f833ec2-a046-4591-b634-a7bee55bb9cf,1080.0,challenge on tech!,571.0,279732.0,38.0,1751207883.0,6024.0,4933.0,1e5f81b3-98e6-4da4-9f6b-2a371ba663cb
1080.0,6f833ec2-a046-4591-b634-a7bee55bb9cf,1080.0,unboxing on travel!,2367.0,314947.0,129.0,1749911883.0,698355.0,1751.0,240cd039-853f-4808-8cb4-027a08e61a0a
1080.0,6f833ec2-a046-4591-b634-a7bee55bb9cf,1080.0,vlog on fashion!,7816.0,162246.0,94.45944039501528,1751812683.0,517668.0,2501.0,2a844a45-8ced-4ea2-8d0a-3cbd6ee25079
1080.0,6f833ec2-a046-4591-b634-a7bee55bb9cf,1080.0,review on fitness!,2374.0,253113.63264767933,94.45944039501528,1750343883.0,123021.0,4930.0,b28d71f1-173f-4628-98e6-4b8cd4d96f77
1080.0,6f833ec2-a046-4591-b634-a7bee55bb9cf,1080.0,review on food!,4999.513470681458,283719.0,157.0,1749998283.0,681601.0,7.0,25e0cf97-8430-44d4-b20f-da2589ae3940
1080.0,6f833ec2-a046-4591-b634-a7bee55bb9cf,1080.0,unboxing on food!,3251.0,394683.0,46.0,1748097483.0,173010.0,2148.0,36384916-9a1e-4c02-9dfb-a40ebcf678cc
1080.0,6f833ec2-a046-4591-b634-a7bee55bb9cf,1080.0,vlog on food!,846.0,167368.0,99.0,1751726283.0,175827.0,4282.0,88ce3c8c-fc83-4291-a6c2-d2b6da0d063a
720.0,6f833ec2-a046-4591-b634-a7bee55bb9cf,1080.0,vlog on travel!,238.0,32074.0,109.0,1748875083.0,569129.0,4284.0,fc88a8bc-15f7-4fff-80d0-31d482579af6
720.0,6f833ec2-a046-4591-b634-a7bee55bb9cf,720.0,challenge on fitness!,2208.0,412554.0,110.0,1750171083.0,357477.0,4053.0,0b7dc358-3703-4bcc-953b-1a9c3f0585ea
1080.0,6f833ec2-a046-4591-b634-a7bee55bb9cf,720.0,reaction on fashion!,9520.0,315615.0,47.0,1750516683.0,201569.0,3691.0,494de04a-5220-434c-a673-4648fb395347
1080.0,ca2d00fb-9e8d-4968-b3a7-230956b4bb12,720.0,challenge on fashion!,4937.0,375159.0,77.0,1753022283.0,526485.0,2535.6222222222223,b59d8b2b-9c2f-43e0-9bc4-9c7af006e05c
1080.0,ca2d00fb-9e8d-4968-b3a7-230956b4bb12,720.0,reaction on food!,4999.513470681458,131275.0,70.0,1749825483.0,686555.0,2848.0,a39e68c4-c040-4616-9085-93d10d230a1b
720.0,ca2d00fb-9e8d-4968-b3a7-230956b4bb12,1080.0,unboxing on beauty!,4999.513470681458,359593.0,175.0,1751553483.0,401371.0,2535.6222222222223,5161b356-2678-4524-beea-03e731b9fe4b
897.9699248120301,ca2d00fb-9e8d-4968-b3a7-230956b4bb12,720.0,vlog on beauty!,2653.0,411184.0,29.0,1748615883.0,160853.0,985.0,89c07cad-530e-42d5-afb9-c7617bf2b933
1080.0,ca2d00fb-9e8d-4968-b3a7-230956b4bb12,1080.0,reaction on tech!,3345.0,357800.0,94.45944039501528,1751553483.0,332120.0,2535.6222222222223,a69f3b3d-f70a-462d-b712-b3a84d4aa48d
720.0,ca2d00fb-9e8d-4968-b3a7-230956b4bb12,720.0,review on tech!,4999.513470681458,494784.0,153.0,1751639883.0,555949.0,2535.6222222222223,b10a5b6c-8ac5-4330-83dc-bc399eba758f
1080.0,ca2d00fb-9e8d-4968-b3a7-230956b4bb12,720.0,vlog on food!,5714.0,269184.0,69.0,1752071883.0,775302.0,3464.0,eee50f1f-6732-45ee-b5e5-1d0debd36f3e
1080.0,ca2d00fb-9e8d-4968-b3a7-230956b4bb12,1080.0,unboxing on fashion!,9399.0,440755.0,17.0,1750084683.0,118197.0,2239.0,4822f59b-55b2-4f45-8844-3acc09a8a28b
897.9699248120301,ca2d00fb-9e8d-4968-b3a7-230956b4bb12,720.0,challenge on travel!,4999.513470681458,361915.0,172.0,1748356683.0,893759.0,2535.6222222222223,054dbe08-2e0c-4791-9c23-f40b1d361962
720.0,ca2d00fb-9e8d-4968-b3a7-230956b4bb12,1080.0,unboxing on fashion!,3033.0,380933.0,53.0,1749479883.0,494478.7454455933,3267.0,81e6bda7-0215-4f1f-b13b-fc2098036d43
1080.0,ca2d00fb-9e8d-4968-b3a7-230956b4bb12,720.0,unboxing on travel!,456.0,96018.0,52.0,1751380683.0,95858.0,1137.0,3d7ce31b-b084-48a0-a183-e220f3f3b64c
1080.0,ca2d00fb-9e8d-4968-b3a7-230956b4bb12,720.0,unboxing on fashion!,2692.0,474754.0,180.0,1747924683.0,39983.0,1024.0,6a1d0026-4707-43c1-acdf-bc559b9fca1d
1080.0,ca2d00fb-9e8d-4968-b3a7-230956b4bb12,1080.0,challenge on fashion!,3642.0,276490.0,24.0,1753022283.0,494478.7454455933,3656.0,2a52e121-0b46-4d37-a95c-542406e4b837
720.0,ca2d00fb-9e8d-4968-b3a7-230956b4bb12,720.0,challenge on beauty!,4999.513470681458,454059.0,44.0,1751553483.0,99879.0,2199.0,d78cbfe0-ce9e-4175-8041-e117636e2a89
720.0,ca2d00fb-9e8d-4968-b3a7-230956b4bb12,720.0,vlog on beauty!,1948.0,174539.0,94.0,1748270283.0,347168.0,4009.0,5ed4c874-0185-4646-9704-6bbbbc3343ec
1080.0,ca2d00fb-9e8d-4968-b3a7-230956b4bb12,720.0,challenge on fashion!,5626.0,467579.0,139.0,1750171083.0,494478.7454455933,2726.0,f65a0c37-f402-464f-946f-e997cd8410d2
897.9699248120301,ca2d00fb-9e8d-4968-b3a7-230956b4bb12,1080.0,reaction on travel!,5937.0,91093.0,41.0,1748270283.0,494478.7454455933,2686.0,9100c1bf-32f4-415d-ba85-d377895b17b3
720.0,ca2d00fb-9e8d-4968-b3a7-230956b4bb12,720.0,unboxing on beauty!,6457.0,219306.0,155.0,1750171083.0,243392.0,832.0,8b732da4-2579-497c-989d-77c1d670217f
1080.0,ca2d00fb-9e8d-4968-b3a7-230956b4bb12,1080.0,review on food!,400.0,65622.0,36.0,1751726283.0,790194.0,2535.6222222222223,5ac43155-927f-4194-840e-838381e73d4c
720.0,ca2d00fb-9e8d-4968-b3a7-230956b4bb12,720.0,review on food!,2785.0,412962.0,148.0,1750430283.0,988379.0,1590.0,aaeb6695-431b-4c88-8380-f61c50dfd0ff
1080.0,ca2d00fb-9e8d-4968-b3a7-230956b4bb12,896.6165413533835,unboxing on fashion!,7098.0,58325.0,105.0,1751639883.0,494478.7454455933,2259.0,611b51b8-c5ed-4c7a-b855-023a926b0f0c
1080.0,ca2d00fb-9e8d-4968-b3a7-230956b4bb12,720.0,challenge on food!,4598.0,139036.0,14.0,1750775883.0,428029.0,639.0,870f0921-168d-415a-9970-4c5f94039fba
1080.0,a69bae5b-b9b9-4c9a-970d-d13839dac212,720.0,review on tech!,2319.0,407886.0,88.0,1748011083.0,434485.0,4924.0,bdb9a6d9-c4b3-499e-a7d7-ee8c7ecda484
720.0,a69bae5b-b9b9-4c9a-970d-d13839dac212,720.0,challenge on travel!,9059.0,411149.0,13.0,1752763083.0,882796.0,966.0,1d42457c-050a-4091-9e93-883f3b7a7213
1080.0,a69bae5b-b9b9-4c9a-970d-d13839dac212,1080.0,review on tech!,9356.0,406298.0,164.0,1750689483.0,438116.0,916.0,70ef2362-1560-4d62-b980-24d819a75b23
720.0,a69bae5b-b9b9-4c9a-970d-d13839dac212,720.0,reaction on fashion!,9370.0,379428.0,67.0,1748702283.0,209820.0,2535.6222222222223,8430c6b5-be89-4f8e-8789-25ab51de03d5
1080.0,a69bae5b-b9b9-4c9a-970d-d13839dac212,1080.0,unboxing on beauty!,1018.0,47928.0,98.0,1749566283.0,245697.0,1686.0,655a492f-a096-494d-a3f2-dfc368c92faf
1080.0,a69bae5b-b9b9-4c9a-970d-d13839dac212,720.0,reaction on food!,4999.513470681458,44215.0,45.0,1747924683.0,66863.0,1679.0,d9f2d2ac-e4a3-4724-b8e6-1a0b0082281c
1080.0,a69bae5b-b9b9-4c9a-970d-d13839dac212,720.0,vlog on food!,277.0,390114.0,175.0,1749825483.0,288091.0,4806.0,fa99cf56-2ec7-493f-9a10-bd2a3afa29e1
1080.0,a69bae5b-b9b9-4c9a-970d-d13839dac212,720.0,challenge on food!,4999.513470681458,253113.63264767933,94.0,1748875083.0,174743.0,2671.0,018f4e5a-2526-44dd-af01-6e9dfdf04919
1080.0,a69bae5b-b9b9-4c9a-970d-d13839dac212,1080.0,reaction on fashion!,1163.0,325271.0,161.0,1748443083.0,43536.0,4255.0,eb1331ad-9d5e-4d71-8e97-9608ff82babb
1080.0,a69bae5b-b9b9-4c9a-970d-d13839dac212,1080.0,challenge on tech!,6692.0,253113.63264767933,168.0,1751121483.0,411833.0,1880.0,27242bcd-4cb8-4d00-b6b7-6d2da23cab32
897.9699248120301,a69bae5b-b9b9-4c9a-970d-d13839dac212,1080.0,vlog on fashion!,5891.0,249775.0,41.0,1749307083.0,34129.0,1378.0,11141e0b-d379-4a96-a366-2f144fe51ea1
1080.0,a69bae5b-b9b9-4c9a-970d-d13839dac212,1080.0,review on food!,8186.0,199121.0,13.0,1751035083.0,388573.0,2109.0,65063879-6163-4d69-9e3d-e493f94133c6
1080.0,a69bae5b-b9b9-4c9a-970d-d13839dac212,1080.0,review on fitness!,8295.0,480894.0,75.0,1751121483.0,494478.7454455933,3246.0,9a7172dd-a12e-43ee-a030-7d029badfead
1080.0,a69bae5b-b9b9-4c9a-970d-d13839dac212,720.0,challenge on fitness!,2888.0,229213.0,111.0,1749998283.0,535951.0,429.0,b49bcac4-be79-44f3-9157-6d87098321c6
720.0,a69bae5b-b9b9-4c9a-970d-d13839dac212,1080.0,reaction on fitness!,6298.0,423110.0,178.0,1750775883.0,93391.0,4246.0,494e514d-511a-424d-b44e-e5dadfa971e1
720.0,a69bae5b-b9b9-4c9a-970d-d13839dac212,720.0,unboxing on travel!,4999.513470681458,9984.0,59.0,1751726283.0,66821.0,3628.0,ae3bddbd-e99f-4fd1-8540-c23e9505f690
1080.0,a69bae5b-b9b9-4c9a-970d-d13839dac212,720.0,review on food!,6010.0,253113.63264767933,157.0,1750343883.0,346996.0,2370.0,085cfa9e-d588-40bf-b126-9cdaaa84841f
720.0,a69bae5b-b9b9-4c9a-970d-d13839dac212,896.6165413533835,review on beauty!,4999.513470681458,122702.0,18.0,1751467083.0,648835.0,4214.0,d5b05810-a386-49e6-9dc6-6920b780812c
1080.0,a69bae5b-b9b9-4c9a-970d-d13839dac212,1080.0,unboxing on beauty!,3036.0,307148.0,174.0,1749307083.0,280904.0,1483.0,0cfe1620-338c-46e6-b390-1ee680555549
720.0,a69bae5b-b9b9-4c9a-970d-d13839dac212,1080.0,reaction on tech!,4999.513470681458,422012.0,82.0,1752331083.0,144909.0,3020.0,a58de285-5e05-4931-aff2-eb955c2b031a
720.0,a69bae5b-b9b9-4c9a-970d-d13839dac212,720.0,review on fashion!,7424.0,238486.0,141.0,1748356683.0,70685.0,2535.6222222222223,2baa920b-d02d-4c3e-8e69-952af6a1d105
1080.0,a69bae5b-b9b9-4c9a-970d-d13839dac212,720.0,reaction on travel!,6969.0,328761.0,102.0,1749566283.0,47761.0,103.0,d0f95e71-e368-4045-bcc4-91ed5092b63c
1080.0,a69bae5b-b9b9-4c9a-970d-d13839dac212,1080.0,challenge on beauty!,5781.0,454927.0,137.0,1750862283.0,425749.0,4378.0,b8a06bba-f41d-43c7-89be-3b4acaecd29e
1080.0,a69bae5b-b9b9-4c9a-970d-d13839dac212,720.0,unboxing on beauty!,9712.0,253113.63264767933,112.0,1748097483.0,494478.7454455933,4821.0,e10ed431-a9c2-45bd-80c2-1b04cd44f8ff
720.0,fd070e29-6d5c-4a62-adc9-db8e7c3c0459,1080.0,review on beauty!,5652.0,140257.0,12.0,1749307083.0,753152.0,344.0,60878134-0805-41dc-b21c-35ec36a34b00
720.0,fd070e29-6d5c-4a62-adc9-db8e7c3c0459,720.0,vlog on travel!,9252.0,253113.63264767933,100.0,1752158283.0,494478.7454455933,3963.0,c19a2e2a-7ded-4111-a6a7-a813c1d0e67c
720.0,fd070e29-6d5c-4a62-adc9-db8e7c3c0459,1080.0,vlog on tech!,6821.0,13470.0,13.0,1751812683.0,105516.0,3264.0,7fd2eb94-f6e8-416a-9a2e-c662cf9080de
1080.0,fd070e29-6d5c-4a62-adc9-db8e7c3c0459,1080.0,unboxing on fashion!,4999.513470681458,428221.0,171.0,1749307083.0,307229.0,2379.0,3676e741-0fbd-4307-8662-b6d1b3513d44
1080.0,fd070e29-6d5c-4a62-adc9-db8e7c3c0459,720.0,review on tech!,715.0,131750.0,67.0,1748702283.0,198039.0,2829.0,c192494c-eb0b-4187-99c6-5b208503a492
720.0,fd070e29-6d5c-4a62-adc9-db8e7c3c0459,720.0,unboxing on fitness!,1888.0,281581.0,103.0,1751467083.0,984522.0,2367.0,4cda8bcf-163f-4c66-bc02-b53737d3c0ff
720.0,fd070e29-6d5c-4a62-adc9-db8e7c3c0459,720.0,vlog on fashion!,4999.513470681458,188925.0,38.0,1751639883.0,320754.0,1485.0,e3d2ea48-75d0-487a-b707-862e1eba6070
720.0,fd070e29-6d5c-4a62-adc9-db8e7c3c0459,720.0,review on travel!,7446.0,354995.0,13.0,1751553483.0,358028.0,497.0,e8f09036-e512-459b-ae33-7e0d5aae2ab5
1080.0,fd070e29-6d5c-4a62-adc9-db8e7c3c0459,1080.0,unboxing on fitness!,9369.0,253113.63264767933,76.0,1748529483.0,494478.7454455933,2535.6222222222223,119a09af-fc78-4c7c-8e9b-0ed2680ca0ac
720.0,fd070e29-6d5c-4a62-adc9-db8e7c3c0459,720.0,unboxing on fashion!,4923.0,111163.0,168.0,1748615883.0,720257.0,3110.0,6a5e26ec-1385-4bb1-a7fb-c9fce8ad8c4c
720.0,fd070e29-6d5c-4a62-adc9-db8e7c3c0459,1080.0,review on fitness!,7305.0,175994.0,80.0,1752590283.0,340989.0,3055.0,2120c87f-bc71-4cea-a585-b0b8718a54b1
720.0,fd070e29-6d5c-4a62-adc9-db8e7c3c0459,720.0,unboxing on food!,4999.513470681458,423747.0,53.0,1751207883.0,352529.0,700.0,69af21a2-4958-435e-b624-787ec334ea13
1080.0,fd070e29-6d5c-4a62-adc9-db8e7c3c0459,1080.0,reaction on travel!,8831.0,336513.0,154.0,1750516683.0,554349.0,1443.0,b55ab469-7d8a-458d-b540-092289627ee4
1080.0,fd070e29-6d5c-4a62-adc9-db8e7c3c0459,1080.0,review on food!,2289.0,315269.0,27.0,1753022283.0,261471.0,4206.0,59a1b44e-7faf-4c69-9046-5623e5702143
1080.0,fd070e29-6d5c-4a62-adc9-db8e7c3c0459,1080.0,challenge on tech!,4999.513470681458,30812.0,68.0,1751553483.0,181366.0,1433.0,a0c2efdb-12b8-465d-975a-5905d2964fbd
720.0,fd070e29-6d5c-4a62-adc9-db8e7c3c0459,720.0,unboxing on travel!,1607.0,253113.63264767933,117.0,1748356683.0,470755.0,4761.0,7e8a6e7d-26c9-4459-ac80-3c0625106ef0
720.0,fd070e29-6d5c-4a62-adc9-db8e7c3c0459,1080.0,unboxing on fitness!,4999.513470681458,377508.0,70.0,1749220683.0,784648.0,3871.0,064b0745-b92f-417c-8d5b-5e40a505ea50
897.9699248120301,a5744d05-1109-42ae-a261-77536b5c9599,720.0,unboxing on travel!,9307.0,440654.0,40.0,1750603083.0,985720.0,800.0,df82c4b8-f7be-43a4-95e6-0e4055999926
720.0,a5744d05-1109-42ae-a261-77536b5c9599,1080.0,vlog on fitness!,2994.0,44445.0,115.0,1748788683.0,676840.0,2893.0,bb81b0af-543c-42ca-bbcf-8acf6c578a35
1080.0,a5744d05-1109-42ae-a261-77536b5c9599,720.0,reaction on fashion!,5122.0,444816.0,156.0,1750343883.0,369363.0,4631.0,f0c1fa3d-c564-4d24-968c-3698d8492353
720.0,a5744d05-1109-42ae-a261-77536b5c9599,1080.0,review on fitness!,7287.0,327479.0,144.0,1748961483.0,494478.7454455933,3665.0,a34dbab5-090c-47a7-9645-e3a5b8c714d3
720.0,a5744d05-1109-42ae-a261-77536b5c9599,1080.0,challenge on fashion!,545.0,444107.0,97.0,1748615883.0,494478.7454455933,2832.0,8b16186a-df49-4a51-bfc3-2153c83a0cf8
1080.0,a5744d05-1109-42ae-a261-77536b5c9599,1080.0,reaction on tech!,8230.0,49638.0,149.0,1750430283.0,483830.0,1482.0,0220849a-36ff-4b3f-b0d7-25788afceed8
720.0,a5744d05-1109-42ae-a261-77536b5c9599,720.0,review on tech!,1727.0,253113.63264767933,23.0,1751467083.0,494478.7454455933,2535.6222222222223,545b24f4-6417-420f-ab8b-84c8400526d6
1080.0,a5744d05-1109-42ae-a261-77536b5c9599,720.0,challenge on food!,1787.0,111069.0,107.0,1749739083.0,494478.7454455933,2181.0,22ec3386-1532-466d-a295-c2a2a6125b88
720.0,a5744d05-1109-42ae-a261-77536b5c9599,1080.0,unboxing on travel!,4945.0,278479.0,51.0,1748788683.0,721315.0,1055.0,b66606f9-f47b-471e-862f-aebcd39b179e
1080.0,a5744d05-1109-42ae-a261-77536b5c9599,1080.0,review on fitness!,3593.0,407970.0,59.0,1753022283.0,248653.0,206.0,af6cde7d-d9ee-47fe-8b66-4ad2920dacee
720.0,a5744d05-1109-42ae-a261-77536b5c9599,1080.0,reaction on tech!,9269.0,358460.0,167.0,1749566283.0,494478.7454455933,1952.0,55217477-3374-4d9d-8d55-5152b9180117
1080.0,a5744d05-1109-42ae-a261-77536b5c9599,720.0,reaction on fitness!,1901.0,245670.0,168.0,1752503883.0,494478.7454455933,4281.0,caac5985-60c0-4a75-a8ae-8b9e88adbfe3
720.0,a5744d05-1109-42ae-a261-77536b5c9599,720.0,challenge on food!,6606.0,193800.0,64.0,1751985483.0,885555.0,4375.0,b7efd58c-c8e0-455c-b0b6-2eac9e956912
1080.0,a5744d05-1109-42ae-a261-77536b5c9599,1080.0,reaction on travel!,2990.0,218963.0,79.0,1751121483.0,83405.0,2759.0,94a319a0-99b5-4d32-9705-7393865311c2
1080.0,a5744d05-1109-42ae-a261-77536b5c9599,1080.0,challenge on travel!,3160.0,243869.0,142.0,1752590283.0,359364.0,2535.6222222222223,7ccaedc9-d2f4-429a-9807-256d6570cf89
1080.0,a5744d05-1109-42ae-a261-77536b5c9599,720.0,challenge on beauty!,3109.0,97086.0,175.0,1751553483.0,81736.0,2535.6222222222223,51d1f283-33c0-44ce-875e-68711a24c93d
1080.0,a5744d05-1109-42ae-a261-77536b5c9599,720.0,reaction on food!,4107.0,333168.0,153.0,1750430283.0,495442.0,2904.0,88297aa9-767e-4956-99f5-dd4f9fbe128f
1080.0,a5744d05-1109-42ae-a261-77536b5c9599,720.0,vlog on beauty!,4999.513470681458,1533.0,36.0,1748788683.0,984528.0,122.0,0fa9dfc6-f3c8-4eae-a45d-4ea2cf8515c9
1080.0,a5744d05-1109-42ae-a261-77536b5c9599,1080.0,review on fitness!,6096.0,372132.0,22.0,1751294283.0,78272.0,2670.0,8a795475-dbbd-46ed-9d32-9319b0b22cea
720.0,a5744d05-1109-42ae-a261-77536b5c9599,720.0,unboxing on fashion!,4999.513470681458,117443.0,66.0,1748702283.0,693508.0,2073.0,69853df2-ee97-4442-855a-c344959633a0
1080.0,a5744d05-1109-42ae-a261-77536b5c9599,720.0,unboxing on beauty!,1812.0,162489.0,59.0,1749911883.0,404889.0,4549.0,39b94be5-7268-46e8-981a-4f334a294df3
1080.0,a5744d05-1109-42ae-a261-77536b5c9599,1080.0,challenge on fashion!,8947.0,209722.0,59.0,1752763083.0,171035.0,502.0,cf9ec700-efe2-4e26-8d00-5ad37c0a80d9
1080.0,a5744d05-1109-42ae-a261-77536b5c9599,1080.0,challenge on food!,8049.0,437556.0,117.0,1751812683.0,397910.0,2133.0,568ab951-2b1a-45e0-a864-9d58f37b6ebb
720.0,580ef8ed-2cd1-463c-a26a-ae20f549012e,720.0,reaction on beauty!,9442.0,55549.0,109.0,1751726283.0,477110.0,2182.0,f9a91894-3a03-4716-9251-e2159486294f
1080.0,580ef8ed-2cd1-463c-a26a-ae20f549012e,720.0,vlog on fashion!,2008.0,54715.0,85.0,1748443083.0,266927.0,4172.0,7a418735-70c3-4881-be60-3c96cc2b65f9
1080.0,580ef8ed-2cd1-463c-a26a-ae20f549012e,720.0,challenge on beauty!,6972.0,151324.0,120.0,1748270283.0,494478.7454455933,464.0,c5c08076-bf5a-4bcc-9bd9-5001889135f7
1080.0,580ef8ed-2cd1-463c-a26a-ae20f549012e,1080.0,unboxing on travel!,3373.0,253113.63264767933,100.0,1749134283.0,37422.0,414.0,f7d179ff-26de-4716-9a42-90295e7404e4
897.9699248120301,580ef8ed-2cd1-463c-a26a-ae20f549012e,720.0,review on food!,2968.0,206644.0,31.0,1750603083.0,972868.0,2238.0,40e0cc4e-0245-46ff-9f77-4a34f4a0d0d8
1080.0,580ef8ed-2cd1-463c-a26a-ae20f549012e,1080.0,vlog on food!,4999.513470681458,214927.0,73.0,1752590283.0,539531.0,4283.0,7250fbc5-5315-4e0a-a4ee-af201d62c981
720.0,580ef8ed-2cd1-463c-a26a-ae20f549012e,1080.0,challenge on tech!,4277.0,429152.0,126.0,1752071883.0,418945.0,3725.0,115ea797-8466-4cc5-bab4-1eb62744857e
1080.0,580ef8ed-2cd1-463c-a26a-ae20f549012e,720.0,challenge on beauty!,6992.0,273205.0,131.0,1752417483.0,532254.0,4895.0,8755bf7a-a914-4ff9-a04d-4d66eb38685d
720.0,580ef8ed-2cd1-463c-a26a-ae20f549012e,1080.0,review on beauty!,8432.0,27839.0,63.0,1752244683.0,390758.0,1230.0,f000bd4e-5dd2-4a7c-87a5-d75cf0fed2ac
1080.0,580ef8ed-2cd1-463c-a26a-ae20f549012e,896.6165413533835,reaction on tech!,2929.0,336043.0,149.0,1748529483.0,838357.0,2535.6222222222223,afc278f1-3fb3-4bce-b9ff-23ca8144cfcd
897.9699248120301,580ef8ed-2cd1-463c-a26a-ae20f549012e,1080.0,reaction on travel!,1069.0,436986.0,173.0,1751467083.0,235502.0,2363.0,88401bd7-e5ce-47d5-8045-1892ef5f6056
720.0,580ef8ed-2cd1-463c-a26a-ae20f549012e,720.0,reaction on fitness!,9633.0,159367.0,58.0,1748529483.0,622540.0,2480.0,c5b20753-839c-43b1-8253-d88a287b608a
720.0,580ef8ed-2cd1-463c-a26a-ae20f549012e,1080.0,vlog on fashion!,3548.0,412477.0,85.0,1748788683.0,253078.0,4754.0,14da2c65-a748-49a3-b44e-c4a84a576669
720.0,580ef8ed-2cd1-463c-a26a-ae20f549012e,720.0,vlog on travel!,9426.0,243401.0,122.0,1748183883.0,430085.0,4871.0,42a9fbd6-3f81-4d2a-afd5-c93fc14b194f
1080.0,580ef8ed-2cd1-463c-a26a-ae20f549012e,1080.0,reaction on food!,9726.0,426353.0,83.0,1752935883.0,337146.0,2535.6222222222223,10b4f056-18b2-45ea-a312-ff8840e3456d
720.0,580ef8ed-2cd1-463c-a26a-ae20f549012e,1080.0,vlog on beauty!,3490.0,337698.0,94.45944039501528,1750343883.0,465610.0,4940.0,6cadcf8c-6bbe-42e9-b406-036e488e61f1
720.0,580ef8ed-2cd1-463c-a26a-ae20f549012e,1080.0,unboxing on food!,8235.0,356469.0,25.0,1750516683.0,169221.0,539.0,5dc99949-951f-447d-b9e1-831f6afff129
1080.0,580ef8ed-2cd1-463c-a26a-ae20f549012e,720.0,reaction on beauty!,7719.0,435913.0,41.0,1748529483.0,727406.0,562.0,0bb9142c-072a-4b17-90ff-59bc3764e51f
720.0,580ef8ed-2cd1-463c-a26a-ae20f549012e,1080.0,review on tech!,7750.0,142340.0,129.0,1752763083.0,979964.0,2972.0,d3f2134c-82e5-409d-9301-88773e9df707
1080.0,580ef8ed-2cd1-463c-a26a-ae20f549012e,720.0,challenge on beauty!,4999.513470681458,474814.0,161.0,1752417483.0,614645.0,1502.0,f47d4da3-6b63-498b-80c0-40d7e2f5e4da
720.0,580ef8ed-2cd1-463c-a26a-ae20f549012e,720.0,challenge on tech!,4999.513470681458,217719.0,120.0,1751639883.0,406977.0,4450.0,e32e53aa-4738-4db9-ad5e-4c34a752cb10
720.0,580ef8ed-2cd1-463c-a26a-ae20f549012e,1080.0,vlog on fashion!,6185.0,387176.0,94.45944039501528,1751207883.0,240473.0,4746.0,1fbdb0dc-72a3-42ea-b9ab-dbf8bfb2f822
1080.0,580ef8ed-2cd1-463c-a26a-ae20f549012e,720.0,unboxing on fitness!,6272.0,378719.0,25.0,1751467083.0,197576.0,4331.0,d981f0bc-b8be-4fb6-9135-bed97f3c7695
1080.0,580ef8ed-2cd1-463c-a26a-ae20f549012e,720.0,vlog on food!,35.0,446451.0,35.0,1750775883.0,294740.0,421.0,ac22d18c-cd86-45b4-81cd-c628913cb2e5
720.0,580ef8ed-2cd1-463c-a26a-ae20f549012e,1080.0,review on fashion!,304.0,435249.0,13.0,1751812683.0,246781.0,4672.0,08c22794-d969-400a-9d2f-e539a0d0cec7
720.0,580ef8ed-2cd1-463c-a26a-ae20f549012e,720.0,challenge on fitness!,8009.0,480606.0,33.0,1748702283.0,769844.0,1482.0,ade421ed-2fed-476d-9ed7-c143eb829012
897.9699248120301,74414a0d-56ec-4480-88ad-441a0f715643,1080.0,reaction on fitness!,7828.0,176070.0,60.0,1752763083.0,367893.0,2486.0,69373fdf-a39a-4aab-a22f-13bf6f597d84
720.0,74414a0d-56ec-4480-88ad-441a0f715643,720.0,challenge on food!,4749.0,288941.0,173.0,1751812683.0,334959.0,11.0,d8312d6d-c15b-439c-b361-cf3c6bf87a29
897.9699248120301,74414a0d-56ec-4480-88ad-441a0f715643,720.0,reaction on fitness!,1227.0,253113.63264767933,136.0,1750171083.0,661447.0,788.0,0cc8ab1a-3106-4e17-9861-d431a6ead8f9
720.0,74414a0d-56ec-4480-88ad-441a0f715643,720.0,vlog on food!,6396.0,133242.0,114.0,1751467083.0,997224.0,954.0,f37db5c1-a355-4037-9ab2-6e89bbb3cfb4
720.0,74414a0d-56ec-4480-88ad-441a0f715643,1080.0,vlog on fitness!,9665.0,207129.0,153.0,1749220683.0,803656.0,2373.0,25b640d0-6e99-49db-a59f-782b8ddcc413
1080.0,74414a0d-56ec-4480-88ad-441a0f715643,1080.0,review on travel!,9099.0,302859.0,65.0,1749393483.0,819773.0,2437.0,04f661b5-392e-42e3-9da9-a6673d502fd8
720.0,74414a0d-56ec-4480-88ad-441a0f715643,720.0,challenge on beauty!,5647.0,304799.0,40.0,1750948683.0,181406.0,1773.0,6cc24a34-61b9-4dfe-9d29-9e71d7f5421c
720.0,74414a0d-56ec-4480-88ad-441a0f715643,720.0,reaction on food!,3763.0,228448.0,148.0,1753022283.0,464810.0,3801.0,70427bb5-8351-4b72-996d-b4febd547b55
1080.0,74414a0d-56ec-4480-88ad-441a0f715643,1080.0,review on tech!,8602.0,187623.0,94.45944039501528,1748615883.0,568533.0,1460.0,3db37fad-88da-4221-986c-2e7f529af3c5
1080.0,74414a0d-56ec-4480-88ad-441a0f715643,720.0,review on fitness!,1753.0,18353.0,21.0,1748702283.0,664658.0,3780.0,b8c03f2b-1937-4352-81a4-5023cefa1bb6
720.0,74414a0d-56ec-4480-88ad-441a0f715643,720.0,challenge on fitness!,4463.0,131793.0,87.0,1751207883.0,898510.0,395.0,8ffaf31a-c6e6-42fd-b24d-5fe0790bc0ea
720.0,74414a0d-56ec-4480-88ad-441a0f715643,1080.0,challenge on beauty!,8859.0,487728.0,94.45944039501528,1750775883.0,202716.0,2468.0,40167286-399a-4013-ad52-93ec30dac755
720.0,74414a0d-56ec-4480-88ad-441a0f715643,1080.0,reaction on fitness!,789.0,368790.0,148.0,1749047883.0,515813.0,2153.0,fac32b87-878f-48ec-848c-4ca288c2e5f2
897.9699248120301,74414a0d-56ec-4480-88ad-441a0f715643,896.6165413533835,unboxing on food!,5456.0,138037.0,177.0,1753022283.0,310976.0,4257.0,50ec08b6-37ce-4892-a1e9-7d692743cac4
1080.0,74414a0d-56ec-4480-88ad-441a0f715643,720.0,vlog on beauty!,8870.0,307180.0,124.0,1751035083.0,733619.0,2535.6222222222223,c2eb1226-651e-4751-bc65-3868160c4ea4
720.0,74414a0d-56ec-4480-88ad-441a0f715643,720.0,challenge on beauty!,3088.0,190539.0,104.0,1750343883.0,122427.0,1903.0,96986db5-4d0d-4045-98db-9cc7279a912b
1080.0,74414a0d-56ec-4480-88ad-441a0f715643,1080.0,vlog on tech!,126.0,111361.0,59.0,1748529483.0,494478.7454455933,3238.0,b1a71c96-5e5a-4cbd-91d4-c6c6fec5e9a3
1080.0,74414a0d-56ec-4480-88ad-441a0f715643,720.0,review on food!,7630.0,277154.0,62.0,1748961483.0,690375.0,2535.6222222222223,1904925b-f696-49f7-abce-2c17f2d379fc
1080.0,74414a0d-56ec-4480-88ad-441a0f715643,720.0,review on tech!,7715.0,79803.0,94.0,1750257483.0,90168.0,2125.0,77c84f4a-d70c-4e5c-94ec-24f435cf7aed
1080.0,74414a0d-56ec-4480-88ad-441a0f715643,720.0,unboxing on food!,2104.0,253113.63264767933,19.0,1748443083.0,719577.0,4910.0,bdad5d25-1ab8-4a50-ba0f-320674d84c19
720.0,74414a0d-56ec-4480-88ad-441a0f715643,720.0,challenge on beauty!,4999.513470681458,176290.0,63.0,1748270283.0,256464.0,1874.0,af80201d-f817-4d8c-b42d-6b0e7da108b9
1080.0,74414a0d-56ec-4480-88ad-441a0f715643,1080.0,reaction on fashion!,5292.0,253113.63264767933,91.0,1748875083.0,140593.0,3090.0,8483ba5a-3041-4049-8e41-629a6776c7c2
720.0,74414a0d-56ec-4480-88ad-441a0f715643,1080.0,review on food!,2914.0,134925.0,98.0,1751726283.0,6347.0,2573.0,791550b6-c286-4969-aae3-e0b83aa0ee38
1080.0,74414a0d-56ec-4480-88ad-441a0f715643,1080.0,challenge on travel!,3921.0,51891.0,119.0,1751899083.0,442038.0,1076.0,b6f2f940-ee88-40c4-8f09-a13a31ac8974
1080.0,74414a0d-56ec-4480-88ad-441a0f715643,1080.0,unboxing on food!,8234.0,203923.0,50.0,1751553483.0,494478.7454455933,4021.0,6217cd60-a07c-4aea-818a-1cd51ff6ee14
1080.0,74414a0d-56ec-4480-88ad-441a0f715643,1080.0,vlog on food!,8871.0,125457.0,98.0,1751380683.0,494478.7454455933,2129.0,016e1416-5745-46aa-93be-7d055455e1bc
720.0,74414a0d-56ec-4480-88ad-441a0f715643,1080.0,unboxing on fitness!,7005.0,253113.63264767933,129.0,1752158283.0,566028.0,1865.0,b3a826fd-22c2-4341-8641-2a27a02db46a
720.0,74414a0d-56ec-4480-88ad-441a0f715643,1080.0,vlog on travel!,5973.0,314592.0,93.0,1750948683.0,572486.0,3827.0,ecf678b4-4958-422b-87c6-44b967a661e1
897.9699248120301,4dac715e-a5f0-45fb-9372-7f85e3cc35a9,720.0,review on beauty!,6114.0,163867.0,54.0,1748961483.0,287765.0,2535.6222222222223,3b45bbd5-0784-4b07-8673-410bd1465527
1080.0,4dac715e-a5f0-45fb-9372-7f85e3cc35a9,896.6165413533835,challenge on tech!,1762.0,37145.0,98.0,1750257483.0,592726.0,2891.0,e8c6b9fa-145f-4750-8187-70e2dcaa6706
720.0,4dac715e-a5f0-45fb-9372-7f85e3cc35a9,720.0,vlog on fashion!,2527.0,253113.63264767933,130.0,1748529483.0,330324.0,3821.0,c824a326-460a-42b7-947b-2c25088402ac
1080.0,4dac715e-a5f0-45fb-9372-7f85e3cc35a9,720.0,challenge on food!,4854.0,421924.0,89.0,1752503883.0,494666.0,891.0,ed34eba2-7669-43ec-a742-539e901561c4
1080.0,4dac715e-a5f0-45fb-9372-7f85e3cc35a9,1080.0,review on tech!,4999.513470681458,49944.0,45.0,1751207883.0,814693.0,1080.0,a9a95217-3fcf-4a2f-9aff-4e15b42aff48
1080.0,4dac715e-a5f0-45fb-9372-7f85e3cc35a9,720.0,reaction on food!,6393.0,253113.63264767933,136.0,1751467083.0,494478.7454455933,2890.0,d6ddf3a3-df7a-4572-9fbd-e3373be96b06
720.0,4dac715e-a5f0-45fb-9372-7f85e3cc35a9,720.0,reaction on food!,8051.0,91106.0,161.0,1748011083.0,853647.0,410.0,bbf419a3-70a1-4175-9690-81802bef4ae0
720.0,4dac715e-a5f0-45fb-9372-7f85e3cc35a9,1080.0,reaction on beauty!,9101.0,364394.0,75.0,1748788683.0,812678.0,4386.0,7407506c-76c6-413b-8668-818862d764f4
1080.0,4dac715e-a5f0-45fb-9372-7f85e3cc35a9,1080.0,review on travel!,9066.0,70650.0,112.0,1748702283.0,784676.0,2535.6222222222223,4931801b-701d-459a-a351-162ad1acb5de
1080.0,4dac715e-a5f0-45fb-9372-7f85e3cc35a9,720.0,vlog on food!,4999.513470681458,247643.0,111.0,1750775883.0,828135.0,899.0,64747450-bc1d-479a-a212-9bc5f285a53f
1080.0,4dac715e-a5f0-45fb-9372-7f85e3cc35a9,720.0,challenge on travel!,4860.0,214425.0,74.0,1749911883.0,8654.0,267.0,db6c9098-ddbf-4214-b731-17e6cdf5e2d3
720.0,4dac715e-a5f0-45fb-9372-7f85e3cc35a9,1080.0,reaction on travel!,8747.0,253113.63264767933,94.45944039501528,1748702283.0,890418.0,1179.0,67409fb1-37e2-4f63-b0ac-39bbe13c74f9
720.0,4dac715e-a5f0-45fb-9372-7f85e3cc35a9,1080.0,vlog on tech!,8623.0,253113.63264767933,49.0,1751899083.0,459072.0,3134.0,cb71ac0f-6a11-4f27-be4b-4b71a0140248
1080.0,4dac715e-a5f0-45fb-9372-7f85e3cc35a9,720.0,review on fitness!,4999.513470681458,142271.0,173.0,1750775883.0,264472.0,162.0,c15a0507-8c99-4e07-8c8c-0cebfb72ddf9
720.0,4dac715e-a5f0-45fb-9372-7f85e3cc35a9,1080.0,review on tech!,3345.0,490807.0,75.0,1748011083.0,839459.0,3795.0,c38465fe-3de9-456b-bdc3-d86100804681
720.0,4dac715e-a5f0-45fb-9372-7f85e3cc35a9,1080.0,vlog on tech!,4999.513470681458,194998.0,126.0,1748615883.0,633057.0,3535.0,2defa1a5-9458-44b5-bc13-e509873e667e
1080.0,4dac715e-a5f0-45fb-9372-7f85e3cc35a9,1080.0,unboxing on tech!,3183.0,495715.0,141.0,1749652683.0,489034.0,88.0,c9c61f35-bb87-4d3e-8460-24dda548e582
1080.0,4dac715e-a5f0-45fb-9372-7f85e3cc35a9,720.0,review on travel!,4512.0,260325.0,15.0,1749134283.0,293265.0,323.0,b43b82d7-cc7a-40a8-a1dc-cbd5fdc9017a
720.0,4dac715e-a5f0-45fb-9372-7f85e3cc35a9,1080.0,reaction on fitness!,8868.0,253113.63264767933,94.0,1749307083.0,637224.0,321.0,9650c456-938a-431b-bb41-0cfd45af65d5
1080.0,4dac715e-a5f0-45fb-9372-7f85e3cc35a9,720.0,review on tech!,8498.0,253113.63264767933,132.0,1751899083.0,999595.0,3108.0,68e2d16b-f201-4de6-9d15-387c6a070bbf
720.0,4dac715e-a5f0-45fb-9372-7f85e3cc35a9,720.0,review on food!,9454.0,253113.63264767933,158.0,1752417483.0,507920.0,2861.0,f7718f35-827d-42a2-9231-c0a7deb8da25
1080.0,4dac715e-a5f0-45fb-9372-7f85e3cc35a9,720.0,reaction on fashion!,7121.0,247636.0,133.0,1751380683.0,151794.0,2262.0,1a6d0c6d-5ef5-427a-81e9-ec6a3fd4bbbd
1080.0,4dac715e-a5f0-45fb-9372-7f85e3cc35a9,720.0,review on fashion!,6237.0,107021.0,27.0,1751035083.0,999445.0,384.0,2fcfa4f4-e946-4e5b-8a94-5776c16b988c
720.0,4dac715e-a5f0-45fb-9372-7f85e3cc35a9,1080.0,challenge on food!,4859.0,353433.0,39.0,1751294283.0,601243.0,4555.0,009538ad-4381-4b03-b236-aac36944fb57
897.9699248120301,c6aae260-47a8-4a40-8b20-3b4ac05159e3,720.0,review on tech!,9235.0,443557.0,34.0,1749825483.0,405958.0,2285.0,d45e5b38-1c16-4898-8998-97c09e7efa1c
1080.0,c6aae260-47a8-4a40-8b20-3b4ac05159e3,720.0,vlog on fashion!,2137.0,253113.63264767933,133.0,1750516683.0,503226.0,1800.0,dd95e55f-b43d-4fe3-b54e-6ddcc486973a
1080.0,c6aae260-47a8-4a40-8b20-3b4ac05159e3,720.0,unboxing on food!,2076.0,215624.0,173.0,1751121483.0,52856.0,1909.0,d59d77a7-cdc5-4d21-9ba8-754e25d97f79
720.0,c6aae260-47a8-4a40-8b20-3b4ac05159e3,1080.0,review on fashion!,4999.513470681458,355038.0,123.0,1752849483.0,654595.0,4350.0,05edeedc-cb71-4c4c-a0a4-e2e36ab0cdb8
1080.0,c6aae260-47a8-4a40-8b20-3b4ac05159e3,720.0,reaction on food!,8026.0,236023.0,108.0,1749739083.0,227126.0,3300.0,6abb79a1-e35f-446c-8625-b64d0ee51fbe
1080.0,c6aae260-47a8-4a40-8b20-3b4ac05159e3,720.0,unboxing on food!,7191.0,274309.0,12.0,1750603083.0,499237.0,4317.0,32c21375-17d4-4b82-9b51-3bb3a1bee6bc
1080.0,c6aae260-47a8-4a40-8b20-3b4ac05159e3,1080.0,unboxing on travel!,5669.0,253113.63264767933,146.0,1751899083.0,87068.0,749.0,117a6598-1269-44c1-93fa-30724e8a3894
720.0,c6aae260-47a8-4a40-8b20-3b4ac05159e3,720.0,reaction on fashion!,3840.0,81619.0,53.0,1749220683.0,899266.0,1368.0,689ad962-4dda-492f-af7c-0bf6676e9a0c
720.0,c6aae260-47a8-4a40-8b20-3b4ac05159e3,1080.0,unboxing on beauty!,627.0,141103.0,61.0,1752244683.0,494478.7454455933,1852.0,1e58fa15-d763-48ec-a0e3-ecdf6e06159e
720.0,c6aae260-47a8-4a40-8b20-3b4ac05159e3,720.0,review on fitness!,1517.0,310548.0,11.0,1748702283.0,272038.0,762.0,294d4bb3-e9c6-4ec1-b20e-8c01e6bc8dd8
720.0,c6aae260-47a8-4a40-8b20-3b4ac05159e3,1080.0,vlog on travel!,4203.0,202123.0,94.45944039501528,1748443083.0,295265.0,1236.0,ddb690a0-545f-4d96-bd81-aea8b4a0d284
720.0,c6aae260-47a8-4a40-8b20-3b4ac05159e3,720.0,reaction on beauty!,5782.0,340621.0,88.0,1752763083.0,687733.0,3282.0,29024886-0f48-45dd-b942-ab14c41973c3
1080.0,c6aae260-47a8-4a40-8b20-3b4ac05159e3,720.0,unboxing on tech!,9595.0,76880.0,92.0,1748443083.0,494478.7454455933,45.0,8b9a2a6f-0327-4ece-8dea-e94d832eaf45
1080.0,c6aae260-47a8-4a40-8b20-3b4ac05159e3,720.0,unboxing on fitness!,7950.0,429269.0,163.0,1751121483.0,190727.0,4470.0,af620530-4604-4993-8663-e3cb620dfaba
1080.0,c6aae260-47a8-4a40-8b20-3b4ac05159e3,1080.0,unboxing on fitness!,3403.0,253113.63264767933,165.0,1748788683.0,111967.0,1742.0,2423178d-5122-40f5-afe7-b657410446df
720.0,c6aae260-47a8-4a40-8b20-3b4ac05159e3,720.0,challenge on fashion!,2475.0,9545.0,155.0,1749825483.0,442845.0,957.0,5a544137-d471-4db0-9d4d-d1b1107146e7
720.0,c6aae260-47a8-4a40-8b20-3b4ac05159e3,720.0,vlog on fitness!,907.0,377505.0,98.0,1750948683.0,489247.0,393.0,ee608f85-4d98-4234-8cd2-265b0c68593f
1080.0,c6aae260-47a8-4a40-8b20-3b4ac05159e3,720.0,challenge on fitness!,4999.513470681458,35316.0,147.0,1751639883.0,954225.0,4969.0,71e69723-65c5-4206-93c1-6d8316e9a343
1080.0,c6aae260-47a8-4a40-8b20-3b4ac05159e3,720.0,unboxing on fashion!,9354.0,94303.0,162.0,1751294283.0,216820.0,3987.0,5ce7703e-a415-4d15-b02d-42cdf5962395
1080.0,c6aae260-47a8-4a40-8b20-3b4ac05159e3,1080.0,review on tech!,9306.0,359921.0,147.0,1752849483.0,196269.0,882.0,309a391c-50b7-4b1b-9a30-70a7277ed66d
720.0,c6aae260-47a8-4a40-8b20-3b4ac05159e3,720.0,reaction on fitness!,4999.513470681458,171300.0,101.0,1750343883.0,406292.0,4016.0,fa39a842-5abc-4e34-bdfc-3a665dbf0ea7
720.0,c6aae260-47a8-4a40-8b20-3b4ac05159e3,720.0,reaction on fashion!,8494.0,95289.0,104.0,1748443083.0,936598.0,4723.0,5b0ada99-f619-40dd-aedb-c4f20a108a01
720.0,60220159-6e78-42b4-ba3c-1e2fff145666,1080.0,challenge on fashion!,2286.0,414520.0,60.0,1751639883.0,577523.0,423.0,02977fca-ce28-4aec-bd19-8eaf6818b8b9
720.0,60220159-6e78-42b4-ba3c-1e2fff145666,720.0,unboxing on travel!,4999.513470681458,97118.0,140.0,1751899083.0,494478.7454455933,2865.0,34204e14-8491-4ff9-bd36-90e3c522c5a4
720.0,60220159-6e78-42b4-ba3c-1e2fff145666,1080.0,review on tech!,3756.0,379857.0,76.0,1749911883.0,494478.7454455933,4119.0,28990977-1687-4de7-b606-729f898e80ab
720.0,60220159-6e78-42b4-ba3c-1e2fff145666,720.0,reaction on tech!,7925.0,184414.0,67.0,1749739083.0,133769.0,3858.0,75cb3562-97ce-4fde-802c-1bfe2c391f41
720.0,60220159-6e78-42b4-ba3c-1e2fff145666,1080.0,reaction on travel!,1469.0,381592.0,82.0,1748961483.0,253360.0,4179.0,c413e24c-9574-4d05-8c72-739ffb5461d1
1080.0,60220159-6e78-42b4-ba3c-1e2fff145666,720.0,review on fashion!,3408.0,94314.0,94.45944039501528,1751121483.0,41430.0,2535.6222222222223,9da75add-115f-4c5a-b8ba-99a7dd1f68b9
720.0,60220159-6e78-42b4-ba3c-1e2fff145666,720.0,unboxing on travel!,843.0,349966.0,145.0,1748443083.0,647703.0,2535.6222222222223,eebf8f31-ad61-4d3d-b025-0f7405540323
1080.0,60220159-6e78-42b4-ba3c-1e2fff145666,720.0,review on food!,4999.513470681458,42918.0,40.0,1752763083.0,276646.0,4813.0,aa785dc5-5eec-4f23-a930-be6ebd093fb8
1080.0,60220159-6e78-42b4-ba3c-1e2fff145666,896.6165413533835,review on food!,4999.513470681458,253113.63264767933,105.0,1751553483.0,495780.0,3437.0,850e2773-fe22-4cde-8206-39d36372a0ac
720.0,60220159-6e78-42b4-ba3c-1e2fff145666,1080.0,reaction on fitness!,4999.513470681458,200822.0,68.0,1752331083.0,71151.0,2535.6222222222223,82b48801-a3a3-4b7a-8d5f-c85599fc5365
1080.0,60220159-6e78-42b4-ba3c-1e2fff145666,1080.0,unboxing on food!,4998.0,391295.0,58.0,1750689483.0,570560.0,3947.0,d1f71921-1f2e-48c9-b2f8-f90f91310ae5
1080.0,60220159-6e78-42b4-ba3c-1e2fff145666,1080.0,challenge on fashion!,3227.0,11.0,167.0,1748270283.0,493097.0,1880.0,da06bf29-ad03-4d7f-9a6d-6516ddf5fc59
1080.0,60220159-6e78-42b4-ba3c-1e2fff145666,720.0,review on beauty!,3105.0,98619.0,56.0,1752503883.0,546771.0,303.0,d7093513-3700-42af-afc2-a5d511aa0b0e
1080.0,60220159-6e78-42b4-ba3c-1e2fff145666,720.0,reaction on fitness!,4999.513470681458,253113.63264767933,146.0,1749739083.0,563664.0,984.0,aca7cac9-437e-4457-91ee-988d96fe7f68
720.0,60220159-6e78-42b4-ba3c-1e2fff145666,720.0,challenge on travel!,597.0,491579.0,172.0,1748788683.0,161298.0,3938.0,0acf94bc-36c6-42b1-889f-1917d24afc5b
720.0,60220159-6e78-42b4-ba3c-1e2fff145666,1080.0,vlog on tech!,7396.0,489252.0,65.0,1752158283.0,14499.0,4084.0,1d88df47-3346-4c80-8216-6b87d414a670
1080.0,60220159-6e78-42b4-ba3c-1e2fff145666,720.0,reaction on food!,5970.0,444439.0,152.0,1753022283.0,850321.0,1475.0,7dc2fb5d-4205-471b-baba-2f44806b4955
720.0,60220159-6e78-42b4-ba3c-1e2fff145666,1080.0,reaction on beauty!,5979.0,224453.0,59.0,1748875083.0,494478.7454455933,2535.6222222222223,a57e56dc-c636-4502-849e-4ed84f24f83b
720.0,60220159-6e78-42b4-ba3c-1e2fff145666,720.0,reaction on fashion!,2435.0,253113.63264767933,133.0,1748702283.0,922955.0,3072.0,b6668ea3-a9db-42d2-ad13-0859cb46d9d2
1080.0,60220159-6e78-42b4-ba3c-1e2fff145666,720.0,unboxing on fashion!,6819.0,294938.0,12.0,1750084683.0,269262.0,557.0,07e0e43b-ca4d-48e6-b2c9-3fbbcfa27506
720.0,60220159-6e78-42b4-ba3c-1e2fff145666,720.0,unboxing on beauty!,4729.0,175850.0,100.0,1752244683.0,629772.0,2322.0,7e878a59-9e82-428f-a2ad-783e7dcaad4b
720.0,60220159-6e78-42b4-ba3c-1e2fff145666,720.0,review on tech!,1851.0,402382.0,115.0,1751121483.0,494478.7454455933,2535.6222222222223,f8023515-0f62-48a0-b7f8-405882ca1758
720.0,60220159-6e78-42b4-ba3c-1e2fff145666,1080.0,unboxing on beauty!,5302.0,80269.0,121.0,1748270283.0,70312.0,2037.0,df555d68-c664-439a-9f03-896bd29ed434
720.0,60220159-6e78-42b4-ba3c-1e2fff145666,1080.0,challenge on food!,4999.513470681458,345459.0,31.0,1753022283.0,825570.0,1248.0,289f57a5-3131-4438-8782-bce34223fa67
1080.0,60220159-6e78-42b4-ba3c-1e2fff145666,720.0,reaction on travel!,5175.0,67749.0,29.0,1748270283.0,850015.0,1971.0,a0edd638-5acf-43fd-979d-7e1f8e816295
720.0,60220159-6e78-42b4-ba3c-1e2fff145666,720.0,vlog on fashion!,6821.0,316190.0,90.0,1748183883.0,114421.0,3446.0,5c8fe05c-3b52-413c-b8ec-717a002d5fe1
897.9699248120301,60220159-6e78-42b4-ba3c-1e2fff145666,1080.0,reaction on food!,7459.0,38678.0,59.0,1749998283.0,680572.0,1761.0,c49d5c00-3332-4dce-bc82-d65def2c1a78
897.9699248120301,60220159-6e78-42b4-ba3c-1e2fff145666,720.0,reaction on food!,9575.0,253113.63264767933,40.0,1748961483.0,308474.0,4897.0,adcc0094-e3d2-4433-a42d-db622f4c1cd5
1080.0,60220159-6e78-42b4-ba3c-1e2fff145666,720.0,vlog on fitness!,2693.0,17521.0,105.0,1747924683.0,674804.0,2535.6222222222223,1739c48c-d5dd-4423-8fad-f2aba9bc9f01
1080.0,60220159-6e78-42b4-ba3c-1e2fff145666,896.6165413533835,unboxing on travel!,3750.0,270950.0,73.0,1751121483.0,250010.0,624.0,261b6195-99f5-4ecf-a63a-69611e7c6377
720.0,0f6ac963-f3f1-4af9-adf7-a1bb815bad68,1080.0,unboxing on food!,5567.0,269720.0,87.0,1750862283.0,494478.7454455933,2273.0,69616f6e-bf04-48da-9fe8-dca48e73b880
720.0,0f6ac963-f3f1-4af9-adf7-a1bb815bad68,720.0,unboxing on tech!,8995.0,291294.0,166.0,1748011083.0,718611.0,1390.0,3a404848-ea26-424e-8978-12b5558f04da
720.0,0f6ac963-f3f1-4af9-adf7-a1bb815bad68,720.0,review on fitness!,3105.0,438853.0,122.0,1750603083.0,479382.0,4375.0,8bf22956-d3bc-4b61-bf19-6736c4ebc551
720.0,0f6ac963-f3f1-4af9-adf7-a1bb815bad68,1080.0,challenge on travel!,4999.513470681458,81321.0,48.0,1748961483.0,494478.7454455933,2062.0,d7e60f00-7a7e-4652-8f13-49ed5ef0e7a8
897.9699248120301,0f6ac963-f3f1-4af9-adf7-a1bb815bad68,720.0,reaction on fitness!,6939.0,7077.0,37.0,1749134283.0,800540.0,210.0,8b2a9ebe-1994-4106-9b69-73ec80e37d56
1080.0,0f6ac963-f3f1-4af9-adf7-a1bb815bad68,720.0,challenge on beauty!,7769.0,479644.0,58.0,1750516683.0,633199.0,3451.0,a3192a4d-b1b9-4398-884e-1971d798ccbd
1080.0,0f6ac963-f3f1-4af9-adf7-a1bb815bad68,1080.0,vlog on food!,8422.0,89729.0,54.0,1749220683.0,22752.0,895.0,9d406063-0824-438d-8484-2d605db5093c
1080.0,0f6ac963-f3f1-4af9-adf7-a1bb815bad68,1080.0,challenge on beauty!,6326.0,450203.0,167.0,1749652683.0,537929.0,3753.0,17defe25-c623-4c16-a8cb-e1cecd4656d0
1080.0,0f6ac963-f3f1-4af9-adf7-a1bb815bad68,1080.0,unboxing on fashion!,7403.0,253113.63264767933,170.0,1748356683.0,131696.0,4673.0,6d5ffa11-88ab-4a6b-b0eb-a63f643e573d
720.0,0f6ac963-f3f1-4af9-adf7-a1bb815bad68,1080.0,review on food!,563.0,2286.0,115.0,1748529483.0,726865.0,2535.6222222222223,141be868-6e0c-44c8-bb1b-cfc5b253735a
720.0,0f6ac963-f3f1-4af9-adf7-a1bb815bad68,720.0,reaction on food!,6636.0,371980.0,117.0,1749220683.0,313024.0,2535.6222222222223,0be19589-fd93-455c-8c9e-84aed2269fa6
720.0,0f6ac963-f3f1-4af9-adf7-a1bb815bad68,720.0,unboxing on travel!,8916.0,400429.0,70.0,1751207883.0,753713.0,1351.0,39a789e8-e401-48e3-aa28-fe651ca342a2
720.0,0f6ac963-f3f1-4af9-adf7-a1bb815bad68,720.0,reaction on fitness!,4999.513470681458,228022.0,94.45944039501528,1750775883.0,79377.0,2535.6222222222223,1a1b038c-6499-49d9-92ec-6f0de4686c1d
720.0,0f6ac963-f3f1-4af9-adf7-a1bb815bad68,720.0,unboxing on beauty!,1823.0,458982.0,165.0,1748702283.0,381895.0,2350.0,085e35be-dbaa-4424-9d03-3919409ca202
1080.0,0f6ac963-f3f1-4af9-adf7-a1bb815bad68,1080.0,reaction on food!,4999.513470681458,101010.0,92.0,1752244683.0,631235.0,2535.6222222222223,8590c175-0691-471c-a701-3ce99b7dce89
1080.0,0f6ac963-f3f1-4af9-adf7-a1bb815bad68,720.0,reaction on tech!,7439.0,377685.0,54.0,1748875083.0,865489.0,4923.0,cfc0c3a7-b993-4fe4-9ca5-6c30b2d56681
1080.0,0f6ac963-f3f1-4af9-adf7-a1bb815bad68,1080.0,unboxing on fashion!,958.0,394925.0,97.0,1749307083.0,672690.0,2535.6222222222223,e4b4fa83-a667-4944-a836-aa947c1e9abf
1080.0,0f6ac963-f3f1-4af9-adf7-a1bb815bad68,720.0,challenge on fashion!,7323.0,357890.0,40.0,1748443083.0,494478.7454455933,4117.0,790b5906-af95-432c-b577-a311520c1185
1080.0,0f6ac963-f3f1-4af9-adf7-a1bb815bad68,1080.0,challenge on beauty!,4726.0,103139.0,147.0,1751035083.0,606059.0,3430.0,9e4fa06a-549d-46e2-923e-639035048b30
1080.0,0f6ac963-f3f1-4af9-adf7-a1bb815bad68,720.0,reaction on fashion!,1980.0,25733.0,118.0,1750775883.0,690960.0,649.0,6b01c17b-6e7c-473b-8882-1d885f1838bf
1080.0,0f6ac963-f3f1-4af9-adf7-a1bb815bad68,720.0,unboxing on tech!,2581.0,248887.0,105.0,1748270283.0,980478.0,4434.0,8dc88cdf-ba20-449d-8082-a8e3aaa15964
1080.0,f472c762-6a3e-42dd-a48b-ac40ee8b9f8f,720.0,unboxing on travel!,3383.0,266524.0,149.0,1751985483.0,494478.7454455933,4213.0,bb82b779-a05b-4b03-af45-1d6efc671835
720.0,f472c762-6a3e-42dd-a48b-ac40ee8b9f8f,1080.0,review on tech!,43.0,296137.0,18.0,1752071883.0,251052.0,2572.0,35f78a71-34c3-41f1-a8ce-bf8cc761e3dd
720.0,f472c762-6a3e-42dd-a48b-ac40ee8b9f8f,720.0,reaction on tech!,8385.0,169376.0,60.0,1749911883.0,486133.0,1132.0,d2a68a4f-6fc2-4126-b907-f2a48a6291f8
1080.0,f472c762-6a3e-42dd-a48b-ac40ee8b9f8f,720.0,review on travel!,3050.0,102830.0,154.0,1751899083.0,591793.0,1816.0,9caffd99-feb2-4497-b8f5-6aef0fd21f22
1080.0,f472c762-6a3e-42dd-a48b-ac40ee8b9f8f,720.0,review on beauty!,4262.0,409167.0,94.45944039501528,1751467083.0,864787.0,1244.0,d0b36032-3317-4548-a7b2-97961973987e
1080.0,f472c762-6a3e-42dd-a48b-ac40ee8b9f8f,720.0,reaction on beauty!,4999.513470681458,266412.0,166.0,1750171083.0,650363.0,207.0,98676695-f5f6-4a52-b31a-88e5c2c6e847
1080.0,f472c762-6a3e-42dd-a48b-ac40ee8b9f8f,1080.0,challenge on travel!,8093.0,351742.0,103.0,1751553483.0,187231.0,2295.0,5c580ee8-7457-4905-985a-3435c7ac4f03
1080.0,f472c762-6a3e-42dd-a48b-ac40ee8b9f8f,720.0,unboxing on food!,4530.0,189095.0,94.45944039501528,1747838283.0,220449.0,4703.0,597a8583-b37a-4046-91cd-3547f5d6b933
1080.0,f472c762-6a3e-42dd-a48b-ac40ee8b9f8f,720.0,challenge on food!,4999.513470681458,381216.0,154.0,1749739083.0,355872.0,3620.0,0e06869d-3608-4309-95c1-15846090e4e4
1080.0,f472c762-6a3e-42dd-a48b-ac40ee8b9f8f,896.6165413533835,review on beauty!,7671.0,130371.0,146.0,1751985483.0,405454.0,81.0,dc86bb8d-1088-4be8-95ab-3efab05ee388
897.9699248120301,f472c762-6a3e-42dd-a48b-ac40ee8b9f8f,896.6165413533835,vlog on fashion!,4999.513470681458,253113.63264767933,44.0,1751726283.0,365880.0,1315.0,e9165245-433e-4a0f-9b02-8725a1e9512a
720.0,f472c762-6a3e-42dd-a48b-ac40ee8b9f8f,1080.0,unboxing on fitness!,1405.0,253113.63264767933,94.45944039501528,1750171083.0,835799.0,3939.0,ee0602cb-c0d9-40b8-a19f-f20984c2d77e
1080.0,f472c762-6a3e-42dd-a48b-ac40ee8b9f8f,720.0,vlog on travel!,3343.0,28587.0,101.0,1747838283.0,668604.0,41.0,0da38489-89f5-4868-a4a0-c41af2745b76
720.0,f472c762-6a3e-42dd-a48b-ac40ee8b9f8f,720.0,vlog on fashion!,7954.0,193713.0,59.0,1752676683.0,965544.0,4494.0,247cc317-e712-40c6-b5bf-52aa64b32e4c
1080.0,f472c762-6a3e-42dd-a48b-ac40ee8b9f8f,720.0,challenge on fitness!,9197.0,316941.0,135.0,1748615883.0,494478.7454455933,1617.0,126199bf-39ec-4c06-9b5e-d13940241b8f
1080.0,f472c762-6a3e-42dd-a48b-ac40ee8b9f8f,720.0,unboxing on tech!,6253.0,26184.0,15.0,1749566283.0,992302.0,3567.0,94270233-dbba-42fa-99a6-2a126f25d538
720.0,f472c762-6a3e-42dd-a48b-ac40ee8b9f8f,720.0,review on tech!,5263.0,148390.0,14.0,1751899083.0,494478.7454455933,4316.0,dc1fa390-6fec-464f-a992-836f60f53185
720.0,f472c762-6a3e-42dd-a48b-ac40ee8b9f8f,1080.0,review on tech!,6604.0,72135.0,180.0,1750084683.0,304891.0,413.0,106117a2-cc60-4d44-88bf-703994be20ac
1080.0,f472c762-6a3e-42dd-a48b-ac40ee8b9f8f,1080.0,review on food!,2838.0,488430.0,178.0,1749911883.0,965303.0,763.0,9dcc00db-b823-4c02-a757-1ae11a1ab082
720.0,f472c762-6a3e-42dd-a48b-ac40ee8b9f8f,1080.0,unboxing on food!,9711.0,16787.0,48.0,1751899083.0,477984.0,363.0,54b942ee-c047-4ae7-8405-96dde9befbf6
720.0,f472c762-6a3e-42dd-a48b-ac40ee8b9f8f,1080.0,vlog on beauty!,1685.0,253113.63264767933,113.0,1751553483.0,106074.0,4953.0,e2db7e4b-f4e3-4c32-89f9-4bb8b1a84a09
720.0,f472c762-6a3e-42dd-a48b-ac40ee8b9f8f,720.0,vlog on food!,4893.0,55605.0,139.0,1750084683.0,718779.0,3138.0,6482d5dd-15b7-45ad-9a53-5ec8ee889669
720.0,f472c762-6a3e-42dd-a48b-ac40ee8b9f8f,720.0,reaction on tech!,4486.0,424049.0,94.0,1750689483.0,782080.0,3682.0,9ad5bb24-0398-4958-92c2-597a0633f714
720.0,f472c762-6a3e-42dd-a48b-ac40ee8b9f8f,896.6165413533835,reaction on food!,789.0,67897.0,85.0,1749307083.0,344379.0,2535.6222222222223,472a09d3-16e6-47fe-bc49-304112f34974
1080.0,f472c762-6a3e-42dd-a48b-ac40ee8b9f8f,720.0,unboxing on tech!,4704.0,13182.0,104.0,1749220683.0,359690.0,3337.0,db971ec4-7c1c-40e5-9c0e-1447a3ba32e5
720.0,f472c762-6a3e-42dd-a48b-ac40ee8b9f8f,720.0,vlog on beauty!,4236.0,299163.0,77.0,1751294283.0,352765.0,813.0,6e111cfb-863a-4609-be22-4c264d0ded20
720.0,f472c762-6a3e-42dd-a48b-ac40ee8b9f8f,1080.0,review on fashion!,2445.0,417338.0,151.0,1752676683.0,215892.0,3757.0,70b85fc6-c19c-417e-a309-50ded4088ef2
720.0,f472c762-6a3e-42dd-a48b-ac40ee8b9f8f,1080.0,challenge on tech!,8728.0,83473.0,11.0,1750171083.0,360500.0,1631.0,af0ee91b-b9ec-448b-99e0-b2defee3f3d5
1080.0,f472c762-6a3e-42dd-a48b-ac40ee8b9f8f,720.0,reaction on beauty!,6572.0,7301.0,13.0,1750343883.0,494478.7454455933,42.0,2fddd845-f4be-49ff-817a-720030069782
1080.0,dcb4f54d-1eb3-4a29-92fb-b1f114da79ed,720.0,review on fitness!,6474.0,464084.0,51.0,1752331083.0,744914.0,1310.0,13e85e91-2132-44ff-adea-f71bae4a051d
720.0,dcb4f54d-1eb3-4a29-92fb-b1f114da79ed,720.0,unboxing on travel!,2406.0,19418.0,64.0,1747924683.0,494478.7454455933,129.0,fbe8140e-2bbb-4078-82f0-e14f25c42032
1080.0,dcb4f54d-1eb3-4a29-92fb-b1f114da79ed,1080.0,review on fashion!,4999.513470681458,122919.0,46.0,1748615883.0,456182.0,2535.6222222222223,35213ffa-14f6-4f69-8dab-2f0c7bc9a662
720.0,dcb4f54d-1eb3-4a29-92fb-b1f114da79ed,720.0,challenge on food!,6995.0,357045.0,86.0,1749825483.0,659268.0,3020.0,3571d9a2-5057-4bbd-886e-2b664fc7a29b
897.9699248120301,dcb4f54d-1eb3-4a29-92fb-b1f114da79ed,720.0,review on fitness!,4948.0,131492.0,47.0,1750775883.0,479124.0,1912.0,f1c2caf6-0256-415e-9cbb-8cdf9e8e70a5
720.0,dcb4f54d-1eb3-4a29-92fb-b1f114da79ed,720.0,unboxing on food!,7732.0,253113.63264767933,111.0,1752503883.0,548209.0,2535.6222222222223,3e41a525-b5f1-43a0-9d8a-35733329ad55
720.0,dcb4f54d-1eb3-4a29-92fb-b1f114da79ed,1080.0,review on fashion!,2122.0,66687.0,13.0,1748875083.0,460198.0,346.0,a4ed47d0-8f92-4b64-bed2-f542caea6fd7
720.0,dcb4f54d-1eb3-4a29-92fb-b1f114da79ed,720.0,unboxing on fitness!,9766.0,16258.0,18.0,1752935883.0,494478.7454455933,1264.0,f00d4b96-25a6-434e-9fe8-70216cffbb76
1080.0,dcb4f54d-1eb3-4a29-92fb-b1f114da79ed,1080.0,vlog on beauty!,3954.0,160337.0,154.0,1750862283.0,753729.0,4652.0,63c66517-2395-460d-a5d7-c50fbaf6a6fc
1080.0,dcb4f54d-1eb3-4a29-92fb-b1f114da79ed,720.0,unboxing on fitness!,7652.0,253113.63264767933,129.0,1752676683.0,875872.0,1656.0,0121de19-e6ca-42b7-bff5-91cc586d85cc
720.0,dcb4f54d-1eb3-4a29-92fb-b1f114da79ed,720.0,reaction on tech!,5330.0,253113.63264767933,172.0,1751639883.0,394210.0,1303.0,72b2b272-0574-41d6-a0ff-75fae424c51e
720.0,dcb4f54d-1eb3-4a29-92fb-b1f114da79ed,720.0,unboxing on fashion!,6139.0,482693.0,165.0,1748356683.0,390962.0,2008.0,5ee015e0-02ea-4afb-ab04-1faa3226b00f
1080.0,dcb4f54d-1eb3-4a29-92fb-b1f114da79ed,720.0,vlog on travel!,9197.0,253113.63264767933,100.0,1751380683.0,114380.0,855.0,317dcfa3-e1dd-485d-bf5a-ae2bac4463b8
1080.0,dcb4f54d-1eb3-4a29-92fb-b1f114da79ed,1080.0,challenge on travel!,7436.0,253113.63264767933,71.0,1750257483.0,567950.0,3222.0,05178435-ea2d-47bb-8594-769f5abf85c4
1080.0,dcb4f54d-1eb3-4a29-92fb-b1f114da79ed,1080.0,reaction on beauty!,4999.513470681458,479986.0,69.0,1752503883.0,975054.0,510.0,a2e84fce-d3c3-4266-8409-2e2226df4d12
1080.0,dcb4f54d-1eb3-4a29-92fb-b1f114da79ed,1080.0,reaction on fashion!,9533.0,306885.0,129.0,1748702283.0,44192.0,3520.0,8df28023-681a-4caf-8948-c99659013a0d
1080.0,dcb4f54d-1eb3-4a29-92fb-b1f114da79ed,1080.0,reaction on tech!,5677.0,366819.0,124.0,1749307083.0,485708.0,2065.0,26d96a92-b8ca-4d12-a335-86db7c160007
1080.0,dcb4f54d-1eb3-4a29-92fb-b1f114da79ed,1080.0,vlog on fitness!,9946.0,262234.0,24.0,1749566283.0,814375.0,1053.0,1d3c8bc3-d4c3-46a0-a38b-a9d7d51cbddb
1080.0,dcb4f54d-1eb3-4a29-92fb-b1f114da79ed,720.0,unboxing on food!,5673.0,332862.0,126.0,1751380683.0,678443.0,1032.0,f809d064-64aa-4cc4-bae4-a22215e0d54c
1080.0,dcb4f54d-1eb3-4a29-92fb-b1f114da79ed,1080.0,reaction on food!,3695.0,253113.63264767933,162.0,1751467083.0,153634.0,575.0,2c78c737-50b7-4f13-b2f6-ec3b0f9cb109
720.0,dcb4f54d-1eb3-4a29-92fb-b1f114da79ed,1080.0,unboxing on travel!,4999.513470681458,398727.0,99.0,1750603083.0,498836.0,4249.0,05e36b6e-a25f-46dc-88d9-99706fd6f972
1080.0,dcb4f54d-1eb3-4a29-92fb-b1f114da79ed,1080.0,unboxing on beauty!,7304.0,458414.0,134.0,1750775883.0,64784.0,4823.0,6aad6ba1-0170-4fc9-8746-92964b67169f
720.0,dcb4f54d-1eb3-4a29-92fb-b1f114da79ed,720.0,challenge on beauty!,1021.0,47400.0,143.0,1749307083.0,576519.0,4854.0,aabeaddd-b1cb-486f-b928-bffa34b83498
720.0,dcb4f54d-1eb3-4a29-92fb-b1f114da79ed,1080.0,challenge on fitness!,6812.0,255976.0,64.0,1751035083.0,996673.0,4820.0,8d48dd60-1766-40a2-8dfa-06329c5e8b08
720.0,dcb4f54d-1eb3-4a29-92fb-b1f114da79ed,720.0,unboxing on tech!,1328.0,13879.0,46.0,1748443083.0,494478.7454455933,4352.0,e7c15bf4-d5bf-4a51-bead-0a3c89b77deb
1080.0,dcb4f54d-1eb3-4a29-92fb-b1f114da79ed,896.6165413533835,reaction on food!,4613.0,309599.0,159.0,1750171083.0,682192.0,4892.0,f01d4fce-d35c-47b1-a2d6-6ba4270c809d
720.0,dcb4f54d-1eb3-4a29-92fb-b1f114da79ed,720.0,vlog on travel!,8811.0,434505.0,136.0,1750430283.0,695473.0,3626.0,4e7ebcaa-612d-472a-8a76-477a50f75b6e
720.0,16735f63-3353-474c-b570-1879cb470e08,720.0,reaction on fashion!,8287.0,84014.0,135.0,1748097483.0,389973.0,4434.0,febbe5a4-3730-4eb1-8bf9-a5f7d564a310
720.0,16735f63-3353-474c-b570-1879cb470e08,720.0,vlog on tech!,9618.0,268956.0,94.45944039501528,1751639883.0,886979.0,1054.0,30accf67-cefb-4a2b-851c-36d309b7afe7
897.9699248120301,16735f63-3353-474c-b570-1879cb470e08,1080.0,review on fitness!,3053.0,477632.0,15.0,1751121483.0,446295.0,3426.0,05c9eba3-e289-4906-a967-31c6f806f3c2
720.0,16735f63-3353-474c-b570-1879cb470e08,1080.0,challenge on fitness!,9505.0,418376.0,85.0,1752417483.0,810075.0,1918.0,62c3d6be-d56e-4747-a764-05eba75beb9c
720.0,16735f63-3353-474c-b570-1879cb470e08,1080.0,reaction on travel!,7177.0,161626.0,38.0,1752417483.0,160711.0,1368.0,792fb370-503f-4dd0-8ac2-9b5c6660c549
1080.0,16735f63-3353-474c-b570-1879cb470e08,1080.0,unboxing on beauty!,5139.0,179595.0,48.0,1752935883.0,715620.0,2003.0,86349c96-e18a-46c0-88ee-0fd391a1857e
1080.0,16735f63-3353-474c-b570-1879cb470e08,720.0,reaction on tech!,6169.0,114039.0,139.0,1749739083.0,755081.0,4014.0,056fbbba-eb87-4b46-a163-010500f9559b
720.0,16735f63-3353-474c-b570-1879cb470e08,1080.0,vlog on beauty!,4999.513470681458,449169.0,21.0,1751812683.0,379666.0,696.0,9b1f2712-84d7-4659-a80f-734dd046c789
897.9699248120301,16735f63-3353-474c-b570-1879cb470e08,1080.0,review on fitness!,4033.0,253113.63264767933,39.0,1750603083.0,160609.0,3104.0,95ef67d6-a346-4e8f-87c1-163a3674d34e
1080.0,16735f63-3353-474c-b570-1879cb470e08,1080.0,review on tech!,8346.0,489545.0,125.0,1748875083.0,441720.0,2535.6222222222223,557417ca-a66c-4888-9837-f71db6735040
720.0,16735f63-3353-474c-b570-1879cb470e08,720.0,review on tech!,247.0,204336.0,118.0,1748615883.0,741951.0,3469.0,ecfc261d-2023-486a-9f6a-e33f69177eeb
720.0,16735f63-3353-474c-b570-1879cb470e08,720.0,reaction on fitness!,4999.513470681458,62769.0,156.0,1752331083.0,206322.0,4375.0,150cc497-9e8b-4ece-9960-93778fd9952b
720.0,16735f63-3353-474c-b570-1879cb470e08,1080.0,unboxing on fashion!,6743.0,68617.0,101.0,1749652683.0,73870.0,2483.0,f79c853c-6856-4bd9-85dc-b17a2407084e
897.9699248120301,16735f63-3353-474c-b570-1879cb470e08,720.0,unboxing on fashion!,6463.0,197128.0,123.0,1749652683.0,606446.0,1474.0,b0c0ebc1-6d4f-45c7-a16a-d0e9071a94f1
1080.0,16735f63-3353-474c-b570-1879cb470e08,1080.0,challenge on fashion!,7973.0,484716.0,91.0,1751639883.0,691679.0,4482.0,56fddaa5-7a62-4a40-9805-9af9bff5e5a8
720.0,7c128c3c-afd3-491d-b4c0-a03326a22c28,720.0,reaction on beauty!,4999.513470681458,305010.0,67.0,1752676683.0,86251.0,3096.0,c34974c0-396e-4f70-b0ca-04849dd335b6
720.0,7c128c3c-afd3-491d-b4c0-a03326a22c28,896.6165413533835,challenge on tech!,9348.0,49135.0,79.0,1748788683.0,494478.7454455933,3206.0,32920f8c-9b27-45fd-a24f-c18d5d4914dd
1080.0,7c128c3c-afd3-491d-b4c0-a03326a22c28,720.0,review on tech!,6812.0,394865.0,101.0,1750948683.0,578449.0,4415.0,bfdfc59d-b978-4993-9093-d864a1ef8f0d
1080.0,7c128c3c-afd3-491d-b4c0-a03326a22c28,720.0,unboxing on tech!,1106.0,180843.0,55.0,1748961483.0,733455.0,1357.0,274cfa21-7ead-4648-853e-1a93cf8d974d
1080.0,7c128c3c-afd3-491d-b4c0-a03326a22c28,720.0,challenge on fitness!,7677.0,351791.0,160.0,1750689483.0,215557.0,1407.0,f67e8322-f3a7-45a8-b976-0ec7f0ae1f7e
1080.0,7c128c3c-afd3-491d-b4c0-a03326a22c28,896.6165413533835,unboxing on fitness!,2955.0,377456.0,149.0,1749047883.0,856297.0,175.0,79d8d9e5-95cf-4f7f-973d-d60e81d86ae1
720.0,7c128c3c-afd3-491d-b4c0-a03326a22c28,720.0,unboxing on fitness!,4400.0,213817.0,112.0,1750257483.0,494478.7454455933,800.0,3c3f6b87-b749-4bc2-bd0c-701394350628
1080.0,7c128c3c-afd3-491d-b4c0-a03326a22c28,720.0,reaction on fashion!,4999.513470681458,457827.0,17.0,1752071883.0,990412.0,2325.0,fb5e0a28-186c-4407-ae7a-207edaa42593
1080.0,7c128c3c-afd3-491d-b4c0-a03326a22c28,896.6165413533835,review on fitness!,1915.0,87983.0,132.0,1749047883.0,494478.7454455933,1402.0,c394c0d4-2399-44eb-a77a-0c68f1a0ab84
1080.0,7c128c3c-afd3-491d-b4c0-a03326a22c28,1080.0,reaction on beauty!,7661.0,253113.63264767933,70.0,1749047883.0,788343.0,648.0,e732470b-2c66-4fb8-9130-3cdb010393b8
720.0,7c128c3c-afd3-491d-b4c0-a03326a22c28,1080.0,review on travel!,7863.0,201090.0,32.0,1748356683.0,21775.0,982.0,ee3ec2fb-80a7-4b06-b4e7-de08ff281ef1
720.0,7c128c3c-afd3-491d-b4c0-a03326a22c28,1080.0,challenge on food!,2515.0,107865.0,57.0,1748961483.0,121590.0,3212.0,55a32031-4d5d-42c9-a6df-33e436b66d37
720.0,7c128c3c-afd3-491d-b4c0-a03326a22c28,1080.0,reaction on tech!,5538.0,483602.0,111.0,1752676683.0,283087.0,2564.0,fd60f7b3-94e9-4081-a718-2e18ae81a992
1080.0,7c128c3c-afd3-491d-b4c0-a03326a22c28,1080.0,reaction on food!,3214.0,140537.0,21.0,1751639883.0,787285.0,645.0,ff8d5ed6-0b5b-4de6-aa77-7b4c54bcfee4
720.0,7c128c3c-afd3-491d-b4c0-a03326a22c28,720.0,reaction on tech!,6485.0,85285.0,144.0,1751121483.0,598426.0,1822.0,52d3e26b-854d-4976-9cd3-08542d847412
1080.0,7c128c3c-afd3-491d-b4c0-a03326a22c28,1080.0,unboxing on food!,4999.513470681458,196740.0,93.0,1750516683.0,494478.7454455933,1181.0,fd56f45f-001d-4a42-baa3-1be9be89cbee
1080.0,7c128c3c-afd3-491d-b4c0-a03326a22c28,720.0,challenge on beauty!,5752.0,202029.0,169.0,1749134283.0,156376.0,2535.6222222222223,cfc7715e-1daf-4f0b-96e5-81d467a797b5
720.0,7c128c3c-afd3-491d-b4c0-a03326a22c28,720.0,review on tech!,2865.0,457082.0,12.0,1749220683.0,302525.0,2531.0,5e45c606-2200-4338-bdc8-f5d52435da78
1080.0,7c128c3c-afd3-491d-b4c0-a03326a22c28,720.0,challenge on tech!,4999.513470681458,205318.0,145.0,1748011083.0,42874.0,755.0,bdd8401d-0838-483f-9d71-80359fa00bf0
720.0,7c128c3c-afd3-491d-b4c0-a03326a22c28,1080.0,reaction on fashion!,4374.0,253113.63264767933,77.0,1750343883.0,441383.0,4881.0,5a625db1-1d5c-45d8-b8a3-c4480d77692a
720.0,7c128c3c-afd3-491d-b4c0-a03326a22c28,720.0,vlog on fitness!,2685.0,493539.0,52.0,1750430283.0,863055.0,1808.0,42eae42b-b0c0-4c5d-b771-d339aa8d93cb
720.0,7c128c3c-afd3-491d-b4c0-a03326a22c28,720.0,challenge on fashion!,9629.0,196041.0,61.0,1749566283.0,494478.7454455933,1990.0,c087f769-6e18-4b70-9aba-319ed42e6860
1080.0,7c128c3c-afd3-491d-b4c0-a03326a22c28,720.0,review on travel!,1977.0,464490.0,95.0,1749998283.0,494478.7454455933,1211.0,9abd8225-2d4c-4ec4-aeab-7d7e0932be18
1080.0,7c128c3c-afd3-491d-b4c0-a03326a22c28,720.0,unboxing on tech!,5671.0,325900.0,66.0,1748788683.0,560331.0,2580.0,5ac605be-2275-4c5a-8d55-650ec670a4f9
1080.0,432730cc-9e64-472a-a10b-1d6362b78ff5,720.0,vlog on travel!,4999.513470681458,259831.0,30.0,1749134283.0,164459.0,4919.0,375ae1c8-be60-4892-aa5d-ee46c1536c3d
1080.0,432730cc-9e64-472a-a10b-1d6362b78ff5,1080.0,reaction on beauty!,290.0,344418.0,94.45944039501528,1752417483.0,849412.0,3033.0,e72821a7-fd9b-4826-b26d-4a00d4e20aea
1080.0,432730cc-9e64-472a-a10b-1d6362b78ff5,720.0,reaction on food!,4238.0,424594.0,107.0,1748097483.0,190728.0,1240.0,5f1c1372-a82a-41b8-98f5-660f7dd3dfae
720.0,432730cc-9e64-472a-a10b-1d6362b78ff5,1080.0,review on fitness!,4314.0,201116.0,27.0,1748788683.0,20782.0,418.0,ec4a040b-84ee-41c5-ad10-f30a2fe04cc5
720.0,432730cc-9e64-472a-a10b-1d6362b78ff5,1080.0,unboxing on fitness!,8530.0,283763.0,123.0,1748702283.0,494478.7454455933,135.0,7753dabf-8094-4e5d-bf86-db62d247f51a
1080.0,432730cc-9e64-472a-a10b-1d6362b78ff5,720.0,unboxing on tech!,9599.0,36032.0,109.0,1751380683.0,286763.0,2495.0,a930c38d-8720-4d8c-b51c-341afbcb1407
1080.0,432730cc-9e64-472a-a10b-1d6362b78ff5,720.0,vlog on food!,2729.0,389750.0,134.0,1750257483.0,872196.0,2515.0,1be72c38-e4f5-483c-af71-a3ad18c1702b
720.0,432730cc-9e64-472a-a10b-1d6362b78ff5,1080.0,challenge on tech!,5238.0,86176.0,136.0,1753022283.0,365532.0,2982.0,930dd422-2c80-459f-957a-2ba8145d2087
1080.0,432730cc-9e64-472a-a10b-1d6362b78ff5,720.0,challenge on tech!,2847.0,315799.0,113.0,1748097483.0,984247.0,2535.6222222222223,596f7e09-5b2c-4fe8-a98b-686c7837f7d1
720.0,432730cc-9e64-472a-a10b-1d6362b78ff5,720.0,vlog on beauty!,6926.0,42631.0,19.0,1752244683.0,930265.0,4248.0,a91a61f9-c4aa-4e78-b458-ea802769d17b
720.0,432730cc-9e64-472a-a10b-1d6362b78ff5,720.0,vlog on fitness!,4583.0,177506.0,98.0,1751985483.0,747612.0,3846.0,f79eaa77-8bc7-4c3a-b573-d368c46e35df
720.0,432730cc-9e64-472a-a10b-1d6362b78ff5,720.0,vlog on food!,2816.0,448177.0,161.0,1752676683.0,855237.0,237.0,16ed1dcc-ea4c-4990-afc1-e300791b5b5f
720.0,432730cc-9e64-472a-a10b-1d6362b78ff5,1080.0,unboxing on beauty!,6356.0,93289.0,47.0,1752071883.0,825278.0,2159.0,eb223450-ed19-4353-8b59-f7dd12d35b32
1080.0,432730cc-9e64-472a-a10b-1d6362b78ff5,1080.0,unboxing on fitness!,1729.0,226849.0,101.0,1751726283.0,362344.0,173.0,139acf63-4e45-4fde-b61c-907bc96dc5f3
1080.0,432730cc-9e64-472a-a10b-1d6362b78ff5,720.0,reaction on fashion!,4325.0,159985.0,94.45944039501528,1751812683.0,752667.0,734.0,962a5da2-e72f-4dbf-a0c5-c7fa8ce29d86
1080.0,432730cc-9e64-472a-a10b-1d6362b78ff5,720.0,unboxing on beauty!,1775.0,253113.63264767933,53.0,1748183883.0,327376.0,712.0,6a7c3e1e-f04f-47fc-8d35-0f2f036c2998
720.0,432730cc-9e64-472a-a10b-1d6362b78ff5,720.0,review on fashion!,1248.0,423523.0,26.0,1752503883.0,77601.0,4781.0,d0be247c-dd50-432a-ae26-3f7c6afefb8e
1080.0,432730cc-9e64-472a-a10b-1d6362b78ff5,720.0,challenge on travel!,4999.513470681458,177738.0,148.0,1752849483.0,72866.0,3660.0,54f9bff3-a4d9-4536-a862-168d683c3fb2
1080.0,432730cc-9e64-472a-a10b-1d6362b78ff5,720.0,review on food!,1931.0,459917.0,85.0,1751812683.0,803390.0,2535.6222222222223,8ee4f538-6483-4928-9d75-f04290fefc64
1080.0,432730cc-9e64-472a-a10b-1d6362b78ff5,1080.0,challenge on fashion!,7347.0,194945.0,77.0,1748875083.0,494478.7454455933,2535.6222222222223,d2b658fd-c6b5-4752-bf7d-008503fdc7c4
1080.0,432730cc-9e64-472a-a10b-1d6362b78ff5,720.0,review on tech!,7852.0,186885.0,110.0,1752935883.0,662015.0,581.0,e3fc8d50-f723-41af-88a3-bf8478a077d3
1080.0,3a59213c-8241-489a-8d66-c169712cbeea,1080.0,challenge on food!,4999.513470681458,115286.0,31.0,1750516683.0,494478.7454455933,541.0,c6ab882f-de4b-406b-b5df-d58e7cce9275
1080.0,3a59213c-8241-489a-8d66-c169712cbeea,896.6165413533835,challenge on beauty!,5340.0,16623.0,66.0,1752503883.0,461002.0,2535.6222222222223,e922e140-a2ef-43b7-a0d8-4616a2395241
720.0,3a59213c-8241-489a-8d66-c169712cbeea,720.0,review on food!,1552.0,336605.0,94.45944039501528,1749825483.0,914568.0,2094.0,88ed563e-8d34-4eb8-912d-a91dddb0e723
720.0,3a59213c-8241-489a-8d66-c169712cbeea,1080.0,challenge on tech!,2107.0,174459.0,123.0,1748183883.0,416131.0,1133.0,b561db68-d069-4858-8d57-0b89cca96e4b
720.0,3a59213c-8241-489a-8d66-c169712cbeea,1080.0,challenge on tech!,4999.513470681458,253113.63264767933,142.0,1752590283.0,687972.0,491.0,a9010187-0e67-490c-a6d6-f3fd41186f97
1080.0,3a59213c-8241-489a-8d66-c169712cbeea,896.6165413533835,vlog on travel!,7782.0,287054.0,38.0,1748270283.0,144654.0,1564.0,17bbcc5f-2c0a-4678-b1c2-6f5e532121a8
1080.0,3a59213c-8241-489a-8d66-c169712cbeea,1080.0,unboxing on beauty!,4902.0,253113.63264767933,75.0,1752590283.0,62834.0,2162.0,7cae77c4-449d-42bd-905e-250293825fb2
1080.0,3a59213c-8241-489a-8d66-c169712cbeea,896.6165413533835,review on beauty!,4541.0,179111.0,158.0,1748011083.0,274345.0,2628.0,f96d43f9-f1d6-41f7-a123-4646b73e29a4
1080.0,3a59213c-8241-489a-8d66-c169712cbeea,720.0,vlog on food!,8950.0,197932.0,98.0,1748183883.0,713653.0,1282.0,3e3489a0-cd71-4738-941d-77192e4ab09f
720.0,3a59213c-8241-489a-8d66-c169712cbeea,720.0,challenge on fitness!,9049.0,415490.0,94.45944039501528,1751899083.0,819667.0,2113.0,18bb4c89-327c-4373-9ada-f737e447b859
720.0,3a59213c-8241-489a-8d66-c169712cbeea,720.0,vlog on travel!,2258.0,253113.63264767933,145.0,1750689483.0,215174.0,1672.0,0ea5bb86-b63a-4152-a191-7b72697a1bb3
1080.0,3a59213c-8241-489a-8d66-c169712cbeea,1080.0,review on food!,3738.0,453529.0,13.0,1748097483.0,494478.7454455933,4675.0,ec3cd4d7-08a8-406f-a26a-cc17e554c6d8
720.0,3a59213c-8241-489a-8d66-c169712cbeea,720.0,unboxing on beauty!,9828.0,357735.0,94.45944039501528,1748097483.0,516481.0,2774.0,1783d3c2-35d1-49f7-a0bf-b7448461d4b3
1080.0,3a59213c-8241-489a-8d66-c169712cbeea,720.0,challenge on travel!,9533.0,397512.0,63.0,1748702283.0,709929.0,685.0,8d511058-ebc5-479a-b4b7-82e124088bd6
1080.0,3a59213c-8241-489a-8d66-c169712cbeea,1080.0,vlog on travel!,6825.0,87706.0,108.0,1749047883.0,925125.0,3893.0,0ca9420d-0048-423e-9caf-57f4b6dc70f5
1080.0,3a59213c-8241-489a-8d66-c169712cbeea,720.0,unboxing on beauty!,8476.0,243112.0,176.0,1751380683.0,855427.0,593.0,871bb1ad-be4f-4615-9431-089f90ff7203
720.0,3a59213c-8241-489a-8d66-c169712cbeea,720.0,challenge on tech!,4999.513470681458,293968.0,105.0,1749134283.0,929443.0,4041.0,44e021ce-6c12-458e-ae5a-715a0bd6894a
1080.0,3a59213c-8241-489a-8d66-c169712cbeea,1080.0,review on fitness!,8884.0,177804.0,133.0,1748270283.0,380879.0,1141.0,70b20aa8-3794-4f73-a390-0921b54d0e81
720.0,3a59213c-8241-489a-8d66-c169712cbeea,720.0,vlog on beauty!,4999.513470681458,477683.0,58.0,1750343883.0,494478.7454455933,2535.6222222222223,0dc2b9d2-e5dd-4834-abb2-84f0b3c8c1eb
1080.0,3a59213c-8241-489a-8d66-c169712cbeea,720.0,review on tech!,533.0,119781.0,119.0,1751985483.0,768947.0,1654.0,9f6ff77c-37b2-46c6-89a3-8558a5fde6ef
720.0,3a59213c-8241-489a-8d66-c169712cbeea,720.0,unboxing on beauty!,1537.0,71719.0,120.0,1749479883.0,256708.0,2535.6222222222223,ff22adf6-0fe2-4dc3-8c84-2a665106bbc7
720.0,3a59213c-8241-489a-8d66-c169712cbeea,720.0,vlog on travel!,4999.513470681458,485818.0,27.0,1748183883.0,494478.7454455933,4031.0,8d72030a-b3e2-4b9b-abc4-7e7ae9c56ee3
720.0,3a59213c-8241-489a-8d66-c169712cbeea,720.0,reaction on fashion!,342.0,333576.0,94.45944039501528,1752676683.0,13519.0,2535.6222222222223,5a88ef99-b00f-4abe-b5cb-4938b1a548e1
1080.0,3a59213c-8241-489a-8d66-c169712cbeea,720.0,reaction on tech!,5884.0,151355.0,138.0,1750084683.0,332501.0,2914.0,231058e2-fcb4-4476-8c2a-ddc9e1d40258
1080.0,3a59213c-8241-489a-8d66-c169712cbeea,1080.0,vlog on travel!,5653.0,91003.0,169.0,1752676683.0,161018.0,3699.0,59fa9acd-3db1-40a6-88c9-fbd34e8a9932
720.0,3a59213c-8241-489a-8d66-c169712cbeea,720.0,vlog on food!,3183.0,98490.0,168.0,1751812683.0,336730.0,4286.0,de3dc306-7b8b-46d6-b8a9-71a661bd9dc4
1080.0,9d3cd4e8-6a56-44ca-b1cf-0737203dbea3,1080.0,review on food!,1672.0,424285.0,31.0,1751035083.0,64406.0,3696.0,98bccb67-0dc2-4f26-ad9a-443bae44a2ec
720.0,9d3cd4e8-6a56-44ca-b1cf-0737203dbea3,720.0,vlog on tech!,2419.0,358981.0,148.0,1751035083.0,443333.0,2535.6222222222223,5db1aaa8-a3de-4752-af08-8d22cfbcfca2
720.0,9d3cd4e8-6a56-44ca-b1cf-0737203dbea3,1080.0,unboxing on travel!,9433.0,476865.0,166.0,1750084683.0,117259.0,2535.6222222222223,89df3710-d2d7-406b-8250-89794b0cace9
1080.0,9d3cd4e8-6a56-44ca-b1cf-0737203dbea3,1080.0,reaction on fashion!,5831.0,243881.0,144.0,1749825483.0,501641.0,3662.0,d8bec2f8-ac37-4362-86f8-70067b58a3f3
720.0,9d3cd4e8-6a56-44ca-b1cf-0737203dbea3,1080.0,review on fashion!,8578.0,287232.0,30.0,1751812683.0,724414.0,958.0,76434034-0cf5-4bac-bafe-c7763765f2c4
897.9699248120301,9d3cd4e8-6a56-44ca-b1cf-0737203dbea3,720.0,challenge on travel!,4133.0,253113.63264767933,94.45944039501528,1749307083.0,537787.0,596.0,621d87f7-c062-4879-ad09-ff937c12f961
1080.0,9d3cd4e8-6a56-44ca-b1cf-0737203dbea3,1080.0,review on tech!,4999.513470681458,383270.0,75.0,1752590283.0,926256.0,3293.0,c4511dce-5abb-4448-81d2-9357939b1eb4
1080.0,9d3cd4e8-6a56-44ca-b1cf-0737203dbea3,720.0,reaction on travel!,856.0,402062.0,20.0,1752849483.0,878065.0,233.0,306ae2c3-56c8-4f3e-af99-598ded0a3b6c
1080.0,9d3cd4e8-6a56-44ca-b1cf-0737203dbea3,1080.0,unboxing on tech!,2105.0,416031.0,145.0,1752849483.0,914194.0,3732.0,85254426-0430-4c78-81b1-d0da9961b99e
1080.0,9d3cd4e8-6a56-44ca-b1cf-0737203dbea3,1080.0,review on travel!,7058.0,253113.63264767933,63.0,1750343883.0,494478.7454455933,3698.0,b8d49f9e-e280-43c5-b996-f651852dddb9
720.0,9d3cd4e8-6a56-44ca-b1cf-0737203dbea3,720.0,unboxing on tech!,9539.0,87523.0,11.0,1750948683.0,769193.0,2533.0,e09145a3-db2c-43a2-bee9-b3eed21e0bb7
1080.0,9d3cd4e8-6a56-44ca-b1cf-0737203dbea3,720.0,review on food!,4999.513470681458,117674.0,94.45944039501528,1748183883.0,471653.0,4628.0,e9002340-269f-44d9-8091-7b42d93bc8fc
1080.0,9d3cd4e8-6a56-44ca-b1cf-0737203dbea3,1080.0,unboxing on tech!,835.0,465480.0,73.0,1751726283.0,316418.0,3570.0,dfbd580d-95ef-44d4-954a-d1c922f4dd7a
1080.0,9d3cd4e8-6a56-44ca-b1cf-0737203dbea3,720.0,vlog on tech!,3747.0,176317.0,58.0,1749307083.0,546352.0,377.0,70a14b57-bf0b-4c11-bb35-50d85bf4ac95
1080.0,9d3cd4e8-6a56-44ca-b1cf-0737203dbea3,720.0,unboxing on tech!,8655.0,28324.0,33.0,1751899083.0,494478.7454455933,3934.0,3cba1323-cfac-4f8c-b9da-46a5043b9871
1080.0,9d3cd4e8-6a56-44ca-b1cf-0737203dbea3,1080.0,unboxing on travel!,4790.0,253113.63264767933,94.45944039501528,1751726283.0,608262.0,1916.0,86010abd-7647-4fa2-b500-bfae4ea7eb15
720.0,9d3cd4e8-6a56-44ca-b1cf-0737203dbea3,720.0,review on travel!,2839.0,323057.0,44.0,1748356683.0,850988.0,1219.0,16a8cd94-cf7e-445c-8bb8-674ba9197c91
1080.0,9d3cd4e8-6a56-44ca-b1cf-0737203dbea3,720.0,review on food!,9482.0,223892.0,97.0,1749566283.0,659126.0,3386.0,aa76b985-7ad4-4b82-a3e0-54d72e304bd4
1080.0,9d3cd4e8-6a56-44ca-b1cf-0737203dbea3,1080.0,unboxing on beauty!,8681.0,253113.63264767933,112.0,1749393483.0,617206.0,2435.0,0e02889f-2a0a-4561-a939-8286de29226d
1080.0,9d3cd4e8-6a56-44ca-b1cf-0737203dbea3,896.6165413533835,review on food!,7414.0,184235.0,20.0,1749566283.0,653609.0,1243.0,4516af6d-08bd-490c-acf9-6e75dfd7cf84
720.0,9d3cd4e8-6a56-44ca-b1cf-0737203dbea3,720.0,reaction on fitness!,4999.513470681458,253113.63264767933,135.0,1749739083.0,54712.0,674.0,63ef812e-154e-433e-9e58-f3d54e575cd6
1080.0,9d3cd4e8-6a56-44ca-b1cf-0737203dbea3,720.0,unboxing on tech!,5090.0,297723.0,94.45944039501528,1750948683.0,729821.0,3597.0,715a505e-ace5-4efd-b815-15bbf7f36102
1080.0,9d3cd4e8-6a56-44ca-b1cf-0737203dbea3,720.0,review on tech!,1104.0,309634.0,160.0,1752503883.0,609335.0,1589.0,4f69dc85-c4f8-459a-afd5-aff4c88c5531
1080.0,9d3cd4e8-6a56-44ca-b1cf-0737203dbea3,1080.0,review on fitness!,9929.0,162490.0,166.0,1751899083.0,964297.0,2147.0,e1d29e41-d7cc-451c-ae09-51a000c6a1aa
1080.0,9d3cd4e8-6a56-44ca-b1cf-0737203dbea3,1080.0,unboxing on fitness!,3663.0,323073.0,163.0,1752331083.0,991629.0,399.0,5649fad3-0132-463e-9813-58af8c51c09c
1080.0,9d3cd4e8-6a56-44ca-b1cf-0737203dbea3,1080.0,challenge on tech!,3567.0,165206.0,94.45944039501528,1748615883.0,903159.0,2348.0,c6cd0015-6907-4667-b092-60a8f8b9fac7
720.0,9d3cd4e8-6a56-44ca-b1cf-0737203dbea3,1080.0,reaction on beauty!,2139.0,489874.0,128.0,1749652683.0,508319.0,3462.0,0df2f163-7b78-477c-aaf0-8f5d9c7e029b
1080.0,9d3cd4e8-6a56-44ca-b1cf-0737203dbea3,1080.0,reaction on travel!,4999.513470681458,286153.0,67.0,1752331083.0,718411.0,4400.0,8f90dfec-a4b8-4d0a-9f53-565e075780ca
720.0,9d3cd4e8-6a56-44ca-b1cf-0737203dbea3,896.6165413533835,challenge on beauty!,6086.0,427936.0,12.0,1749393483.0,764918.0,2951.0,48328aaa-2838-496e-b540-70e0ff7267b4
720.0,9d3cd4e8-6a56-44ca-b1cf-0737203dbea3,1080.0,vlog on fashion!,3690.0,289780.0,95.0,1750948683.0,349266.0,3521.0,72bf84a3-4547-426e-80dd-19b8002f43ea
720.0,16cce27e-47cd-436b-9da2-09bb413ae128,720.0,vlog on travel!,8581.0,253113.63264767933,25.0,1750084683.0,762155.0,3058.0,c508a714-be37-4dcc-b8c7-6d1d39e78a00
720.0,16cce27e-47cd-436b-9da2-09bb413ae128,1080.0,vlog on fashion!,4167.0,168874.0,176.0,1751639883.0,313053.0,4535.0,95a8be68-8964-4f36-a0e3-e4917d30b2ca
1080.0,16cce27e-47cd-436b-9da2-09bb413ae128,1080.0,review on food!,8450.0,439612.0,100.0,1749393483.0,111602.0,859.0,128f02c7-4a9e-44eb-ba8f-fb11d23a72f6
720.0,16cce27e-47cd-436b-9da2-09bb413ae128,1080.0,reaction on beauty!,4999.513470681458,253113.63264767933,134.0,1751639883.0,494478.7454455933,2535.6222222222223,c66bf2fc-19af-438e-9da2-136ff9fbee95
720.0,16cce27e-47cd-436b-9da2-09bb413ae128,1080.0,challenge on fashion!,9302.0,253113.63264767933,147.0,1748702283.0,493010.0,2535.6222222222223,8ab296f9-2cd9-4ed2-9689-c3bc6a4b8bde
1080.0,16cce27e-47cd-436b-9da2-09bb413ae128,720.0,reaction on tech!,1191.0,23140.0,147.0,1749911883.0,155452.0,2203.0,b5cfc499-38d4-4e66-8b18-b97254960915
1080.0,16cce27e-47cd-436b-9da2-09bb413ae128,896.6165413533835,challenge on beauty!,3122.0,402550.0,76.0,1750775883.0,494478.7454455933,2975.0,083ab867-6ec2-46f7-9917-487966bc785f
720.0,16cce27e-47cd-436b-9da2-09bb413ae128,720.0,vlog on tech!,9220.0,174566.0,104.0,1752935883.0,494478.7454455933,1164.0,f2465b5d-ad5f-483e-a65b-fa155d2ea59c
1080.0,16cce27e-47cd-436b-9da2-09bb413ae128,720.0,vlog on beauty!,280.0,234395.0,88.0,1748356683.0,705352.0,2131.0,1eb4fbdb-bb5a-4059-aeb7-982391f3c056
1080.0,16cce27e-47cd-436b-9da2-09bb413ae128,720.0,vlog on tech!,4999.513470681458,152489.0,163.0,1752417483.0,388624.0,3673.0,b8d8359f-1070-4d60-8866-20d1262a2ee5
720.0,16cce27e-47cd-436b-9da2-09bb413ae128,1080.0,vlog on beauty!,6190.0,253113.63264767933,43.0,1749479883.0,126617.0,3143.0,d124d53f-9697-4683-a7c7-2342d9bcd8e5
720.0,16cce27e-47cd-436b-9da2-09bb413ae128,1080.0,challenge on fashion!,8959.0,202004.0,94.45944039501528,1749047883.0,910371.0,1980.0,572200ce-4813-479b-ac97-7dcb08451aa1
720.0,16cce27e-47cd-436b-9da2-09bb413ae128,1080.0,vlog on fashion!,4754.0,400242.0,165.0,1752763083.0,522979.0,540.0,c10acf99-bbcd-4fd8-98ca-8ec7802b6d4b
720.0,16cce27e-47cd-436b-9da2-09bb413ae128,720.0,vlog on food!,2640.0,253113.63264767933,53.0,1752503883.0,891556.0,1284.0,70af4c6a-9ca0-4969-b27d-28637c467c2c
1080.0,16cce27e-47cd-436b-9da2-09bb413ae128,1080.0,review on fitness!,4999.513470681458,409989.0,134.0,1752503883.0,954467.0,1561.0,84a7ef36-e3fb-472c-abf3-b159baf8a0e1
1080.0,bbbfa648-c404-48d3-8e43-337af54ab446,1080.0,vlog on beauty!,5115.0,232663.0,76.0,1747838283.0,655825.0,2186.0,2ee7d41d-9ec8-42d5-af3f-c6adf4bb0916
1080.0,bbbfa648-c404-48d3-8e43-337af54ab446,720.0,vlog on tech!,3859.0,170437.0,101.0,1750257483.0,545182.0,1665.0,9eac0d2a-f55b-4f22-9d8a-8a13b8f344d6
1080.0,bbbfa648-c404-48d3-8e43-337af54ab446,720.0,unboxing on fashion!,935.0,326317.0,60.0,1752244683.0,641834.0,269.0,6e1fce73-d53c-4faf-93fc-05b0a86cebae
720.0,bbbfa648-c404-48d3-8e43-337af54ab446,720.0,challenge on beauty!,1284.0,333278.0,58.0,1749479883.0,41683.0,3269.0,1afef877-37d6-4b3d-ab38-0c109e0a5082
1080.0,bbbfa648-c404-48d3-8e43-337af54ab446,720.0,challenge on tech!,9874.0,154306.0,45.0,1750171083.0,518542.0,3804.0,ff48bf30-983e-40cb-8dcf-48c0a43255cd
720.0,bbbfa648-c404-48d3-8e43-337af54ab446,1080.0,unboxing on travel!,6777.0,458624.0,82.0,1751467083.0,861972.0,4112.0,a339443a-e04b-4a17-8f1b-1f66f5d24083
720.0,bbbfa648-c404-48d3-8e43-337af54ab446,1080.0,unboxing on food!,6815.0,433860.0,146.0,1748788683.0,231642.0,220.0,a5085632-8050-4804-b50a-adde158ee933
1080.0,bbbfa648-c404-48d3-8e43-337af54ab446,896.6165413533835,review on beauty!,4999.513470681458,179426.0,55.0,1750343883.0,542524.0,4566.0,31d7359e-4ed9-4797-9f88-2048c6df67e9
720.0,bbbfa648-c404-48d3-8e43-337af54ab446,720.0,review on tech!,285.0,84906.0,171.0,1750257483.0,722011.0,1991.0,9e033604-7416-4dc4-957d-9c39b3e2859f
720.0,bbbfa648-c404-48d3-8e43-337af54ab446,1080.0,unboxing on fashion!,9092.0,96469.0,151.0,1751726283.0,772548.0,2848.0,5977e597-23bb-4b0b-85fa-db01809034b8
1080.0,bbbfa648-c404-48d3-8e43-337af54ab446,720.0,reaction on fashion!,1614.0,428363.0,96.0,1752158283.0,209670.0,3892.0,909e3e6a-c307-4cda-bdf7-c13d4c8d230d
1080.0,bbbfa648-c404-48d3-8e43-337af54ab446,1080.0,unboxing on fitness!,5154.0,485908.0,99.0,1750775883.0,172588.0,2535.6222222222223,6d7329c0-fecd-4217-9736-8fa5f7e9dfa2
1080.0,bbbfa648-c404-48d3-8e43-337af54ab446,1080.0,vlog on tech!,1301.0,200084.0,108.0,1752331083.0,494478.7454455933,4645.0,f73b08a8-b5fe-446d-a385-dfbe51b7e6a9
1080.0,bbbfa648-c404-48d3-8e43-337af54ab446,720.0,reaction on fashion!,4999.513470681458,499756.0,117.0,1748097483.0,44439.0,790.0,7e9fa72c-bb5e-42e8-aab4-e680a9f0d3dc
1080.0,bbbfa648-c404-48d3-8e43-337af54ab446,896.6165413533835,unboxing on food!,4409.0,316599.0,67.0,1750603083.0,513235.0,2535.6222222222223,a87ef754-400e-4a4f-a78e-eb55fadc4cc4
1080.0,bbbfa648-c404-48d3-8e43-337af54ab446,720.0,unboxing on food!,8612.0,62598.0,158.0,1749307083.0,691468.0,2986.0,d7e1cc07-6070-425b-b2d1-321b6ef8083b
1080.0,bbbfa648-c404-48d3-8e43-337af54ab446,720.0,challenge on beauty!,4999.513470681458,84400.0,83.0,1748961483.0,268730.0,2436.0,ee54dfc6-3b48-49c8-9913-8461d82dc345
1080.0,bbbfa648-c404-48d3-8e43-337af54ab446,720.0,challenge on fashion!,5666.0,343247.0,165.0,1751294283.0,562050.0,1732.0,c19797be-593a-4ee2-a7c8-71e023624655
1080.0,bbbfa648-c404-48d3-8e43-337af54ab446,1080.0,challenge on tech!,5446.0,476301.0,159.0,1749307083.0,493120.0,484.0,0f64fe34-7f53-4f45-aa13-f40ae2bce0c6
720.0,bbbfa648-c404-48d3-8e43-337af54ab446,720.0,challenge on fashion!,3617.0,288610.0,14.0,1749566283.0,534618.0,4672.0,4e074fbb-af21-47b1-9f02-4a75c024ba3f
1080.0,bbbfa648-c404-48d3-8e43-337af54ab446,1080.0,challenge on food!,4999.513470681458,252684.0,138.0,1748443083.0,494478.7454455933,610.0,e57ca2c7-2aa6-4737-9bd3-ea355d1b6e1d
1080.0,bbbfa648-c404-48d3-8e43-337af54ab446,1080.0,reaction on food!,4567.0,105045.0,108.0,1750689483.0,155406.0,2823.0,5e21d050-5186-4b7a-945a-a4d5c146f353
1080.0,bbbfa648-c404-48d3-8e43-337af54ab446,1080.0,challenge on food!,4999.513470681458,396753.0,98.0,1752763083.0,677821.0,1447.0,01913ab9-5224-4940-89a9-4ece73203860
1080.0,bbbfa648-c404-48d3-8e43-337af54ab446,720.0,vlog on travel!,3609.0,454326.0,80.0,1749393483.0,293138.0,287.0,589c8a92-ba72-4498-88f2-072653200529
1080.0,bbbfa648-c404-48d3-8e43-337af54ab446,720.0,vlog on beauty!,6647.0,378506.0,118.0,1748097483.0,53979.0,1179.0,13d22306-0d8e-45d2-8d0b-69895f689c81
720.0,bbbfa648-c404-48d3-8e43-337af54ab446,1080.0,reaction on tech!,9909.0,253113.63264767933,14.0,1748183883.0,382461.0,4598.0,7195f84d-7a17-4a8f-8645-c1d324f4bd43
720.0,0ce31693-d789-498d-8ccb-e7a221fd1a73,720.0,reaction on travel!,4237.0,407323.0,106.0,1750516683.0,127449.0,3909.0,eeb355a4-517c-4f61-948c-3cba14680144
720.0,0ce31693-d789-498d-8ccb-e7a221fd1a73,896.6165413533835,challenge on food!,4999.513470681458,311924.0,120.0,1748270283.0,188102.0,2535.6222222222223,014d0091-2497-4fb5-9c09-481dd5836101
720.0,0ce31693-d789-498d-8ccb-e7a221fd1a73,720.0,vlog on fitness!,9776.0,253113.63264767933,15.0,1748270283.0,879843.0,2055.0,0a33ad4a-e0db-4a2e-89a4-ac68b19be471
720.0,0ce31693-d789-498d-8ccb-e7a221fd1a73,1080.0,challenge on travel!,4999.513470681458,256484.0,25.0,1750171083.0,376963.0,513.0,bcf72afb-ce8d-48f8-863a-3086a07f0a47
1080.0,0ce31693-d789-498d-8ccb-e7a221fd1a73,1080.0,unboxing on fashion!,4982.0,477892.0,131.0,1752331083.0,242780.0,4636.0,55462f26-1449-4ad6-8232-f71aef219b82
720.0,0ce31693-d789-498d-8ccb-e7a221fd1a73,896.6165413533835,challenge on tech!,6699.0,218804.0,179.0,1751035083.0,572522.0,2739.0,d5778bfc-8ebc-452a-9ee4-b1c136c2ea33
1080.0,0ce31693-d789-498d-8ccb-e7a221fd1a73,896.6165413533835,vlog on travel!,5673.0,86309.0,74.0,1752676683.0,170776.0,1307.0,ae08cd90-2e77-4a77-bce0-ecb89ba09c4d
720.0,0ce31693-d789-498d-8ccb-e7a221fd1a73,1080.0,unboxing on fitness!,4836.0,348296.0,82.0,1752935883.0,708568.0,1765.0,73de4cbc-1e12-4bdd-960d-8640a5d5d8e6
720.0,0ce31693-d789-498d-8ccb-e7a221fd1a73,720.0,challenge on fashion!,6412.0,462286.0,126.0,1750084683.0,752734.0,296.0,a7db863d-eb88-49da-b061-281c188f8bbf
720.0,0ce31693-d789-498d-8ccb-e7a221fd1a73,1080.0,reaction on tech!,9175.0,93431.0,87.0,1749566283.0,82561.0,1400.0,adad05d2-d6c9-4f72-9964-6d4b9c8d2c8c
720.0,0ce31693-d789-498d-8ccb-e7a221fd1a73,1080.0,unboxing on beauty!,7084.0,171569.0,112.0,1748443083.0,866978.0,2929.0,4273d102-a96a-4792-a7e3-f4ea872bc854
720.0,0ce31693-d789-498d-8ccb-e7a221fd1a73,720.0,reaction on food!,4574.0,129855.0,137.0,1752590283.0,9990.0,1359.0,4b109bcc-5add-4e50-9d40-ec64e03e9ea1
1080.0,0ce31693-d789-498d-8ccb-e7a221fd1a73,720.0,unboxing on travel!,8804.0,123800.0,94.45944039501528,1748615883.0,494478.7454455933,2535.6222222222223,e629f9ae-a63b-41dd-815d-b9219bdcacbf
1080.0,0ce31693-d789-498d-8ccb-e7a221fd1a73,720.0,unboxing on fashion!,1435.0,187254.0,18.0,1752590283.0,397072.0,4571.0,4db9d502-a7ba-4cba-abcf-50949284dd06
1080.0,0ce31693-d789-498d-8ccb-e7a221fd1a73,720.0,reaction on beauty!,4999.513470681458,370565.0,113.0,1751985483.0,669974.0,3958.0,8b3a97c2-35ba-4e1b-ad2b-961458dbadca
720.0,0ce31693-d789-498d-8ccb-e7a221fd1a73,1080.0,vlog on travel!,2762.0,197437.0,76.0,1748788683.0,640280.0,4779.0,296ead38-fafc-498c-954c-402e1780dcee
897.9699248120301,0ce31693-d789-498d-8ccb-e7a221fd1a73,720.0,challenge on beauty!,4246.0,227748.0,138.0,1750689483.0,995192.0,2698.0,e55d29e9-4ff5-428b-976b-8e74a8db0ec2
1080.0,0ce31693-d789-498d-8ccb-e7a221fd1a73,1080.0,unboxing on food!,4999.513470681458,437949.0,101.0,1750775883.0,791647.0,1053.0,fd30690a-d77d-4610-ad97-61ff2db67d6d
720.0,0ce31693-d789-498d-8ccb-e7a221fd1a73,720.0,vlog on beauty!,4999.513470681458,366499.0,101.0,1749652683.0,63815.0,1104.0,67de1b21-eb83-46ff-a16e-6b8bc848d890
720.0,0ce31693-d789-498d-8ccb-e7a221fd1a73,720.0,vlog on fashion!,6096.0,253113.63264767933,69.0,1753022283.0,674926.0,2613.0,7dfbe4ce-364e-4e22-88d1-2c212ea50e80
1080.0,0ce31693-d789-498d-8ccb-e7a221fd1a73,720.0,unboxing on food!,4999.513470681458,45867.0,179.0,1748615883.0,632224.0,3594.0,45e43601-7ee1-4dc7-932d-77b6685cb007
720.0,0ce31693-d789-498d-8ccb-e7a221fd1a73,1080.0,review on fashion!,4347.0,253113.63264767933,94.45944039501528,1749825483.0,494478.7454455933,2535.6222222222223,6c3f00b0-e95d-4e53-8db6-4bda5b8554e3
1080.0,0ce31693-d789-498d-8ccb-e7a221fd1a73,720.0,vlog on food!,4999.513470681458,380053.0,51.0,1752503883.0,971162.0,145.0,eb93a788-519b-4e06-8b1f-c0a3c2119598
1080.0,0ce31693-d789-498d-8ccb-e7a221fd1a73,1080.0,challenge on fitness!,4527.0,149743.0,164.0,1747838283.0,436046.0,1275.0,3a6ea5f3-de5f-4719-bddd-5ce73f865deb
1080.0,0ce31693-d789-498d-8ccb-e7a221fd1a73,720.0,unboxing on beauty!,471.0,409924.0,174.0,1750948683.0,76417.0,86.0,97997121-9033-49b4-b9ec-e62e426499e4
1080.0,0ce31693-d789-498d-8ccb-e7a221fd1a73,720.0,unboxing on fashion!,4999.513470681458,407293.0,73.0,1747924683.0,157136.0,949.0,dd504d41-fabf-43c4-8266-afb23dddc4d5
720.0,0ce31693-d789-498d-8ccb-e7a221fd1a73,1080.0,challenge on fitness!,1717.0,253113.63264767933,104.0,1751985483.0,976450.0,3959.0,7beec420-cf7c-4b98-aaff-cf6831ade5bd
1080.0,0ce31693-d789-498d-8ccb-e7a221fd1a73,720.0,review on fashion!,3247.0,307808.0,78.0,1748356683.0,938624.0,443.0,8778c84d-b745-482a-8d1a-bcddd1cb91c4
720.0,0ce31693-d789-498d-8ccb-e7a221fd1a73,1080.0,challenge on fashion!,164.0,253113.63264767933,122.0,1747838283.0,958921.0,4272.0,307885a7-2ea9-4ff2-8f8e-e851edd69672
897.9699248120301,3b4b3cac-d996-4ec5-8628-333c762738f0,720.0,challenge on fitness!,4702.0,482482.0,94.45944039501528,1749393483.0,494478.7454455933,3401.0,5b6bb7a9-a084-4dd0-b1c6-46d5ba2490b6
720.0,3b4b3cac-d996-4ec5-8628-333c762738f0,720.0,reaction on tech!,6541.0,368956.0,80.0,1751467083.0,210849.0,125.0,0039d96f-e3cf-45b0-92ac-8629e1cdaf20
1080.0,3b4b3cac-d996-4ec5-8628-333c762738f0,1080.0,challenge on travel!,1468.0,253113.63264767933,77.0,1752158283.0,722822.0,2286.0,24e7b150-879d-431c-8b36-b638ada161b8
1080.0,3b4b3cac-d996-4ec5-8628-333c762738f0,1080.0,review on fashion!,4999.513470681458,75069.0,156.0,1751380683.0,572859.0,1335.0,a54a8749-5ff2-4afd-af3c-3a992e192d96
720.0,3b4b3cac-d996-4ec5-8628-333c762738f0,1080.0,review on fashion!,482.0,91338.0,136.0,1750171083.0,595466.0,606.0,b56ba75d-014d-4049-abc9-9d039c4e06a0
720.0,3b4b3cac-d996-4ec5-8628-333c762738f0,720.0,review on fitness!,2082.0,485573.0,53.0,1752590283.0,370626.0,4466.0,92d73a27-ca4a-44b2-a513-3357eba06d35
1080.0,3b4b3cac-d996-4ec5-8628-333c762738f0,1080.0,unboxing on travel!,7497.0,253113.63264767933,25.0,1750430283.0,541570.0,1687.0,1298a859-908e-41c9-8e79-79476907ca27
1080.0,3b4b3cac-d996-4ec5-8628-333c762738f0,720.0,unboxing on fitness!,5205.0,253113.63264767933,132.0,1749307083.0,38227.0,4847.0,aa145573-c0f5-45ac-9cee-a999aa22784e
1080.0,3b4b3cac-d996-4ec5-8628-333c762738f0,720.0,unboxing on fashion!,7106.0,120967.0,59.0,1748961483.0,834341.0,4953.0,3b1a3817-9393-4ccf-8c05-fe14f3ec2253
720.0,3b4b3cac-d996-4ec5-8628-333c762738f0,1080.0,review on fashion!,8787.0,252909.0,130.0,1750171083.0,433873.0,2366.0,1fc5390a-e172-4754-a972-90c82aedabd9
720.0,3b4b3cac-d996-4ec5-8628-333c762738f0,720.0,challenge on fitness!,4337.0,253113.63264767933,142.0,1752590283.0,710083.0,3013.0,c6c3f76c-7ecb-427e-b6d3-631aab815150
1080.0,3b4b3cac-d996-4ec5-8628-333c762738f0,720.0,vlog on travel!,6277.0,362736.0,16.0,1752331083.0,425275.0,86.0,f1dde54d-1ec8-437a-b8da-087db563e5ef
1080.0,3b4b3cac-d996-4ec5-8628-333c762738f0,1080.0,unboxing on fitness!,8357.0,22727.0,107.0,1748788683.0,417984.0,4308.0,d070966a-ce9f-449f-a347-8febe49ad188
720.0,3b4b3cac-d996-4ec5-8628-333c762738f0,720.0,vlog on food!,2578.0,253113.63264767933,86.0,1752849483.0,484665.0,4833.0,99308c1a-36dc-4e89-bd1b-21365920620b
720.0,3b4b3cac-d996-4ec5-8628-333c762738f0,1080.0,review on beauty!,8122.0,200875.0,68.0,1752590283.0,801326.0,1301.0,14f0a29f-aea7-4b44-bb6b-c6a456b06995
897.9699248120301,3b4b3cac-d996-4ec5-8628-333c762738f0,720.0,challenge on tech!,3545.0,331205.0,176.0,1748875083.0,500068.0,2842.0,9ce90e54-e363-4263-9e3b-60ecf9e91b68
720.0,3b4b3cac-d996-4ec5-8628-333c762738f0,1080.0,unboxing on fitness!,4145.0,186918.0,137.0,1750343883.0,569069.0,2535.6222222222223,f5e0458c-71f7-4012-b833-7b33b10e15d2
720.0,3b4b3cac-d996-4ec5-8628-333c762738f0,1080.0,vlog on food!,8581.0,469642.0,24.0,1752676683.0,260267.0,2976.0,4392f050-8ccd-43f4-8870-bcabd34b3879
720.0,3b4b3cac-d996-4ec5-8628-333c762738f0,720.0,vlog on travel!,4612.0,253113.63264767933,169.0,1749566283.0,763717.0,2978.0,91603331-2c5c-45f1-8b8f-2b10da68deb8
720.0,3b4b3cac-d996-4ec5-8628-333c762738f0,1080.0,reaction on fashion!,5223.0,461322.0,108.0,1751207883.0,292525.0,3871.0,91a7da26-117b-4043-b564-398446eb9fdd
1080.0,3b4b3cac-d996-4ec5-8628-333c762738f0,1080.0,unboxing on fashion!,3102.0,253113.63264767933,81.0,1752244683.0,494478.7454455933,2110.0,dab1ccdd-9fa2-4ad9-abee-841d10739757
720.0,3b4b3cac-d996-4ec5-8628-333c762738f0,720.0,review on tech!,3132.0,253113.63264767933,109.0,1749307083.0,397841.0,2020.0,12b749b5-68b8-4700-b1ea-72a23a057347
720.0,3b4b3cac-d996-4ec5-8628-333c762738f0,1080.0,review on fashion!,4999.513470681458,282056.0,161.0,1748183883.0,819574.0,4808.0,164d33f0-3368-4148-b143-e04065f6683f
1080.0,3b4b3cac-d996-4ec5-8628-333c762738f0,1080.0,vlog on fashion!,2304.0,486257.0,126.0,1752676683.0,349311.0,4745.0,632569d3-fc74-4560-a46f-c2d0b5d5b3af
1080.0,3b4b3cac-d996-4ec5-8628-333c762738f0,1080.0,review on travel!,8375.0,311255.0,179.0,1748529483.0,968109.0,534.0,14ab2eee-445c-415b-8ab4-994c35156534
720.0,d1bfd78d-fc9b-4377-8a27-5d2038beff87,720.0,reaction on beauty!,4999.513470681458,339688.0,141.0,1749220683.0,26715.0,4214.0,8f3c6516-b2d2-4652-8651-9951eca6825b
897.9699248120301,d1bfd78d-fc9b-4377-8a27-5d2038beff87,720.0,reaction on travel!,4999.513470681458,253113.63264767933,26.0,1750084683.0,503976.0,3860.0,e081cf3a-9fd9-4307-9e7e-0fc256316c76
897.9699248120301,d1bfd78d-fc9b-4377-8a27-5d2038beff87,1080.0,vlog on beauty!,6346.0,253113.63264767933,21.0,1750430283.0,141823.0,3631.0,9fc95650-cc3a-4c78-92d0-8755abee5dec
1080.0,d1bfd78d-fc9b-4377-8a27-5d2038beff87,720.0,reaction on beauty!,1311.0,253113.63264767933,61.0,1752935883.0,677264.0,602.0,60725c45-92cf-431f-97d4-934bd196bbac
720.0,d1bfd78d-fc9b-4377-8a27-5d2038beff87,1080.0,challenge on food!,2731.0,466806.0,162.0,1752071883.0,931144.0,3520.0,c24f7e6a-eef3-4c78-81d3-fa1444dffe66
1080.0,d1bfd78d-fc9b-4377-8a27-5d2038beff87,720.0,vlog on tech!,1729.0,83728.0,127.0,1749825483.0,943498.0,4965.0,bc115384-2427-4bb2-8872-71358a42a6b3
1080.0,d1bfd78d-fc9b-4377-8a27-5d2038beff87,720.0,vlog on tech!,7919.0,26962.0,131.0,1748097483.0,494478.7454455933,520.0,7cafd41b-50b7-41f6-a1b8-139cf9e1a9f0
1080.0,d1bfd78d-fc9b-4377-8a27-5d2038beff87,1080.0,unboxing on beauty!,6014.0,27038.0,61.0,1752503883.0,121593.0,1925.0,a1e641c2-f640-4746-a9a2-2b3f72e0702f
1080.0,d1bfd78d-fc9b-4377-8a27-5d2038beff87,1080.0,vlog on travel!,4999.513470681458,428085.0,20.0,1751035083.0,481928.0,296.0,e22556b8-6bef-42e5-8232-cb38eb389957
720.0,d1bfd78d-fc9b-4377-8a27-5d2038beff87,720.0,review on travel!,4109.0,56654.0,79.0,1750775883.0,594110.0,4373.0,5b1cd69f-0ce1-4fde-ad70-b75f4e46ecc8
720.0,d1bfd78d-fc9b-4377-8a27-5d2038beff87,720.0,review on travel!,4056.0,166829.0,154.0,1751899083.0,494478.7454455933,3118.0,620da99b-9de3-4ba1-9bcf-250ca393953e
720.0,d1bfd78d-fc9b-4377-8a27-5d2038beff87,1080.0,unboxing on travel!,136.0,406444.0,150.0,1750689483.0,494405.0,86.0,1f56a574-3b1e-4a3d-b83e-437bb2da682f
1080.0,d1bfd78d-fc9b-4377-8a27-5d2038beff87,720.0,vlog on fashion!,6253.0,27779.0,137.0,1748529483.0,756212.0,3409.0,5b5fd7f1-fe67-4089-acb4-16e56fb42ae5
720.0,d1bfd78d-fc9b-4377-8a27-5d2038beff87,720.0,vlog on fashion!,432.0,253113.63264767933,165.0,1747838283.0,494478.7454455933,4793.0,7fcfede4-4914-4a11-8fbd-52a0c43a8df8
720.0,d1bfd78d-fc9b-4377-8a27-5d2038beff87,1080.0,vlog on food!,9688.0,326280.0,147.0,1748961483.0,210433.0,1283.0,a7bbf9d6-5258-4d3c-bd90-a5b285ec46a0
720.0,d1bfd78d-fc9b-4377-8a27-5d2038beff87,720.0,vlog on food!,5144.0,158687.0,84.0,1749566283.0,75328.0,561.0,beee62db-797f-4c90-bf27-7f718a8156cd
897.9699248120301,d1bfd78d-fc9b-4377-8a27-5d2038beff87,720.0,unboxing on fashion!,299.0,468404.0,58.0,1748875083.0,427259.0,2535.6222222222223,b656caed-677f-4225-b91a-4f33e8ffe5b8
1080.0,d1bfd78d-fc9b-4377-8a27-5d2038beff87,1080.0,reaction on travel!,1323.0,114805.0,146.0,1749739083.0,455725.0,1981.0,47540fa4-3898-46be-8409-1963ad5f48dc
1080.0,d1bfd78d-fc9b-4377-8a27-5d2038beff87,1080.0,reaction on food!,6639.0,442795.0,94.45944039501528,1748443083.0,632129.0,4167.0,87ca2c2b-63c0-4453-b4d8-b4f0b58b40a6
1080.0,d1bfd78d-fc9b-4377-8a27-5d2038beff87,720.0,unboxing on beauty!,4176.0,65617.0,68.0,1751639883.0,488631.0,1251.0,610383e3-2f82-4cbd-ad7a-2baf96dcd8cc
1080.0,d1bfd78d-fc9b-4377-8a27-5d2038beff87,720.0,unboxing on food!,4585.0,166935.0,15.0,1750171083.0,15932.0,2211.0,d2025239-a785-4c88-89fe-4268ba9b0b1a
720.0,d1bfd78d-fc9b-4377-8a27-5d2038beff87,720.0,reaction on fashion!,4999.513470681458,347378.0,52.0,1751639883.0,361484.0,3088.0,14406db4-40a4-4cf0-9a05-adda84516fbb
720.0,d1bfd78d-fc9b-4377-8a27-5d2038beff87,720.0,unboxing on fashion!,1989.0,253113.63264767933,167.0,1748702283.0,400280.0,800.0,53c9aac9-d3bb-421d-83e8-a9b26cec9dcf
1080.0,d1bfd78d-fc9b-4377-8a27-5d2038beff87,720.0,reaction on food!,4151.0,107337.0,157.0,1748356683.0,494478.7454455933,1633.0,279d6927-02ff-4fba-971e-f96f50be42ae
1080.0,d1bfd78d-fc9b-4377-8a27-5d2038beff87,1080.0,review on food!,5245.0,332055.0,27.0,1748270283.0,835160.0,705.0,0cc64e4c-dd5b-42e1-8ffe-35d7478b55d2
1080.0,d1bfd78d-fc9b-4377-8a27-5d2038beff87,1080.0,reaction on travel!,6357.0,253113.63264767933,130.0,1752849483.0,599145.0,2809.0,edbb7475-2689-4980-a817-bc2951c9b01b
720.0,d1bfd78d-fc9b-4377-8a27-5d2038beff87,720.0,review on travel!,3118.0,59519.0,52.0,1749479883.0,696660.0,3571.0,23d3caee-41cf-4cd2-80cc-6a857f72094b
897.9699248120301,d1bfd78d-fc9b-4377-8a27-5d2038beff87,720.0,unboxing on fashion!,7505.0,193328.0,103.0,1752331083.0,208049.0,2549.0,7bca4694-b5de-43cd-af52-96368e495af0
720.0,d1bfd78d-fc9b-4377-8a27-5d2038beff87,720.0,vlog on travel!,4182.0,173331.0,48.0,1751812683.0,832974.0,64.0,42536445-6b72-4143-bf09-294d68adf0ac
1080.0,d1bfd78d-fc9b-4377-8a27-5d2038beff87,1080.0,challenge on travel!,3456.0,86105.0,60.0,1747838283.0,86671.0,905.0,900cf1db-1360-4d50-8264-019896859a89
720.0,cf640d4c-b2d8-41f4-9b73-b83807951dac,1080.0,reaction on tech!,5251.0,238953.0,171.0,1751553483.0,545836.0,2535.6222222222223,cf11989c-355b-49fa-8db1-1658836a51ef
720.0,cf640d4c-b2d8-41f4-9b73-b83807951dac,1080.0,vlog on tech!,9664.0,253113.63264767933,94.45944039501528,1748356683.0,245117.0,1407.0,6f2b2b0a-a185-4e7e-ad4c-5087af5607ba
1080.0,cf640d4c-b2d8-41f4-9b73-b83807951dac,896.6165413533835,challenge on beauty!,4741.0,28414.0,148.0,1750689483.0,934919.0,1864.0,b3f39e7b-005e-409f-9093-2e89566e2bc0
1080.0,cf640d4c-b2d8-41f4-9b73-b83807951dac,720.0,challenge on fashion!,2338.0,253113.63264767933,57.0,1748529483.0,460755.0,3844.0,1aec4732-927e-4038-9b71-636543cc5828
1080.0,cf640d4c-b2d8-41f4-9b73-b83807951dac,720.0,unboxing on tech!,512.0,492737.0,125.0,1752935883.0,816428.0,3993.0,f3871916-a19f-4259-8b18-4a617d042ac2
720.0,cf640d4c-b2d8-41f4-9b73-b83807951dac,1080.0,review on fitness!,1642.0,490714.0,94.45944039501528,1747838283.0,474639.0,4619.0,a39f0827-2bbb-4200-b926-687d070a251a
720.0,cf640d4c-b2d8-41f4-9b73-b83807951dac,720.0,vlog on tech!,4113.0,426574.0,101.0,1749393483.0,337017.0,2535.6222222222223,f6585e07-59f6-42e5-aaa0-137f902306b0
1080.0,cf640d4c-b2d8-41f4-9b73-b83807951dac,1080.0,review on food!,6696.0,135467.0,51.0,1748875083.0,231267.0,4569.0,e449349d-fff3-4549-9e3f-532471b1284b
1080.0,cf640d4c-b2d8-41f4-9b73-b83807951dac,1080.0,review on food!,4999.513470681458,253113.63264767933,134.0,1748961483.0,112554.0,4434.0,ceb5194d-b268-4ee8-a785-cffe11875850
720.0,cf640d4c-b2d8-41f4-9b73-b83807951dac,720.0,vlog on fitness!,7744.0,326378.0,17.0,1751553483.0,11796.0,3184.0,7a1c0a94-e78f-4634-8f97-4ec8eb63c66c
1080.0,cf640d4c-b2d8-41f4-9b73-b83807951dac,1080.0,reaction on tech!,8199.0,141784.0,35.0,1749998283.0,436205.0,1568.0,3aed1453-040c-48a0-b503-1a5bd19052c9
1080.0,cf640d4c-b2d8-41f4-9b73-b83807951dac,1080.0,vlog on travel!,4999.513470681458,121724.0,49.0,1748443083.0,890240.0,2960.0,76450922-ee11-47a8-ae80-f219fb30cf41
720.0,cf640d4c-b2d8-41f4-9b73-b83807951dac,720.0,review on food!,3949.0,127832.0,140.0,1752503883.0,371904.0,2535.6222222222223,b7eb5f2a-95f1-4486-860c-e233e20fc244
1080.0,cf640d4c-b2d8-41f4-9b73-b83807951dac,1080.0,reaction on travel!,6316.0,23622.0,112.0,1749566283.0,964797.0,2833.0,b0642e39-6aff-43f9-ad1b-160423d4620b
720.0,cf640d4c-b2d8-41f4-9b73-b83807951dac,1080.0,review on tech!,7883.0,102586.0,133.0,1749998283.0,601822.0,1104.0,d7dccfb7-9851-4dd2-a989-226fa7717e90
1080.0,cf640d4c-b2d8-41f4-9b73-b83807951dac,720.0,reaction on beauty!,9792.0,107746.0,62.0,1749911883.0,633721.0,666.0,ecae0af9-3d8b-41ba-876a-0360778c8924
720.0,cf640d4c-b2d8-41f4-9b73-b83807951dac,720.0,unboxing on beauty!,2673.0,394995.0,159.0,1748961483.0,676580.0,2535.6222222222223,7987385f-7fee-4bab-bcdb-e4674df934e9
1080.0,cf640d4c-b2d8-41f4-9b73-b83807951dac,1080.0,vlog on food!,4039.0,178675.0,148.0,1750862283.0,12945.0,1472.0,65507452-25f2-410d-aee6-799b1d32163f
1080.0,cf640d4c-b2d8-41f4-9b73-b83807951dac,720.0,challenge on fashion!,9961.0,331723.0,94.45944039501528,1752158283.0,286382.0,4359.0,033d933c-435b-4677-996b-d395d70ac9d7
1080.0,cf640d4c-b2d8-41f4-9b73-b83807951dac,720.0,reaction on travel!,9601.0,399293.0,25.0,1748011083.0,619544.0,4715.0,ce36b065-9ddf-472c-b4ca-dcbe84479bdf
1080.0,cf640d4c-b2d8-41f4-9b73-b83807951dac,1080.0,unboxing on fitness!,1711.0,379140.0,94.45944039501528,1752417483.0,434163.0,2403.0,9d5d4ebb-9cce-473b-93a6-9a6101421d99
1080.0,cf640d4c-b2d8-41f4-9b73-b83807951dac,1080.0,reaction on fitness!,4665.0,482323.0,116.0,1750603083.0,14580.0,958.0,1b79e2da-9f8d-4597-87a6-d7141b5b6f80
720.0,cf640d4c-b2d8-41f4-9b73-b83807951dac,1080.0,vlog on food!,1525.0,37995.0,59.0,1750343883.0,584407.0,2384.0,8c9851fa-2c80-445d-ae03-41dedcdba455
720.0,e75eb2ce-afff-422a-a10d-660efeabd17c,1080.0,unboxing on tech!,7381.0,111633.0,102.0,1751380683.0,372136.0,4365.0,979f29bb-b45c-4df7-a7f6-6ff4819355ff
720.0,e75eb2ce-afff-422a-a10d-660efeabd17c,1080.0,review on fitness!,258.0,253113.63264767933,131.0,1753022283.0,877188.0,3555.0,e6a7e445-12d3-48f5-aea4-157e7f7179bf
720.0,e75eb2ce-afff-422a-a10d-660efeabd17c,720.0,vlog on food!,4999.513470681458,23368.0,45.0,1748097483.0,807742.0,274.0,5b4f9fe3-d0f7-46dc-b6a0-b73bef272127
1080.0,e75eb2ce-afff-422a-a10d-660efeabd17c,1080.0,challenge on fitness!,9964.0,391264.0,94.45944039501528,1752244683.0,359856.0,4503.0,e4d5175c-c18b-441f-b69c-40ce2f7af2cb
720.0,e75eb2ce-afff-422a-a10d-660efeabd17c,1080.0,vlog on beauty!,6837.0,95766.0,94.45944039501528,1749739083.0,915407.0,812.0,e2c28bcd-3eea-4a65-be37-130e6ba4ed66
897.9699248120301,e75eb2ce-afff-422a-a10d-660efeabd17c,720.0,unboxing on fitness!,4867.0,107627.0,147.0,1749998283.0,368862.0,4316.0,27f095c8-5e92-46e1-bd9e-ae491c714cc3
897.9699248120301,e75eb2ce-afff-422a-a10d-660efeabd17c,720.0,vlog on travel!,8494.0,433765.0,27.0,1747924683.0,133815.0,2535.6222222222223,1d3cd092-5d33-44fa-94ef-b60ccca62c29
720.0,e75eb2ce-afff-422a-a10d-660efeabd17c,720.0,challenge on fitness!,2457.0,253113.63264767933,144.0,1751294283.0,874516.0,4870.0,5169573c-e466-458b-a596-15825ca6ddd3
720.0,e75eb2ce-afff-422a-a10d-660efeabd17c,896.6165413533835,reaction on fitness!,781.0,100904.0,47.0,1747838283.0,52013.0,725.0,7e02e830-9107-4507-81f3-c65be51e42ba
720.0,e75eb2ce-afff-422a-a10d-660efeabd17c,896.6165413533835,reaction on fashion!,4999.513470681458,481280.0,39.0,1751207883.0,78075.0,2535.6222222222223,c771e8a7-3b6f-4b3b-8f43-76eaa110b7c0
720.0,e75eb2ce-afff-422a-a10d-660efeabd17c,1080.0,review on tech!,2463.0,401337.0,110.0,1749047883.0,806410.0,3855.0,84c8e14d-75a9-4a53-b283-ab5feaddc889
720.0,e75eb2ce-afff-422a-a10d-660efeabd17c,896.6165413533835,vlog on beauty!,5141.0,253113.63264767933,166.0,1748788683.0,494478.7454455933,1944.0,87dc3a8c-9ee1-422e-99b4-2a6ed69503d0
720.0,e75eb2ce-afff-422a-a10d-660efeabd17c,1080.0,review on travel!,689.0,253113.63264767933,123.0,1748356683.0,992062.0,4038.0,31bb945a-ab26-4937-8b83-c4c7b3208e5f
720.0,e75eb2ce-afff-422a-a10d-660efeabd17c,720.0,vlog on tech!,4209.0,128420.0,101.0,1749220683.0,603954.0,3926.0,cc87fb8a-9f19-42b1-bfe7-394221581e42
720.0,e75eb2ce-afff-422a-a10d-660efeabd17c,720.0,vlog on fashion!,3470.0,455490.0,101.0,1750862283.0,186850.0,3646.0,22323f50-fdac-4b89-a302-50a1b4b48628
720.0,e75eb2ce-afff-422a-a10d-660efeabd17c,720.0,vlog on beauty!,4999.513470681458,145698.0,18.0,1747838283.0,785154.0,1012.0,d4caf231-97b9-4c4d-a221-296855f85c05
720.0,e75eb2ce-afff-422a-a10d-660efeabd17c,720.0,vlog on beauty!,4999.513470681458,15395.0,92.0,1749479883.0,286278.0,1124.0,8889b7a3-f28b-41c8-ac98-3621bff512e0
720.0,901df46e-cd0e-4c4e-b50a-94881707040a,720.0,reaction on beauty!,5327.0,156395.0,58.0,1748183883.0,752220.0,2752.0,dfd0e8e0-7dbd-43aa-b5e7-425d056c1e87
720.0,901df46e-cd0e-4c4e-b50a-94881707040a,1080.0,unboxing on fitness!,2956.0,483775.0,56.0,1749825483.0,333721.0,128.0,f38a585c-9f3a-44db-9eca-07724a45cc6b
1080.0,901df46e-cd0e-4c4e-b50a-94881707040a,720.0,review on fitness!,884.0,229541.0,103.0,1751639883.0,71198.0,2603.0,428add77-bba0-4383-942d-622f7013eb39
720.0,901df46e-cd0e-4c4e-b50a-94881707040a,720.0,unboxing on food!,6322.0,11475.0,48.0,1750862283.0,101974.0,4347.0,dd755908-5e57-4b0c-9c79-4d04d674cbb1
897.9699248120301,901df46e-cd0e-4c4e-b50a-94881707040a,1080.0,challenge on food!,3347.0,413551.0,64.0,1751639883.0,716089.0,2535.6222222222223,13218d5a-16aa-4fd4-9ce2-bf9b2b35e054
1080.0,901df46e-cd0e-4c4e-b50a-94881707040a,1080.0,unboxing on tech!,3422.0,150774.0,94.45944039501528,1752676683.0,985664.0,3581.0,db2f309c-b77e-42cc-976d-0ba31ee4be1f
720.0,901df46e-cd0e-4c4e-b50a-94881707040a,720.0,reaction on tech!,9398.0,54372.0,106.0,1752244683.0,387669.0,3035.0,31d5f911-c54d-4925-ad80-9a2c16716cdf
1080.0,901df46e-cd0e-4c4e-b50a-94881707040a,1080.0,review on food!,2978.0,485685.0,110.0,1751726283.0,289420.0,2535.6222222222223,b3457a9b-91e8-44ca-883a-0ca376803188
1080.0,901df46e-cd0e-4c4e-b50a-94881707040a,720.0,challenge on fashion!,4999.513470681458,251173.0,142.0,1748615883.0,494478.7454455933,2321.0,eca59128-e632-4587-b297-bddacf741729
720.0,901df46e-cd0e-4c4e-b50a-94881707040a,1080.0,unboxing on tech!,8766.0,290231.0,98.0,1753022283.0,131912.0,3414.0,c1486df2-11e9-4c27-a390-4d4dd7cbaa49
720.0,901df46e-cd0e-4c4e-b50a-94881707040a,1080.0,reaction on tech!,8259.0,87095.0,19.0,1752763083.0,203753.0,1804.0,0318e401-54f8-44d3-b474-a17871c300d5
1080.0,901df46e-cd0e-4c4e-b50a-94881707040a,1080.0,challenge on fitness!,5866.0,253113.63264767933,78.0,1752331083.0,271832.0,13.0,84f0ebce-7296-4fbe-afb5-c404caee704f
1080.0,901df46e-cd0e-4c4e-b50a-94881707040a,720.0,reaction on fitness!,4611.0,120960.0,98.0,1752763083.0,988954.0,1136.0,0c68097b-d326-4d22-a851-a0dead169efd
720.0,901df46e-cd0e-4c4e-b50a-94881707040a,720.0,reaction on fashion!,2489.0,276550.0,26.0,1752244683.0,761150.0,2130.0,a381c85d-c0d9-482e-b45d-cad079ed6a7f
720.0,901df46e-cd0e-4c4e-b50a-94881707040a,720.0,unboxing on fitness!,7003.0,381132.0,130.0,1748529483.0,693051.0,723.0,1489adae-9b6f-4b21-bcfd-b1221cf49b5e
1080.0,901df46e-cd0e-4c4e-b50a-94881707040a,1080.0,unboxing on tech!,7664.0,479530.0,113.0,1753022283.0,755612.0,1755.0,db909891-7bcc-4def-b84b-4a557586e0e8
1080.0,901df46e-cd0e-4c4e-b50a-94881707040a,1080.0,vlog on beauty!,7965.0,498357.0,31.0,1748529483.0,361909.0,4686.0,c6aa1c9d-d8fa-4e63-995a-1302929c9227
1080.0,901df46e-cd0e-4c4e-b50a-94881707040a,720.0,review on beauty!,4999.513470681458,253113.63264767933,111.0,1752417483.0,519998.0,1638.0,b4321a13-b22a-4f09-a929-cb45044708c6
1080.0,901df46e-cd0e-4c4e-b50a-94881707040a,1080.0,unboxing on fashion!,758.0,76172.0,155.0,1751639883.0,792921.0,2535.6222222222223,f8b2c031-a626-41d9-8e14-b4651455d951
720.0,901df46e-cd0e-4c4e-b50a-94881707040a,1080.0,review on tech!,2907.0,253113.63264767933,64.0,1748875083.0,345746.0,4961.0,59947018-a2a2-4a46-879a-90b11c899eb1
1080.0,901df46e-cd0e-4c4e-b50a-94881707040a,720.0,challenge on fitness!,8224.0,229992.0,22.0,1751553483.0,79484.0,4715.0,39bc891b-320f-4ff6-bcc2-1a426e6acabf
720.0,901df46e-cd0e-4c4e-b50a-94881707040a,720.0,unboxing on tech!,4999.513470681458,241837.0,152.0,1749566283.0,324735.0,2882.0,220e001c-41c6-4111-87c8-3d58e7a54ab9
1080.0,901df46e-cd0e-4c4e-b50a-94881707040a,1080.0,reaction on fashion!,9588.0,496106.0,58.0,1749825483.0,660008.0,3874.0,99b64883-64a6-4441-924a-23af114eb97b
1080.0,901df46e-cd0e-4c4e-b50a-94881707040a,1080.0,review on fashion!,273.0,14221.0,141.0,1752763083.0,682017.0,3801.0,bc9abc43-7eea-422c-a7af-77964ec973dc
720.0,901df46e-cd0e-4c4e-b50a-94881707040a,1080.0,reaction on food!,5885.0,40067.0,34.0,1750689483.0,647228.0,1436.0,9307ac5b-c73b-4818-b99e-0d5d5a23ca41
1080.0,901df46e-cd0e-4c4e-b50a-94881707040a,1080.0,unboxing on food!,7254.0,253113.63264767933,20.0,1749134283.0,893374.0,4460.0,494f34c1-8a91-47d5-850c-2e78fc29e64e
720.0,901df46e-cd0e-4c4e-b50a-94881707040a,1080.0,unboxing on beauty!,1221.0,55541.0,100.0,1751035083.0,231157.0,4562.0,cfe47227-2dff-4e79-8c1f-54785dc10f8c
720.0,98495c27-3234-4507-9025-91343ed6c7da,720.0,unboxing on food!,4194.0,253113.63264767933,102.0,1750257483.0,479969.0,3624.0,e9e91f35-51c1-4084-a6a0-90debf95250c
1080.0,98495c27-3234-4507-9025-91343ed6c7da,720.0,review on tech!,4999.513470681458,253113.63264767933,146.0,1749134283.0,494478.7454455933,2780.0,126bfb15-1867-492b-882c-b36900cb9440
1080.0,98495c27-3234-4507-9025-91343ed6c7da,1080.0,challenge on fashion!,1072.0,95805.0,94.45944039501528,1751380683.0,439639.0,3330.0,1d960aad-8a4c-489f-9b19-8cbe32d78e74
1080.0,98495c27-3234-4507-9025-91343ed6c7da,896.6165413533835,reaction on fashion!,254.0,76640.0,118.0,1751380683.0,577207.0,2150.0,08aa9f00-e225-40c3-8bd3-a2f36d36db95
720.0,98495c27-3234-4507-9025-91343ed6c7da,720.0,reaction on tech!,5503.0,161637.0,16.0,1750775883.0,127660.0,306.0,b01dae03-1090-4da8-8a40-2a7dcc1cc967
720.0,98495c27-3234-4507-9025-91343ed6c7da,720.0,review on food!,8192.0,296839.0,27.0,1752849483.0,494478.7454455933,4978.0,6528a917-3f91-4112-9b3d-623fa2baeabe
720.0,98495c27-3234-4507-9025-91343ed6c7da,1080.0,challenge on beauty!,5236.0,107471.0,97.0,1748788683.0,168938.0,1655.0,b1e235eb-135f-49c7-aacc-09e9e9eba296
720.0,98495c27-3234-4507-9025-91343ed6c7da,720.0,challenge on tech!,4999.513470681458,501.0,155.0,1748529483.0,9928.0,414.0,5fe231fd-ff9d-4afc-91d5-9b6e7583a9b9
1080.0,98495c27-3234-4507-9025-91343ed6c7da,720.0,challenge on beauty!,9886.0,165506.0,105.0,1749652683.0,254206.0,4001.0,635f0fd5-3197-46e5-8801-66c874331eba
720.0,98495c27-3234-4507-9025-91343ed6c7da,1080.0,vlog on fashion!,3422.0,199459.0,32.0,1750689483.0,253258.0,38.0,a2b09c57-6c09-4920-8321-26e3794fb983
720.0,98495c27-3234-4507-9025-91343ed6c7da,1080.0,review on food!,1063.0,461878.0,71.0,1748011083.0,170719.0,3893.0,a43df793-df42-4c5c-b39d-1fd3ac2d66a9
720.0,98495c27-3234-4507-9025-91343ed6c7da,1080.0,review on fitness!,3623.0,227794.0,93.0,1751121483.0,67183.0,1001.0,81c39ca8-0164-4ca1-ab99-44472f5780cd
897.9699248120301,98495c27-3234-4507-9025-91343ed6c7da,720.0,review on food!,4999.513470681458,202778.0,94.45944039501528,1752244683.0,91104.0,2535.6222222222223,e0d51e14-5a07-4871-bf9a-2e31a25da384
720.0,98495c27-3234-4507-9025-91343ed6c7da,720.0,unboxing on fitness!,1494.0,253113.63264767933,82.0,1750343883.0,559731.0,4248.0,d2b20b6a-0e2d-45ef-bc83-afec4005d221
720.0,98495c27-3234-4507-9025-91343ed6c7da,720.0,vlog on travel!,6018.0,23006.0,43.0,1750430283.0,358279.0,1382.0,9022b7c6-4207-49c0-a1e5-34cb19e6cb1f
720.0,98495c27-3234-4507-9025-91343ed6c7da,720.0,unboxing on tech!,4999.513470681458,170311.0,107.0,1748097483.0,504387.0,1117.0,12441625-ac9f-46bb-8d9a-48bd82a8df01
720.0,98495c27-3234-4507-9025-91343ed6c7da,720.0,vlog on fashion!,2121.0,353201.0,48.0,1748270283.0,465168.0,2554.0,0562e9d2-61ae-4c4d-9492-a2667f0582b4
720.0,98495c27-3234-4507-9025-91343ed6c7da,720.0,review on fashion!,8380.0,279414.0,86.0,1752590283.0,21169.0,757.0,39269899-5e4e-4e01-86d1-17bba86fb8a9
1080.0,98495c27-3234-4507-9025-91343ed6c7da,1080.0,vlog on fashion!,8178.0,354298.0,94.45944039501528,1752417483.0,419575.0,4887.0,4b8105d5-3776-4a56-b1c8-ccccbe846872
720.0,98495c27-3234-4507-9025-91343ed6c7da,896.6165413533835,review on fitness!,5059.0,253113.63264767933,115.0,1752935883.0,497849.0,3717.0,a3a009c5-cbb5-4185-a8bc-aa5eac90a902
720.0,98495c27-3234-4507-9025-91343ed6c7da,1080.0,unboxing on tech!,4538.0,169198.0,91.0,1749911883.0,917184.0,286.0,98598a38-1b53-45bc-8a5d-15a35e449c8a
720.0,98495c27-3234-4507-9025-91343ed6c7da,720.0,challenge on beauty!,6666.0,126471.0,170.0,1748788683.0,444517.0,1721.0,08a22f1e-9183-40d3-9d4b-38a3686a1dee
720.0,98495c27-3234-4507-9025-91343ed6c7da,720.0,challenge on travel!,1828.0,268130.0,126.0,1749047883.0,683640.0,1054.0,3b1c68e6-db8f-4485-a35a-a073d23e8193
720.0,98495c27-3234-4507-9025-91343ed6c7da,1080.0,challenge on fitness!,2424.0,253113.63264767933,45.0,1749479883.0,996931.0,4050.0,3e974584-de4b-4554-a3a8-0741f1d9b474
720.0,26a47a1d-6320-4294-b936-b8431c8951af,720.0,reaction on beauty!,2307.0,21593.0,144.0,1750516683.0,547532.0,3344.0,d934f3a1-3188-4301-b464-74f22b26dfe3
1080.0,26a47a1d-6320-4294-b936-b8431c8951af,720.0,reaction on fashion!,2818.0,253113.63264767933,175.0,1749307083.0,916544.0,1109.0,55f35db4-0e2c-4800-95fb-827d8209cceb
1080.0,26a47a1d-6320-4294-b936-b8431c8951af,720.0,reaction on beauty!,4638.0,271471.0,82.0,1751035083.0,374485.0,2759.0,1782a9b4-1b21-4e60-bade-8c19553cc035
720.0,26a47a1d-6320-4294-b936-b8431c8951af,1080.0,review on fitness!,5551.0,199122.0,99.0,1752071883.0,258276.0,475.0,3e792395-8b4c-4437-9949-bd48be61596c
720.0,26a47a1d-6320-4294-b936-b8431c8951af,1080.0,review on fitness!,4098.0,253113.63264767933,119.0,1751899083.0,83837.0,111.0,df800af8-a853-476e-97ab-c7c89199cdb6
1080.0,26a47a1d-6320-4294-b936-b8431c8951af,720.0,vlog on fashion!,1215.0,106979.0,77.0,1749911883.0,795081.0,4532.0,455ca6d1-5799-4a0e-ad3a-17b02d938209
1080.0,26a47a1d-6320-4294-b936-b8431c8951af,720.0,challenge on beauty!,8331.0,125590.0,155.0,1749566283.0,850756.0,4980.0,a6387b45-f5ac-4d04-a529-b92a0c2279d6
1080.0,26a47a1d-6320-4294-b936-b8431c8951af,720.0,review on fashion!,4379.0,294681.0,53.0,1751726283.0,248944.0,2244.0,a770b51f-28c1-43bb-b165-db86934ce3e5
897.9699248120301,26a47a1d-6320-4294-b936-b8431c8951af,720.0,vlog on travel!,7130.0,477531.0,12.0,1752244683.0,339782.0,3836.0,d51e08d5-0f44-4ace-9e76-a5d7f2f53c39
1080.0,26a47a1d-6320-4294-b936-b8431c8951af,720.0,challenge on food!,5904.0,232336.0,116.0,1751639883.0,494478.7454455933,4344.0,e13c3eac-6138-4f99-a2fa-b2b8de7288b6
720.0,26a47a1d-6320-4294-b936-b8431c8951af,1080.0,review on fitness!,6359.0,253113.63264767933,149.0,1751207883.0,461923.0,2263.0,a3712e25-217a-4a33-8338-e11ec75f75c4
720.0,26a47a1d-6320-4294-b936-b8431c8951af,1080.0,review on beauty!,7331.0,334290.0,12.0,1752417483.0,305132.0,2476.0,83a81ae3-784f-4c70-a526-05d113d8d89a
897.9699248120301,26a47a1d-6320-4294-b936-b8431c8951af,1080.0,vlog on travel!,437.0,482298.0,62.0,1750862283.0,508834.0,3607.0,d8b2948e-4aa7-4e85-8da6-574ca3f2a513
897.9699248120301,26a47a1d-6320-4294-b936-b8431c8951af,1080.0,vlog on food!,2179.0,474041.0,147.0,1748011083.0,831327.0,3572.0,e178a672-d10f-4c25-8b3e-a4cee09122dd
720.0,26a47a1d-6320-4294-b936-b8431c8951af,1080.0,reaction on fashion!,697.0,382197.0,171.0,1752590283.0,82429.0,2346.0,fcaf3ee9-c9c5-42e3-b233-755e204ce3dd
720.0,26a47a1d-6320-4294-b936-b8431c8951af,1080.0,reaction on beauty!,2902.0,354988.0,163.0,1749911883.0,226507.0,4861.0,889f30d9-087e-4e18-b0c0-466b31d1f445
720.0,26a47a1d-6320-4294-b936-b8431c8951af,1080.0,review on beauty!,9250.0,446260.0,141.0,1752849483.0,494478.7454455933,4528.0,c1c102ba-dd04-4023-bc65-35b56e5c64f2
720.0,4d5457fd-9c98-4f4d-a635-34e3c7282a8c,1080.0,unboxing on tech!,3213.0,238473.0,77.0,1748961483.0,40499.0,1089.0,27dfbf06-8807-4853-878b-4f46b7e07a1a
1080.0,4d5457fd-9c98-4f4d-a635-34e3c7282a8c,1080.0,vlog on food!,5717.0,393178.0,46.0,1749479883.0,141799.0,2104.0,dc407603-f882-409e-a9f7-b91124c680d5
1080.0,4d5457fd-9c98-4f4d-a635-34e3c7282a8c,720.0,review on tech!,2134.0,403784.0,99.0,1749566283.0,494478.7454455933,3159.0,dccf0091-395b-4392-b82e-667de8a7b581
1080.0,4d5457fd-9c98-4f4d-a635-34e3c7282a8c,720.0,vlog on beauty!,1755.0,143948.0,84.0,1751553483.0,32312.0,419.0,105c957a-d0fe-486e-a048-ebc8b6db38a0
1080.0,4d5457fd-9c98-4f4d-a635-34e3c7282a8c,720.0,vlog on travel!,995.0,279774.0,109.0,1752676683.0,808521.0,3259.0,28b21ffb-67b9-4412-86fa-aa99ed4a9d41
720.0,4d5457fd-9c98-4f4d-a635-34e3c7282a8c,1080.0,reaction on beauty!,9263.0,131597.0,100.0,1750603083.0,181753.0,2475.0,705a5d33-7235-4d30-9471-c674c7e76869
1080.0,4d5457fd-9c98-4f4d-a635-34e3c7282a8c,720.0,vlog on beauty!,4999.513470681458,337156.0,139.0,1753022283.0,365737.0,4683.0,e4ab907b-5b04-442e-bf95-e5ea44b3cd72
720.0,4d5457fd-9c98-4f4d-a635-34e3c7282a8c,720.0,challenge on food!,9226.0,207646.0,124.0,1748443083.0,664408.0,2535.6222222222223,ad9879c7-fa5d-400d-b77b-6ca2be03d646
1080.0,4d5457fd-9c98-4f4d-a635-34e3c7282a8c,1080.0,review on fashion!,3021.0,318856.0,113.0,1751121483.0,110969.0,4334.0,b550a15c-6c17-4d78-886f-93e2f5c94720
1080.0,4d5457fd-9c98-4f4d-a635-34e3c7282a8c,1080.0,vlog on travel!,3285.0,325886.0,23.0,1752503883.0,890180.0,2713.0,c2a49975-5664-4433-886a-c77bbedb0087
1080.0,4d5457fd-9c98-4f4d-a635-34e3c7282a8c,1080.0,reaction on beauty!,2444.0,307668.0,14.0,1748615883.0,736585.0,2811.0,389da9b6-1546-43b0-9ddc-d9a72460632c
720.0,4d5457fd-9c98-4f4d-a635-34e3c7282a8c,720.0,vlog on fashion!,8677.0,253113.63264767933,18.0,1749998283.0,849994.0,1176.0,8ca7f790-24c8-486b-a1ff-b43cb9d46914
720.0,4d5457fd-9c98-4f4d-a635-34e3c7282a8c,1080.0,reaction on fitness!,4291.0,334579.0,129.0,1748356683.0,933773.0,2535.6222222222223,7255ea70-add2-454e-9e38-042da03da5ec
1080.0,4d5457fd-9c98-4f4d-a635-34e3c7282a8c,720.0,review on fitness!,8148.0,213118.0,65.0,1751553483.0,477575.0,524.0,2a856f0c-80c9-4b17-a64a-b42608a508fb
720.0,4d5457fd-9c98-4f4d-a635-34e3c7282a8c,720.0,review on tech!,4999.513470681458,437934.0,158.0,1750948683.0,801292.0,2784.0,67e9e871-90b8-4293-92ea-5dc9ec08937a
720.0,4d5457fd-9c98-4f4d-a635-34e3c7282a8c,896.6165413533835,challenge on fitness!,4999.513470681458,313892.0,18.0,1752244683.0,229388.0,3916.0,c8e04ce0-3760-4ab8-afbb-d27828785f01
1080.0,4d5457fd-9c98-4f4d-a635-34e3c7282a8c,1080.0,vlog on travel!,9622.0,23343.0,16.0,1750257483.0,366081.0,823.0,ddbb6ac2-08dd-444a-8290-0305384d6686
720.0,4d5457fd-9c98-4f4d-a635-34e3c7282a8c,720.0,challenge on food!,4999.513470681458,306978.0,24.0,1748702283.0,566653.0,2568.0,306f3a91-4163-4457-b18f-e4200f8e3c90
1080.0,4d5457fd-9c98-4f4d-a635-34e3c7282a8c,720.0,challenge on food!,6037.0,497553.0,168.0,1751035083.0,86838.0,714.0,11348a12-03f4-4d63-932a-fd553380a09c
1080.0,4d5457fd-9c98-4f4d-a635-34e3c7282a8c,1080.0,review on food!,8348.0,253113.63264767933,45.0,1748702283.0,256999.0,1642.0,0002651d-ee43-40e4-992a-72b7f1f41f31
1080.0,4d5457fd-9c98-4f4d-a635-34e3c7282a8c,720.0,unboxing on fashion!,7542.0,253113.63264767933,117.0,1748961483.0,749168.0,4405.0,06e5539e-0209-4445-8570-7e4d716aeff8
720.0,4d5457fd-9c98-4f4d-a635-34e3c7282a8c,720.0,review on fitness!,7587.0,150584.0,170.0,1750343883.0,185610.0,2535.6222222222223,b209da6b-9d57-4050-bf54-6eb548200fae
720.0,4d5457fd-9c98-4f4d-a635-34e3c7282a8c,896.6165413533835,unboxing on food!,5672.0,364835.0,41.0,1749739083.0,577158.0,2535.6222222222223,f45cec80-c99a-4bab-9235-b7dec39adef5
720.0,08a4d736-18af-40a6-ae1e-a72c849e43fa,1080.0,challenge on beauty!,4999.513470681458,414972.0,167.0,1750862283.0,843894.0,2404.0,d766251e-e05c-459a-908a-aab28bcf1e8f
1080.0,08a4d736-18af-40a6-ae1e-a72c849e43fa,720.0,unboxing on tech!,1619.0,41353.0,146.0,1750603083.0,275343.0,4119.0,72c95fa0-b104-469c-9c83-49945a16e6bc
1080.0,08a4d736-18af-40a6-ae1e-a72c849e43fa,1080.0,review on tech!,4315.0,422805.0,49.0,1752590283.0,840561.0,159.0,79eb8979-adff-4ad5-a0d8-6c3368b6c395
1080.0,08a4d736-18af-40a6-ae1e-a72c849e43fa,1080.0,reaction on fitness!,6810.0,429644.0,101.0,1751294283.0,258418.0,4392.0,2eed2db7-dd4c-4906-8096-2aae63eb79b8
720.0,08a4d736-18af-40a6-ae1e-a72c849e43fa,720.0,reaction on beauty!,3217.0,486564.0,99.0,1751035083.0,196601.0,4471.0,7ba61607-391a-4af1-a9b6-b1c548911650
1080.0,08a4d736-18af-40a6-ae1e-a72c849e43fa,1080.0,reaction on travel!,2418.0,197973.0,172.0,1748356683.0,305875.0,4437.0,35048c14-7306-42ba-a9da-fb0eb58c5858
720.0,08a4d736-18af-40a6-ae1e-a72c849e43fa,720.0,review on food!,243.0,133748.0,129.0,1747838283.0,624378.0,513.0,b927e61f-a177-464d-a04e-9ff88ed5576a
1080.0,08a4d736-18af-40a6-ae1e-a72c849e43fa,1080.0,vlog on beauty!,8181.0,404088.0,42.0,1752244683.0,914444.0,3781.0,9d27775d-94a7-40e2-91a7-60088030558b
720.0,08a4d736-18af-40a6-ae1e-a72c849e43fa,720.0,unboxing on fitness!,7119.0,106016.0,119.0,1751380683.0,659099.0,432.0,34cf5e9b-9de4-44c5-9c66-566ea3e70299
1080.0,08a4d736-18af-40a6-ae1e-a72c849e43fa,1080.0,vlog on fashion!,6855.0,155949.0,171.0,1751380683.0,935824.0,3505.0,df8c5ead-537e-474a-9a71-727b8ab38b71
1080.0,08a4d736-18af-40a6-ae1e-a72c849e43fa,720.0,review on fitness!,8261.0,461394.0,60.0,1748011083.0,894176.0,2535.6222222222223,11b9f169-05de-4783-b07d-593ab0defef1
720.0,08a4d736-18af-40a6-ae1e-a72c849e43fa,1080.0,vlog on beauty!,7589.0,426784.0,155.0,1751380683.0,561962.0,4398.0,87da00bb-de09-4af3-8004-4b9b5c0d8f6d
1080.0,08a4d736-18af-40a6-ae1e-a72c849e43fa,1080.0,challenge on travel!,6854.0,162015.0,14.0,1749652683.0,41961.0,26.0,14c4ecbe-c35f-4c7f-b191-1d2854df3dcd
1080.0,08a4d736-18af-40a6-ae1e-a72c849e43fa,1080.0,unboxing on tech!,8948.0,329177.0,118.0,1751985483.0,224903.0,3595.0,f87f4e04-3286-4650-a1b1-7a43db6853bc
720.0,08a4d736-18af-40a6-ae1e-a72c849e43fa,720.0,challenge on beauty!,4856.0,251738.0,166.0,1749047883.0,727435.0,907.0,b1b424b7-4f60-4d77-b01d-2e85be278f0c
1080.0,08a4d736-18af-40a6-ae1e-a72c849e43fa,720.0,review on travel!,3335.0,279145.0,74.0,1750343883.0,305871.0,2379.0,36dd54e9-7ca8-4232-a346-6672b9b5c573
720.0,08a4d736-18af-40a6-ae1e-a72c849e43fa,720.0,unboxing on fashion!,4999.513470681458,400534.0,10.0,1750430283.0,424119.0,2324.0,253731da-4cf0-4a5c-9150-4c6fba9fa612
1080.0,08a4d736-18af-40a6-ae1e-a72c849e43fa,720.0,review on beauty!,1845.0,212830.0,125.0,1748443083.0,749225.0,4939.0,9ec7510d-4fc2-4afe-b0a0-43d20a5ad03a
720.0,61740ad0-1fd7-49cb-b577-a7b00d8d4a53,896.6165413533835,review on beauty!,7879.0,462192.0,118.0,1749825483.0,601795.0,4988.0,74824419-84cd-4c55-b3e5-710f959030a3
897.9699248120301,61740ad0-1fd7-49cb-b577-a7b00d8d4a53,720.0,challenge on food!,6225.0,390675.0,178.0,1747838283.0,102103.0,4948.0,db9a78e6-9003-4882-8dff-15d16b63d4d4
1080.0,61740ad0-1fd7-49cb-b577-a7b00d8d4a53,720.0,vlog on travel!,2558.0,265599.0,153.0,1751553483.0,781855.0,2535.6222222222223,85484c26-c4b3-44a1-bf72-95a594bb100d
1080.0,61740ad0-1fd7-49cb-b577-a7b00d8d4a53,720.0,review on tech!,4999.513470681458,87341.0,94.45944039501528,1752935883.0,97252.0,2535.6222222222223,91d4857c-57b2-4772-a393-435fb362fc2f
1080.0,61740ad0-1fd7-49cb-b577-a7b00d8d4a53,720.0,challenge on food!,6577.0,273087.0,165.0,1752071883.0,903025.0,4889.0,5235ed30-fb0e-4531-b4c0-746a45fb45aa
720.0,61740ad0-1fd7-49cb-b577-a7b00d8d4a53,720.0,vlog on travel!,7823.0,153767.0,13.0,1750430283.0,940671.0,514.0,6b9cbc52-9f1b-404e-8409-cd1da01d3eec
720.0,61740ad0-1fd7-49cb-b577-a7b00d8d4a53,720.0,review on beauty!,4999.513470681458,253113.63264767933,32.0,1749825483.0,302853.0,3758.0,15a48a28-e766-4275-91d8-06274b714604
1080.0,61740ad0-1fd7-49cb-b577-a7b00d8d4a53,720.0,reaction on tech!,2071.0,138974.0,107.0,1748097483.0,494478.7454455933,213.0,4f3987e8-462f-4cf0-bd66-8938d91f04bd
1080.0,61740ad0-1fd7-49cb-b577-a7b00d8d4a53,720.0,vlog on fashion!,4047.0,253113.63264767933,90.0,1752676683.0,783611.0,2267.0,da1058a8-f486-46e9-9b83-e5db2603f557
1080.0,61740ad0-1fd7-49cb-b577-a7b00d8d4a53,1080.0,reaction on travel!,6392.0,446387.0,168.0,1748443083.0,970935.0,3420.0,ad87b396-e3d8-4fd9-8a2f-0a95e9a0fea2
720.0,61740ad0-1fd7-49cb-b577-a7b00d8d4a53,720.0,review on food!,4999.513470681458,100069.0,16.0,1750948683.0,153915.0,2524.0,3c997221-81c9-4612-81b4-97645c3906dd
1080.0,61740ad0-1fd7-49cb-b577-a7b00d8d4a53,1080.0,reaction on food!,8290.0,253113.63264767933,103.0,1747838283.0,714381.0,381.0,35e5b32b-ccdc-48c4-8a46-341d0c47b62b
897.9699248120301,61740ad0-1fd7-49cb-b577-a7b00d8d4a53,720.0,reaction on travel!,5732.0,326696.0,18.0,1752417483.0,233874.0,1847.0,f9a99379-3880-46f9-ada2-5f8e5d7a5fc1
1080.0,61740ad0-1fd7-49cb-b577-a7b00d8d4a53,1080.0,unboxing on beauty!,6838.0,327038.0,131.0,1748615883.0,18044.0,1681.0,11e296ca-e6fb-4b48-9cad-fe7fa805f779
720.0,61740ad0-1fd7-49cb-b577-a7b00d8d4a53,720.0,vlog on fitness!,4999.513470681458,182981.0,139.0,1750084683.0,494478.7454455933,3125.0,25e4c173-108e-4c3d-8a09-c1abbc893143
720.0,7a2bf877-8f72-42f3-86f9-a4976e5936c7,1080.0,reaction on food!,3460.0,51015.0,162.0,1751639883.0,917960.0,4066.0,310d5fb1-f9d7-48d6-a199-ad59f959698c
1080.0,7a2bf877-8f72-42f3-86f9-a4976e5936c7,720.0,unboxing on travel!,5512.0,320573.0,59.0,1748702283.0,512719.0,3649.0,ce75d4c6-e065-4f1d-84ab-d8e7d06304b3
1080.0,7a2bf877-8f72-42f3-86f9-a4976e5936c7,720.0,review on beauty!,5986.0,176116.0,79.0,1748615883.0,861868.0,4799.0,e59dd894-5dfc-4db0-9c2a-265d9b0ffc53
720.0,7a2bf877-8f72-42f3-86f9-a4976e5936c7,720.0,unboxing on fitness!,4999.513470681458,344533.0,133.0,1752417483.0,473512.0,3583.0,5517e54e-c956-4875-98b7-244cba21bed0
720.0,7a2bf877-8f72-42f3-86f9-a4976e5936c7,896.6165413533835,reaction on fitness!,7304.0,111809.0,99.0,1749307083.0,435828.0,3213.0,bba8b109-a2df-4506-8139-2183aaa5c7fc
1080.0,7a2bf877-8f72-42f3-86f9-a4976e5936c7,1080.0,unboxing on food!,9653.0,449402.0,31.0,1750862283.0,766024.0,4531.0,5c3567c7-a39e-4b09-94d8-90986e70a40d
720.0,7a2bf877-8f72-42f3-86f9-a4976e5936c7,720.0,vlog on beauty!,5779.0,466609.0,89.0,1749652683.0,300710.0,1798.0,19e3df41-65c5-421d-a889-a8388d6390dd
720.0,7a2bf877-8f72-42f3-86f9-a4976e5936c7,1080.0,reaction on beauty!,6218.0,253113.63264767933,145.0,1748615883.0,703968.0,4970.0,aeb81b91-f1e7-4140-be85-59cb2a0fdcec
1080.0,7a2bf877-8f72-42f3-86f9-a4976e5936c7,720.0,reaction on beauty!,1518.0,86548.0,78.0,1750775883.0,582992.0,1059.0,e93d3de2-799d-48fb-9595-ac9b4950fcf4
720.0,7a2bf877-8f72-42f3-86f9-a4976e5936c7,1080.0,reaction on beauty!,2392.0,221043.0,123.0,1748356683.0,781466.0,1837.0,c6809943-81a6-48e2-8450-3f73bc622e3f
720.0,7a2bf877-8f72-42f3-86f9-a4976e5936c7,720.0,challenge on beauty!,829.0,253113.63264767933,127.0,1748443083.0,888462.0,1769.0,ec611062-c63d-4105-9890-0cebcdc48240
1080.0,7a2bf877-8f72-42f3-86f9-a4976e5936c7,720.0,vlog on tech!,2208.0,460697.0,86.0,1749220683.0,190591.0,1379.0,a9ad9531-bba8-4749-8002-4e66718bf91f
720.0,7a2bf877-8f72-42f3-86f9-a4976e5936c7,720.0,reaction on beauty!,8063.0,253113.63264767933,147.0,1751553483.0,841273.0,2729.0,ec9f2f0f-ed6b-4e48-9ac7-a4353b3cab1b
720.0,7a2bf877-8f72-42f3-86f9-a4976e5936c7,1080.0,unboxing on tech!,9030.0,414051.0,164.0,1751726283.0,314605.0,1300.0,7038f18a-e280-4ba6-8751-e79f00e18cfe
720.0,7a2bf877-8f72-42f3-86f9-a4976e5936c7,720.0,challenge on travel!,1632.0,430212.0,121.0,1748702283.0,620633.0,2535.6222222222223,91af70ff-9ddb-45a7-bb66-e5e68c34c054
1080.0,7a2bf877-8f72-42f3-86f9-a4976e5936c7,1080.0,challenge on fitness!,1422.0,77311.0,107.0,1751380683.0,66492.0,4615.0,6b29bc68-5b29-446b-af44-3cb36cc3dfd5
1080.0,7a2bf877-8f72-42f3-86f9-a4976e5936c7,1080.0,unboxing on tech!,1251.0,214596.0,149.0,1751726283.0,800783.0,319.0,90469ef2-b207-44f7-8ace-a259dee23767
720.0,7a2bf877-8f72-42f3-86f9-a4976e5936c7,1080.0,challenge on food!,4999.513470681458,358916.0,98.0,1750343883.0,494478.7454455933,4577.0,70623c54-e730-451e-abc0-d9cb872175cf
1080.0,7a2bf877-8f72-42f3-86f9-a4976e5936c7,720.0,reaction on travel!,6711.0,274204.0,157.0,1751812683.0,966099.0,2535.6222222222223,4b723276-f4e3-4286-994a-668e22dd9f52
720.0,7a2bf877-8f72-42f3-86f9-a4976e5936c7,720.0,unboxing on beauty!,3543.0,383807.0,159.0,1751207883.0,512068.0,822.0,15361da0-10a8-4e96-b9d5-a2a28ff50a12
720.0,7a2bf877-8f72-42f3-86f9-a4976e5936c7,1080.0,review on beauty!,2996.0,205388.0,99.0,1749566283.0,494478.7454455933,1878.0,a12c0d7c-318b-4f05-bab0-71c3180fab9b
1080.0,7a2bf877-8f72-42f3-86f9-a4976e5936c7,1080.0,unboxing on food!,4999.513470681458,321678.0,16.0,1750862283.0,644566.0,4027.0,d840f21d-6748-43f9-88d9-485e592b7a6d
1080.0,7a2bf877-8f72-42f3-86f9-a4976e5936c7,1080.0,reaction on food!,8945.0,256152.0,103.0,1751467083.0,279011.0,2535.6222222222223,19fc1a34-6d4e-4ce8-a25b-21479387c79e
1080.0,7a2bf877-8f72-42f3-86f9-a4976e5936c7,720.0,challenge on fashion!,2016.0,343876.0,140.0,1750430283.0,592705.0,2535.6222222222223,d5ff4202-9bd3-4d63-928a-2fc0da4f4785
1080.0,7a2bf877-8f72-42f3-86f9-a4976e5936c7,720.0,unboxing on beauty!,5472.0,11676.0,48.0,1748443083.0,811526.0,1255.0,e9a30fae-966c-4471-a471-115ec46417e8
720.0,7a2bf877-8f72-42f3-86f9-a4976e5936c7,720.0,challenge on beauty!,4727.0,159212.0,121.0,1748011083.0,32210.0,3596.0,a5d1f6a0-0538-4289-a37d-719e75f91f49
897.9699248120301,7a2bf877-8f72-42f3-86f9-a4976e5936c7,720.0,unboxing on travel!,4517.0,52810.0,48.0,1749652683.0,932244.0,2028.0,d2425ad5-059c-4008-9dc0-663c0634ce0e
720.0,7a2bf877-8f72-42f3-86f9-a4976e5936c7,720.0,unboxing on tech!,1371.0,406638.0,104.0,1751207883.0,317082.0,4772.0,b4e942dd-c8b8-4a1d-8283-cd2928978756
720.0,7a2bf877-8f72-42f3-86f9-a4976e5936c7,1080.0,reaction on beauty!,4453.0,386181.0,168.0,1752158283.0,298961.0,1125.0,3a7394b9-bd07-47b9-923b-536fa644ed53
1080.0,7a2bf877-8f72-42f3-86f9-a4976e5936c7,1080.0,reaction on beauty!,2953.0,16703.0,107.0,1748443083.0,527898.0,861.0,d1da229b-83e7-4447-bc6c-911dc424944a
720.0,52684ac6-dc2b-4e7d-8733-02c1a40967ca,1080.0,vlog on beauty!,55.0,313751.0,105.0,1751035083.0,178165.0,4875.0,2812f8d7-d242-4bd2-9fc1-29e96f3d9b7f
720.0,52684ac6-dc2b-4e7d-8733-02c1a40967ca,896.6165413533835,challenge on travel!,6388.0,56018.0,59.0,1749307083.0,769171.0,2202.0,495bde63-415c-44d4-ab3c-e1c87123f7f9
1080.0,52684ac6-dc2b-4e7d-8733-02c1a40967ca,1080.0,challenge on tech!,6943.0,353475.0,31.0,1752244683.0,337042.0,4643.0,61d905c4-30d3-4a97-b9cb-4a25776acf47
897.9699248120301,52684ac6-dc2b-4e7d-8733-02c1a40967ca,720.0,review on travel!,8080.0,253113.63264767933,153.0,1749825483.0,381928.0,832.0,064c6d34-2677-4be6-a92a-ee7bb2847da0
720.0,52684ac6-dc2b-4e7d-8733-02c1a40967ca,720.0,review on beauty!,4999.513470681458,349944.0,137.0,1749307083.0,618983.0,4202.0,73324846-c427-48c3-aa7a-3fe8900ed630
1080.0,52684ac6-dc2b-4e7d-8733-02c1a40967ca,1080.0,challenge on food!,1149.0,3068.0,94.45944039501528,1752158283.0,238857.0,4821.0,7c40445c-7be4-49a0-aafc-25f5e20e59f1
720.0,52684ac6-dc2b-4e7d-8733-02c1a40967ca,1080.0,vlog on food!,1256.0,325582.0,80.0,1748097483.0,237803.0,2096.0,a8e5b828-e856-4b7c-a371-8843286dcc4a
720.0,52684ac6-dc2b-4e7d-8733-02c1a40967ca,720.0,challenge on food!,4657.0,479759.0,121.0,1751035083.0,494478.7454455933,4304.0,f0e95532-207f-4439-994f-81180d0bca63
720.0,52684ac6-dc2b-4e7d-8733-02c1a40967ca,1080.0,reaction on food!,4548.0,292353.0,82.0,1748961483.0,200447.0,1303.0,705300ea-f9da-4af7-9472-c565e17feece
1080.0,52684ac6-dc2b-4e7d-8733-02c1a40967ca,1080.0,unboxing on fashion!,9352.0,35398.0,48.0,1748961483.0,58356.0,2535.6222222222223,df65a3fb-b220-44f7-a4a6-75c109f13b18
720.0,52684ac6-dc2b-4e7d-8733-02c1a40967ca,1080.0,reaction on beauty!,4999.513470681458,59270.0,110.0,1750948683.0,939915.0,1224.0,d4195967-fe18-4768-a88a-3dbbbeb6f42f
720.0,52684ac6-dc2b-4e7d-8733-02c1a40967ca,1080.0,vlog on tech!,1257.0,268461.0,126.0,1751899083.0,994221.0,2635.0,a44600ca-a745-417b-b0d1-cca4d6e1b0e8
720.0,52684ac6-dc2b-4e7d-8733-02c1a40967ca,720.0,challenge on fitness!,9890.0,73071.0,46.0,1748875083.0,494478.7454455933,46.0,75e58174-2075-466f-9a47-51fb89bd48de
720.0,52684ac6-dc2b-4e7d-8733-02c1a40967ca,1080.0,unboxing on fashion!,4999.513470681458,253113.63264767933,107.0,1747838283.0,796915.0,1312.0,206caeab-964c-4344-b38a-178a9753c753
1080.0,52684ac6-dc2b-4e7d-8733-02c1a40967ca,720.0,reaction on beauty!,9219.0,426529.0,67.0,1750862283.0,396740.0,41.0,bd23f3ac-8b60-4794-9e04-508f786d92f1
720.0,52684ac6-dc2b-4e7d-8733-02c1a40967ca,720.0,unboxing on fashion!,8968.0,424487.0,102.0,1752158283.0,859276.0,445.0,8a0cf531-06e0-43e1-9207-33452f23ba3c
1080.0,52684ac6-dc2b-4e7d-8733-02c1a40967ca,720.0,review on travel!,4999.513470681458,17266.0,62.0,1751726283.0,169831.0,237.0,01877e52-650e-4d12-83c7-54bd08fa252f
720.0,52684ac6-dc2b-4e7d-8733-02c1a40967ca,720.0,challenge on beauty!,5077.0,102095.0,91.0,1751035083.0,234567.0,297.0,b9236913-d9d7-4289-af6a-33961756d2f5
720.0,52684ac6-dc2b-4e7d-8733-02c1a40967ca,720.0,reaction on tech!,335.0,138431.0,180.0,1751639883.0,194453.0,3342.0,53584ab9-45ee-45a2-a256-7a96a886166e
1080.0,52684ac6-dc2b-4e7d-8733-02c1a40967ca,720.0,reaction on fitness!,7469.0,247408.0,175.0,1752935883.0,64993.0,2535.6222222222223,7d585d61-542e-4b7e-9c0d-3fb08a0ad0cc
720.0,31b78295-0303-4c0e-b982-d55111d6d08f,1080.0,review on fashion!,4999.513470681458,14093.0,54.0,1750516683.0,796072.0,3650.0,5045d15a-9189-4f5d-b510-3c8ecc95946f
720.0,31b78295-0303-4c0e-b982-d55111d6d08f,720.0,review on travel!,8731.0,235315.0,86.0,1752071883.0,837210.0,1054.0,93efc914-94b6-43fa-8438-8869c2f859e0
1080.0,31b78295-0303-4c0e-b982-d55111d6d08f,1080.0,challenge on fitness!,4999.513470681458,253113.63264767933,105.0,1751467083.0,842183.0,2535.6222222222223,f7de1fb7-7a3e-40b2-be23-1be183e5e832
720.0,31b78295-0303-4c0e-b982-d55111d6d08f,720.0,unboxing on food!,5081.0,422977.0,98.0,1748875083.0,494478.7454455933,3612.0,474b8b21-15da-44de-b9c2-41a695541c88
1080.0,31b78295-0303-4c0e-b982-d55111d6d08f,720.0,review on fitness!,6166.0,229519.0,158.0,1751726283.0,402939.0,2535.6222222222223,dad90f61-b95e-4948-89fc-40d07d50a7bf
1080.0,31b78295-0303-4c0e-b982-d55111d6d08f,1080.0,vlog on fashion!,3854.0,471549.0,135.0,1749393483.0,655502.0,4989.0,1a19a34e-2b8b-43ab-98a9-2d6e337f2707
720.0,31b78295-0303-4c0e-b982-d55111d6d08f,720.0,vlog on travel!,165.0,475622.0,143.0,1752849483.0,709227.0,3900.0,9c292301-11ee-44ba-913f-fcc34feecfa4
720.0,31b78295-0303-4c0e-b982-d55111d6d08f,720.0,review on fitness!,4630.0,253113.63264767933,35.0,1749998283.0,747699.0,3657.0,0217bb50-580e-402a-a73e-38e151c30420
1080.0,31b78295-0303-4c0e-b982-d55111d6d08f,720.0,challenge on travel!,2367.0,248740.0,26.0,1748270283.0,346804.0,1465.0,e2afc078-e9a8-4630-9791-b8206df98475
1080.0,31b78295-0303-4c0e-b982-d55111d6d08f,720.0,vlog on tech!,8361.0,35368.0,155.0,1752590283.0,19023.0,3807.0,70a1207a-60f4-4c8a-b208-fd48d595a120
720.0,31b78295-0303-4c0e-b982-d55111d6d08f,720.0,challenge on fashion!,5848.0,421452.0,61.0,1751899083.0,148174.0,3816.0,3a5156e4-abbe-4e85-b138-02a811e44724
1080.0,31b78295-0303-4c0e-b982-d55111d6d08f,720.0,unboxing on travel!,6226.0,266676.0,44.0,1749998283.0,934447.0,3762.0,81c2c87b-2daf-4d36-a334-b7ce28de32b1
720.0,31b78295-0303-4c0e-b982-d55111d6d08f,1080.0,reaction on travel!,5275.0,130721.0,52.0,1751812683.0,494478.7454455933,2625.0,cf3c83d4-2ce7-419d-8cd5-effb073a74fe
1080.0,31b78295-0303-4c0e-b982-d55111d6d08f,720.0,review on travel!,1682.0,428382.0,130.0,1752590283.0,584424.0,760.0,6f82ef37-46aa-4dda-995c-165f346801a4
897.9699248120301,31b78295-0303-4c0e-b982-d55111d6d08f,1080.0,unboxing on beauty!,5631.0,234349.0,72.0,1748183883.0,494478.7454455933,998.0,df6298b6-7dfc-4c11-840e-d969b60238ca
720.0,31b78295-0303-4c0e-b982-d55111d6d08f,896.6165413533835,vlog on travel!,5900.0,190007.0,167.0,1751812683.0,803259.0,1659.0,29b3e617-990d-4b29-8b97-a81804891890
1080.0,31b78295-0303-4c0e-b982-d55111d6d08f,720.0,reaction on beauty!,1683.0,253113.63264767933,168.0,1752503883.0,890911.0,3090.0,4670d95b-d3be-4089-9928-4dfcd8a88eaa
1080.0,31b78295-0303-4c0e-b982-d55111d6d08f,1080.0,vlog on fitness!,218.0,243454.0,147.0,1752158283.0,534238.0,4559.0,5a1bdeee-4172-4415-be1e-10ad48e7fa64
1080.0,31b78295-0303-4c0e-b982-d55111d6d08f,1080.0,unboxing on tech!,1052.0,324736.0,51.0,1749307083.0,688965.0,1536.0,de18080e-881b-4569-8948-49c9a1d7bd38
720.0,17e08138-ceaa-4354-9c57-68fc2b990455,720.0,challenge on travel!,6618.0,396502.0,172.0,1752590283.0,988663.0,3139.0,8bbb8994-4c47-476a-9608-ca005b46a100
720.0,17e08138-ceaa-4354-9c57-68fc2b990455,1080.0,vlog on tech!,4999.513470681458,493834.0,83.0,1748443083.0,875741.0,2535.6222222222223,3c904900-9d49-4ea9-90ff-0914f8269e0e
720.0,17e08138-ceaa-4354-9c57-68fc2b990455,1080.0,review on travel!,6484.0,294123.0,138.0,1751985483.0,655806.0,832.0,37c8b8f4-1560-4ab3-9f3e-39d5b821561d
1080.0,17e08138-ceaa-4354-9c57-68fc2b990455,720.0,vlog on beauty!,9735.0,477760.0,73.0,1751639883.0,494478.7454455933,923.0,a8151c26-e140-4670-a9f9-9cb766b38601
1080.0,17e08138-ceaa-4354-9c57-68fc2b990455,720.0,review on beauty!,8942.0,300818.0,125.0,1752763083.0,547088.0,20.0,5c1884c0-baa2-4cc1-8357-31dc966a2b6f
720.0,17e08138-ceaa-4354-9c57-68fc2b990455,1080.0,challenge on food!,9992.0,351706.0,115.0,1749998283.0,844589.0,3984.0,2ecfc172-e836-4e46-839f-f4a13f8bc5b9
1080.0,17e08138-ceaa-4354-9c57-68fc2b990455,720.0,vlog on beauty!,8169.0,163714.0,174.0,1747838283.0,223519.0,3004.0,16691cd2-a0bd-4aaf-a587-2666da72ae4e
1080.0,17e08138-ceaa-4354-9c57-68fc2b990455,720.0,review on fashion!,7776.0,261126.0,162.0,1751035083.0,721211.0,609.0,5307c4dd-c00a-4eef-8d2d-82beb8d6faae
720.0,17e08138-ceaa-4354-9c57-68fc2b990455,1080.0,challenge on food!,4999.513470681458,126096.0,150.0,1750171083.0,972050.0,419.0,f3cfb1da-1343-4803-a5be-edc0a213bb98
720.0,17e08138-ceaa-4354-9c57-68fc2b990455,720.0,reaction on travel!,9044.0,359842.0,47.0,1749393483.0,494478.7454455933,2535.6222222222223,b2fdaebd-e910-4ed4-be44-a2db2974fb60
1080.0,17e08138-ceaa-4354-9c57-68fc2b990455,1080.0,vlog on food!,3791.0,10657.0,77.0,1752244683.0,719208.0,4634.0,b0b88e30-acc5-4d62-85d8-78b007a96ab7
720.0,17e08138-ceaa-4354-9c57-68fc2b990455,720.0,challenge on fitness!,7589.0,466413.0,114.0,1751467083.0,191551.0,4230.0,33912d9c-68c9-4246-9027-529d7cae8aaf
720.0,17e08138-ceaa-4354-9c57-68fc2b990455,720.0,unboxing on food!,1917.0,411713.0,36.0,1752763083.0,486888.0,3887.0,0f070d0e-e773-4476-bb4c-01f82804022c
1080.0,17e08138-ceaa-4354-9c57-68fc2b990455,720.0,reaction on fitness!,6078.0,261726.0,87.0,1751553483.0,71523.0,2535.6222222222223,7fb69155-fe2a-4fa2-bfd0-2ed8adf17b26
720.0,17e08138-ceaa-4354-9c57-68fc2b990455,720.0,challenge on fitness!,9375.0,314939.0,107.0,1749307083.0,785856.0,641.0,046e9a15-c7a3-45e7-bad7-6e8f7172e729
720.0,17e08138-ceaa-4354-9c57-68fc2b990455,1080.0,reaction on fitness!,3892.0,212456.0,123.0,1752935883.0,655998.0,1331.0,6b995536-baf0-4e2d-9511-ad15c30cc911
1080.0,17e08138-ceaa-4354-9c57-68fc2b990455,720.0,reaction on travel!,9404.0,305534.0,47.0,1749307083.0,342193.0,3675.0,36b830cc-1d3f-48b9-987b-4034dc2a9682
1080.0,17e08138-ceaa-4354-9c57-68fc2b990455,1080.0,reaction on food!,3661.0,407915.0,130.0,1752935883.0,504292.0,4613.0,843e64cf-0144-4ecf-abbd-a7af2ea5b5bf
720.0,17e08138-ceaa-4354-9c57-68fc2b990455,720.0,unboxing on food!,4999.513470681458,253113.63264767933,71.0,1751294283.0,957758.0,4471.0,eb268902-1d4a-4d28-abf9-76578e235ce9
720.0,17e08138-ceaa-4354-9c57-68fc2b990455,720.0,vlog on travel!,1114.0,320050.0,76.0,1748183883.0,480347.0,2656.0,847a61e8-985e-46e2-80dd-53c7dcc43d77
1080.0,17e08138-ceaa-4354-9c57-68fc2b990455,1080.0,vlog on beauty!,8567.0,441421.0,48.0,1749566283.0,843584.0,2535.6222222222223,6d2ceca4-fb49-4a0f-a748-60351c51fd7f
897.9699248120301,e4bf6ce6-17d1-4a81-b23d-304070fd3b91,896.6165413533835,challenge on food!,7349.0,365034.0,120.0,1752503883.0,729315.0,3421.0,64c83aa1-31f7-43ba-a0be-e0a4e19e61ac
1080.0,e4bf6ce6-17d1-4a81-b23d-304070fd3b91,1080.0,unboxing on travel!,7689.0,213260.0,57.0,1750171083.0,273825.0,2078.0,0f5a7e03-7ca3-4c65-8ffe-b6ae24fe3e90
1080.0,e4bf6ce6-17d1-4a81-b23d-304070fd3b91,1080.0,vlog on beauty!,4308.0,394247.0,75.0,1752763083.0,494478.7454455933,1975.0,0904fd0b-394b-448b-8d22-d7c997688687
1080.0,e4bf6ce6-17d1-4a81-b23d-304070fd3b91,1080.0,challenge on tech!,2853.0,223257.0,57.0,1749393483.0,494478.7454455933,2948.0,c9912765-92a9-4811-b953-5f3f36aae45d
1080.0,e4bf6ce6-17d1-4a81-b23d-304070fd3b91,720.0,unboxing on travel!,1846.0,135413.0,104.0,1751726283.0,494478.7454455933,1767.0,88277f74-c9b9-417d-8c96-be9678461be1
720.0,e4bf6ce6-17d1-4a81-b23d-304070fd3b91,720.0,unboxing on fashion!,2595.0,464113.0,165.0,1750775883.0,315636.0,2947.0,96c1a4c8-45cb-460f-9c34-8736956cfa52
1080.0,e4bf6ce6-17d1-4a81-b23d-304070fd3b91,1080.0,vlog on food!,196.0,253113.63264767933,179.0,1749220683.0,919628.0,831.0,6751a0c4-1cf1-40f4-937d-6b4164966e77
720.0,e4bf6ce6-17d1-4a81-b23d-304070fd3b91,720.0,review on travel!,4109.0,113935.0,120.0,1750171083.0,912714.0,4698.0,4991afa0-331a-4f9f-8292-e945aabee441
720.0,e4bf6ce6-17d1-4a81-b23d-304070fd3b91,1080.0,reaction on fashion!,4999.513470681458,464711.0,179.0,1752935883.0,15313.0,56.0,05e00a3e-7103-40dd-9f5f-ee89ebfd9f02
720.0,e4bf6ce6-17d1-4a81-b23d-304070fd3b91,1080.0,unboxing on travel!,8734.0,412357.0,88.0,1748356683.0,213165.0,4994.0,31739352-7cde-42b7-8424-3925277b3d58
1080.0,e4bf6ce6-17d1-4a81-b23d-304070fd3b91,720.0,unboxing on beauty!,7429.0,292050.0,60.0,1752244683.0,384704.0,136.0,3c1852a9-784f-4bb3-a5a3-f2f5454fe88c
1080.0,e4bf6ce6-17d1-4a81-b23d-304070fd3b91,720.0,review on travel!,360.0,454015.0,10.0,1751899083.0,90089.0,4125.0,dfdc3088-34d1-47ac-8d1b-9a6c251365ac
720.0,e4bf6ce6-17d1-4a81-b23d-304070fd3b91,1080.0,unboxing on food!,5070.0,25361.0,52.0,1749998283.0,484453.0,3776.0,bc21c651-ebcf-4200-be44-111a85b1a2e3
720.0,e4bf6ce6-17d1-4a81-b23d-304070fd3b91,1080.0,reaction on beauty!,4999.513470681458,76741.0,14.0,1748097483.0,276412.0,1320.0,e81729dd-1c4e-4778-bd81-aef1a4c53bd2
1080.0,e4bf6ce6-17d1-4a81-b23d-304070fd3b91,1080.0,review on beauty!,4966.0,383392.0,41.0,1750257483.0,6991.0,2535.6222222222223,1184523f-ca34-4ac9-a8e4-976c89b95c54
720.0,e4bf6ce6-17d1-4a81-b23d-304070fd3b91,720.0,vlog on food!,3017.0,253113.63264767933,18.0,1749566283.0,730635.0,4059.0,0f1dc048-a0f0-4df0-b3b2-0c2e9b641ef0
897.9699248120301,e4bf6ce6-17d1-4a81-b23d-304070fd3b91,720.0,vlog on travel!,9834.0,316480.0,108.0,1749134283.0,494478.7454455933,4449.0,2dc9e6f5-ad05-44f4-b7f3-0b9f10d9d29d
720.0,e4bf6ce6-17d1-4a81-b23d-304070fd3b91,720.0,vlog on travel!,8646.0,240770.0,130.0,1752935883.0,76598.0,609.0,051d36ff-c2fd-4b4a-880e-789914bb55b6
1080.0,e4bf6ce6-17d1-4a81-b23d-304070fd3b91,1080.0,vlog on food!,8945.0,253113.63264767933,94.45944039501528,1751294283.0,327059.0,3968.0,281c89f6-6a0c-41d6-8f51-dcb69285e310
720.0,e4bf6ce6-17d1-4a81-b23d-304070fd3b91,896.6165413533835,reaction on travel!,8730.0,18901.0,160.0,1749220683.0,36098.0,4225.0,45ce56e3-843b-4eb8-8809-17f625767170
720.0,e4bf6ce6-17d1-4a81-b23d-304070fd3b91,720.0,review on food!,8381.0,30749.0,113.0,1750171083.0,392151.0,2714.0,04c84b10-3a36-4fee-aa6b-a659d1684c3e
720.0,e4bf6ce6-17d1-4a81-b23d-304070fd3b91,720.0,review on beauty!,9233.0,187790.0,47.0,1750257483.0,745565.0,3721.0,ecda6538-1561-4a6d-bea9-fc89d700a333
897.9699248120301,e4bf6ce6-17d1-4a81-b23d-304070fd3b91,720.0,reaction on fitness!,3948.0,100430.0,59.0,1748529483.0,277010.0,1637.0,cb042aae-d469-48b0-8f28-086124c2455f
720.0,e4bf6ce6-17d1-4a81-b23d-304070fd3b91,1080.0,unboxing on beauty!,8866.0,475281.0,162.0,1749393483.0,104637.0,4518.0,9d45cc52-20df-4d44-aa87-de218f7f5b1c
897.9699248120301,e4bf6ce6-17d1-4a81-b23d-304070fd3b91,1080.0,vlog on travel!,2210.0,253113.63264767933,94.45944039501528,1753022283.0,494478.7454455933,149.0,6a226260-1dec-41cc-a863-ef0ef71cb5fa
720.0,d778d445-c5d6-418b-9dcb-5c817ffa563b,1080.0,vlog on fitness!,2678.0,98088.0,22.0,1749998283.0,494478.7454455933,3860.0,27c7b074-4abf-4eb9-8092-e19b49f49028
720.0,d778d445-c5d6-418b-9dcb-5c817ffa563b,720.0,challenge on beauty!,4999.513470681458,293393.0,121.0,1749307083.0,421714.0,2549.0,0750d19d-c730-4ba8-87b2-c11243a0c2e4
1080.0,d778d445-c5d6-418b-9dcb-5c817ffa563b,720.0,unboxing on fashion!,7063.0,253113.63264767933,15.0,1752935883.0,624861.0,173.0,e3348514-2a72-43fb-b83c-4509e3598aa1
1080.0,d778d445-c5d6-418b-9dcb-5c817ffa563b,720.0,review on fashion!,1259.0,11212.0,162.0,1752935883.0,629514.0,916.0,6492a084-0493-4cb3-925f-9dab2b397005
720.0,d778d445-c5d6-418b-9dcb-5c817ffa563b,1080.0,challenge on beauty!,4078.0,199699.0,96.0,1748615883.0,92218.0,3925.0,07525206-2ea6-4f17-9145-dc781b46aa71
720.0,d778d445-c5d6-418b-9dcb-5c817ffa563b,720.0,review on tech!,4367.0,5583.0,21.0,1748097483.0,540916.0,3190.0,f72a3732-63fe-47bb-995e-d0a29a1a818f
1080.0,d778d445-c5d6-418b-9dcb-5c817ffa563b,1080.0,review on fitness!,9975.0,12791.0,18.0,1751380683.0,399317.0,4214.0,a2435c97-1bb5-4a70-aec8-bc9101522152
720.0,d778d445-c5d6-418b-9dcb-5c817ffa563b,720.0,reaction on fitness!,4999.513470681458,372151.0,120.0,1748615883.0,494478.7454455933,2979.0,3a9c6a82-cbfc-4f36-ae65-6a5e93148967
1080.0,d778d445-c5d6-418b-9dcb-5c817ffa563b,720.0,vlog on travel!,2330.0,329326.0,61.0,1752590283.0,551221.0,2535.6222222222223,9f669692-f09e-4c86-a8bc-a6b7634d8b98
720.0,d778d445-c5d6-418b-9dcb-5c817ffa563b,720.0,reaction on beauty!,7976.0,116183.0,178.0,1748529483.0,811911.0,2898.0,83967c2c-f375-4383-8c0a-ab4d28e994c7
720.0,d778d445-c5d6-418b-9dcb-5c817ffa563b,1080.0,vlog on tech!,4999.513470681458,255546.0,60.0,1748097483.0,365512.0,1628.0,bfbfaeaa-4148-49f2-9be9-dfb922eb09e3
1080.0,d778d445-c5d6-418b-9dcb-5c817ffa563b,1080.0,vlog on tech!,3492.0,253113.63264767933,52.0,1751985483.0,613410.0,946.0,56581364-9b0d-41c5-b154-4800b7a0f029
897.9699248120301,d778d445-c5d6-418b-9dcb-5c817ffa563b,1080.0,vlog on fitness!,9036.0,159724.0,163.0,1749998283.0,978885.0,3543.0,05c7ff61-b38b-42ef-8956-21af97a862a2
720.0,d778d445-c5d6-418b-9dcb-5c817ffa563b,720.0,vlog on beauty!,4999.513470681458,265188.0,153.0,1750689483.0,282860.0,1970.0,76147143-5c8e-4a97-9ae5-7b761bfd3d5f
1080.0,d778d445-c5d6-418b-9dcb-5c817ffa563b,1080.0,challenge on food!,2416.0,228390.0,142.0,1751812683.0,483111.0,4600.0,310b3766-0574-45fa-9649-a3b6f8053115
1080.0,d778d445-c5d6-418b-9dcb-5c817ffa563b,720.0,review on food!,9771.0,73605.0,87.0,1748356683.0,284372.0,4323.0,487d1db2-8ba4-4451-bcbc-a89e5ed3c622
1080.0,d778d445-c5d6-418b-9dcb-5c817ffa563b,1080.0,reaction on food!,8558.0,387713.0,83.0,1750775883.0,730663.0,4830.0,81234474-139b-4d86-a646-ffe65acff498
720.0,d778d445-c5d6-418b-9dcb-5c817ffa563b,720.0,reaction on fitness!,704.0,483181.0,66.0,1750257483.0,297459.0,4769.0,89cc7221-21e2-4028-8d35-10fd8ed2dfbf
1080.0,d778d445-c5d6-418b-9dcb-5c817ffa563b,720.0,challenge on food!,7129.0,214427.0,47.0,1748961483.0,185519.0,2535.6222222222223,3c4a0e58-8193-452c-a24d-dc64cbde8ef8
720.0,d778d445-c5d6-418b-9dcb-5c817ffa563b,1080.0,review on beauty!,3647.0,253113.63264767933,75.0,1752590283.0,675767.0,2365.0,dbab1c39-0b4d-42c3-912d-19e60a945f48
897.9699248120301,d778d445-c5d6-418b-9dcb-5c817ffa563b,720.0,unboxing on beauty!,4999.513470681458,348938.0,175.0,1749479883.0,367891.0,212.0,5b5df825-7594-4c33-8ee8-1994ca8e2eb6
720.0,6e1eb8a4-56b4-4aca-bb3f-5604ff407bc3,1080.0,unboxing on travel!,2542.0,253113.63264767933,126.0,1751380683.0,915562.0,2066.0,b54d6214-b785-4723-a9c8-799aa8365570
720.0,6e1eb8a4-56b4-4aca-bb3f-5604ff407bc3,720.0,review on fitness!,9893.0,477847.0,83.0,1748788683.0,745960.0,1010.0,5cc67864-4d3d-4f5a-bc58-3f223a169ff9
1080.0,6e1eb8a4-56b4-4aca-bb3f-5604ff407bc3,1080.0,reaction on fitness!,5001.0,61264.0,149.0,1749393483.0,994150.0,3197.0,28332970-4f10-4e0e-84c5-5e0db14239cf
720.0,6e1eb8a4-56b4-4aca-bb3f-5604ff407bc3,720.0,vlog on fashion!,4999.513470681458,113522.0,125.0,1750689483.0,437342.0,2032.0,514ab88c-94be-4800-96a1-5bcabc6cf25c
720.0,6e1eb8a4-56b4-4aca-bb3f-5604ff407bc3,720.0,unboxing on travel!,4999.513470681458,211896.0,55.0,1752331083.0,426298.0,3958.0,a2c7e48e-09be-4bb9-b5d5-375c1b870e33
720.0,6e1eb8a4-56b4-4aca-bb3f-5604ff407bc3,1080.0,challenge on tech!,493.0,120078.0,176.0,1749739083.0,912047.0,1667.0,cc360011-f8ce-4397-854c-97f9a54187e8
720.0,6e1eb8a4-56b4-4aca-bb3f-5604ff407bc3,720.0,vlog on beauty!,2392.0,114391.0,88.0,1750862283.0,817239.0,2034.0,95558df6-8fea-48c6-803d-70ea6e0a811a
1080.0,6e1eb8a4-56b4-4aca-bb3f-5604ff407bc3,1080.0,unboxing on beauty!,4999.513470681458,357836.0,12.0,1749911883.0,195274.0,593.0,1e5bbf0a-2bc4-459e-a681-55fd7ea558d8
1080.0,6e1eb8a4-56b4-4aca-bb3f-5604ff407bc3,1080.0,review on beauty!,1566.0,279383.0,136.0,1751639883.0,289126.0,179.0,ae757c04-2422-4c94-8573-7228445292c3
720.0,6e1eb8a4-56b4-4aca-bb3f-5604ff407bc3,720.0,unboxing on fitness!,9648.0,77091.0,140.0,1749566283.0,516105.0,2103.0,3a8afd9b-8718-4e0c-b3b7-4001e987b573
1080.0,6e1eb8a4-56b4-4aca-bb3f-5604ff407bc3,1080.0,reaction on tech!,5509.0,345447.0,54.0,1750775883.0,762055.0,1703.0,ea0d0fd7-fa4b-4840-8eb7-a1a820c69b02
720.0,6e1eb8a4-56b4-4aca-bb3f-5604ff407bc3,1080.0,challenge on fashion!,3417.0,253113.63264767933,141.0,1750948683.0,494478.7454455933,741.0,74ad6b83-d989-4db2-88e7-916a582b52c7
1080.0,6e1eb8a4-56b4-4aca-bb3f-5604ff407bc3,720.0,vlog on tech!,1902.0,108426.0,80.0,1748615883.0,776253.0,1214.0,d42372c4-cdae-44ff-9f8b-ca2eb816e337
1080.0,6e1eb8a4-56b4-4aca-bb3f-5604ff407bc3,896.6165413533835,vlog on beauty!,5304.0,90819.0,161.0,1748788683.0,713255.0,3221.0,b3794351-aabd-4af5-9927-a7043b78693b
720.0,6e1eb8a4-56b4-4aca-bb3f-5604ff407bc3,720.0,unboxing on fashion!,614.0,5592.0,88.0,1752935883.0,589676.0,2535.6222222222223,7b643e38-8f5d-4280-b348-4061b97bc48b
897.9699248120301,6e1eb8a4-56b4-4aca-bb3f-5604ff407bc3,720.0,challenge on fashion!,3429.0,405981.0,91.0,1749911883.0,887843.0,3876.0,c910718e-72e2-4d70-9b79-c7becadbb12c
1080.0,6e1eb8a4-56b4-4aca-bb3f-5604ff407bc3,720.0,vlog on fitness!,1505.0,253113.63264767933,73.0,1752676683.0,864342.0,518.0,9e5bf95a-3ac7-4f69-9088-0329a94f35c0
720.0,6e1eb8a4-56b4-4aca-bb3f-5604ff407bc3,720.0,challenge on food!,8985.0,60939.0,94.45944039501528,1749047883.0,38637.0,1412.0,f2f87f80-e6af-4e73-9845-e672019d0f9c
720.0,6e1eb8a4-56b4-4aca-bb3f-5604ff407bc3,1080.0,challenge on fitness!,2172.0,448936.0,41.0,1750171083.0,308775.0,860.0,7c286475-7096-45c1-9626-4f0da646a88f
720.0,ba0ab34a-8186-448b-939e-54a2d45fcea1,1080.0,challenge on travel!,5539.0,340957.0,138.0,1751553483.0,174616.0,2381.0,dbca6d98-94fa-4ad8-a23f-420b251c3212
1080.0,ba0ab34a-8186-448b-939e-54a2d45fcea1,1080.0,challenge on fashion!,6623.0,162042.0,92.0,1752331083.0,131150.0,3474.0,5cafa7af-141f-42e6-9d0e-dbade5866876
897.9699248120301,ba0ab34a-8186-448b-939e-54a2d45fcea1,720.0,challenge on tech!,4999.513470681458,253113.63264767933,41.0,1751812683.0,718764.0,338.0,4cab4310-6be3-49d1-bb10-35a8c1f4268f
720.0,ba0ab34a-8186-448b-939e-54a2d45fcea1,1080.0,vlog on beauty!,2763.0,105317.0,22.0,1753022283.0,742081.0,1000.0,1e9e97eb-5922-43e2-b353-e00c48cd3146
1080.0,ba0ab34a-8186-448b-939e-54a2d45fcea1,720.0,challenge on travel!,4118.0,253113.63264767933,94.45944039501528,1749220683.0,462080.0,575.0,a8e4907a-3f01-47c6-9c26-52538c37f691
720.0,ba0ab34a-8186-448b-939e-54a2d45fcea1,1080.0,reaction on fitness!,4999.513470681458,48620.0,102.0,1753022283.0,494478.7454455933,2150.0,2f7419eb-b97d-48f5-af04-41339fcbc5d2
720.0,ba0ab34a-8186-448b-939e-54a2d45fcea1,1080.0,reaction on travel!,4999.513470681458,10712.0,60.0,1752935883.0,75327.0,1710.0,e1b0edb7-2485-4fb4-ad41-18c3d3abaea2
1080.0,ba0ab34a-8186-448b-939e-54a2d45fcea1,720.0,unboxing on food!,5667.0,253113.63264767933,39.0,1749998283.0,15769.0,2786.0,2f13b944-b802-4eaf-b5fc-5d17193874da
720.0,ba0ab34a-8186-448b-939e-54a2d45fcea1,720.0,vlog on fashion!,2096.0,69924.0,151.0,1748356683.0,548915.0,2535.6222222222223,10a5cde1-c764-4784-a62f-834730deb5a0
1080.0,ba0ab34a-8186-448b-939e-54a2d45fcea1,1080.0,vlog on food!,3535.0,174015.0,126.0,1752331083.0,727734.0,2634.0,cc4e6f5e-c64c-44c5-a8eb-d2e6e4cc6da4
720.0,ba0ab34a-8186-448b-939e-54a2d45fcea1,720.0,reaction on fashion!,7965.0,16262.0,132.0,1750084683.0,950207.0,4969.0,4b5f0780-2f2f-4f6b-9959-ff6a3a088f4a
1080.0,ba0ab34a-8186-448b-939e-54a2d45fcea1,1080.0,challenge on beauty!,4999.513470681458,253113.63264767933,180.0,1748529483.0,299443.0,3830.0,2576b101-5491-4888-891a-bdb306a096f1
720.0,ba0ab34a-8186-448b-939e-54a2d45fcea1,720.0,unboxing on food!,1047.0,389737.0,94.45944039501528,1749307083.0,744367.0,2029.0,473b0879-491b-4c8b-9282-efd4983176c6
720.0,ba0ab34a-8186-448b-939e-54a2d45fcea1,720.0,review on travel!,5564.0,251802.0,126.0,1751899083.0,813849.0,3240.0,e7c09298-4700-48cb-a275-e0ea745fb8d0
1080.0,ba0ab34a-8186-448b-939e-54a2d45fcea1,1080.0,review on fashion!,2843.0,165341.0,47.0,1750430283.0,539470.0,3923.0,53ce7a95-a594-4ed0-9261-78dfda760187
720.0,ba0ab34a-8186-448b-939e-54a2d45fcea1,720.0,unboxing on beauty!,4999.513470681458,394378.0,70.0,1752071883.0,305109.0,1646.0,29db4f3e-a5d1-4bbd-8a45-67727932bb87
897.9699248120301,ba0ab34a-8186-448b-939e-54a2d45fcea1,720.0,reaction on travel!,4999.513470681458,175183.0,55.0,1750603083.0,107222.0,3556.0,48fd6e4f-e59b-4468-b883-753d1e6210ff
1080.0,ba0ab34a-8186-448b-939e-54a2d45fcea1,1080.0,challenge on fashion!,4999.513470681458,39832.0,178.0,1751294283.0,342131.0,4816.0,df504acd-59c5-4a7d-879e-e8a7d60d09b0
720.0,ba0ab34a-8186-448b-939e-54a2d45fcea1,1080.0,unboxing on food!,499.0,299483.0,105.0,1751899083.0,980932.0,1686.0,78d3492a-348c-49da-bc9e-b7eaba31f38a
720.0,20f29ae2-066e-4fec-ae31-1424833bb7a1,720.0,unboxing on tech!,9188.0,271852.0,158.0,1747924683.0,490955.0,3514.0,207ae3b8-a5d7-4686-93bf-c06c87a6977e
1080.0,20f29ae2-066e-4fec-ae31-1424833bb7a1,1080.0,challenge on tech!,3804.0,184454.0,94.45944039501528,1748356683.0,23271.0,4735.0,c5c65468-2ba4-4813-a04d-29d9a8c01e50
897.9699248120301,20f29ae2-066e-4fec-ae31-1424833bb7a1,720.0,review on food!,1606.0,427857.0,10.0,1748875083.0,494478.7454455933,4890.0,8be573fb-eda2-40fa-bdfe-cc77ce4a9d16
1080.0,20f29ae2-066e-4fec-ae31-1424833bb7a1,720.0,unboxing on travel!,5457.0,482370.0,124.0,1752331083.0,494478.7454455933,4179.0,302f3d61-405b-49cf-b299-e0522a6d16fa
1080.0,20f29ae2-066e-4fec-ae31-1424833bb7a1,720.0,unboxing on food!,4900.0,35378.0,70.0,1751035083.0,908764.0,3869.0,843d2c2f-db63-413b-b83a-98efbe34f5c4
720.0,20f29ae2-066e-4fec-ae31-1424833bb7a1,1080.0,unboxing on travel!,1755.0,409723.0,23.0,1748097483.0,782104.0,4335.0,2ac684ca-f7f2-43dc-ac98-f5214da2565b
720.0,20f29ae2-066e-4fec-ae31-1424833bb7a1,720.0,unboxing on travel!,2971.0,239771.0,94.45944039501528,1749479883.0,449011.0,1694.0,901b8687-9c5e-4ebb-8239-63a5472f2696
720.0,20f29ae2-066e-4fec-ae31-1424833bb7a1,1080.0,unboxing on food!,8774.0,70293.0,80.0,1753022283.0,798990.0,2535.6222222222223,92673314-6571-4f0a-9fcd-562eda115a2d
720.0,20f29ae2-066e-4fec-ae31-1424833bb7a1,720.0,reaction on beauty!,5281.0,309740.0,30.0,1749998283.0,699185.0,1627.0,b94304b9-023c-4432-b958-4d1aa486a8f9
720.0,20f29ae2-066e-4fec-ae31-1424833bb7a1,1080.0,reaction on fitness!,5972.0,349439.0,13.0,1752158283.0,624290.0,2535.6222222222223,7441bf5f-89a7-4899-84ce-bbcd9ca661e5
720.0,20f29ae2-066e-4fec-ae31-1424833bb7a1,1080.0,reaction on food!,1672.0,291514.0,17.0,1751380683.0,483247.0,4769.0,82385f85-b432-4204-a424-5663837beb1c
897.9699248120301,20f29ae2-066e-4fec-ae31-1424833bb7a1,720.0,reaction on tech!,9856.0,310200.0,43.0,1749566283.0,970240.0,3012.0,7b82cd71-fd53-4e59-8ffd-dc4307c27fb7
897.9699248120301,20f29ae2-066e-4fec-ae31-1424833bb7a1,1080.0,review on beauty!,4999.513470681458,312125.0,65.0,1749998283.0,438431.0,3484.0,56f7095d-9af4-4951-bdc2-291c9033dfcc
1080.0,20f29ae2-066e-4fec-ae31-1424833bb7a1,720.0,unboxing on fashion!,4927.0,470290.0,101.0,1751294283.0,494478.7454455933,1334.0,ecd96710-ad28-4980-a928-3f6b5c891169
720.0,20f29ae2-066e-4fec-ae31-1424833bb7a1,720.0,review on tech!,3161.0,493992.0,84.0,1750775883.0,717759.0,651.0,34f0b4bb-25bf-4a0f-80ae-519e6c08f588
720.0,20f29ae2-066e-4fec-ae31-1424833bb7a1,720.0,challenge on fashion!,9329.0,55413.0,72.0,1751726283.0,27098.0,2238.0,fbdc4385-b547-4ad2-aee4-d220efd4b8c4
720.0,20f29ae2-066e-4fec-ae31-1424833bb7a1,720.0,challenge on fitness!,4999.513470681458,416727.0,65.0,1749220683.0,481000.0,1518.0,4af52537-d09d-4886-913a-c03d8a17c9e2
720.0,20f29ae2-066e-4fec-ae31-1424833bb7a1,720.0,vlog on fitness!,4962.0,306617.0,65.0,1748961483.0,7588.0,769.0,d9c54e94-e15a-4a94-9363-797dee6f337c
720.0,20f29ae2-066e-4fec-ae31-1424833bb7a1,720.0,reaction on food!,4999.513470681458,159199.0,82.0,1752503883.0,494478.7454455933,2535.6222222222223,b3d4cde3-b1c4-4165-8e02-900f9b3f89e0
720.0,20f29ae2-066e-4fec-ae31-1424833bb7a1,1080.0,review on travel!,4999.513470681458,321852.0,45.0,1752158283.0,545946.0,4230.0,2687e268-accf-49e0-af95-7b9d08b8b528
897.9699248120301,20f29ae2-066e-4fec-ae31-1424833bb7a1,1080.0,challenge on food!,3635.0,171149.0,77.0,1752849483.0,494478.7454455933,2535.6222222222223,ea806f1e-8cbb-483f-9f2f-a64387579b5e
720.0,20f29ae2-066e-4fec-ae31-1424833bb7a1,720.0,unboxing on fitness!,6517.0,253113.63264767933,38.0,1748183883.0,528302.0,2655.0,ae7022fc-306d-4533-87ff-976d66a0791b
720.0,20f29ae2-066e-4fec-ae31-1424833bb7a1,720.0,unboxing on tech!,5663.0,404638.0,126.0,1749998283.0,943595.0,3873.0,4ca5dbc1-6af2-4aac-b9a2-15a655ec99be
1080.0,20f29ae2-066e-4fec-ae31-1424833bb7a1,1080.0,unboxing on fitness!,6948.0,110397.0,56.0,1752676683.0,864425.0,1049.0,c3a49e0e-6c57-476a-a63e-2fdb9a7e86ec
720.0,20f29ae2-066e-4fec-ae31-1424833bb7a1,720.0,vlog on fashion!,4265.0,76402.0,144.0,1752158283.0,914999.0,3165.0,ef809364-2fd0-4a89-abab-bca561dec60d
1080.0,20f29ae2-066e-4fec-ae31-1424833bb7a1,720.0,challenge on travel!,9343.0,36941.0,122.0,1750862283.0,822024.0,3379.0,92754408-5a1b-4fe9-baa7-68844817924d
720.0,20f29ae2-066e-4fec-ae31-1424833bb7a1,720.0,challenge on fashion!,7502.0,20196.0,100.0,1751207883.0,494478.7454455933,10.0,aa8af371-92c9-4bd0-a716-ef1df928b048
720.0,20f29ae2-066e-4fec-ae31-1424833bb7a1,720.0,challenge on fashion!,2335.0,234314.0,79.0,1752071883.0,285436.0,2229.0,bd5c430c-86d1-4189-bd1d-525132c578a9
1080.0,20f29ae2-066e-4fec-ae31-1424833bb7a1,720.0,unboxing on beauty!,4999.513470681458,215785.0,88.0,1750343883.0,382293.0,3225.0,9a224318-9242-4b0f-8b70-8236ecff9cfd
720.0,01692f40-df5b-4451-b0a3-78833f770f30,1080.0,reaction on fitness!,943.0,253113.63264767933,39.0,1752676683.0,786603.0,2886.0,91d239db-8ad0-4946-b45c-1d40d764a073
1080.0,01692f40-df5b-4451-b0a3-78833f770f30,720.0,reaction on beauty!,8510.0,253113.63264767933,25.0,1748183883.0,44486.0,3440.0,b00db801-c03b-44e1-a1dd-f85dc612f960
720.0,01692f40-df5b-4451-b0a3-78833f770f30,720.0,reaction on beauty!,4287.0,308929.0,133.0,1751899083.0,943724.0,3239.0,ccc5d4b2-fb4a-490a-86cd-8866d0461e0e
720.0,01692f40-df5b-4451-b0a3-78833f770f30,1080.0,reaction on fitness!,7025.0,36494.0,43.0,1748529483.0,286059.0,1613.0,fe0ac816-f935-41d9-9547-d7357562a629
720.0,01692f40-df5b-4451-b0a3-78833f770f30,1080.0,review on tech!,6725.0,284087.0,119.0,1752849483.0,284563.0,2535.6222222222223,d9fa9969-a1e8-490d-8bf9-d501b9e63de9
1080.0,01692f40-df5b-4451-b0a3-78833f770f30,720.0,reaction on fitness!,3511.0,196246.0,153.0,1748961483.0,392882.0,3762.0,c58bf00a-19a1-4ff9-8d49-a644ae073896
1080.0,01692f40-df5b-4451-b0a3-78833f770f30,1080.0,review on beauty!,3444.0,491399.0,64.0,1750516683.0,18432.0,950.0,b61472ff-79e2-47cf-8810-21bed808f90e
1080.0,01692f40-df5b-4451-b0a3-78833f770f30,720.0,review on fashion!,4999.513470681458,244359.0,150.0,1751380683.0,911409.0,4167.0,95d66571-1b4f-429e-a8da-5786e3c321e1
1080.0,01692f40-df5b-4451-b0a3-78833f770f30,720.0,reaction on food!,110.0,215947.0,156.0,1749307083.0,258928.0,4668.0,9f8e5789-2395-4180-ab5b-f3cb69e67eee
720.0,01692f40-df5b-4451-b0a3-78833f770f30,1080.0,reaction on beauty!,3295.0,253113.63264767933,10.0,1748788683.0,181527.0,4884.0,eeb68d16-666e-413c-b778-fc9d993716f4
897.9699248120301,01692f40-df5b-4451-b0a3-78833f770f30,720.0,challenge on food!,8000.0,272970.0,26.0,1752331083.0,29490.0,2105.0,7f67a273-2ef3-41de-a39f-e0237f2e0629
720.0,01692f40-df5b-4451-b0a3-78833f770f30,1080.0,vlog on tech!,6661.0,253113.63264767933,125.0,1749307083.0,722460.0,1695.0,cd510a45-8448-40e9-8cb8-bc0123fc95ce
1080.0,01692f40-df5b-4451-b0a3-78833f770f30,1080.0,reaction on beauty!,1204.0,382718.0,134.0,1750084683.0,276581.0,2515.0,0b2412bb-a386-470e-b929-602f61260bdb
1080.0,01692f40-df5b-4451-b0a3-78833f770f30,896.6165413533835,review on beauty!,270.0,345605.0,171.0,1747924683.0,327710.0,2538.0,c913f447-ad8f-494e-ba8b-0956a5d4b854
1080.0,01692f40-df5b-4451-b0a3-78833f770f30,720.0,vlog on tech!,9168.0,161619.0,177.0,1749220683.0,378009.0,2535.6222222222223,55c01355-0dd5-4888-a84b-9d16803ad364
720.0,01692f40-df5b-4451-b0a3-78833f770f30,1080.0,reaction on travel!,5204.0,301131.0,104.0,1748183883.0,539100.0,4294.0,15c8cde1-275a-4d1e-9fab-20e1ce95b853
720.0,01692f40-df5b-4451-b0a3-78833f770f30,1080.0,unboxing on tech!,9487.0,200113.0,113.0,1752590283.0,139879.0,3486.0,2835803c-375e-48bb-9f6f-c6a5c913c61b
1080.0,5311c263-50d0-4fb4-8f3b-75cebf4fd862,896.6165413533835,challenge on fashion!,8743.0,76820.0,88.0,1748443083.0,861730.0,2637.0,11518d55-a0d9-479d-9a83-43bcce9810bf
1080.0,5311c263-50d0-4fb4-8f3b-75cebf4fd862,720.0,unboxing on travel!,918.0,23483.0,117.0,1749652683.0,494478.7454455933,2535.6222222222223,6865430a-f23c-4b8e-9683-643fc19a3982
720.0,5311c263-50d0-4fb4-8f3b-75cebf4fd862,1080.0,vlog on food!,4999.513470681458,47002.0,14.0,1750689483.0,494478.7454455933,2535.6222222222223,6f50ecfd-63b6-41e3-afc3-d0fc21f38daa
720.0,5311c263-50d0-4fb4-8f3b-75cebf4fd862,1080.0,vlog on travel!,4999.513470681458,408354.0,72.0,1752935883.0,266646.0,828.0,8107260f-287d-4304-9780-427b5e083605
720.0,5311c263-50d0-4fb4-8f3b-75cebf4fd862,896.6165413533835,challenge on food!,4999.513470681458,127197.0,27.0,1749134283.0,870646.0,2390.0,a67f7db5-a356-4248-b337-93fdbebedf3e
1080.0,5311c263-50d0-4fb4-8f3b-75cebf4fd862,720.0,reaction on food!,5660.0,186419.0,127.0,1749652683.0,362672.0,3458.0,4d2026c3-1af3-4980-ac01-71e6d50f7ac2
1080.0,5311c263-50d0-4fb4-8f3b-75cebf4fd862,720.0,reaction on fashion!,3188.0,454186.0,151.0,1752503883.0,907418.0,4652.0,eb764bd4-a2dc-4ab0-9955-777d8f4e525a
720.0,5311c263-50d0-4fb4-8f3b-75cebf4fd862,1080.0,review on fitness!,6366.0,31040.0,85.0,1750862283.0,184392.0,1706.0,d0dd2b33-9c5d-498c-83be-c17fe5e1ea16
1080.0,5311c263-50d0-4fb4-8f3b-75cebf4fd862,720.0,unboxing on food!,4999.513470681458,463787.0,142.0,1751121483.0,12586.0,3941.0,e52ef05c-1ed9-4123-8c7f-33738b65668e
1080.0,5311c263-50d0-4fb4-8f3b-75cebf4fd862,1080.0,review on fashion!,4999.513470681458,332781.0,167.0,1752503883.0,633961.0,3285.0,26de71db-a02a-4a3f-9ed3-bca0b57bf2d3
720.0,5311c263-50d0-4fb4-8f3b-75cebf4fd862,720.0,reaction on tech!,4999.513470681458,253113.63264767933,176.0,1752071883.0,920030.0,4786.0,4b0ef6b9-4303-49f5-9c4b-db11e45cf9b8
720.0,5311c263-50d0-4fb4-8f3b-75cebf4fd862,1080.0,reaction on fashion!,4999.513470681458,468958.0,124.0,1749307083.0,470580.0,2535.6222222222223,36022900-cfdb-4ce9-8c53-f5ee9ad8d288
1080.0,5311c263-50d0-4fb4-8f3b-75cebf4fd862,1080.0,unboxing on travel!,213.0,479315.0,156.0,1751380683.0,374815.0,3621.0,0922b8c3-c3dc-4ef7-bc7b-4a448b1875f1
720.0,5311c263-50d0-4fb4-8f3b-75cebf4fd862,896.6165413533835,challenge on fitness!,3312.0,474984.0,49.0,1749825483.0,440848.0,1190.0,14d0bc74-a3d5-474c-a252-99913457e7b7
720.0,5311c263-50d0-4fb4-8f3b-75cebf4fd862,1080.0,review on tech!,7219.0,279659.0,95.0,1748529483.0,627817.0,3102.0,020216a6-6e04-4f33-805c-874a80cad6fa
720.0,5311c263-50d0-4fb4-8f3b-75cebf4fd862,720.0,review on tech!,5501.0,174533.0,149.0,1750603083.0,902263.0,2535.6222222222223,3d38be47-7f8e-4933-bbf7-fb6adbd2b20f
720.0,5e87b9fa-cb8a-4f0e-922d-365999863bac,720.0,review on fitness!,4999.513470681458,253113.63264767933,50.0,1749479883.0,912893.0,4969.0,af9e16fa-2435-4d93-956b-3ee67fd6b943
720.0,5e87b9fa-cb8a-4f0e-922d-365999863bac,1080.0,challenge on fashion!,5360.0,171555.0,30.0,1750689483.0,849850.0,557.0,91729e16-d961-4fb2-8c1d-7568675a7be3
720.0,5e87b9fa-cb8a-4f0e-922d-365999863bac,1080.0,challenge on travel!,4999.513470681458,327055.0,125.0,1747924683.0,721689.0,4725.0,30433f74-d9a6-4100-86de-f11a59b827ad
1080.0,5e87b9fa-cb8a-4f0e-922d-365999863bac,1080.0,vlog on food!,7997.0,180870.0,177.0,1752158283.0,289447.0,339.0,bab6caee-7558-4e3a-a851-3e4febdb4e40
720.0,5e87b9fa-cb8a-4f0e-922d-365999863bac,1080.0,reaction on fashion!,1042.0,448768.0,43.0,1750689483.0,33973.0,3642.0,52d51d0c-ff71-44ba-8160-4f291021173f
720.0,5e87b9fa-cb8a-4f0e-922d-365999863bac,1080.0,challenge on food!,586.0,113725.0,103.0,1751899083.0,494478.7454455933,2535.6222222222223,f55d6ab3-03f0-456d-9b42-5f71cba402f7
720.0,5e87b9fa-cb8a-4f0e-922d-365999863bac,896.6165413533835,reaction on travel!,4999.513470681458,305643.0,11.0,1748443083.0,664081.0,4379.0,4a04d354-62bb-4ebc-a64b-265c0167f861
897.9699248120301,5e87b9fa-cb8a-4f0e-922d-365999863bac,1080.0,vlog on food!,1997.0,175358.0,155.0,1748529483.0,494478.7454455933,1944.0,7dd3624f-b04e-448b-bd98-35667a89464a
1080.0,5e87b9fa-cb8a-4f0e-922d-365999863bac,1080.0,review on beauty!,467.0,253113.63264767933,130.0,1751207883.0,30968.0,2602.0,9791f87a-6e44-4fe0-bcc2-6e7ea2b5341f
1080.0,5e87b9fa-cb8a-4f0e-922d-365999863bac,1080.0,challenge on beauty!,5874.0,219039.0,54.0,1751812683.0,444482.0,811.0,11ad9cb2-53fe-4212-9e57-8af9602cef72
1080.0,5e87b9fa-cb8a-4f0e-922d-365999863bac,720.0,review on food!,4803.0,417924.0,34.0,1749047883.0,915307.0,964.0,fe8de7b4-0ead-4ff5-97cf-54c9f7d3be4a
720.0,5e87b9fa-cb8a-4f0e-922d-365999863bac,1080.0,unboxing on beauty!,9149.0,252389.0,147.0,1750430283.0,259091.0,2535.6222222222223,354f761d-1e3d-4af1-9bbd-486290b08493
1080.0,5e87b9fa-cb8a-4f0e-922d-365999863bac,1080.0,review on fitness!,4950.0,248390.0,94.45944039501528,1752071883.0,187206.0,2535.6222222222223,e6ea6943-40fe-46ee-a832-47777a265cb7
1080.0,5e87b9fa-cb8a-4f0e-922d-365999863bac,720.0,reaction on fashion!,7624.0,322769.0,81.0,1752849483.0,943898.0,446.0,43f51361-35b1-438e-9058-d58eea844d9b
1080.0,5e87b9fa-cb8a-4f0e-922d-365999863bac,896.6165413533835,challenge on beauty!,368.0,190749.0,155.0,1747924683.0,549381.0,1028.0,e3fceb9c-6488-4d40-9b77-be41a0259a58
1080.0,5e87b9fa-cb8a-4f0e-922d-365999863bac,720.0,unboxing on beauty!,4539.0,154097.0,18.0,1752331083.0,494478.7454455933,4668.0,4fd30d76-5b65-4c6c-beca-bb8a8f881afd
1080.0,5e87b9fa-cb8a-4f0e-922d-365999863bac,720.0,challenge on fitness!,9107.0,292166.0,22.0,1749566283.0,494478.7454455933,2144.0,a7d158a0-a755-4ae0-852d-e733d9ae07ca
720.0,5e87b9fa-cb8a-4f0e-922d-365999863bac,720.0,vlog on fitness!,20.0,244461.0,12.0,1749220683.0,595262.0,4919.0,bef538b8-eee7-4760-b5db-04a9af97e7be
720.0,5e87b9fa-cb8a-4f0e-922d-365999863bac,720.0,vlog on food!,4999.513470681458,450571.0,41.0,1750862283.0,573042.0,2161.0,98635672-b244-48bc-96aa-78b9557fef85
720.0,5e87b9fa-cb8a-4f0e-922d-365999863bac,720.0,challenge on tech!,4095.0,87007.0,28.0,1750775883.0,202796.0,4369.0,939d17e7-2f1d-4699-b026-d858e03369d3
897.9699248120301,5e87b9fa-cb8a-4f0e-922d-365999863bac,1080.0,reaction on travel!,1667.0,453736.0,41.0,1750430283.0,208621.0,1666.0,80c40c5e-18ca-442b-9e09-0d320ea6da73
1080.0,5e87b9fa-cb8a-4f0e-922d-365999863bac,1080.0,unboxing on tech!,1162.0,365793.0,126.0,1752849483.0,316488.0,4457.0,da703143-cc23-407f-95a2-e84d1ec99ae3
720.0,5e87b9fa-cb8a-4f0e-922d-365999863bac,1080.0,challenge on travel!,125.0,253113.63264767933,40.0,1751294283.0,291819.0,3884.0,86fa3f51-a443-4d0a-aad9-aed065279571
720.0,5e87b9fa-cb8a-4f0e-922d-365999863bac,1080.0,reaction on tech!,9408.0,253113.63264767933,158.0,1751294283.0,852073.0,3909.0,30649ff5-ab71-45a3-b82b-0a2afa22e030
1080.0,5e87b9fa-cb8a-4f0e-922d-365999863bac,720.0,reaction on beauty!,2097.0,50815.0,48.0,1752071883.0,696294.0,3336.0,b6bef89d-f0e8-487d-92df-7d5cf23322bc
720.0,5e87b9fa-cb8a-4f0e-922d-365999863bac,1080.0,review on travel!,4999.513470681458,403478.0,107.0,1751726283.0,749476.0,2535.6222222222223,7ba82ced-98ed-40d2-991d-dc6d2a43263c
1080.0,5e87b9fa-cb8a-4f0e-922d-365999863bac,1080.0,unboxing on fashion!,7107.0,72022.0,119.0,1752676683.0,756506.0,231.0,6d7597d4-717b-49b9-887e-c85a704bcbaa
1080.0,5e87b9fa-cb8a-4f0e-922d-365999863bac,1080.0,reaction on beauty!,5120.0,417478.0,140.0,1752503883.0,207329.0,4286.0,e3aeb0c7-a754-4e33-8eef-d32fa38f4c58
720.0,2ae787ee-f16f-4798-8671-70e527f7ac46,1080.0,challenge on food!,5020.0,402737.0,132.0,1751899083.0,503942.0,4838.0,d7e4dcad-3a6b-425c-9bbe-9d1005debac4
720.0,2ae787ee-f16f-4798-8671-70e527f7ac46,1080.0,challenge on travel!,1014.0,246440.0,52.0,1749220683.0,590384.0,4916.0,8f607148-e646-4c3e-b3aa-c4bc6d2885c1
720.0,2ae787ee-f16f-4798-8671-70e527f7ac46,1080.0,vlog on tech!,4999.513470681458,149660.0,170.0,1752590283.0,802775.0,4802.0,a7a433f3-0b65-4f41-a054-71cfbed8affe
1080.0,2ae787ee-f16f-4798-8671-70e527f7ac46,720.0,reaction on travel!,1295.0,6107.0,147.0,1748615883.0,346338.0,2320.0,0d94778c-fa0f-483a-9616-e668d1de6116
897.9699248120301,2ae787ee-f16f-4798-8671-70e527f7ac46,720.0,reaction on food!,5528.0,406879.0,53.0,1748356683.0,488779.0,4637.0,ae2211f7-2c4d-4b53-8852-d85dfef450dc
1080.0,2ae787ee-f16f-4798-8671-70e527f7ac46,1080.0,review on tech!,5284.0,146948.0,102.0,1748011083.0,249857.0,1859.0,b02abde4-9f2f-4518-8acc-9257b17f7427
1080.0,2ae787ee-f16f-4798-8671-70e527f7ac46,1080.0,challenge on fitness!,4999.513470681458,157256.0,165.0,1752676683.0,550306.0,1721.0,dec80be3-04ae-4a1a-a7bc-ab8d79daca2d
1080.0,2ae787ee-f16f-4798-8671-70e527f7ac46,896.6165413533835,unboxing on fashion!,4999.513470681458,221263.0,94.45944039501528,1749393483.0,354260.0,988.0,f16826b2-09e1-4fd0-8fe9-946f654c3024
720.0,2ae787ee-f16f-4798-8671-70e527f7ac46,720.0,challenge on beauty!,1480.0,432267.0,140.0,1751380683.0,494478.7454455933,256.0,6e789aaf-dcac-4561-8fbc-59e54892041a
720.0,2ae787ee-f16f-4798-8671-70e527f7ac46,1080.0,challenge on tech!,4380.0,277720.0,90.0,1748615883.0,232312.0,4759.0,8542dfa7-c2c8-4468-9b7f-a0125331796a
720.0,2ae787ee-f16f-4798-8671-70e527f7ac46,720.0,reaction on fashion!,6236.0,215755.0,48.0,1750084683.0,12598.0,1266.0,2db5a257-b112-40e9-926d-2763eb447089
720.0,2ae787ee-f16f-4798-8671-70e527f7ac46,720.0,reaction on travel!,2304.0,41574.0,157.0,1752676683.0,469865.0,3692.0,d9bd4991-c441-4658-aed5-72e406081a5c
720.0,2ae787ee-f16f-4798-8671-70e527f7ac46,720.0,reaction on fitness!,9232.0,68025.0,100.0,1748702283.0,343781.0,2535.6222222222223,8bbc1d0a-c2bc-4510-8e45-1eb42e2f6ec2
720.0,2ae787ee-f16f-4798-8671-70e527f7ac46,1080.0,reaction on travel!,781.0,322929.0,165.0,1748183883.0,469923.0,2535.6222222222223,fa2f7e71-8fbd-482e-a559-0a1276b62e19
1080.0,2ae787ee-f16f-4798-8671-70e527f7ac46,720.0,vlog on fashion!,1533.0,426885.0,29.0,1750430283.0,879884.0,637.0,b099f98a-d5bb-47d2-b747-47efdcfb8e7c
720.0,2ae787ee-f16f-4798-8671-70e527f7ac46,1080.0,vlog on food!,5845.0,253113.63264767933,101.0,1749479883.0,841620.0,1385.0,8c73f0a1-27a4-41aa-9ef3-aed5f2c9a224
1080.0,2ae787ee-f16f-4798-8671-70e527f7ac46,1080.0,review on food!,1704.0,233248.0,116.0,1749739083.0,118746.0,2374.0,3fbbd129-cbc1-416a-bb4e-b23db22c8d17
1080.0,2ae787ee-f16f-4798-8671-70e527f7ac46,720.0,review on fashion!,2910.0,170646.0,143.0,1750430283.0,296801.0,4423.0,417b7dfb-e680-4b21-8856-3fb8500eac85
720.0,2ae787ee-f16f-4798-8671-70e527f7ac46,720.0,review on tech!,2468.0,261565.0,84.0,1752158283.0,92610.0,4461.0,6ebdcb13-c0a0-41de-bca7-e3d69c46cf56
1080.0,2ae787ee-f16f-4798-8671-70e527f7ac46,720.0,reaction on food!,6131.0,77762.0,145.0,1749134283.0,201389.0,3630.0,712f06fb-d474-49cc-a4e1-5c22bf64938c
720.0,2ae787ee-f16f-4798-8671-70e527f7ac46,720.0,challenge on fashion!,886.0,493105.0,115.0,1750430283.0,997492.0,4526.0,f0d961ad-2381-4489-845b-b2e7b338b888
1080.0,2ae787ee-f16f-4798-8671-70e527f7ac46,1080.0,review on food!,7133.0,253113.63264767933,71.0,1749566283.0,740999.0,285.0,83d4d54d-26c6-4f84-8c75-eb3377a9c0ba
720.0,2ae787ee-f16f-4798-8671-70e527f7ac46,720.0,unboxing on fitness!,1636.0,459996.0,14.0,1750430283.0,494478.7454455933,968.0,6b82ae6f-f0e2-445b-9968-f49dabc5095f
1080.0,2ae787ee-f16f-4798-8671-70e527f7ac46,1080.0,challenge on tech!,4640.0,173543.0,40.0,1750171083.0,683467.0,1890.0,be76df4e-e425-49c2-8d12-cf7c8ed4bec9
720.0,2ae787ee-f16f-4798-8671-70e527f7ac46,1080.0,vlog on tech!,4999.513470681458,321534.0,59.0,1748961483.0,251767.0,642.0,2074d271-9ae3-43a7-9a54-2e15942c7c81
720.0,2ae787ee-f16f-4798-8671-70e527f7ac46,1080.0,vlog on fashion!,188.0,440989.0,94.45944039501528,1750948683.0,980485.0,2535.6222222222223,df03718d-b958-4324-8f9d-2e7f865cfd90
1080.0,2ae787ee-f16f-4798-8671-70e527f7ac46,1080.0,reaction on food!,4239.0,35894.0,108.0,1751812683.0,343562.0,2317.0,550921ef-b976-4faa-bf5c-e449fd5b93bd
720.0,2ae787ee-f16f-4798-8671-70e527f7ac46,1080.0,unboxing on tech!,234.0,426717.0,94.45944039501528,1751899083.0,753571.0,1879.0,de91ce4e-3344-4f4c-9786-ba537990ff0e
1080.0,3aca4b64-b196-42dd-babf-53c0e4dfcc3d,720.0,reaction on food!,3540.0,393221.0,25.0,1749220683.0,396481.0,1022.0,24d2ab2a-b844-4fcb-80f2-6ed9c373c5c7
1080.0,3aca4b64-b196-42dd-babf-53c0e4dfcc3d,1080.0,unboxing on travel!,4864.0,43710.0,122.0,1751899083.0,167468.0,1543.0,9a645e26-b514-495d-9484-3f6de7ae88e1
720.0,3aca4b64-b196-42dd-babf-53c0e4dfcc3d,720.0,reaction on tech!,2144.0,179961.0,78.0,1752503883.0,56582.0,3996.0,11655869-a0e3-437c-91de-c829a23569ba
720.0,3aca4b64-b196-42dd-babf-53c0e4dfcc3d,1080.0,review on fashion!,854.0,253113.63264767933,43.0,1749652683.0,928209.0,635.0,a95e9538-fe6b-4f97-9ce3-7cdd8e992dcd
1080.0,3aca4b64-b196-42dd-babf-53c0e4dfcc3d,720.0,unboxing on fashion!,8507.0,325565.0,13.0,1749652683.0,496413.0,2535.6222222222223,43845f26-0a41-40ae-adbd-602a530f256a
1080.0,3aca4b64-b196-42dd-babf-53c0e4dfcc3d,720.0,review on tech!,6397.0,269144.0,144.0,1750948683.0,86636.0,2535.6222222222223,1647e281-2783-47d4-8f62-d29cd1957fc8
1080.0,3aca4b64-b196-42dd-babf-53c0e4dfcc3d,1080.0,unboxing on beauty!,8241.0,451239.0,141.0,1752331083.0,501724.0,1915.0,d3287f83-816c-4364-9630-0b8fd32392b7
1080.0,3aca4b64-b196-42dd-babf-53c0e4dfcc3d,1080.0,challenge on tech!,9939.0,445979.0,146.0,1749998283.0,9399.0,1487.0,28a4b938-bf0a-4805-81e5-f5a2a726705e
720.0,3aca4b64-b196-42dd-babf-53c0e4dfcc3d,720.0,unboxing on beauty!,65.0,293252.0,145.0,1751812683.0,327079.0,3368.0,e792e5dd-d49a-4a08-b59b-fd3e94bb9dde
720.0,3aca4b64-b196-42dd-babf-53c0e4dfcc3d,720.0,challenge on fashion!,2300.0,455489.0,80.0,1752331083.0,347206.0,1060.0,e43e7781-71c1-4471-b159-12070a359e94
720.0,3aca4b64-b196-42dd-babf-53c0e4dfcc3d,1080.0,reaction on fitness!,2167.0,80846.0,26.0,1748011083.0,100076.0,3995.0,8d5633b1-fa2c-4490-a310-074ad73da340
720.0,3aca4b64-b196-42dd-babf-53c0e4dfcc3d,1080.0,challenge on fashion!,2234.0,84618.0,151.0,1752590283.0,771484.0,1681.0,a0a51fb5-b96c-4225-bd18-587e9424e404
1080.0,3aca4b64-b196-42dd-babf-53c0e4dfcc3d,1080.0,reaction on travel!,7202.0,278118.0,82.0,1750430283.0,619726.0,4345.0,d77414a8-fc6e-4c36-aa92-260480493cc7
1080.0,3aca4b64-b196-42dd-babf-53c0e4dfcc3d,1080.0,review on food!,138.0,377452.0,173.0,1751035083.0,3856.0,332.0,d2d0bd63-7842-496a-9b18-596f247bc74d
720.0,3aca4b64-b196-42dd-babf-53c0e4dfcc3d,1080.0,review on tech!,4999.513470681458,342028.0,21.0,1752935883.0,234021.0,3823.0,cd16d8df-3d73-4ca0-9e00-fa53905963c5
1080.0,3aca4b64-b196-42dd-babf-53c0e4dfcc3d,1080.0,vlog on tech!,4709.0,405978.0,92.0,1750689483.0,348464.0,2535.6222222222223,8b6ff4be-8215-4485-bc79-16041c4ec05c
1080.0,3aca4b64-b196-42dd-babf-53c0e4dfcc3d,720.0,unboxing on tech!,2696.0,378237.0,126.0,1752849483.0,187083.0,4170.0,e18e3e72-4129-4450-941d-f2ca362e62de
1080.0,3aca4b64-b196-42dd-babf-53c0e4dfcc3d,1080.0,review on food!,1698.0,473824.0,105.0,1748702283.0,548105.0,2462.0,d1c49539-48a2-412e-8ad9-8bc9f28fa8e1
1080.0,3aca4b64-b196-42dd-babf-53c0e4dfcc3d,1080.0,challenge on food!,6771.0,295843.0,53.0,1749911883.0,231939.0,565.0,b8462bcf-c406-444f-9581-b17c8793a7fa
1080.0,3aca4b64-b196-42dd-babf-53c0e4dfcc3d,720.0,review on travel!,2636.0,472399.0,82.0,1752417483.0,817918.0,3530.0,e0237765-2201-487f-8080-6de815fdb965
897.9699248120301,3aca4b64-b196-42dd-babf-53c0e4dfcc3d,720.0,vlog on fitness!,7083.0,140344.0,82.0,1750775883.0,427583.0,4255.0,8af27c5a-e2a4-49e2-9bfc-3a48cc711460
720.0,c07bf904-5ecd-45ed-bfbe-f6fa9272d4c7,1080.0,reaction on tech!,9661.0,224582.0,94.45944039501528,1752935883.0,956740.0,3935.0,0581252b-10cf-4897-9ae1-094777593acb
1080.0,c07bf904-5ecd-45ed-bfbe-f6fa9272d4c7,1080.0,challenge on fitness!,3130.0,253113.63264767933,95.0,1752590283.0,181349.0,2535.6222222222223,59cf9f9b-843f-4948-addb-496f118521f4
1080.0,c07bf904-5ecd-45ed-bfbe-f6fa9272d4c7,720.0,review on food!,5076.0,362138.0,157.0,1751207883.0,153160.0,2710.0,d806befa-58b7-47b2-97ea-92d72928cdc8
720.0,c07bf904-5ecd-45ed-bfbe-f6fa9272d4c7,1080.0,review on food!,2615.0,374740.0,159.0,1748788683.0,582943.0,1100.0,e3ed3208-ff25-4742-b39b-335007db03ca
1080.0,c07bf904-5ecd-45ed-bfbe-f6fa9272d4c7,1080.0,vlog on tech!,9729.0,330805.0,102.0,1752244683.0,143627.0,1724.0,2459b7c4-6dd4-4f07-a5ad-775f512b37ed
1080.0,c07bf904-5ecd-45ed-bfbe-f6fa9272d4c7,1080.0,challenge on tech!,103.0,279391.0,35.0,1750084683.0,347038.0,3578.0,1744f91f-4997-4443-b17b-5ce218fff721
1080.0,c07bf904-5ecd-45ed-bfbe-f6fa9272d4c7,720.0,review on food!,9359.0,285393.0,59.0,1749479883.0,494478.7454455933,4590.0,9eb1342b-9211-470d-94ca-d6bd743e04ed
1080.0,c07bf904-5ecd-45ed-bfbe-f6fa9272d4c7,1080.0,reaction on beauty!,3918.0,383804.0,143.0,1752158283.0,847935.0,2535.6222222222223,7ccde355-54d8-4749-8442-1bfa9a6413f7
720.0,c07bf904-5ecd-45ed-bfbe-f6fa9272d4c7,1080.0,challenge on fitness!,3677.0,304625.0,85.0,1748702283.0,940224.0,2076.0,024924e4-3d2d-42da-ac7b-3ea15d421633
1080.0,c07bf904-5ecd-45ed-bfbe-f6fa9272d4c7,1080.0,vlog on travel!,3983.0,217744.0,123.0,1748183883.0,26966.0,4908.0,309676bd-064d-4f03-9007-11aa7550953f
720.0,c07bf904-5ecd-45ed-bfbe-f6fa9272d4c7,720.0,unboxing on fashion!,3357.0,383451.0,116.0,1750437953.577738,494478.7454455933,2535.6222222222223,2793903f-71ce-40a0-9d35-61e1003f919e
1080.0,c07bf904-5ecd-45ed-bfbe-f6fa9272d4c7,720.0,challenge on fitness!,3692.0,399451.0,171.0,1751380683.0,191328.0,471.0,f278bc85-ea44-4d91-a526-9cfebf05c5df
720.0,c07bf904-5ecd-45ed-bfbe-f6fa9272d4c7,720.0,review on tech!,1135.0,253113.63264767933,67.0,1752331083.0,306142.0,1398.0,b8000a6f-c0a6-4aa7-bbf9-854cbecdca66
1080.0,c07bf904-5ecd-45ed-bfbe-f6fa9272d4c7,720.0,challenge on travel!,6453.0,305274.0,41.0,1751985483.0,650663.0,176.0,038b531c-6bb9-412b-9315-22b30056bffe
720.0,c07bf904-5ecd-45ed-bfbe-f6fa9272d4c7,720.0,reaction on fashion!,4999.513470681458,115669.0,13.0,1749134283.0,589345.0,2013.0,bceb7bea-37d6-444e-8b31-10f20432189e
1080.0,ba3f4aae-8219-44dd-87bb-11c7afdefca6,1080.0,vlog on beauty!,7153.0,432860.0,106.0,1752676683.0,949119.0,3723.0,0a41eedc-1d12-416a-8bdb-d7a3a2172ea0
720.0,ba3f4aae-8219-44dd-87bb-11c7afdefca6,1080.0,vlog on beauty!,2977.0,377439.0,140.0,1752158283.0,494478.7454455933,2286.0,dac1b7cc-034f-495d-9852-153885fc0d1b
1080.0,ba3f4aae-8219-44dd-87bb-11c7afdefca6,1080.0,challenge on fashion!,5657.0,340524.0,15.0,1750948683.0,775580.0,2535.6222222222223,b14f2f8d-e388-4cd4-b590-c503dfcc1c3e
720.0,ba3f4aae-8219-44dd-87bb-11c7afdefca6,896.6165413533835,unboxing on beauty!,4999.513470681458,293374.0,37.0,1750171083.0,273728.0,2535.6222222222223,87a88997-3f2b-4f62-9edc-dd79197792bf
720.0,ba3f4aae-8219-44dd-87bb-11c7afdefca6,720.0,unboxing on beauty!,2923.0,254764.0,58.0,1748443083.0,831928.0,289.0,8f82da08-ddbf-4159-8e6e-bdbe1d6e8ae7
1080.0,ba3f4aae-8219-44dd-87bb-11c7afdefca6,1080.0,unboxing on travel!,4740.0,312087.0,122.0,1748011083.0,138538.0,2370.0,3a9a286a-e391-4f88-a5f0-4e81910f9563
1080.0,ba3f4aae-8219-44dd-87bb-11c7afdefca6,1080.0,review on beauty!,9437.0,145875.0,24.0,1750516683.0,207558.0,3859.0,0affd712-b896-43e4-8476-76dabf189d91
720.0,ba3f4aae-8219-44dd-87bb-11c7afdefca6,1080.0,reaction on travel!,822.0,253113.63264767933,72.0,1748097483.0,624194.0,2431.0,a2809d64-cfe2-4055-8b90-8b0b0b923370
1080.0,ba3f4aae-8219-44dd-87bb-11c7afdefca6,1080.0,reaction on tech!,6697.0,86663.0,92.0,1749911883.0,759919.0,279.0,18fb6259-3c14-4f6a-a7f6-052e7cd05052
720.0,ba3f4aae-8219-44dd-87bb-11c7afdefca6,720.0,review on beauty!,7905.0,67539.0,41.0,1748529483.0,333440.0,3015.0,11e578ea-f439-4532-95bb-9aed2e1c22a1
720.0,ba3f4aae-8219-44dd-87bb-11c7afdefca6,720.0,challenge on travel!,3003.0,253113.63264767933,99.0,1747924683.0,484712.0,4722.0,20487bca-d994-4eb5-8792-2582c06c7989
720.0,ba3f4aae-8219-44dd-87bb-11c7afdefca6,720.0,challenge on tech!,5449.0,476665.0,126.0,1751121483.0,629966.0,4756.0,6efc2408-8011-4d6d-ab2f-4cb3d84bdb1d
720.0,ba3f4aae-8219-44dd-87bb-11c7afdefca6,720.0,review on food!,9081.0,32032.0,101.0,1751553483.0,21865.0,642.0,6c74b6f3-62a7-417a-92d4-7fbace7e7a8a
1080.0,ba3f4aae-8219-44dd-87bb-11c7afdefca6,1080.0,review on food!,9222.0,109648.0,20.0,1747924683.0,555649.0,2185.0,16065d11-dee3-4de4-af9a-d60cf372e76e
720.0,ba3f4aae-8219-44dd-87bb-11c7afdefca6,1080.0,unboxing on tech!,4999.513470681458,60150.0,144.0,1748183883.0,484100.0,4794.0,74405e07-60c8-467c-bc98-155f131e73f6
897.9699248120301,ba3f4aae-8219-44dd-87bb-11c7afdefca6,720.0,vlog on fashion!,5423.0,253113.63264767933,38.0,1752590283.0,30435.0,2181.0,ac431a8a-747b-4252-8b49-18b4d60453c1
720.0,ba3f4aae-8219-44dd-87bb-11c7afdefca6,1080.0,unboxing on beauty!,2923.0,438375.0,179.0,1751207883.0,635690.0,4151.0,ac00c93b-cca5-441a-b055-28d29c8227f9
720.0,ba3f4aae-8219-44dd-87bb-11c7afdefca6,1080.0,vlog on beauty!,5943.0,248160.0,94.45944039501528,1750343883.0,596241.0,4040.0,d95eca0a-3b19-4b63-8840-18587f2e1cb0
1080.0,ba3f4aae-8219-44dd-87bb-11c7afdefca6,1080.0,review on tech!,5719.0,253113.63264767933,29.0,1750171083.0,137773.0,2535.6222222222223,e02ef6c6-f700-484d-ae2f-3dbecffa6a8f
720.0,ba3f4aae-8219-44dd-87bb-11c7afdefca6,720.0,vlog on food!,5620.0,489841.0,13.0,1748875083.0,909327.0,3813.0,1295cbf1-3616-4097-b672-12db34e4394e
1080.0,ba3f4aae-8219-44dd-87bb-11c7afdefca6,896.6165413533835,challenge on food!,438.0,232633.0,115.0,1748270283.0,799681.0,1695.0,59869df0-41ce-4fd8-94b8-a4710c8f96da
1080.0,ba3f4aae-8219-44dd-87bb-11c7afdefca6,720.0,challenge on beauty!,4639.0,90050.0,127.0,1748443083.0,273400.0,3478.0,aa4c900c-a931-49bc-b94a-b6d932953b71
720.0,ba3f4aae-8219-44dd-87bb-11c7afdefca6,720.0,reaction on food!,6510.0,291443.0,118.0,1748270283.0,614038.0,4856.0,bf71bc5e-500e-4a8a-ba8f-d62d5d7c3e9d
1080.0,c0e3c74b-d061-437f-9f7b-36a79fc3d1a3,1080.0,review on travel!,5482.0,11889.0,123.0,1749220683.0,615099.0,2582.0,1fd5bf26-55ee-4eea-b740-eae5e0dc3af1
720.0,c0e3c74b-d061-437f-9f7b-36a79fc3d1a3,1080.0,unboxing on fitness!,7447.0,112893.0,118.0,1750775883.0,452422.0,4141.0,918b6584-3bbf-42a0-b1c4-998ac55e62e6
720.0,c0e3c74b-d061-437f-9f7b-36a79fc3d1a3,720.0,vlog on travel!,8826.0,298227.0,52.0,1752331083.0,728554.0,3567.0,8290909b-d37e-4095-8e91-a5131d87d711
720.0,c0e3c74b-d061-437f-9f7b-36a79fc3d1a3,1080.0,challenge on beauty!,9333.0,114992.0,147.0,1752676683.0,943950.0,2764.0,0e7f6429-5f00-43d7-95de-1f0a1dbd35f5
1080.0,c0e3c74b-d061-437f-9f7b-36a79fc3d1a3,1080.0,reaction on tech!,8643.0,1293.0,89.0,1751553483.0,778614.0,3319.0,9c52dad8-f75a-4156-9855-266345ef7c4b
720.0,c0e3c74b-d061-437f-9f7b-36a79fc3d1a3,720.0,challenge on tech!,9856.0,207426.0,171.0,1752158283.0,494478.7454455933,2535.6222222222223,26376eaf-5b30-45b3-9c17-cade95d74c40
897.9699248120301,c0e3c74b-d061-437f-9f7b-36a79fc3d1a3,720.0,unboxing on tech!,4999.513470681458,253113.63264767933,92.0,1752417483.0,24041.0,777.0,d899c734-732d-4ab3-9c70-e3225c01ff31
720.0,c0e3c74b-d061-437f-9f7b-36a79fc3d1a3,720.0,unboxing on fashion!,6623.0,392745.0,94.45944039501528,1752849483.0,196566.0,475.0,dd3bca57-5cd5-4354-b628-a2587a88c1a9
720.0,c0e3c74b-d061-437f-9f7b-36a79fc3d1a3,1080.0,reaction on tech!,7257.0,286739.0,173.0,1750775883.0,494478.7454455933,1429.0,2b1dd4b5-ffe4-4222-a46d-e02b5420adbf
720.0,c0e3c74b-d061-437f-9f7b-36a79fc3d1a3,720.0,challenge on travel!,4999.513470681458,94608.0,122.0,1750948683.0,350911.0,311.0,67aa0d65-248b-47db-b434-f69df3b46f47
1080.0,c0e3c74b-d061-437f-9f7b-36a79fc3d1a3,720.0,reaction on fashion!,38.0,253113.63264767933,138.0,1749047883.0,819206.0,2535.6222222222223,f4308354-f3c5-4305-85f4-168854ca1986
1080.0,c0e3c74b-d061-437f-9f7b-36a79fc3d1a3,720.0,reaction on food!,2263.0,215295.0,94.45944039501528,1748270283.0,613588.0,799.0,a6545741-c90f-4b16-ad1f-709ed87d44a4
1080.0,c0e3c74b-d061-437f-9f7b-36a79fc3d1a3,720.0,reaction on fitness!,9176.0,223674.0,87.0,1749393483.0,730661.0,4169.0,c39c1804-a7f8-413c-b4d1-a7cc10bb4e60
1080.0,c0e3c74b-d061-437f-9f7b-36a79fc3d1a3,1080.0,review on travel!,4906.0,247611.0,125.0,1748270283.0,52455.0,3552.0,34d78abf-fda4-4c5d-8a9f-ed4fcd33ff23
720.0,c0e3c74b-d061-437f-9f7b-36a79fc3d1a3,720.0,review on travel!,2074.0,267458.0,161.0,1749739083.0,494478.7454455933,703.0,f3200b21-8857-48bc-897a-a6381853f497
720.0,c0e3c74b-d061-437f-9f7b-36a79fc3d1a3,720.0,challenge on food!,5045.0,13373.0,69.0,1749998283.0,494478.7454455933,4820.0,99af6900-1084-45c1-9587-df2b76763c95
720.0,c0e3c74b-d061-437f-9f7b-36a79fc3d1a3,720.0,unboxing on fashion!,4999.513470681458,406697.0,97.0,1750862283.0,497218.0,2165.0,64064264-ed38-4ab1-8ea8-5fca626299de
720.0,ab08a5d2-1ce6-4d7b-9dbb-52321d2babe4,1080.0,unboxing on fitness!,6606.0,291515.0,153.0,1749047883.0,161194.0,4862.0,4c5469af-6fa9-4801-bae5-c52b92371468
1080.0,ab08a5d2-1ce6-4d7b-9dbb-52321d2babe4,1080.0,reaction on travel!,2474.0,208497.0,94.45944039501528,1749998283.0,494478.7454455933,4203.0,c2a15e6c-76c1-40c1-8421-a93ab87ee649
720.0,ab08a5d2-1ce6-4d7b-9dbb-52321d2babe4,1080.0,reaction on fashion!,9288.0,253113.63264767933,142.0,1750257483.0,304667.0,1311.0,5b211136-3a74-4064-8e14-9394e537e317
720.0,ab08a5d2-1ce6-4d7b-9dbb-52321d2babe4,720.0,reaction on fashion!,8789.0,202970.0,160.0,1749566283.0,687269.0,2183.0,8061e946-5832-4b18-ac15-174994cf64ba
1080.0,ab08a5d2-1ce6-4d7b-9dbb-52321d2babe4,720.0,review on fashion!,7620.0,3299.0,118.0,1751207883.0,555733.0,176.0,36d502c4-80e4-479e-83d0-131748e23240
720.0,ab08a5d2-1ce6-4d7b-9dbb-52321d2babe4,1080.0,review on fashion!,224.0,186624.0,159.0,1752071883.0,813832.0,3272.0,ead1bfbf-e7a4-4416-aef4-1b80bb6749b7
1080.0,ab08a5d2-1ce6-4d7b-9dbb-52321d2babe4,1080.0,reaction on tech!,2101.0,13010.0,176.0,1751294283.0,131987.0,4901.0,5bd9a71c-3e9d-41ce-9bba-d9274b7c6d99
897.9699248120301,ab08a5d2-1ce6-4d7b-9dbb-52321d2babe4,1080.0,review on fashion!,8179.0,286884.0,107.0,1749825483.0,494478.7454455933,2535.6222222222223,8bc7e7b0-1e93-4731-a79a-3ee81973ff5e
720.0,ab08a5d2-1ce6-4d7b-9dbb-52321d2babe4,720.0,reaction on fitness!,807.0,253113.63264767933,27.0,1752763083.0,494478.7454455933,4303.0,a4e4219c-3645-4129-9b25-0889b79988dd
720.0,ab08a5d2-1ce6-4d7b-9dbb-52321d2babe4,1080.0,challenge on travel!,5724.0,344860.0,173.0,1748702283.0,772701.0,1688.0,82cdd572-34db-4a50-9ed5-3a2665498dd2
1080.0,ab08a5d2-1ce6-4d7b-9dbb-52321d2babe4,1080.0,challenge on travel!,6565.0,492604.0,148.0,1750257483.0,826981.0,2305.0,c58aa549-e17f-4da9-9f70-b70f1943527a
1080.0,ab08a5d2-1ce6-4d7b-9dbb-52321d2babe4,1080.0,review on beauty!,2469.0,332148.0,74.0,1749307083.0,812098.0,3148.0,8196e5ac-0724-475c-8565-675f9b562504
1080.0,ab08a5d2-1ce6-4d7b-9dbb-52321d2babe4,720.0,review on travel!,4999.513470681458,217002.0,174.0,1747838283.0,494478.7454455933,2295.0,47d45a03-9bf9-4310-8777-6f0837cf0d1f
897.9699248120301,ab08a5d2-1ce6-4d7b-9dbb-52321d2babe4,720.0,unboxing on travel!,4999.513470681458,253113.63264767933,94.45944039501528,1751985483.0,570911.0,1603.0,875b3bb6-26f5-4044-a825-c9161502b138
1080.0,ab08a5d2-1ce6-4d7b-9dbb-52321d2babe4,1080.0,vlog on tech!,7342.0,253113.63264767933,43.0,1751985483.0,355087.0,1617.0,42f4d184-ad73-4ab6-b5d6-8b98f6b54038
1080.0,ab08a5d2-1ce6-4d7b-9dbb-52321d2babe4,720.0,challenge on tech!,2114.0,428625.0,164.0,1749825483.0,126675.0,2656.0,2b08c485-bf58-4234-94ee-730c38e30103
720.0,ab08a5d2-1ce6-4d7b-9dbb-52321d2babe4,1080.0,vlog on fashion!,5271.0,253113.63264767933,134.0,1752590283.0,150541.0,2865.0,6e230112-b19f-4d4a-9923-2de0fdc458e5
720.0,ab08a5d2-1ce6-4d7b-9dbb-52321d2babe4,720.0,challenge on food!,2471.0,195343.0,12.0,1751899083.0,83106.0,2535.6222222222223,636eb751-613c-4780-89db-001dfc1ae43a
720.0,ab08a5d2-1ce6-4d7b-9dbb-52321d2babe4,1080.0,unboxing on tech!,4999.513470681458,72467.0,123.0,1752331083.0,105926.0,2535.6222222222223,c3bd25ef-7bd2-4413-9c71-cc23e22b869a
1080.0,ab08a5d2-1ce6-4d7b-9dbb-52321d2babe4,1080.0,unboxing on beauty!,3820.0,357188.0,168.0,1747838283.0,679193.0,279.0,02b81314-4ac6-49a6-b6d3-6ccf2c5a0e44
720.0,ab08a5d2-1ce6-4d7b-9dbb-52321d2babe4,1080.0,review on travel!,1468.0,253113.63264767933,31.0,1751812683.0,689313.0,3934.0,61c8498d-2cdf-4dc6-a439-08b7e0b1dc31
1080.0,ab08a5d2-1ce6-4d7b-9dbb-52321d2babe4,720.0,vlog on fashion!,4999.513470681458,89104.0,162.0,1751812683.0,835213.0,354.0,7d277cd7-01a8-4232-92bc-3cd2af277c8d
1080.0,ab08a5d2-1ce6-4d7b-9dbb-52321d2babe4,720.0,reaction on fitness!,333.0,10290.0,137.0,1751035083.0,404295.0,1436.0,c8a73f4a-9c37-480d-9ba7-4b3cfba8172f
720.0,ab08a5d2-1ce6-4d7b-9dbb-52321d2babe4,1080.0,challenge on beauty!,4999.513470681458,457776.0,113.0,1750603083.0,897862.0,1043.0,4683ac25-93b5-40a0-aefc-0abcd907eb39
720.0,ab08a5d2-1ce6-4d7b-9dbb-52321d2babe4,720.0,unboxing on food!,4999.513470681458,32214.0,15.0,1749307083.0,706651.0,2535.6222222222223,22f5d0b1-6a7d-4a9c-bf6c-b87aeca498af
1080.0,b2d59fa6-0a2a-4b48-bd37-fd6851a30977,1080.0,review on beauty!,376.0,211.0,45.0,1748443083.0,539655.0,549.0,73a80d7d-e3db-46a9-ace7-516fb571ce01
1080.0,b2d59fa6-0a2a-4b48-bd37-fd6851a30977,1080.0,challenge on beauty!,4999.513470681458,410596.0,98.0,1749911883.0,337502.0,4883.0,54d54526-9b76-435e-94bf-7b11650d2bdc
897.9699248120301,b2d59fa6-0a2a-4b48-bd37-fd6851a30977,720.0,review on travel!,2892.0,295470.0,41.0,1751294283.0,288431.0,4169.0,0ec45eba-33f5-45b4-a7bf-dd83314ad16a
1080.0,b2d59fa6-0a2a-4b48-bd37-fd6851a30977,1080.0,unboxing on travel!,8887.0,357700.0,77.0,1750948683.0,529093.0,3441.0,f68ae770-7ad0-4b1e-8b18-ebfe1f4b0c4b
720.0,b2d59fa6-0a2a-4b48-bd37-fd6851a30977,720.0,vlog on beauty!,4999.513470681458,7214.0,97.0,1750603083.0,270259.0,2537.0,822cd973-9721-4590-9a22-56541963c079
720.0,b2d59fa6-0a2a-4b48-bd37-fd6851a30977,720.0,challenge on travel!,1057.0,444739.0,156.0,1753022283.0,233484.0,3771.0,6574ff4c-80fa-4508-a6ad-6405133f7278
720.0,b2d59fa6-0a2a-4b48-bd37-fd6851a30977,1080.0,review on beauty!,4999.513470681458,253113.63264767933,33.0,1751639883.0,845055.0,227.0,c2bb7ad6-6b1a-4da9-9371-4c69890d304c
720.0,b2d59fa6-0a2a-4b48-bd37-fd6851a30977,720.0,challenge on travel!,9351.0,241171.0,68.0,1749825483.0,347601.0,232.0,414e3dd4-7c73-48f7-ba4f-bcb60e5320ab
1080.0,b2d59fa6-0a2a-4b48-bd37-fd6851a30977,1080.0,vlog on beauty!,4999.513470681458,147865.0,157.0,1749479883.0,691579.0,941.0,7440f96a-b179-4676-b1f0-0945f5f373f6
720.0,b2d59fa6-0a2a-4b48-bd37-fd6851a30977,1080.0,vlog on fashion!,1656.0,194841.0,161.0,1751121483.0,805102.0,2930.0,8bdf7cee-4f81-4764-a9a5-b435154dcd67
720.0,b2d59fa6-0a2a-4b48-bd37-fd6851a30977,720.0,vlog on beauty!,7628.0,351110.0,129.0,1752935883.0,118085.0,4728.0,c44cd8b7-eacb-4f36-ba61-7c6358f3439b
1080.0,b2d59fa6-0a2a-4b48-bd37-fd6851a30977,720.0,reaction on travel!,1589.0,326912.0,10.0,1752849483.0,494478.7454455933,664.0,90bee330-c909-4bbf-9e5c-fc5a421767d9
720.0,b2d59fa6-0a2a-4b48-bd37-fd6851a30977,1080.0,vlog on fashion!,5597.0,99561.0,43.0,1751380683.0,494478.7454455933,1883.0,f902bed5-7896-4b42-b357-098a63b60c16
1080.0,b2d59fa6-0a2a-4b48-bd37-fd6851a30977,720.0,unboxing on tech!,2478.0,403429.0,102.0,1747838283.0,839452.0,2535.6222222222223,7d4e84e5-afba-4452-a53c-431f28871544
720.0,b2d59fa6-0a2a-4b48-bd37-fd6851a30977,720.0,review on beauty!,1366.0,150291.0,139.0,1748875083.0,797593.0,2535.6222222222223,5736ae7e-0be7-442d-990d-12e16dd66fc3
1080.0,b2d59fa6-0a2a-4b48-bd37-fd6851a30977,720.0,vlog on travel!,4999.513470681458,231540.0,67.0,1752503883.0,433114.0,3376.0,52abde22-4728-4a0a-9183-986b2342a081
1080.0,b2d59fa6-0a2a-4b48-bd37-fd6851a30977,1080.0,reaction on food!,2794.0,274908.0,48.0,1749393483.0,278168.0,1539.0,a4cb5457-9c96-4c74-a7d3-e7af5db10e60
720.0,b2d59fa6-0a2a-4b48-bd37-fd6851a30977,720.0,unboxing on travel!,96.0,112234.0,85.0,1748702283.0,728535.0,4043.0,1b5e59d9-d60c-439c-a221-e7f587e8751b
1080.0,b2d59fa6-0a2a-4b48-bd37-fd6851a30977,896.6165413533835,reaction on beauty!,4286.0,29870.0,132.0,1752849483.0,644272.0,3283.0,91c15869-4639-44c5-97a8-ddde3b6ebc93
1080.0,b2d59fa6-0a2a-4b48-bd37-fd6851a30977,1080.0,vlog on fashion!,509.0,58203.0,172.0,1752503883.0,494478.7454455933,2393.0,6647822d-5a69-4ea9-891d-ec72b384364b
720.0,b2d59fa6-0a2a-4b48-bd37-fd6851a30977,720.0,challenge on fitness!,6655.0,73494.0,54.0,1748961483.0,48631.0,2382.0,2a9ea2aa-f454-4354-8f45-56e5cb4623e7
720.0,b2d59fa6-0a2a-4b48-bd37-fd6851a30977,720.0,vlog on tech!,57.0,436860.0,131.0,1750343883.0,129442.0,4654.0,f888d208-a72a-40f2-8699-f958a5f38b6f
720.0,b2d59fa6-0a2a-4b48-bd37-fd6851a30977,720.0,unboxing on fashion!,1578.0,344522.0,78.0,1751812683.0,829358.0,4137.0,5d208a91-b797-48a5-a1f7-94e9e1e31eea
1080.0,b2d59fa6-0a2a-4b48-bd37-fd6851a30977,720.0,challenge on fashion!,4999.513470681458,29058.0,160.0,1748615883.0,93008.0,3322.0,67807a7f-942f-44cc-b378-33bdba772a52
1080.0,b2d59fa6-0a2a-4b48-bd37-fd6851a30977,720.0,challenge on fashion!,2380.0,377917.0,123.0,1751467083.0,670174.0,2211.0,bfc7d311-4ade-47fc-9701-e2d640ed0846
1080.0,b2d59fa6-0a2a-4b48-bd37-fd6851a30977,720.0,challenge on fashion!,4999.513470681458,468584.0,80.0,1750343883.0,532762.0,1277.0,6c5ee079-a6d1-4813-a80d-c02fc75f75ad
720.0,b2d59fa6-0a2a-4b48-bd37-fd6851a30977,1080.0,review on fitness!,3020.0,10874.0,159.0,1749998283.0,814813.0,2136.0,97a7bfde-f344-45ae-a30e-6c4d800454e6
1080.0,bc02a7e1-b791-4c2f-a2a3-74709183e41a,720.0,review on travel!,928.0,282576.0,152.0,1751985483.0,134580.0,3129.0,75793aee-67cf-43c9-bd59-cc740ed531e3
720.0,bc02a7e1-b791-4c2f-a2a3-74709183e41a,1080.0,vlog on tech!,9851.0,128175.0,172.0,1749566283.0,237142.0,2535.6222222222223,f167c2f6-62ab-48bc-a445-dac9378d46e1
1080.0,bc02a7e1-b791-4c2f-a2a3-74709183e41a,1080.0,vlog on food!,4999.513470681458,43453.0,131.0,1749479883.0,435915.0,4809.0,fd9042fc-7d2f-4b39-912f-23ea97339526
720.0,bc02a7e1-b791-4c2f-a2a3-74709183e41a,1080.0,vlog on food!,4242.0,251381.0,98.0,1748529483.0,560966.0,1787.0,26d4f7b5-b7c6-4537-9ab0-3ae649b8f7c5
1080.0,bc02a7e1-b791-4c2f-a2a3-74709183e41a,720.0,review on food!,569.0,206685.0,66.0,1748788683.0,410133.0,1245.0,6caca317-4635-4b76-bbbf-16cce5d3b585
720.0,bc02a7e1-b791-4c2f-a2a3-74709183e41a,1080.0,review on travel!,2812.0,70347.0,59.0,1749566283.0,362717.0,4297.0,4a6d3908-443d-4f74-94eb-92db9e372ebc
897.9699248120301,bc02a7e1-b791-4c2f-a2a3-74709183e41a,1080.0,vlog on fashion!,7391.0,253113.63264767933,94.45944039501528,1748875083.0,874598.0,75.0,29fd8dd6-0304-4adc-9362-314209caf1cb
720.0,bc02a7e1-b791-4c2f-a2a3-74709183e41a,1080.0,challenge on tech!,3879.0,218737.0,164.0,1751726283.0,834161.0,3991.0,8177432d-d294-4eaf-96ea-cdcde1ecd099
720.0,bc02a7e1-b791-4c2f-a2a3-74709183e41a,1080.0,challenge on fitness!,2562.0,54919.0,114.0,1751899083.0,11829.0,4683.0,7ef0aada-fdeb-42ae-affc-b01aded77f70
1080.0,bc02a7e1-b791-4c2f-a2a3-74709183e41a,1080.0,challenge on beauty!,5876.0,17049.0,151.0,1752676683.0,751843.0,2966.0,ca1e86e6-87c4-44c8-a952-2ddf7a14ecd4
720.0,bc02a7e1-b791-4c2f-a2a3-74709183e41a,720.0,reaction on food!,5758.0,89826.0,125.0,1752935883.0,160064.0,3222.0,64a6b86e-f7af-42df-9180-e8da4b4148ac
1080.0,bc02a7e1-b791-4c2f-a2a3-74709183e41a,720.0,reaction on travel!,6961.0,130029.0,80.0,1752590283.0,494478.7454455933,1945.0,82026064-2672-4e64-a347-4fb012cf3b15
720.0,bc02a7e1-b791-4c2f-a2a3-74709183e41a,896.6165413533835,review on fitness!,1854.0,404966.0,27.0,1748615883.0,94883.0,1190.0,252a8c04-0f18-447e-878f-e6ee8918d13d
1080.0,bc02a7e1-b791-4c2f-a2a3-74709183e41a,1080.0,review on fitness!,4999.513470681458,51436.0,163.0,1752590283.0,365369.0,2535.6222222222223,9c27cb48-73d6-4f06-9632-117915b44bd8
1080.0,bc02a7e1-b791-4c2f-a2a3-74709183e41a,720.0,unboxing on food!,5679.0,149457.0,132.0,1748356683.0,394105.0,84.0,cc7bdcc6-e258-4ee7-896d-ec37200ad276
720.0,bc02a7e1-b791-4c2f-a2a3-74709183e41a,1080.0,unboxing on travel!,1044.0,316330.0,145.0,1748356683.0,204264.0,4120.0,0afdc2d9-d3e3-477f-a6fc-472acb50e93c
1080.0,c90f11bc-8e87-4ddd-9c27-b948ce086d03,1080.0,reaction on beauty!,1968.0,177366.0,105.0,1751985483.0,784094.0,2286.0,988f446c-cae6-4470-8401-81f1f7add002
1080.0,c90f11bc-8e87-4ddd-9c27-b948ce086d03,896.6165413533835,vlog on fashion!,4999.513470681458,234816.0,28.0,1752417483.0,215702.0,252.0,107ba63d-f91a-48f7-8864-77838c3551e5
720.0,c90f11bc-8e87-4ddd-9c27-b948ce086d03,720.0,unboxing on fashion!,242.0,377566.0,87.0,1751899083.0,649106.0,3833.0,72118aeb-12ac-47b5-8e15-603cff3b4694
720.0,c90f11bc-8e87-4ddd-9c27-b948ce086d03,1080.0,unboxing on beauty!,2670.0,72151.0,139.0,1748961483.0,834090.0,1894.0,e65237de-dd2e-4169-a047-8841e089b600
720.0,c90f11bc-8e87-4ddd-9c27-b948ce086d03,1080.0,vlog on fitness!,6558.0,153743.0,31.0,1749134283.0,710915.0,972.0,d4423b24-8744-44f3-b03b-3b2d09763a1f
897.9699248120301,c90f11bc-8e87-4ddd-9c27-b948ce086d03,720.0,challenge on beauty!,9359.0,253113.63264767933,68.0,1749911883.0,45000.0,612.0,bc7246aa-b426-4f0d-9798-f54c33c5f278
720.0,c90f11bc-8e87-4ddd-9c27-b948ce086d03,1080.0,challenge on fitness!,4926.0,193283.0,60.0,1751812683.0,652766.0,2535.6222222222223,e416f602-b56b-4f5d-b958-7bcb8bda35bc
720.0,c90f11bc-8e87-4ddd-9c27-b948ce086d03,1080.0,challenge on beauty!,8375.0,205736.0,94.45944039501528,1748529483.0,156405.0,1290.0,0a919a54-7bf9-4be0-a834-f64fdbb770a4
720.0,c90f11bc-8e87-4ddd-9c27-b948ce086d03,720.0,vlog on fitness!,4999.513470681458,280205.0,156.0,1750775883.0,616579.0,2030.0,bc3dfb70-1e9a-416e-b8c8-2b15584ae959
720.0,c90f11bc-8e87-4ddd-9c27-b948ce086d03,1080.0,vlog on food!,4999.513470681458,380775.0,33.0,1750948683.0,423792.0,4945.0,fc617cba-47bb-4e9a-a053-80eb7c1f1995
1080.0,c90f11bc-8e87-4ddd-9c27-b948ce086d03,1080.0,unboxing on beauty!,7709.0,56850.0,16.0,1751553483.0,900539.0,1245.0,e48f29e9-7942-41d3-819b-1518f65f2eab
1080.0,c90f11bc-8e87-4ddd-9c27-b948ce086d03,1080.0,vlog on fashion!,4703.0,285333.0,133.0,1749652683.0,614254.0,2362.0,51ec7f52-2be9-4d39-8526-946bf370012c
720.0,c90f11bc-8e87-4ddd-9c27-b948ce086d03,720.0,vlog on food!,4999.513470681458,216151.0,178.0,1748443083.0,179318.0,4726.0,e628ebff-f7c3-4a15-8f89-f5e7661947ca
720.0,c90f11bc-8e87-4ddd-9c27-b948ce086d03,720.0,challenge on food!,5402.0,469720.0,164.0,1748270283.0,33343.0,4071.0,48e3f01a-a799-4c4e-b4a7-0d6fd7b881e4
720.0,c90f11bc-8e87-4ddd-9c27-b948ce086d03,720.0,challenge on beauty!,4347.0,112189.0,66.0,1749739083.0,494478.7454455933,3467.0,091d7d2c-6731-45dc-a6cd-9b3bf06e753d
1080.0,c90f11bc-8e87-4ddd-9c27-b948ce086d03,1080.0,review on food!,4999.513470681458,200853.0,174.0,1749479883.0,686591.0,1722.0,90100957-5901-43c1-8cc2-1dfa2a8a20b6
720.0,c90f11bc-8e87-4ddd-9c27-b948ce086d03,720.0,unboxing on fashion!,8558.0,188657.0,25.0,1751380683.0,953001.0,457.0,55f4fce0-df71-4629-81eb-941c4d5740e8
720.0,c90f11bc-8e87-4ddd-9c27-b948ce086d03,720.0,unboxing on fashion!,5495.0,27724.0,56.0,1752417483.0,934715.0,3678.0,0f4a2fb7-6160-4341-bf44-3928f5958421
1080.0,c90f11bc-8e87-4ddd-9c27-b948ce086d03,1080.0,reaction on fashion!,871.0,253113.63264767933,51.0,1748270283.0,847118.0,4056.0,1089c6aa-ece6-433a-af6f-2897f5b32ce7
720.0,c90f11bc-8e87-4ddd-9c27-b948ce086d03,720.0,challenge on fashion!,1746.0,100136.0,65.0,1750775883.0,515155.0,2535.6222222222223,8e4fd558-2928-451f-a20a-85b4e3748df8
720.0,c90f11bc-8e87-4ddd-9c27-b948ce086d03,720.0,reaction on fitness!,2225.0,411010.0,117.0,1748183883.0,151190.0,4513.0,4aef91b8-6b48-4bbb-8b69-df05ded9cb79
720.0,c90f11bc-8e87-4ddd-9c27-b948ce086d03,1080.0,reaction on tech!,4999.513470681458,302850.0,141.0,1751121483.0,559673.0,2535.6222222222223,661dd058-6b4f-4b2c-90ce-88b0db28d82f
1080.0,06cde06c-f912-46fb-9b14-2154ec810922,720.0,challenge on tech!,8951.0,104644.0,80.0,1750343883.0,494478.7454455933,2976.0,df915b6d-fb9d-4a6e-a14b-6e466d2bc200
1080.0,06cde06c-f912-46fb-9b14-2154ec810922,720.0,unboxing on food!,2114.0,192246.0,98.0,1752331083.0,977675.0,4928.0,8ca1d13c-cf44-4773-a099-29b4b145f043
1080.0,06cde06c-f912-46fb-9b14-2154ec810922,720.0,challenge on tech!,2966.0,197160.0,174.0,1748961483.0,818867.0,1800.0,d1dcec20-4b14-44fd-a9b9-d525e71e69d7
720.0,06cde06c-f912-46fb-9b14-2154ec810922,720.0,unboxing on fashion!,7844.0,480288.0,115.0,1750775883.0,406608.0,1271.0,73e48419-3061-455f-8615-f444e6a8058c
1080.0,06cde06c-f912-46fb-9b14-2154ec810922,1080.0,challenge on travel!,593.0,481482.0,14.0,1750084683.0,149693.0,1796.0,7daa9cca-2e4e-492b-9923-530aa2b3b154
1080.0,06cde06c-f912-46fb-9b14-2154ec810922,896.6165413533835,review on travel!,4999.513470681458,27343.0,137.0,1752763083.0,73076.0,4353.0,668f80a2-f1c8-41c1-8435-5ae957f601ac
1080.0,06cde06c-f912-46fb-9b14-2154ec810922,1080.0,reaction on beauty!,8965.0,476612.0,12.0,1748011083.0,934486.0,740.0,858b24ac-1bb8-42ef-973c-4cde3efaa9b8
720.0,06cde06c-f912-46fb-9b14-2154ec810922,720.0,review on travel!,3468.0,241933.0,57.0,1747924683.0,768869.0,2130.0,2bb24e5c-2984-4f06-b849-e60cdc7baa52
897.9699248120301,06cde06c-f912-46fb-9b14-2154ec810922,1080.0,vlog on fashion!,591.0,253113.63264767933,19.0,1749739083.0,636926.0,3077.0,72218495-030d-475e-bd29-d5c79dbb88b5
1080.0,06cde06c-f912-46fb-9b14-2154ec810922,720.0,vlog on travel!,4999.513470681458,421814.0,54.0,1752590283.0,843324.0,854.0,1ba4e615-b10a-49b7-82be-b62a54d9782f
720.0,06cde06c-f912-46fb-9b14-2154ec810922,1080.0,vlog on travel!,607.0,300453.0,152.0,1748270283.0,494478.7454455933,4642.0,dd66fdfd-c855-456d-b90e-94655bc33346
1080.0,06cde06c-f912-46fb-9b14-2154ec810922,1080.0,review on travel!,8732.0,322271.0,150.0,1749479883.0,803789.0,4029.0,9e8b4298-f36d-4072-a96a-69134795c413
720.0,06cde06c-f912-46fb-9b14-2154ec810922,1080.0,review on travel!,9351.0,253113.63264767933,118.0,1750171083.0,742646.0,2531.0,b5e117b6-3a0f-4f9c-a8d1-c8ce26b1ee69
1080.0,06cde06c-f912-46fb-9b14-2154ec810922,1080.0,vlog on fashion!,313.0,450721.0,113.0,1749652683.0,669641.0,2923.0,6cd68246-7c71-4e66-a30d-99b47675b5cf
1080.0,06cde06c-f912-46fb-9b14-2154ec810922,1080.0,challenge on food!,3566.0,235425.0,75.0,1751553483.0,958455.0,1420.0,adc6c16b-c25b-42a7-a395-b56a58ce79c9
1080.0,06cde06c-f912-46fb-9b14-2154ec810922,720.0,vlog on tech!,4999.513470681458,42291.0,74.0,1748615883.0,515808.0,1738.0,0b8b099e-b367-4096-b47d-0127048ab1fd
720.0,06cde06c-f912-46fb-9b14-2154ec810922,896.6165413533835,reaction on fitness!,7208.0,253113.63264767933,146.0,1749911883.0,66719.0,2535.6222222222223,2624df2d-2f7c-4f8d-8c21-ee061e88a2ef
1080.0,06cde06c-f912-46fb-9b14-2154ec810922,720.0,review on travel!,6687.0,89181.0,167.0,1751035083.0,722907.0,3384.0,24941b59-8132-4c93-b448-04ef9d575544
1080.0,06cde06c-f912-46fb-9b14-2154ec810922,720.0,reaction on beauty!,9357.0,472066.0,112.0,1751294283.0,865196.0,4143.0,7187b86b-a6bc-4542-8874-2ee57567ff89
1080.0,06cde06c-f912-46fb-9b14-2154ec810922,1080.0,challenge on food!,5537.0,188024.0,10.0,1752676683.0,581526.0,4191.0,666db57c-2036-4097-8fc6-91d680f4913f
720.0,06cde06c-f912-46fb-9b14-2154ec810922,720.0,unboxing on tech!,9142.0,12411.0,40.0,1750603083.0,762107.0,252.0,f3ec17a0-4873-4dc1-8f23-94ee794906cb
720.0,06cde06c-f912-46fb-9b14-2154ec810922,720.0,vlog on beauty!,4696.0,295319.0,139.0,1751035083.0,266282.0,1925.0,463909cb-029e-4209-9ce7-141810c92776
1080.0,06cde06c-f912-46fb-9b14-2154ec810922,1080.0,unboxing on fitness!,7484.0,376804.0,37.0,1749739083.0,194842.0,1806.0,8ad87a3b-3ddf-4dbe-ad98-d7b26a508fd0
720.0,06cde06c-f912-46fb-9b14-2154ec810922,1080.0,review on beauty!,4999.513470681458,104249.0,25.0,1748529483.0,694186.0,2296.0,667708dd-0b8d-4b6e-81a4-a34b1194f47c
1080.0,06cde06c-f912-46fb-9b14-2154ec810922,1080.0,challenge on tech!,1353.0,150569.0,36.0,1751899083.0,838731.0,4847.0,acd0745b-cd57-4f79-b9e2-ad8aeb017b01
720.0,06cde06c-f912-46fb-9b14-2154ec810922,720.0,challenge on travel!,3722.0,87551.0,139.0,1751726283.0,223314.0,3778.0,e172ab16-f2b9-4c6e-aea7-bf475a1abe7e
1080.0,06cde06c-f912-46fb-9b14-2154ec810922,720.0,reaction on fashion!,6733.0,253113.63264767933,25.0,1748702283.0,819663.0,4465.0,572e45bd-80b8-4c8d-a2d9-d2a2ef9dc54f
720.0,06cde06c-f912-46fb-9b14-2154ec810922,1080.0,review on food!,1089.0,253113.63264767933,25.0,1752331083.0,683396.0,3677.0,a86041c3-3a3a-41e4-b65c-0f30403e32f6
1080.0,06cde06c-f912-46fb-9b14-2154ec810922,720.0,review on travel!,3513.0,253113.63264767933,20.0,1748011083.0,531575.0,1850.0,1e897c14-3943-459f-b4b8-456c835b1ab6
1080.0,a6b5bfe1-b730-4da1-bc56-404bd6ffc292,896.6165413533835,unboxing on fitness!,951.0,253113.63264767933,124.0,1750603083.0,681962.0,2535.6222222222223,b5af823c-2781-4b33-8083-8dbf2d2f6e05
720.0,a6b5bfe1-b730-4da1-bc56-404bd6ffc292,720.0,challenge on food!,837.0,160917.0,133.0,1751467083.0,250015.0,2535.6222222222223,41650cda-af30-4a84-b45f-27054996d2b7
720.0,a6b5bfe1-b730-4da1-bc56-404bd6ffc292,720.0,unboxing on fashion!,4600.0,152268.0,69.0,1748011083.0,201302.0,2739.0,689f3ad4-4647-470e-b98e-2af960b3c1f7
1080.0,a6b5bfe1-b730-4da1-bc56-404bd6ffc292,1080.0,challenge on tech!,4999.513470681458,210010.0,151.0,1748875083.0,84859.0,4748.0,654cd969-40eb-4641-974f-a260e15f6792
720.0,a6b5bfe1-b730-4da1-bc56-404bd6ffc292,720.0,review on food!,5559.0,253113.63264767933,132.0,1749825483.0,494478.7454455933,775.0,73df110d-9d5c-4385-befd-a4c402dae7cf
1080.0,a6b5bfe1-b730-4da1-bc56-404bd6ffc292,896.6165413533835,vlog on fitness!,4999.513470681458,360617.0,55.0,1752849483.0,458141.0,760.0,a399806e-6105-44d1-a213-6f7d849286b5
1080.0,a6b5bfe1-b730-4da1-bc56-404bd6ffc292,1080.0,reaction on travel!,3406.0,98446.0,148.0,1752590283.0,41860.0,2041.0,1594ab34-8b12-4ed7-ab72-9f7d0454c1b4
1080.0,a6b5bfe1-b730-4da1-bc56-404bd6ffc292,720.0,challenge on travel!,8890.0,464321.0,144.0,1747924683.0,499802.0,349.0,8269b274-5cac-42de-883e-53712af7e3a1
720.0,a6b5bfe1-b730-4da1-bc56-404bd6ffc292,1080.0,reaction on fashion!,4999.513470681458,362576.0,110.0,1750603083.0,911903.0,3343.0,a65ae75f-1bc6-4516-b45b-e90093f49f59
1080.0,a6b5bfe1-b730-4da1-bc56-404bd6ffc292,720.0,unboxing on fashion!,7166.0,195163.0,118.0,1750430283.0,139651.0,4710.0,d2107af5-a3f0-4fdc-896a-fc0ec1ca3c00
1080.0,a6b5bfe1-b730-4da1-bc56-404bd6ffc292,1080.0,reaction on tech!,4999.513470681458,266038.0,108.0,1750343883.0,341396.0,1563.0,ec41d130-9662-4023-af72-4a45db0765db
1080.0,a6b5bfe1-b730-4da1-bc56-404bd6ffc292,720.0,reaction on fashion!,6706.0,442970.0,75.0,1750948683.0,911039.0,2535.6222222222223,905f328a-5915-4674-856e-f77db311e411
720.0,a6b5bfe1-b730-4da1-bc56-404bd6ffc292,1080.0,challenge on travel!,4999.513470681458,253113.63264767933,145.0,1748097483.0,501362.0,417.0,0a4687ec-c5fb-444a-920f-6964d39bca00
720.0,a6b5bfe1-b730-4da1-bc56-404bd6ffc292,720.0,vlog on travel!,4999.513470681458,414450.0,89.0,1751812683.0,407380.0,4765.0,c99c9199-c924-46c4-95a6-f809ee23e973
1080.0,a6b5bfe1-b730-4da1-bc56-404bd6ffc292,720.0,vlog on food!,5820.0,359683.0,130.0,1750430283.0,82704.0,2885.0,f7766427-7b6d-4061-b737-addc6771d184
720.0,a1eb5f05-feec-4dba-b987-d2c979795be3,1080.0,unboxing on tech!,1573.0,253113.63264767933,64.0,1749393483.0,247733.0,3674.0,f35d4a48-e446-4735-a557-a5b8733a6f08
1080.0,a1eb5f05-feec-4dba-b987-d2c979795be3,1080.0,reaction on food!,5508.0,438819.0,94.45944039501528,1751035083.0,440215.0,3206.0,f4de7dd6-82f8-4bff-9d98-4cbeb42a85b7
720.0,a1eb5f05-feec-4dba-b987-d2c979795be3,1080.0,reaction on travel!,610.0,265544.0,107.0,1751812683.0,588485.0,118.0,e7936488-2905-44f7-acce-adeadd25e22b
1080.0,a1eb5f05-feec-4dba-b987-d2c979795be3,1080.0,review on travel!,8910.0,477413.0,134.0,1748011083.0,863378.0,2535.6222222222223,c37dca1f-ddf7-460a-b785-2358bba759b1
1080.0,a1eb5f05-feec-4dba-b987-d2c979795be3,1080.0,vlog on fitness!,4999.513470681458,253113.63264767933,161.0,1752590283.0,146578.0,908.0,650221ff-6b38-4f53-abe4-8f77d6228571
720.0,a1eb5f05-feec-4dba-b987-d2c979795be3,720.0,challenge on tech!,2635.0,110279.0,94.45944039501528,1748875083.0,494478.7454455933,3897.0,f9fde59d-19f0-4860-aadb-e1b21aa0c7e7
720.0,a1eb5f05-feec-4dba-b987-d2c979795be3,896.6165413533835,review on food!,4177.0,349025.0,143.0,1752676683.0,860946.0,3726.0,12294cdb-2d8f-455b-916e-aea14adfb0fb
1080.0,a1eb5f05-feec-4dba-b987-d2c979795be3,720.0,reaction on travel!,1299.0,408815.0,15.0,1748875083.0,728914.0,1814.0,e622e737-34c3-4f7f-ae4a-c3a76f686093
720.0,a1eb5f05-feec-4dba-b987-d2c979795be3,1080.0,reaction on food!,5114.0,283886.0,160.0,1750084683.0,792777.0,3406.0,b7f2a8d8-9d21-4285-ba76-35d8232738c2
720.0,a1eb5f05-feec-4dba-b987-d2c979795be3,1080.0,vlog on fitness!,3030.0,392594.0,127.0,1750775883.0,66123.0,4457.0,30bbea9a-85db-4516-926d-5823ab15e27d
1080.0,a1eb5f05-feec-4dba-b987-d2c979795be3,1080.0,vlog on fashion!,5374.0,302627.0,31.0,1748443083.0,677967.0,4090.0,3c92e9a1-28dd-430e-8ad2-0aa278f9e185
720.0,a1eb5f05-feec-4dba-b987-d2c979795be3,720.0,review on food!,431.0,461853.0,169.0,1748615883.0,507397.0,3402.0,7dcc48a6-f29e-4910-a629-067c0bd86a7f
720.0,a1eb5f05-feec-4dba-b987-d2c979795be3,720.0,challenge on beauty!,2768.0,253113.63264767933,62.0,1751985483.0,44806.0,804.0,28a5718b-982f-4f1d-8af8-2ba1092006ae
897.9699248120301,a1eb5f05-feec-4dba-b987-d2c979795be3,1080.0,unboxing on fitness!,6158.0,462903.0,53.0,1752158283.0,779179.0,3391.0,1cdbcbad-91fe-4647-98b8-cd99a4c9f05f
720.0,a1eb5f05-feec-4dba-b987-d2c979795be3,1080.0,unboxing on fitness!,1107.0,22563.0,99.0,1748702283.0,620319.0,578.0,b58d64cb-606f-4a30-9ffb-7b128992d26c
720.0,a1eb5f05-feec-4dba-b987-d2c979795be3,720.0,review on fitness!,8790.0,65367.0,180.0,1751121483.0,225363.0,2150.0,6901cf3b-45f4-45d3-86d6-7bbdeead5959
1080.0,a1eb5f05-feec-4dba-b987-d2c979795be3,896.6165413533835,unboxing on beauty!,9723.0,249451.0,84.0,1749652683.0,171167.0,802.0,4e2f12d1-d53c-4c19-960f-0aeb877a53e4
1080.0,a1eb5f05-feec-4dba-b987-d2c979795be3,1080.0,reaction on food!,1100.0,253113.63264767933,30.0,1748356683.0,844114.0,2790.0,73b26680-17d1-42db-afa1-040410558369
720.0,a1eb5f05-feec-4dba-b987-d2c979795be3,1080.0,unboxing on travel!,7834.0,331310.0,71.0,1751726283.0,112097.0,4192.0,7b610aab-f883-4e32-92e9-1ac5179c12b4
1080.0,a1eb5f05-feec-4dba-b987-d2c979795be3,1080.0,challenge on travel!,2577.0,457041.0,65.0,1752071883.0,587348.0,4479.0,65e99994-b150-44da-8ed7-c5d72b102d07
1080.0,a1eb5f05-feec-4dba-b987-d2c979795be3,1080.0,vlog on beauty!,4999.513470681458,88339.0,165.0,1749134283.0,745734.0,3025.0,90b72bdc-f0fd-4d1e-9e27-f45208d9427c
1080.0,a1eb5f05-feec-4dba-b987-d2c979795be3,1080.0,vlog on tech!,7861.0,231171.0,175.0,1749479883.0,361118.0,91.0,6694e33a-e499-45cb-8068-70551ea15ad7
1080.0,a1eb5f05-feec-4dba-b987-d2c979795be3,1080.0,review on beauty!,256.0,336931.0,167.0,1751812683.0,995666.0,2535.6222222222223,8a2db7e4-b84f-4cfa-a1a7-cc4669a7208b
1080.0,92017d8e-b50d-474e-b0b4-c729a006d1a8,1080.0,vlog on travel!,7047.0,78570.0,56.0,1748529483.0,780035.0,2535.6222222222223,92f2f2a2-00d5-4571-a2b2-08ecef7b7150
720.0,92017d8e-b50d-474e-b0b4-c729a006d1a8,720.0,reaction on beauty!,6758.0,327967.0,84.0,1752158283.0,825302.0,318.0,b5ddf667-445c-4c31-bbb9-22952dc56cb3
720.0,92017d8e-b50d-474e-b0b4-c729a006d1a8,1080.0,review on travel!,4359.0,338001.0,24.0,1752676683.0,494478.7454455933,78.0,4553b86f-a63c-4198-8ec9-1f9f13e6f663
720.0,92017d8e-b50d-474e-b0b4-c729a006d1a8,1080.0,challenge on tech!,696.0,256336.0,174.0,1748875083.0,271062.0,2894.0,ddc749bc-ede1-4e9a-8cc8-74419f3439fd
720.0,92017d8e-b50d-474e-b0b4-c729a006d1a8,1080.0,reaction on travel!,313.0,107660.0,65.0,1749998283.0,431453.0,3310.0,bbadb0c9-8e89-453a-8849-64093c6c1185
720.0,92017d8e-b50d-474e-b0b4-c729a006d1a8,1080.0,review on travel!,4999.513470681458,253113.63264767933,90.0,1751380683.0,494478.7454455933,4847.0,22a45e94-aacd-4e68-8653-c25b16fbd7e7
720.0,92017d8e-b50d-474e-b0b4-c729a006d1a8,720.0,challenge on beauty!,5675.0,76541.0,20.0,1749825483.0,44842.0,4634.0,3cdc23a0-23ff-4107-97a4-bee8304f18d5
1080.0,92017d8e-b50d-474e-b0b4-c729a006d1a8,720.0,reaction on travel!,4079.0,70086.0,134.0,1750775883.0,69153.0,992.0,18799a16-fb3d-40ae-9217-5a1572de40dc
1080.0,92017d8e-b50d-474e-b0b4-c729a006d1a8,720.0,review on travel!,1073.0,253113.63264767933,90.0,1752244683.0,771110.0,310.0,8c425aa6-43f7-4a82-b2b3-eef35a0b8f74
1080.0,92017d8e-b50d-474e-b0b4-c729a006d1a8,1080.0,reaction on fashion!,4999.513470681458,196138.0,163.0,1749998283.0,61846.0,1913.0,debeb8bd-15f1-4484-b4e9-0704473dd86d
1080.0,92017d8e-b50d-474e-b0b4-c729a006d1a8,1080.0,reaction on fashion!,7627.0,382727.0,168.0,1748529483.0,494478.7454455933,1500.0,772f1401-7eb7-44ba-acbd-d30a1c83cb93
1080.0,92017d8e-b50d-474e-b0b4-c729a006d1a8,1080.0,vlog on fashion!,1360.0,77097.0,164.0,1751899083.0,128009.0,4335.0,f72fbca7-04bb-4bdf-a1bf-b6199debda72
1080.0,92017d8e-b50d-474e-b0b4-c729a006d1a8,896.6165413533835,vlog on beauty!,1904.0,65775.0,131.0,1750516683.0,287888.0,4320.0,2d577bff-a0e0-4541-bddd-21adcf6c873d
1080.0,92017d8e-b50d-474e-b0b4-c729a006d1a8,1080.0,reaction on beauty!,9246.0,176476.0,50.0,1748356683.0,286336.0,3843.0,1d0649bf-bc6d-4471-907d-6c633ec48d34
720.0,92017d8e-b50d-474e-b0b4-c729a006d1a8,1080.0,vlog on food!,1111.0,85632.0,45.0,1751035083.0,133694.0,2535.6222222222223,3810bdca-ee0a-42ef-bffb-c6b441229c46
720.0,92017d8e-b50d-474e-b0b4-c729a006d1a8,1080.0,unboxing on beauty!,9493.0,343005.0,154.0,1752590283.0,410717.0,3533.0,72d240d5-5bc7-4d54-af7e-b93d4cb21c23
1080.0,92017d8e-b50d-474e-b0b4-c729a006d1a8,720.0,reaction on tech!,7070.0,337294.0,88.0,1750257483.0,712033.0,4890.0,b2191aed-de59-4d4a-b843-4cd55198f60a
720.0,92017d8e-b50d-474e-b0b4-c729a006d1a8,1080.0,vlog on tech!,3457.0,124914.0,94.45944039501528,1751553483.0,608945.0,306.0,9fe2e80f-9f8c-4161-813e-29118ea7b333
1080.0,92017d8e-b50d-474e-b0b4-c729a006d1a8,720.0,unboxing on tech!,877.0,274516.0,143.0,1752158283.0,565283.0,2487.0,fa1ab021-bc1a-4790-a933-5ace29da0e00
1080.0,544fa41a-0052-4ecb-a1c3-4131f2b8e148,720.0,review on travel!,4835.0,27556.0,158.0,1748356683.0,162988.0,718.0,f4015b1b-9141-40c6-bf00-de46d488acdd
720.0,544fa41a-0052-4ecb-a1c3-4131f2b8e148,896.6165413533835,vlog on fashion!,6615.0,300589.0,159.0,1749998283.0,494478.7454455933,4211.0,5f220661-bac8-46d2-a8ff-3f2012467d4c
1080.0,544fa41a-0052-4ecb-a1c3-4131f2b8e148,1080.0,review on beauty!,448.0,326420.0,61.0,1752417483.0,396800.0,1900.0,5cf9cf50-dcd7-41b3-8cdb-3c8f23a033b3
1080.0,544fa41a-0052-4ecb-a1c3-4131f2b8e148,1080.0,challenge on tech!,3887.0,21426.0,164.0,1748875083.0,233512.0,2711.0,87695213-8253-4aa4-b15c-262c794f753a
1080.0,544fa41a-0052-4ecb-a1c3-4131f2b8e148,1080.0,unboxing on beauty!,1847.0,253113.63264767933,104.0,1752849483.0,72267.0,2532.0,268eaa4e-8275-4588-b8ac-12c3f510a09d
1080.0,544fa41a-0052-4ecb-a1c3-4131f2b8e148,1080.0,challenge on food!,4999.513470681458,253113.63264767933,35.0,1750603083.0,73168.0,4711.0,bae12956-1fd1-4a51-8b48-abb6c5b9682c
720.0,544fa41a-0052-4ecb-a1c3-4131f2b8e148,1080.0,unboxing on fitness!,2910.0,29920.0,33.0,1747838283.0,327840.0,762.0,6757b851-e6fd-42e9-b2ae-f32c5701609c
1080.0,544fa41a-0052-4ecb-a1c3-4131f2b8e148,720.0,challenge on beauty!,7103.0,309125.0,59.0,1749220683.0,719296.0,3437.0,a3ba46ad-5325-4040-ad72-e6a41cb4fe5e
1080.0,544fa41a-0052-4ecb-a1c3-4131f2b8e148,720.0,unboxing on tech!,680.0,34857.0,23.0,1750689483.0,644155.0,2131.0,b248f2db-e6c5-48f4-a445-81a9e8605bbd
720.0,544fa41a-0052-4ecb-a1c3-4131f2b8e148,720.0,unboxing on food!,6252.0,113849.0,22.0,1749911883.0,915923.0,459.0,cb37539e-afaa-4a5d-a24a-de56a8c09e89
1080.0,544fa41a-0052-4ecb-a1c3-4131f2b8e148,1080.0,vlog on beauty!,7313.0,83385.0,45.0,1751726283.0,941345.0,3745.0,d0e1fe9d-3a89-4366-915b-d4087b5da01c
1080.0,544fa41a-0052-4ecb-a1c3-4131f2b8e148,720.0,vlog on fitness!,4999.513470681458,1623.0,154.0,1749134283.0,264535.0,4936.0,d610b151-8e71-4dd6-8aec-9576a03306b7
720.0,544fa41a-0052-4ecb-a1c3-4131f2b8e148,1080.0,reaction on tech!,4999.513470681458,487482.0,41.0,1748270283.0,38165.0,3754.0,ab1da7de-06a1-4b18-a7a7-14848f6ecf16
720.0,544fa41a-0052-4ecb-a1c3-4131f2b8e148,720.0,challenge on fitness!,1155.0,253113.63264767933,142.0,1749479883.0,52518.0,4302.0,7ee2473c-305b-473a-9d70-8c48cafa58d1
1080.0,544fa41a-0052-4ecb-a1c3-4131f2b8e148,1080.0,reaction on travel!,2936.0,253113.63264767933,94.45944039501528,1749566283.0,689780.0,2925.0,5a37e499-c6d2-47c9-b8b1-74dbc7b458fa
720.0,544fa41a-0052-4ecb-a1c3-4131f2b8e148,720.0,review on travel!,8955.0,173910.0,117.0,1750171083.0,936400.0,4329.0,23fca758-9e55-43ac-a3d3-15df48e45be7
720.0,544fa41a-0052-4ecb-a1c3-4131f2b8e148,1080.0,vlog on tech!,5333.0,253113.63264767933,121.0,1749998283.0,386854.0,2241.0,bc6eb981-90a5-4df1-9c3f-f7d6fb98afe1
1080.0,544fa41a-0052-4ecb-a1c3-4131f2b8e148,1080.0,challenge on beauty!,6307.0,351508.0,88.0,1748615883.0,485193.0,4598.0,a4bb6a47-f1dc-4574-a6dc-4652a074f199
1080.0,544fa41a-0052-4ecb-a1c3-4131f2b8e148,1080.0,vlog on beauty!,5768.0,253113.63264767933,137.0,1749479883.0,368095.0,3020.0,9e1c6149-9f3b-4221-ba72-a1302aeefdcc
897.9699248120301,544fa41a-0052-4ecb-a1c3-4131f2b8e148,1080.0,vlog on beauty!,8230.0,444654.0,130.0,1750948683.0,458809.0,3842.0,6fbd7174-6c0a-4cd2-9926-ea32dfa12e04
897.9699248120301,544fa41a-0052-4ecb-a1c3-4131f2b8e148,720.0,reaction on beauty!,4999.513470681458,278484.0,119.0,1750948683.0,95746.0,443.0,752c4a71-261a-47df-9ab4-3446894ddc90
720.0,544fa41a-0052-4ecb-a1c3-4131f2b8e148,1080.0,vlog on fitness!,5858.0,253113.63264767933,143.0,1750948683.0,588273.0,176.0,699b7dda-a070-4ac4-b212-e5fe4302006e
1080.0,544fa41a-0052-4ecb-a1c3-4131f2b8e148,720.0,unboxing on fitness!,8192.0,26909.0,54.0,1751812683.0,477242.0,74.0,07247bab-89dd-4790-8565-d68d55c66139
720.0,807cb8a3-7350-4980-a28c-2e51f65ef865,1080.0,challenge on fitness!,6808.0,498917.0,107.0,1749911883.0,325101.0,1619.0,f7f88a9a-9e95-45d3-85f9-67b84bf71387
720.0,807cb8a3-7350-4980-a28c-2e51f65ef865,1080.0,reaction on travel!,1944.0,122217.0,66.0,1751812683.0,996704.0,1442.0,2b025228-fb95-4e90-83d7-3c0989dae49b
720.0,807cb8a3-7350-4980-a28c-2e51f65ef865,1080.0,vlog on tech!,6426.0,327346.0,172.0,1749739083.0,712311.0,1431.0,1545d170-7e6f-45f7-91d1-0f8f69d3a097
720.0,807cb8a3-7350-4980-a28c-2e51f65ef865,720.0,reaction on fitness!,9373.0,456943.0,25.0,1751812683.0,278415.0,512.0,6f55488f-7606-45b7-9b89-a3e75c2bb701
1080.0,807cb8a3-7350-4980-a28c-2e51f65ef865,720.0,review on tech!,9.0,125863.0,97.0,1751553483.0,385375.0,1602.0,9c08a198-5ffd-465b-8b8b-96e6898b1925
1080.0,807cb8a3-7350-4980-a28c-2e51f65ef865,1080.0,vlog on fitness!,7333.0,253113.63264767933,129.0,1750948683.0,831773.0,4295.0,9ae9d7da-4a23-467d-a079-935062fd8f1d
720.0,807cb8a3-7350-4980-a28c-2e51f65ef865,1080.0,reaction on travel!,2495.0,268684.0,41.0,1750689483.0,494478.7454455933,2762.0,101f3d38-da98-47ee-946f-a5b34785cd02
1080.0,807cb8a3-7350-4980-a28c-2e51f65ef865,1080.0,challenge on fitness!,2578.0,253113.63264767933,31.0,1749307083.0,891565.0,553.0,9ad836f4-e823-4c92-98d1-03524f1dba0c
1080.0,807cb8a3-7350-4980-a28c-2e51f65ef865,720.0,review on fitness!,959.0,277036.0,12.0,1748097483.0,738386.0,4578.0,0ebd55ea-3d52-4692-bf2c-467c5979ad42
1080.0,807cb8a3-7350-4980-a28c-2e51f65ef865,720.0,unboxing on fashion!,998.0,320207.0,94.45944039501528,1750430283.0,738168.0,3910.0,8e944252-7cf0-4657-a994-528a4226d3be
720.0,807cb8a3-7350-4980-a28c-2e51f65ef865,720.0,unboxing on beauty!,4999.513470681458,253113.63264767933,166.0,1753022283.0,535896.0,2118.0,474342cd-b7e4-45ec-9526-f86d3687622c
1080.0,807cb8a3-7350-4980-a28c-2e51f65ef865,720.0,challenge on food!,4999.513470681458,130141.0,114.0,1751035083.0,881690.0,3897.0,09ae67f8-4dbd-49ce-ba0f-9d92d584edab
720.0,807cb8a3-7350-4980-a28c-2e51f65ef865,720.0,unboxing on fitness!,7545.0,150408.0,93.0,1749047883.0,412783.0,3498.0,87491fa2-7ea3-4d16-9379-6d8322a46beb
1080.0,807cb8a3-7350-4980-a28c-2e51f65ef865,720.0,reaction on fitness!,9756.0,295835.0,131.0,1750862283.0,542615.0,2448.0,3c255a86-2eab-442d-8110-163923ca23b6
720.0,807cb8a3-7350-4980-a28c-2e51f65ef865,720.0,unboxing on beauty!,4057.0,480343.0,159.0,1747924683.0,9711.0,2379.0,47479c0e-3737-455e-8995-2cbb102b4b5d
1080.0,807cb8a3-7350-4980-a28c-2e51f65ef865,1080.0,vlog on travel!,4999.513470681458,316226.0,85.0,1751812683.0,494478.7454455933,190.0,3bb23afe-56fc-41d2-abd1-ca4be579a751
1080.0,807cb8a3-7350-4980-a28c-2e51f65ef865,720.0,challenge on travel!,525.0,210002.0,132.0,1752158283.0,104157.0,2321.0,60054191-a740-42aa-8446-94977f187ef4
1080.0,807cb8a3-7350-4980-a28c-2e51f65ef865,720.0,vlog on travel!,4313.0,8675.0,10.0,1747924683.0,688764.0,2988.0,ab53837b-6f29-4a01-af96-4a9e07a5b6ac
1080.0,79ffb303-779d-45c3-941a-d3bfaef650a0,1080.0,vlog on beauty!,7211.0,253113.63264767933,127.0,1750171083.0,411636.0,494.0,4fa311d6-ecbe-4094-b1b9-3525d96507d5
720.0,79ffb303-779d-45c3-941a-d3bfaef650a0,720.0,challenge on travel!,3336.0,322463.0,94.45944039501528,1751985483.0,494478.7454455933,3327.0,467f7fb2-ed17-4964-aa9a-e3612bb695a5
1080.0,79ffb303-779d-45c3-941a-d3bfaef650a0,720.0,vlog on tech!,9395.0,221817.0,36.0,1750084683.0,524066.0,2518.0,1cbabdb9-7956-4a38-9fae-12f3deac39fd
720.0,79ffb303-779d-45c3-941a-d3bfaef650a0,720.0,challenge on tech!,6081.0,3571.0,177.0,1748443083.0,434439.0,4610.0,e17e01fb-0aeb-461d-badb-6298e8c44a82
720.0,79ffb303-779d-45c3-941a-d3bfaef650a0,720.0,reaction on food!,2002.0,20192.0,142.0,1751553483.0,906183.0,2133.0,95ebf0d5-e7ab-49b9-895c-37eae9de69f5
1080.0,79ffb303-779d-45c3-941a-d3bfaef650a0,1080.0,vlog on tech!,3552.0,204159.0,38.0,1750516683.0,104257.0,1090.0,c741b88b-eefa-41a4-ae5c-9e0bea19fbc7
720.0,79ffb303-779d-45c3-941a-d3bfaef650a0,720.0,challenge on travel!,7835.0,49820.0,148.0,1752590283.0,674340.0,2106.0,b635218d-fff7-47af-a3c7-13938d15de53
720.0,79ffb303-779d-45c3-941a-d3bfaef650a0,1080.0,review on food!,2776.0,52800.0,156.0,1753022283.0,160035.0,2535.6222222222223,add6765d-ea76-4d2d-951b-d023f12df1cd
1080.0,79ffb303-779d-45c3-941a-d3bfaef650a0,1080.0,challenge on fashion!,4999.513470681458,437886.0,133.0,1751726283.0,728604.0,1452.0,f1b6435d-7330-494f-9e27-4f0c564f4d2b
720.0,79ffb303-779d-45c3-941a-d3bfaef650a0,1080.0,unboxing on tech!,4999.513470681458,253113.63264767933,36.0,1751553483.0,486947.0,2767.0,987d5651-191b-46df-9d07-5fe889ee647c
720.0,79ffb303-779d-45c3-941a-d3bfaef650a0,720.0,vlog on tech!,3174.0,187534.0,94.45944039501528,1752244683.0,980765.0,3997.0,65226da3-21b0-4f6c-972b-bd3dec5e9864
1080.0,79ffb303-779d-45c3-941a-d3bfaef650a0,896.6165413533835,vlog on beauty!,8956.0,48060.0,61.0,1752503883.0,494478.7454455933,2535.6222222222223,3d78f8a4-3931-4524-81a9-252f764073af
720.0,79ffb303-779d-45c3-941a-d3bfaef650a0,720.0,unboxing on beauty!,4999.513470681458,253113.63264767933,40.0,1748788683.0,421054.0,2535.6222222222223,e08afcfe-952e-4b39-a36f-0f4b1788ec4d
1080.0,79ffb303-779d-45c3-941a-d3bfaef650a0,720.0,challenge on tech!,8553.0,458360.0,83.0,1749307083.0,359491.0,2391.0,ebb7d36e-aa98-4df0-94d3-7c2adb582000
1080.0,79ffb303-779d-45c3-941a-d3bfaef650a0,720.0,review on food!,1310.0,283525.0,20.0,1749739083.0,223779.0,13.0,b8d8ce24-bd2d-4208-a660-7d0ce274f685
720.0,79ffb303-779d-45c3-941a-d3bfaef650a0,720.0,challenge on fitness!,1541.0,253113.63264767933,94.0,1752676683.0,604901.0,2535.6222222222223,1ba66c83-93ab-4b4e-a58d-c9d7fb91ef97
720.0,79ffb303-779d-45c3-941a-d3bfaef650a0,720.0,vlog on food!,1495.0,283546.0,174.0,1747838283.0,494478.7454455933,785.0,6adbf80d-8ef1-4e41-98ca-c03d03458acf
1080.0,79ffb303-779d-45c3-941a-d3bfaef650a0,720.0,challenge on food!,9168.0,213868.0,92.0,1750430283.0,191918.0,2535.6222222222223,c856860b-4441-4f73-ba35-ed8a8ebdf14d
720.0,79ffb303-779d-45c3-941a-d3bfaef650a0,720.0,challenge on travel!,5662.0,262495.0,36.0,1750343883.0,728766.0,4070.0,19ba023e-c66f-4856-9be9-414cc01e045e
1080.0,79ffb303-779d-45c3-941a-d3bfaef650a0,720.0,review on food!,9377.0,450796.0,15.0,1752935883.0,808196.0,4600.0,5dbdad4b-f856-4bfb-b1ae-cc5a7a3624ef
720.0,79ffb303-779d-45c3-941a-d3bfaef650a0,1080.0,challenge on travel!,8882.0,490919.0,132.0,1752071883.0,257194.0,2740.0,44c55fa9-9b76-4909-b340-84259ca2648c
720.0,79ffb303-779d-45c3-941a-d3bfaef650a0,1080.0,reaction on tech!,4999.513470681458,253113.63264767933,28.0,1752590283.0,443409.0,4299.0,bfd60055-17f2-4b31-a61c-123bdae3d58c
720.0,79ffb303-779d-45c3-941a-d3bfaef650a0,1080.0,challenge on travel!,3867.0,100969.0,160.0,1750084683.0,440448.0,1336.0,2052a499-c0d9-4190-b3d3-eb0d9429ec65
1080.0,79ffb303-779d-45c3-941a-d3bfaef650a0,1080.0,reaction on travel!,2524.0,253113.63264767933,123.0,1748615883.0,646645.0,4602.0,81ee3f07-e687-419a-93d0-f1afa15a75a3
720.0,79ffb303-779d-45c3-941a-d3bfaef650a0,720.0,reaction on beauty!,4147.0,317908.0,94.0,1750084683.0,668253.0,3443.0,d4dd48ac-bade-47b3-b4b1-2c29433aa4a9
720.0,79ffb303-779d-45c3-941a-d3bfaef650a0,1080.0,vlog on fashion!,7692.0,275827.0,84.0,1749134283.0,426603.0,2989.0,c9ca9fb9-e7ba-43de-9d83-3ec1e2374e92
1080.0,79ffb303-779d-45c3-941a-d3bfaef650a0,1080.0,vlog on travel!,4424.0,107324.0,142.0,1751899083.0,154548.0,904.0,83533136-f7bd-45de-b608-786bba3e75a0
720.0,1a698c3a-399b-4072-8ce8-0c3bb90e3ba7,896.6165413533835,reaction on food!,7472.0,303561.0,107.0,1752503883.0,396119.0,4420.0,b4a4c62b-e029-442e-8ec9-5367b6955759
720.0,1a698c3a-399b-4072-8ce8-0c3bb90e3ba7,1080.0,review on food!,2306.0,424345.0,35.0,1750257483.0,494478.7454455933,1425.0,181438fb-b975-4f76-abdf-45971bec7224
720.0,1a698c3a-399b-4072-8ce8-0c3bb90e3ba7,1080.0,challenge on beauty!,4999.513470681458,253113.63264767933,76.0,1751985483.0,507325.0,3015.0,6fdb23b0-c473-43bb-90b8-18693c05e50a
1080.0,1a698c3a-399b-4072-8ce8-0c3bb90e3ba7,720.0,reaction on beauty!,7653.0,293554.0,84.0,1751035083.0,250070.0,3231.0,be46603e-ca4d-4aec-b790-53dc7f5175a4
720.0,1a698c3a-399b-4072-8ce8-0c3bb90e3ba7,1080.0,unboxing on food!,6777.0,443828.0,22.0,1751035083.0,619480.0,1455.0,84519884-be66-4093-80cb-2d0e57a7cf47
1080.0,1a698c3a-399b-4072-8ce8-0c3bb90e3ba7,720.0,review on beauty!,4178.0,253113.63264767933,41.0,1752417483.0,341228.0,1689.0,e5809a1e-772f-41fd-bf72-9ad091593f7e
720.0,1a698c3a-399b-4072-8ce8-0c3bb90e3ba7,720.0,reaction on food!,7983.0,253113.63264767933,69.0,1751380683.0,787243.0,1575.0,6d6b258a-1595-475b-818a-dfdb9332da12
720.0,1a698c3a-399b-4072-8ce8-0c3bb90e3ba7,720.0,challenge on travel!,314.0,215672.0,94.45944039501528,1748443083.0,611254.0,4812.0,c05d5abf-469a-4b68-ab1c-91162a835d95
1080.0,1a698c3a-399b-4072-8ce8-0c3bb90e3ba7,720.0,challenge on tech!,863.0,112488.0,111.0,1752244683.0,766591.0,4263.0,d2972a75-3333-4c0f-877c-f3e8cdc26536
897.9699248120301,1a698c3a-399b-4072-8ce8-0c3bb90e3ba7,1080.0,review on travel!,7853.0,152840.0,80.0,1751207883.0,598001.0,3374.0,6aec4dd9-4621-4b7f-9c46-7d70606492ba
1080.0,1a698c3a-399b-4072-8ce8-0c3bb90e3ba7,720.0,vlog on food!,7402.0,253113.63264767933,114.0,1751207883.0,561747.0,2087.0,280dd7ed-c313-490f-a502-e15599cd1def
720.0,1a698c3a-399b-4072-8ce8-0c3bb90e3ba7,720.0,unboxing on beauty!,5824.0,153772.0,168.0,1748788683.0,922533.0,3902.0,0ea8c395-08fe-4d54-895b-e2a109a40fc8
720.0,1a698c3a-399b-4072-8ce8-0c3bb90e3ba7,1080.0,challenge on fitness!,895.0,37436.0,117.0,1749825483.0,357082.0,1130.0,ac891e0f-650c-4848-ac0b-c38311819425
720.0,1a698c3a-399b-4072-8ce8-0c3bb90e3ba7,1080.0,vlog on travel!,5656.0,223100.0,60.0,1748183883.0,560701.0,2535.6222222222223,6d447681-6e72-4903-a166-caa3c7d2bee3
720.0,1a698c3a-399b-4072-8ce8-0c3bb90e3ba7,1080.0,unboxing on travel!,9988.0,429510.0,167.0,1749566283.0,455177.0,3435.0,3797c63e-7cf6-46e6-940a-7cc6cf295117
720.0,1a698c3a-399b-4072-8ce8-0c3bb90e3ba7,720.0,challenge on fashion!,559.0,445067.0,60.0,1751207883.0,634639.0,228.0,796a3aca-dfae-4b15-a72b-7006e628f6ef
720.0,1a698c3a-399b-4072-8ce8-0c3bb90e3ba7,896.6165413533835,challenge on fashion!,8075.0,298472.0,77.0,1750948683.0,148836.0,4157.0,a35c52ee-3706-4a38-ad4d-8ac8cdac9b35
720.0,1a698c3a-399b-4072-8ce8-0c3bb90e3ba7,720.0,unboxing on beauty!,6933.0,28774.0,94.45944039501528,1751985483.0,334479.0,1768.0,f00b273d-fc74-44ea-83c0-e55eea55ebe6
720.0,1a698c3a-399b-4072-8ce8-0c3bb90e3ba7,1080.0,vlog on fashion!,4999.513470681458,496958.0,73.0,1750171083.0,654534.0,2997.0,561e3e88-af72-4430-816e-f342e9de4e6e
720.0,1a698c3a-399b-4072-8ce8-0c3bb90e3ba7,1080.0,challenge on beauty!,1085.0,312599.0,97.0,1750862283.0,464621.0,1793.0,aedd0e48-6be0-4f45-901c-010d19191097
1080.0,1a698c3a-399b-4072-8ce8-0c3bb90e3ba7,1080.0,reaction on fashion!,2776.0,462413.0,153.0,1751899083.0,281453.0,3517.0,b505ca88-f78b-4920-bb41-08b31257b656
1080.0,1a698c3a-399b-4072-8ce8-0c3bb90e3ba7,720.0,unboxing on fashion!,1698.0,285916.0,67.0,1750862283.0,494478.7454455933,3073.0,3f133129-6d5e-4956-ab75-e5b24ab019ab
720.0,1a698c3a-399b-4072-8ce8-0c3bb90e3ba7,1080.0,reaction on fitness!,5883.0,488682.0,77.0,1749220683.0,853965.0,1921.0,9fa44ced-60ed-4bf5-ad6a-97d1888c4b3f
720.0,1a698c3a-399b-4072-8ce8-0c3bb90e3ba7,720.0,review on beauty!,3827.0,55299.0,10.0,1748183883.0,324785.0,1963.0,955cfecd-3443-4158-9cd3-063b3065ee73
897.9699248120301,1a698c3a-399b-4072-8ce8-0c3bb90e3ba7,720.0,vlog on fitness!,5970.0,226900.0,136.0,1750084683.0,319867.0,4632.0,926e2e99-8e2c-4773-afaa-6294bc0d1fca
720.0,1a698c3a-399b-4072-8ce8-0c3bb90e3ba7,720.0,unboxing on food!,604.0,253113.63264767933,178.0,1748875083.0,494478.7454455933,3285.0,497d0049-6fcf-4732-a172-ab3ecd9869c5
1080.0,1a698c3a-399b-4072-8ce8-0c3bb90e3ba7,720.0,review on travel!,4999.513470681458,284559.0,20.0,1747924683.0,313833.0,3386.0,1b0b7576-2744-4b67-bcf7-7285bc30c15b
1080.0,1a698c3a-399b-4072-8ce8-0c3bb90e3ba7,1080.0,reaction on food!,9996.0,411632.0,28.0,1749307083.0,62277.0,393.0,761f580e-d461-4b31-a66b-d6e4d239dda8
720.0,1a698c3a-399b-4072-8ce8-0c3bb90e3ba7,720.0,vlog on fashion!,8364.0,273095.0,20.0,1752417483.0,806811.0,1987.0,5f5ecd02-e4cc-4833-8c53-540ff4ef3319
1080.0,3059f5f8-eff3-4139-9bfc-ce378559d80b,720.0,challenge on beauty!,1506.0,66009.0,64.0,1749825483.0,494478.7454455933,2535.6222222222223,a0b58d93-5606-4c5c-a0db-e0643b9ec91e
720.0,3059f5f8-eff3-4139-9bfc-ce378559d80b,1080.0,vlog on tech!,4116.0,300327.0,53.0,1752158283.0,244572.0,1521.0,ee6c6c16-7bca-47d3-9925-f3ca3602fae6
897.9699248120301,3059f5f8-eff3-4139-9bfc-ce378559d80b,720.0,review on travel!,453.0,17859.0,175.0,1749220683.0,135444.0,750.0,6926bc67-3bcb-441a-8a1b-4f8c9c6c5b41
720.0,3059f5f8-eff3-4139-9bfc-ce378559d80b,720.0,reaction on travel!,7040.0,149777.0,107.0,1751985483.0,755671.0,3460.0,c19cefb7-99b5-4432-838e-0b0b838af482
720.0,3059f5f8-eff3-4139-9bfc-ce378559d80b,1080.0,unboxing on fitness!,1466.0,70715.0,34.0,1751639883.0,72803.0,4439.0,3852f39f-c473-41f2-bb94-603d53d90d4d
720.0,3059f5f8-eff3-4139-9bfc-ce378559d80b,1080.0,challenge on tech!,4999.513470681458,20981.0,125.0,1752417483.0,917326.0,812.0,b29ca5b2-e79b-45d3-b0eb-2cf6aac055ee
897.9699248120301,3059f5f8-eff3-4139-9bfc-ce378559d80b,1080.0,challenge on travel!,2174.0,129601.0,117.0,1751467083.0,341435.0,2331.0,affe8a2f-c5a9-454d-8a02-cedafce6cf7c
1080.0,3059f5f8-eff3-4139-9bfc-ce378559d80b,1080.0,review on fitness!,4077.0,488115.0,90.0,1749220683.0,746734.0,2535.6222222222223,0cdfbcc9-ff7f-43ee-a7ec-130dcb416987
1080.0,3059f5f8-eff3-4139-9bfc-ce378559d80b,1080.0,review on fitness!,3014.0,304160.0,94.45944039501528,1750948683.0,579529.0,1385.0,49738df3-eef0-494e-953d-213fb5812952
720.0,3059f5f8-eff3-4139-9bfc-ce378559d80b,720.0,challenge on tech!,5722.0,351098.0,34.0,1751294283.0,102445.0,4627.0,1e3a224d-e855-43bf-9461-c5cfc38516e7
1080.0,3059f5f8-eff3-4139-9bfc-ce378559d80b,1080.0,challenge on food!,185.0,234435.0,94.0,1749393483.0,827901.0,905.0,781178d7-d02d-48b7-a0b6-bc5dd04a5153
1080.0,3059f5f8-eff3-4139-9bfc-ce378559d80b,720.0,reaction on travel!,5225.0,353548.0,61.0,1749652683.0,563966.0,1487.0,7f67f7a1-3627-45e7-8eb3-df27db78ec32
720.0,3059f5f8-eff3-4139-9bfc-ce378559d80b,1080.0,review on beauty!,7942.0,253113.63264767933,64.0,1752417483.0,487813.0,2535.6222222222223,41a6fc55-5a9c-48c1-ae53-4a7115e7e06e
720.0,3059f5f8-eff3-4139-9bfc-ce378559d80b,720.0,challenge on fashion!,9020.0,369568.0,128.0,1749047883.0,498259.0,2535.6222222222223,d539bd70-c585-4924-ae96-3aa4aafcc368
1080.0,3059f5f8-eff3-4139-9bfc-ce378559d80b,1080.0,vlog on food!,1870.0,198663.0,106.0,1748011083.0,240037.0,3352.0,563d550e-9465-4b38-bbaf-0757fcfdf40f
1080.0,3059f5f8-eff3-4139-9bfc-ce378559d80b,720.0,vlog on beauty!,5758.0,117894.0,94.45944039501528,1749479883.0,314084.0,2410.0,e3add9ec-df25-4d9b-ac0d-09d472041bb1
1080.0,3059f5f8-eff3-4139-9bfc-ce378559d80b,720.0,vlog on food!,886.0,262785.0,106.0,1750430283.0,202716.0,3529.0,68093afb-b32e-4989-925e-8a0be67e8290
1080.0,3059f5f8-eff3-4139-9bfc-ce378559d80b,720.0,review on tech!,6706.0,71057.0,77.0,1752590283.0,494478.7454455933,2409.0,e4127700-5bc9-43fc-8b95-887164d7f181
1080.0,3059f5f8-eff3-4139-9bfc-ce378559d80b,720.0,challenge on beauty!,804.0,124071.0,159.0,1751899083.0,566114.0,220.0,5bff96d6-97d1-4997-9638-cd9d1932f254
720.0,3059f5f8-eff3-4139-9bfc-ce378559d80b,1080.0,vlog on beauty!,4999.513470681458,253113.63264767933,29.0,1749739083.0,9813.0,3560.0,2b486a18-605e-4c7b-832a-db042055a004
1080.0,3059f5f8-eff3-4139-9bfc-ce378559d80b,720.0,review on beauty!,6514.0,428335.0,138.0,1747924683.0,554509.0,1126.0,4de40675-cd28-4c7c-9f33-09d6f8f14462
720.0,671dc9c6-ac46-41d9-88d4-5cf8baa2d929,1080.0,vlog on food!,6999.0,272731.0,171.0,1749739083.0,807588.0,874.0,522618af-02de-4f05-a6c9-b4053cbf902d
1080.0,671dc9c6-ac46-41d9-88d4-5cf8baa2d929,1080.0,vlog on beauty!,7320.0,20397.0,25.0,1750084683.0,821981.0,1468.0,bce72e8c-b920-4cb5-a6df-693309502dd0
720.0,671dc9c6-ac46-41d9-88d4-5cf8baa2d929,1080.0,unboxing on travel!,8976.0,308928.0,159.0,1749307083.0,643360.0,387.0,2002fc7c-3fa6-4f24-912a-7d18354ddaf1
1080.0,671dc9c6-ac46-41d9-88d4-5cf8baa2d929,1080.0,vlog on tech!,4718.0,264034.0,151.0,1751380683.0,316541.0,3660.0,8cfa4d2e-e7c9-463b-8be1-6eeabf45b509
1080.0,671dc9c6-ac46-41d9-88d4-5cf8baa2d929,1080.0,challenge on beauty!,4395.0,444031.0,124.0,1751035083.0,474266.0,1697.0,9a3aa002-b65f-4d29-bdd1-7467c501ce30
720.0,671dc9c6-ac46-41d9-88d4-5cf8baa2d929,720.0,review on fashion!,4999.513470681458,111176.0,33.0,1748788683.0,316706.0,4356.0,75f5859b-01fe-493a-97cf-ce69852fc297
720.0,671dc9c6-ac46-41d9-88d4-5cf8baa2d929,1080.0,vlog on food!,5043.0,305336.0,12.0,1748529483.0,346166.0,4363.0,9420a434-bd0d-4b2a-9247-804880f27b82
720.0,671dc9c6-ac46-41d9-88d4-5cf8baa2d929,720.0,unboxing on beauty!,4613.0,362817.0,72.0,1748615883.0,508393.0,3508.0,56bb0396-c133-42d0-8ac3-3a82c553b887
720.0,671dc9c6-ac46-41d9-88d4-5cf8baa2d929,720.0,review on tech!,7273.0,379932.0,79.0,1751294283.0,494478.7454455933,251.0,61b4455c-8a32-44f3-85c2-b55016bb9cf8
1080.0,671dc9c6-ac46-41d9-88d4-5cf8baa2d929,1080.0,vlog on fitness!,4999.513470681458,328305.0,166.0,1748615883.0,259815.0,3613.0,149ef308-9f0c-4733-8fd4-67e13a1468a1
720.0,671dc9c6-ac46-41d9-88d4-5cf8baa2d929,896.6165413533835,unboxing on food!,9002.0,253113.63264767933,45.0,1749825483.0,494478.7454455933,2535.6222222222223,c2e4232b-eb25-453b-8812-3f7abe9fca89
1080.0,671dc9c6-ac46-41d9-88d4-5cf8baa2d929,720.0,reaction on fashion!,2997.0,432128.0,90.0,1751899083.0,569211.0,99.0,f80c62d5-04af-4fdd-b060-9a37cbbbdc26
720.0,671dc9c6-ac46-41d9-88d4-5cf8baa2d929,720.0,challenge on tech!,4999.513470681458,424964.0,94.45944039501528,1750862283.0,640464.0,1481.0,2a97c2ee-3a49-4b77-811f-8205b312d0e0
1080.0,671dc9c6-ac46-41d9-88d4-5cf8baa2d929,1080.0,unboxing on travel!,6443.0,253113.63264767933,17.0,1749652683.0,34966.0,2535.6222222222223,ba49c397-6826-4203-896b-c405563a4f44
897.9699248120301,671dc9c6-ac46-41d9-88d4-5cf8baa2d929,720.0,challenge on fitness!,9991.0,482205.0,50.0,1752331083.0,619866.0,4382.0,13de52d6-c62b-40d1-9bef-0b63aadc3972
720.0,671dc9c6-ac46-41d9-88d4-5cf8baa2d929,720.0,vlog on food!,2368.0,146861.0,152.0,1753022283.0,494478.7454455933,1490.0,370f9715-857b-4d2b-92b5-0e160bf68d24
720.0,671dc9c6-ac46-41d9-88d4-5cf8baa2d929,720.0,challenge on travel!,9402.0,413058.0,110.0,1749134283.0,943636.0,2778.0,40334b23-4c9d-483c-ac93-8d188e0432f5
1080.0,671dc9c6-ac46-41d9-88d4-5cf8baa2d929,720.0,challenge on beauty!,6343.0,384975.0,111.0,1751726283.0,666110.0,2535.6222222222223,7c0e4dd7-2b63-436b-a731-2ee67f3d51ed
720.0,671dc9c6-ac46-41d9-88d4-5cf8baa2d929,720.0,challenge on fitness!,762.0,433104.0,71.0,1747838283.0,494478.7454455933,1415.0,4f0f31b7-e5e8-4d39-a34f-87573c28c968
720.0,671dc9c6-ac46-41d9-88d4-5cf8baa2d929,720.0,challenge on fashion!,4999.513470681458,326996.0,59.0,1748443083.0,270773.0,4957.0,cd11f320-d3c6-4aaf-b887-cbc29ed54f22
1080.0,671dc9c6-ac46-41d9-88d4-5cf8baa2d929,720.0,challenge on travel!,5964.0,253113.63264767933,56.0,1749307083.0,441828.0,2535.6222222222223,bc41bd6e-4d42-44cf-8214-fc808da6a2e3
720.0,671dc9c6-ac46-41d9-88d4-5cf8baa2d929,720.0,vlog on travel!,4443.0,154123.0,153.0,1749047883.0,602544.0,530.0,98ea39a3-12f8-44f8-abfe-1c1bdd2f63da
720.0,671dc9c6-ac46-41d9-88d4-5cf8baa2d929,720.0,review on travel!,984.0,253113.63264767933,94.45944039501528,1752676683.0,570090.0,815.0,22074cae-6558-4ee6-ba06-1651715d6082
1080.0,671dc9c6-ac46-41d9-88d4-5cf8baa2d929,896.6165413533835,review on food!,2979.0,253113.63264767933,118.0,1751121483.0,445948.0,2010.0,778deea3-429d-4e23-aebe-03a1ad09528e
720.0,671dc9c6-ac46-41d9-88d4-5cf8baa2d929,720.0,challenge on travel!,2047.0,33651.0,89.0,1752763083.0,119536.0,1914.0,f17621b7-8a9d-4764-b462-da1051b6b21a
1080.0,671dc9c6-ac46-41d9-88d4-5cf8baa2d929,720.0,challenge on tech!,5989.0,400495.0,139.0,1748875083.0,982785.0,2535.6222222222223,0f21e770-6c75-41cb-b578-b27ce7e887a1
720.0,671dc9c6-ac46-41d9-88d4-5cf8baa2d929,896.6165413533835,challenge on fashion!,3068.0,253113.63264767933,116.0,1749220683.0,538098.0,3238.0,5073f947-e1ac-4d1b-8436-ba3683ec88a3
720.0,671dc9c6-ac46-41d9-88d4-5cf8baa2d929,720.0,unboxing on travel!,9576.0,4547.0,29.0,1751726283.0,859293.0,35.0,f13b13cd-4104-47e5-bb01-2bdd41eb474b
720.0,671dc9c6-ac46-41d9-88d4-5cf8baa2d929,896.6165413533835,challenge on beauty!,2156.0,357940.0,152.0,1750084683.0,215228.0,1902.0,ba2357bb-f880-445e-85d1-1467b5fc9874
1080.0,cd55280d-1c87-418a-858a-d835666acdaf,720.0,unboxing on beauty!,6077.0,305920.0,132.0,1751553483.0,994801.0,3820.0,4f9a2159-169a-402a-beff-8b6d9fe0b08c
720.0,cd55280d-1c87-418a-858a-d835666acdaf,1080.0,challenge on fitness!,4567.0,164446.0,67.0,1750689483.0,865404.0,124.0,f64b399f-25b2-455f-8999-4a09a60a14d9
720.0,cd55280d-1c87-418a-858a-d835666acdaf,720.0,vlog on travel!,2454.0,16388.0,26.0,1748443083.0,494478.7454455933,4265.0,7cbbc30e-3711-4714-acb6-54af2c2ad33b
1080.0,cd55280d-1c87-418a-858a-d835666acdaf,1080.0,reaction on beauty!,1114.0,295835.0,74.0,1752331083.0,105099.0,3046.0,572e0c32-e3cd-469f-9f49-30785827e292
1080.0,cd55280d-1c87-418a-858a-d835666acdaf,720.0,vlog on food!,6601.0,253113.63264767933,94.45944039501528,1751121483.0,260846.0,4261.0,4bacf364-93c3-43ad-806e-e719076700e0
1080.0,cd55280d-1c87-418a-858a-d835666acdaf,1080.0,reaction on fashion!,721.0,373622.0,10.0,1748270283.0,805258.0,937.0,0494da8e-396f-4983-b618-79ede9bcff6e
720.0,cd55280d-1c87-418a-858a-d835666acdaf,720.0,review on fashion!,7628.0,356405.0,113.0,1751812683.0,938987.0,1055.0,8c14300c-a29b-455e-9f2c-efe6e31993f4
720.0,cd55280d-1c87-418a-858a-d835666acdaf,1080.0,reaction on beauty!,3850.0,212086.0,28.0,1749134283.0,494478.7454455933,1621.0,49b6bae3-acba-4482-a546-054ddc6277f6
720.0,cd55280d-1c87-418a-858a-d835666acdaf,720.0,review on beauty!,1492.0,201488.0,154.0,1748961483.0,556873.0,371.0,42b66890-bf76-44a9-9124-f1633ee92efa
720.0,cd55280d-1c87-418a-858a-d835666acdaf,720.0,review on fitness!,2241.0,253113.63264767933,42.0,1748443083.0,494478.7454455933,4473.0,d21889a9-1e22-462a-b163-eec5ca8bad26
1080.0,cd55280d-1c87-418a-858a-d835666acdaf,1080.0,unboxing on food!,4999.513470681458,137147.0,94.45944039501528,1748270283.0,62242.0,2535.6222222222223,fba087c9-f300-4eab-8991-b60551226548
1080.0,cd55280d-1c87-418a-858a-d835666acdaf,1080.0,review on beauty!,1800.0,29486.0,127.0,1749479883.0,103114.0,1447.0,51b4dd18-544f-4d3c-b0fa-4dc479a81352
720.0,cd55280d-1c87-418a-858a-d835666acdaf,1080.0,review on fashion!,9805.0,144818.0,75.0,1751121483.0,223636.0,2535.6222222222223,5afdd94a-6349-4892-b777-7e0787b99508
720.0,cd55280d-1c87-418a-858a-d835666acdaf,720.0,vlog on fitness!,3212.0,285310.0,127.0,1752071883.0,17320.0,4065.0,1cff0161-1375-4b5c-9710-87c795917417
1080.0,cd55280d-1c87-418a-858a-d835666acdaf,720.0,vlog on travel!,1708.0,288171.0,62.0,1748356683.0,625128.0,1688.0,0ef27c47-a8dc-4062-a8bb-226cb8d567d2
1080.0,cd55280d-1c87-418a-858a-d835666acdaf,1080.0,reaction on fitness!,3300.0,296360.0,92.0,1752763083.0,792945.0,4561.0,f5cc1728-9723-47b9-931c-7f22226fb24e
1080.0,cd55280d-1c87-418a-858a-d835666acdaf,720.0,challenge on food!,4999.513470681458,375261.0,101.0,1749479883.0,939832.0,2535.6222222222223,b6c17a0f-7db6-4129-b8b2-8d1428226a72
1080.0,cd55280d-1c87-418a-858a-d835666acdaf,720.0,vlog on tech!,1158.0,198291.0,117.0,1752503883.0,838197.0,1614.0,183bde6b-a575-4c05-b38d-b3d2466a6ca3
1080.0,cd55280d-1c87-418a-858a-d835666acdaf,1080.0,review on fashion!,4999.513470681458,298519.0,142.0,1749911883.0,266988.0,1955.0,a59d8d20-93dc-4a59-9f96-0b45bf6e1748
1080.0,cd55280d-1c87-418a-858a-d835666acdaf,896.6165413533835,unboxing on tech!,2817.0,290718.0,119.0,1750430283.0,725842.0,144.0,c3717c20-7d90-439a-8122-7b2fa1201881
720.0,cd55280d-1c87-418a-858a-d835666acdaf,720.0,unboxing on fashion!,9161.0,304936.0,81.0,1749911883.0,244308.0,3340.0,fb5d3d9a-5d2d-47cd-816e-556073a35d8d
720.0,cd55280d-1c87-418a-858a-d835666acdaf,720.0,reaction on travel!,5918.0,422092.0,95.0,1747924683.0,155376.0,3620.0,1b08e2eb-c4cd-4a7e-84d5-350b5e2d5597
1080.0,cd55280d-1c87-418a-858a-d835666acdaf,720.0,reaction on fashion!,4999.513470681458,253113.63264767933,162.0,1748183883.0,616989.0,1093.0,3ef88b63-349e-45d0-b644-7191a58eb19f
720.0,cd55280d-1c87-418a-858a-d835666acdaf,720.0,challenge on tech!,6684.0,131807.0,112.0,1752590283.0,959278.0,1753.0,7708d04d-eca4-4747-87fa-888e176a4ece
720.0,cd55280d-1c87-418a-858a-d835666acdaf,896.6165413533835,vlog on fashion!,2421.0,161138.0,68.0,1748702283.0,325076.0,2331.0,afdf6b6a-7589-44cf-9a54-cb049fae7331
720.0,cd55280d-1c87-418a-858a-d835666acdaf,720.0,unboxing on fitness!,4999.513470681458,222831.0,110.0,1751207883.0,677058.0,3726.0,c2026263-fd2d-476e-955a-104ed449c05b
1080.0,1ccf23b6-6810-4f84-b4a1-c6361b147c68,1080.0,challenge on fitness!,6270.0,406424.0,86.0,1751553483.0,985038.0,1330.0,95e22864-f57c-49da-a4a3-19c410af5f21
1080.0,1ccf23b6-6810-4f84-b4a1-c6361b147c68,1080.0,unboxing on tech!,1114.0,455520.0,108.0,1752590283.0,494478.7454455933,3237.0,8b05faf4-f51d-47b7-8d63-244f9c491f76
1080.0,1ccf23b6-6810-4f84-b4a1-c6361b147c68,720.0,vlog on travel!,1715.0,253113.63264767933,71.0,1752417483.0,146548.0,1294.0,97641585-34ec-44e1-9645-0f80f3b20085
897.9699248120301,1ccf23b6-6810-4f84-b4a1-c6361b147c68,720.0,unboxing on fitness!,7267.0,89360.0,175.0,1751812683.0,611309.0,321.0,ddd28fff-db2f-46be-878e-2099fda6926a
1080.0,1ccf23b6-6810-4f84-b4a1-c6361b147c68,720.0,reaction on beauty!,9725.0,267037.0,80.0,1749307083.0,956867.0,2737.0,bdbe3288-ac00-4d11-9467-fc4eee12cb5d
1080.0,1ccf23b6-6810-4f84-b4a1-c6361b147c68,720.0,review on fitness!,1487.0,253113.63264767933,155.0,1752676683.0,494478.7454455933,3222.0,a248bb3f-7b2c-4f2c-bd63-479faabb15c5
1080.0,1ccf23b6-6810-4f84-b4a1-c6361b147c68,720.0,challenge on fitness!,6443.0,201699.0,98.0,1749739083.0,220496.0,554.0,c6a48424-cd12-4d6c-b8ea-4689d88c902f
720.0,1ccf23b6-6810-4f84-b4a1-c6361b147c68,1080.0,challenge on fashion!,5670.0,75371.0,94.45944039501528,1750775883.0,462582.0,920.0,f74670ce-938f-41a8-b74b-b400607e7489
1080.0,1ccf23b6-6810-4f84-b4a1-c6361b147c68,720.0,challenge on fitness!,2837.0,178635.0,22.0,1752590283.0,562481.0,1323.0,9b2129c9-02d4-4983-b57f-4d0aa68f1093
1080.0,1ccf23b6-6810-4f84-b4a1-c6361b147c68,1080.0,review on tech!,2234.0,176828.0,159.0,1749307083.0,54219.0,1493.0,8f58c491-f8d2-460c-bd2d-74c3d29f7302
720.0,1ccf23b6-6810-4f84-b4a1-c6361b147c68,720.0,reaction on travel!,3231.0,253113.63264767933,94.45944039501528,1751207883.0,820818.0,672.0,47387424-7825-4d58-aa10-f67cbb27245e
720.0,1ccf23b6-6810-4f84-b4a1-c6361b147c68,896.6165413533835,review on tech!,8654.0,121393.0,57.0,1752849483.0,494478.7454455933,763.0,4aa90fad-b65a-40df-a4f3-b9b5fc99c302
720.0,1ccf23b6-6810-4f84-b4a1-c6361b147c68,720.0,review on beauty!,1487.0,167771.0,123.0,1752158283.0,415224.0,1996.0,146c8ec9-0e1c-4568-b80e-9cf8499c0fb1
1080.0,1ccf23b6-6810-4f84-b4a1-c6361b147c68,1080.0,review on food!,483.0,216191.0,167.0,1750516683.0,494478.7454455933,2535.6222222222223,ec81e3b9-04c0-4981-acbe-7f9ca3b40d5f
720.0,1ccf23b6-6810-4f84-b4a1-c6361b147c68,720.0,unboxing on tech!,8421.0,371858.0,29.0,1749998283.0,494478.7454455933,770.0,627d83b7-8da5-4b94-b4c7-3c4ab9ff5022
720.0,1ccf23b6-6810-4f84-b4a1-c6361b147c68,720.0,vlog on fitness!,1536.0,276682.0,170.0,1751380683.0,849436.0,2442.0,cd43ce5c-0cb9-4eb1-a4bc-2a16ae0c9ed1
720.0,1ccf23b6-6810-4f84-b4a1-c6361b147c68,1080.0,challenge on beauty!,3236.0,253113.63264767933,105.0,1751639883.0,936709.0,2535.6222222222223,2e612cf7-4f47-44c1-aec2-4b7ceb5a2afb
1080.0,41ffcaab-b839-4a35-8bfc-9f9b741c4353,720.0,challenge on food!,4999.513470681458,322161.0,94.45944039501528,1749566283.0,523716.0,226.0,7ba5d2f4-aafc-453b-9f3d-287d9df6b284
720.0,41ffcaab-b839-4a35-8bfc-9f9b741c4353,1080.0,unboxing on fitness!,6739.0,398783.0,58.0,1750437953.577738,93410.0,4700.0,b6554f56-dc50-49a9-97b8-b918e404b0cc
720.0,41ffcaab-b839-4a35-8bfc-9f9b741c4353,720.0,reaction on tech!,4999.513470681458,13322.0,179.0,1751380683.0,859619.0,2849.0,aa8ffdd0-5781-4f08-a204-300df7b2238e
1080.0,41ffcaab-b839-4a35-8bfc-9f9b741c4353,720.0,reaction on tech!,9677.0,60045.0,62.0,1748356683.0,814676.0,2535.6222222222223,8bcbe107-756b-4579-a9b0-386e5746b63d
1080.0,41ffcaab-b839-4a35-8bfc-9f9b741c4353,1080.0,challenge on fitness!,9143.0,213663.0,141.0,1749307083.0,758555.0,297.0,febe7cc2-5e6d-4dd6-9f57-3bf15f82fdaa
720.0,41ffcaab-b839-4a35-8bfc-9f9b741c4353,720.0,unboxing on beauty!,6333.0,466968.0,94.0,1750689483.0,321715.0,1695.0,a5670042-1350-4d0f-859b-07e92fec33ec
720.0,41ffcaab-b839-4a35-8bfc-9f9b741c4353,1080.0,review on beauty!,4267.0,212572.0,103.0,1750437953.577738,216168.0,3363.0,35d5e706-0708-4406-839e-cbed841ef516
720.0,41ffcaab-b839-4a35-8bfc-9f9b741c4353,720.0,reaction on travel!,4999.513470681458,398653.0,92.0,1749479883.0,611571.0,2535.6222222222223,a9070817-eb64-4621-bdbf-74f9f8a2b20c
1080.0,41ffcaab-b839-4a35-8bfc-9f9b741c4353,720.0,challenge on tech!,4999.513470681458,434442.0,112.0,1749479883.0,403101.0,1074.0,619eabca-779f-4fa5-becd-79c5fddc7eec
1080.0,41ffcaab-b839-4a35-8bfc-9f9b741c4353,1080.0,reaction on food!,4553.0,94173.0,49.0,1751294283.0,450176.0,3907.0,9124e49b-e08f-4d18-9bf6-7a8e64ca8beb
720.0,41ffcaab-b839-4a35-8bfc-9f9b741c4353,1080.0,reaction on food!,7101.0,253113.63264767933,120.0,1748702283.0,664410.0,1101.0,c4740569-25ea-4185-acda-5f437674055c
1080.0,41ffcaab-b839-4a35-8bfc-9f9b741c4353,896.6165413533835,review on food!,8553.0,185153.0,107.0,1749739083.0,66674.0,787.0,d9dc1af3-6663-490e-9b35-bda8fab19084
720.0,41ffcaab-b839-4a35-8bfc-9f9b741c4353,720.0,unboxing on travel!,2108.0,366920.0,134.0,1751726283.0,452642.0,2311.0,7359ced5-618a-4e0d-b7f1-9bac4fbb551a
720.0,41ffcaab-b839-4a35-8bfc-9f9b741c4353,1080.0,reaction on beauty!,4999.513470681458,278025.0,93.0,1748356683.0,695615.0,4475.0,1721265a-3d71-45a3-ab3b-e2a68473c887
1080.0,41ffcaab-b839-4a35-8bfc-9f9b741c4353,720.0,unboxing on food!,3702.0,159608.0,67.0,1749134283.0,338652.0,1465.0,a0db4095-a6d8-47be-acba-e89efee6b665
720.0,41ffcaab-b839-4a35-8bfc-9f9b741c4353,720.0,unboxing on fitness!,6670.0,253113.63264767933,47.0,1750862283.0,912327.0,3755.0,d8051aed-07fc-4bec-a965-e2a28982bd41
1080.0,41ffcaab-b839-4a35-8bfc-9f9b741c4353,1080.0,challenge on beauty!,4999.513470681458,359152.0,152.0,1752763083.0,383485.0,4453.0,3791f951-d14a-44b4-a161-48099b6905c3
720.0,41ffcaab-b839-4a35-8bfc-9f9b741c4353,720.0,vlog on fashion!,4999.513470681458,354641.0,36.0,1750084683.0,882626.0,653.0,6ff8b6ce-0f7e-479b-8978-dc9ff751f37b
720.0,41ffcaab-b839-4a35-8bfc-9f9b741c4353,720.0,unboxing on beauty!,6451.0,17438.0,74.0,1751726283.0,59463.0,775.0,0c998c19-5bbb-44a6-8c41-d5c1045353f3
1080.0,41ffcaab-b839-4a35-8bfc-9f9b741c4353,720.0,unboxing on fitness!,4470.0,270283.0,82.0,1751121483.0,357715.0,3216.0,f2bdeca6-6ddf-48a7-b5cd-5fe8b19a6079
720.0,41ffcaab-b839-4a35-8bfc-9f9b741c4353,1080.0,reaction on travel!,7025.0,201546.0,121.0,1749998283.0,54958.0,1965.0,5939f015-d101-48fa-8674-466c7f67ced8
720.0,41ffcaab-b839-4a35-8bfc-9f9b741c4353,1080.0,reaction on fashion!,4999.513470681458,253113.63264767933,34.0,1751726283.0,597578.0,1970.0,1ced1809-5fe0-48c5-8f57-dfd2f0b3369e
1080.0,41ffcaab-b839-4a35-8bfc-9f9b741c4353,1080.0,review on food!,4999.513470681458,253113.63264767933,60.0,1749566283.0,483218.0,1282.0,4e79a941-64ad-4fda-ad12-ce96ee5d8e3f
1080.0,41ffcaab-b839-4a35-8bfc-9f9b741c4353,720.0,unboxing on beauty!,8303.0,88719.0,158.0,1750084683.0,465256.0,4047.0,a4a5b7f0-e610-4c8e-88a3-02cdeba8240d
1080.0,41ffcaab-b839-4a35-8bfc-9f9b741c4353,896.6165413533835,vlog on beauty!,9157.0,226967.0,94.45944039501528,1748443083.0,46403.0,3452.0,c71a4b3b-36b1-4740-b9f6-13cef08e74e8
897.9699248120301,41ffcaab-b839-4a35-8bfc-9f9b741c4353,720.0,challenge on fitness!,4440.0,243185.0,57.0,1750516683.0,743490.0,952.0,ed35021e-f342-4d37-b601-0bd306cae207
720.0,41ffcaab-b839-4a35-8bfc-9f9b741c4353,720.0,unboxing on food!,6220.0,48073.0,135.0,1748702283.0,613059.0,1101.0,18266b5a-169a-4883-9fb3-3325a4d49e53
720.0,66428920-f123-42a9-ab9c-a9f43ff407d4,720.0,reaction on travel!,693.0,306756.0,94.0,1750343883.0,506772.0,4780.0,0e3c1282-43b6-4a96-b4f8-39830ad26be0
1080.0,66428920-f123-42a9-ab9c-a9f43ff407d4,1080.0,review on fashion!,5729.0,412956.0,147.0,1752071883.0,607538.0,1250.0,02392f92-81f0-45c4-831a-c8c679f21783
720.0,66428920-f123-42a9-ab9c-a9f43ff407d4,720.0,review on fitness!,1274.0,407002.0,172.0,1749307083.0,721746.0,675.0,626ef178-bd7d-421a-9157-68e2bceaf3fe
720.0,66428920-f123-42a9-ab9c-a9f43ff407d4,720.0,vlog on food!,2212.0,393470.0,113.0,1750257483.0,129861.0,4807.0,9a42b9df-dd2f-4909-9208-87ac9ce425d1
1080.0,66428920-f123-42a9-ab9c-a9f43ff407d4,720.0,reaction on tech!,3200.0,148562.0,72.0,1750862283.0,341199.0,2535.6222222222223,92e58937-d9a8-487b-807f-97c8618dc9f6
720.0,66428920-f123-42a9-ab9c-a9f43ff407d4,896.6165413533835,challenge on beauty!,4999.513470681458,475363.0,132.0,1750257483.0,488607.0,3037.0,9b4e918a-a2fb-45a7-a97b-f44596d78a31
720.0,66428920-f123-42a9-ab9c-a9f43ff407d4,1080.0,vlog on tech!,3295.0,307903.0,58.0,1748875083.0,409635.0,2009.0,7cfaf654-4cb5-4985-8109-ee3dbb577bcf
720.0,66428920-f123-42a9-ab9c-a9f43ff407d4,720.0,vlog on travel!,1571.0,321807.0,89.0,1749307083.0,680929.0,869.0,ed9b40f6-a071-4c7f-b4aa-54b7afa7c275
1080.0,66428920-f123-42a9-ab9c-a9f43ff407d4,1080.0,challenge on fashion!,5765.0,221282.0,105.0,1748443083.0,564950.0,4537.0,dc89b71f-31b4-4844-98e9-4c24933ab63b
897.9699248120301,66428920-f123-42a9-ab9c-a9f43ff407d4,720.0,challenge on tech!,4999.513470681458,348576.0,153.0,1748615883.0,849085.0,2079.0,b89bfb83-c940-4bda-af88-7260f255a985
1080.0,66428920-f123-42a9-ab9c-a9f43ff407d4,720.0,review on food!,2297.0,276772.0,13.0,1751899083.0,225314.0,4348.0,a9532674-a5c5-4b5c-abb1-6d3795594596
1080.0,66428920-f123-42a9-ab9c-a9f43ff407d4,1080.0,vlog on food!,4999.513470681458,253113.63264767933,142.0,1750603083.0,679471.0,3307.0,259bac88-ec8b-4e5a-923e-2128cf163cc4
1080.0,66428920-f123-42a9-ab9c-a9f43ff407d4,720.0,challenge on beauty!,4999.513470681458,494662.0,46.0,1750603083.0,638089.0,4528.0,5296f969-45ec-4a29-afec-8eae0b1547d6
1080.0,66428920-f123-42a9-ab9c-a9f43ff407d4,1080.0,vlog on beauty!,1397.0,453878.0,130.0,1748097483.0,494478.7454455933,2057.0,b84c7864-1869-42be-9726-af985c59ea7a
1080.0,66428920-f123-42a9-ab9c-a9f43ff407d4,720.0,unboxing on beauty!,7514.0,22084.0,114.0,1750171083.0,242519.0,2133.0,4be66488-f3d6-45e2-8371-60d3c98119eb
1080.0,66428920-f123-42a9-ab9c-a9f43ff407d4,720.0,vlog on beauty!,1332.0,478409.0,149.0,1749220683.0,566344.0,4522.0,b99c85ac-27c8-4817-bc49-92877cddce19
1080.0,66428920-f123-42a9-ab9c-a9f43ff407d4,720.0,reaction on fashion!,7617.0,253113.63264767933,97.0,1752417483.0,656269.0,1457.0,42b96826-14b9-4218-8af3-8f30573d4f19
1080.0,66428920-f123-42a9-ab9c-a9f43ff407d4,896.6165413533835,reaction on tech!,8429.0,342892.0,178.0,1748443083.0,519875.0,498.0,a09601a7-e3eb-4991-8dad-3569138c4ea0
1080.0,66428920-f123-42a9-ab9c-a9f43ff407d4,720.0,review on travel!,1936.0,341053.0,22.0,1749047883.0,835274.0,431.0,a14db44e-383c-475c-8256-7a7970d6ee61
897.9699248120301,66428920-f123-42a9-ab9c-a9f43ff407d4,1080.0,reaction on fashion!,9629.0,253113.63264767933,155.0,1750775883.0,493863.0,2188.0,d107728b-2dad-403a-b184-1802ccfcd3db
1080.0,baa77010-911e-4d89-be53-f47a5789fc69,720.0,reaction on tech!,9544.0,86396.0,94.0,1752417483.0,228488.0,2535.6222222222223,f6727ae6-94a7-412a-8b57-a86b7571a6de
1080.0,baa77010-911e-4d89-be53-f47a5789fc69,720.0,reaction on fitness!,1012.0,494550.0,100.0,1748529483.0,810448.0,147.0,d2413d97-88aa-4883-bdf5-1416d27d52f4
720.0,baa77010-911e-4d89-be53-f47a5789fc69,1080.0,unboxing on tech!,8078.0,157833.0,42.0,1749307083.0,822480.0,2535.6222222222223,287b0c7d-b892-4f8c-9478-49c8fed02a3d
1080.0,baa77010-911e-4d89-be53-f47a5789fc69,1080.0,reaction on food!,7891.0,17913.0,91.0,1749652683.0,266240.0,3766.0,894c8291-17ed-4660-bdfd-eb545541fd85
720.0,baa77010-911e-4d89-be53-f47a5789fc69,720.0,unboxing on travel!,4999.513470681458,339238.0,122.0,1750948683.0,939588.0,4893.0,0589d53a-9a5e-4986-9423-d52d398fe37b
1080.0,baa77010-911e-4d89-be53-f47a5789fc69,720.0,reaction on tech!,8164.0,306259.0,145.0,1752331083.0,494478.7454455933,1488.0,b0aae55e-5d52-40a4-8bec-82968c8f35fb
1080.0,baa77010-911e-4d89-be53-f47a5789fc69,1080.0,review on travel!,392.0,152360.0,83.0,1750171083.0,54782.0,4574.0,23d607e1-5e18-482e-847d-03a5fef8b61d
720.0,baa77010-911e-4d89-be53-f47a5789fc69,720.0,challenge on fashion!,7815.0,248202.0,81.0,1752676683.0,822805.0,3744.0,74c3945d-5973-4f6b-8fdd-333a486fc373
1080.0,baa77010-911e-4d89-be53-f47a5789fc69,1080.0,challenge on beauty!,6496.0,171164.0,31.0,1748356683.0,494478.7454455933,1321.0,d5c986ec-6977-403d-ab1f-9fe65f432b9c
1080.0,baa77010-911e-4d89-be53-f47a5789fc69,1080.0,challenge on food!,6430.0,294180.0,117.0,1748702283.0,372269.0,2535.6222222222223,49f6c5e2-b8af-47e3-acc7-fcfb71883c21
720.0,baa77010-911e-4d89-be53-f47a5789fc69,720.0,review on tech!,3802.0,437179.0,103.0,1750516683.0,370779.0,2609.0,5b0a27d8-23ac-4b8b-8add-a74e77e1387a
720.0,baa77010-911e-4d89-be53-f47a5789fc69,1080.0,review on fashion!,7637.0,43315.0,60.0,1752158283.0,862585.0,3011.0,d9ea507e-663f-48d8-b068-b07c9f2dfd69
720.0,baa77010-911e-4d89-be53-f47a5789fc69,1080.0,review on beauty!,3177.0,270715.0,40.0,1748788683.0,792263.0,4698.0,e98cc526-4bd2-4857-accf-ced88e08a684
1080.0,baa77010-911e-4d89-be53-f47a5789fc69,1080.0,vlog on food!,9548.0,208829.0,151.0,1749652683.0,494478.7454455933,2137.0,f5fcd179-183d-49ac-beb7-bbe0c7bc901a
1080.0,baa77010-911e-4d89-be53-f47a5789fc69,1080.0,reaction on food!,5202.0,497280.0,20.0,1752244683.0,838676.0,2535.6222222222223,f33d47b6-14ff-414c-8d68-e75e1b1d2f64
720.0,24c0cd9a-9b91-474d-925f-82d0dcd8c0a2,720.0,review on travel!,9897.0,253113.63264767933,173.0,1751380683.0,772627.0,233.0,3cca7c30-01a8-4598-b258-fdae40291e0b
720.0,24c0cd9a-9b91-474d-925f-82d0dcd8c0a2,1080.0,unboxing on beauty!,9379.0,333920.0,13.0,1749307083.0,463709.0,3546.0,53adf8dc-6074-483a-aac8-15f48102b35e
1080.0,24c0cd9a-9b91-474d-925f-82d0dcd8c0a2,720.0,review on fitness!,2861.0,207711.0,27.0,1748875083.0,896508.0,3478.0,1e53b06b-1edf-40da-802f-740663982c8e
720.0,24c0cd9a-9b91-474d-925f-82d0dcd8c0a2,720.0,reaction on fitness!,5862.0,22794.0,76.0,1748788683.0,794746.0,1059.0,1221fab2-7bc5-4bd1-8a0b-ecf60a063c4c
1080.0,24c0cd9a-9b91-474d-925f-82d0dcd8c0a2,720.0,vlog on tech!,4999.513470681458,458885.0,31.0,1750430283.0,494478.7454455933,1380.0,4e136dfb-cd69-4349-b421-b17708dee130
720.0,24c0cd9a-9b91-474d-925f-82d0dcd8c0a2,720.0,challenge on food!,9688.0,257846.0,100.0,1752849483.0,865564.0,526.0,fdfb1a5f-32b8-43f7-a4a0-fa990886c470
720.0,24c0cd9a-9b91-474d-925f-82d0dcd8c0a2,1080.0,reaction on tech!,6347.0,365968.0,160.0,1749998283.0,354617.0,2535.6222222222223,24c5a0c2-6e94-4329-854d-e3e19716369f
720.0,24c0cd9a-9b91-474d-925f-82d0dcd8c0a2,720.0,challenge on tech!,9614.0,109481.0,119.0,1751380683.0,208900.0,3353.0,55ddc346-60c1-4ac9-aa69-a0e5f342182c
1080.0,24c0cd9a-9b91-474d-925f-82d0dcd8c0a2,720.0,review on fashion!,6088.0,311998.0,22.0,1748183883.0,811776.0,4953.0,d0ad08b4-9ae9-4d8c-a2cb-106ab890517f
720.0,24c0cd9a-9b91-474d-925f-82d0dcd8c0a2,720.0,vlog on travel!,4999.513470681458,265888.0,81.0,1748183883.0,748684.0,2535.6222222222223,306080ac-7216-48d8-acfc-e1dfb24935d2
720.0,24c0cd9a-9b91-474d-925f-82d0dcd8c0a2,720.0,reaction on fashion!,5816.0,253113.63264767933,165.0,1748011083.0,236714.0,3530.0,baff95c5-8701-4880-9128-33c9154b3f3c
1080.0,24c0cd9a-9b91-474d-925f-82d0dcd8c0a2,1080.0,reaction on travel!,4339.0,474541.0,94.45944039501528,1752071883.0,306553.0,1555.0,09e35394-fcc5-41ff-b153-3e1e2851167a
1080.0,24c0cd9a-9b91-474d-925f-82d0dcd8c0a2,720.0,reaction on food!,2915.0,34816.0,20.0,1751467083.0,893298.0,3010.0,4461d0d6-c958-413c-9967-3ca8ab39623e
720.0,24c0cd9a-9b91-474d-925f-82d0dcd8c0a2,1080.0,challenge on beauty!,1898.0,134282.0,25.0,1748875083.0,169180.0,1975.0,819cb08f-713e-42d0-8f99-699840e393a2
1080.0,24c0cd9a-9b91-474d-925f-82d0dcd8c0a2,1080.0,reaction on food!,4999.513470681458,253113.63264767933,14.0,1752590283.0,234353.0,2505.0,5ca701aa-1d59-4d97-8de8-b4985e2a628b
1080.0,24c0cd9a-9b91-474d-925f-82d0dcd8c0a2,720.0,unboxing on fitness!,9016.0,171723.0,130.0,1753022283.0,494478.7454455933,4681.0,7922551f-bd5e-4d5d-b960-66db234dbbbb
1080.0,24c0cd9a-9b91-474d-925f-82d0dcd8c0a2,1080.0,reaction on fashion!,4441.0,438712.0,94.45944039501528,1749652683.0,113850.0,771.0,7062a33a-17a5-4d24-b77b-a2fec1d4a490
1080.0,24c0cd9a-9b91-474d-925f-82d0dcd8c0a2,1080.0,review on travel!,3607.0,470460.0,128.0,1751812683.0,40118.0,872.0,d103aade-1383-4776-9f9b-190098fb0ee2
1080.0,24c0cd9a-9b91-474d-925f-82d0dcd8c0a2,1080.0,reaction on fitness!,4999.513470681458,418544.0,76.0,1750343883.0,832604.0,531.0,c9682309-1191-43ff-8d4e-c54eecce1cd9
1080.0,24c0cd9a-9b91-474d-925f-82d0dcd8c0a2,720.0,reaction on fitness!,6591.0,26309.0,167.0,1751899083.0,494478.7454455933,1410.0,8f5c3db8-3090-4c67-b0e0-4b440e8ced49
720.0,24c0cd9a-9b91-474d-925f-82d0dcd8c0a2,1080.0,unboxing on tech!,8209.0,297243.0,60.0,1751726283.0,494478.7454455933,1383.0,79aa43b6-8763-455b-8707-689a328549e5
1080.0,24c0cd9a-9b91-474d-925f-82d0dcd8c0a2,1080.0,challenge on fitness!,2273.0,289570.0,137.0,1752590283.0,356673.0,4562.0,12625f12-31d7-4d37-a7ed-123ccdd1b8dc
720.0,24c0cd9a-9b91-474d-925f-82d0dcd8c0a2,1080.0,challenge on beauty!,2079.0,253113.63264767933,116.0,1751467083.0,618137.0,2677.0,2fcfc812-0a21-4aab-aec8-5017f587a867
1080.0,24c0cd9a-9b91-474d-925f-82d0dcd8c0a2,720.0,unboxing on tech!,7661.0,392748.0,94.45944039501528,1749998283.0,714435.0,4315.0,d013ffc5-8243-468c-a825-96c29fc51372
1080.0,b7591227-c48f-4045-a181-62340b088916,720.0,reaction on food!,9849.0,383754.0,96.0,1752935883.0,824619.0,2535.6222222222223,321f2c95-8721-4648-9262-4d3da6d21865
1080.0,b7591227-c48f-4045-a181-62340b088916,720.0,vlog on food!,3662.0,253113.63264767933,40.0,1748011083.0,760121.0,201.0,ffcebfd6-e07b-42eb-8c51-99cc8d044d21
720.0,b7591227-c48f-4045-a181-62340b088916,896.6165413533835,reaction on food!,4999.513470681458,115092.0,94.45944039501528,1752244683.0,161472.0,1908.0,5fd2295a-5f2e-4220-af81-7f9b40e7c4e7
1080.0,b7591227-c48f-4045-a181-62340b088916,720.0,review on fashion!,7252.0,78971.0,94.45944039501528,1752503883.0,869027.0,4246.0,59652a82-f214-48b2-96d3-9df5803d9597
1080.0,b7591227-c48f-4045-a181-62340b088916,720.0,review on fashion!,4999.513470681458,300628.0,173.0,1753022283.0,494478.7454455933,1937.0,d6d2579a-577b-42fe-ad29-57b19e332b7e
1080.0,b7591227-c48f-4045-a181-62340b088916,1080.0,challenge on beauty!,7884.0,351418.0,89.0,1748615883.0,743504.0,3038.0,22529df3-05e8-4a79-9279-6af53bd88923
1080.0,b7591227-c48f-4045-a181-62340b088916,1080.0,unboxing on travel!,3905.0,49924.0,25.0,1752935883.0,918651.0,4044.0,6631eef7-d23d-453a-a377-28a6c4062d49
1080.0,b7591227-c48f-4045-a181-62340b088916,1080.0,review on fashion!,2318.0,449107.0,19.0,1748788683.0,90124.0,61.0,300d4f1b-9e81-4f11-8c7e-dac46d0a0512
1080.0,b7591227-c48f-4045-a181-62340b088916,720.0,vlog on fashion!,8274.0,239545.0,39.0,1748961483.0,20988.0,143.0,8b6e1206-4245-405f-849a-756b81a8403e
1080.0,b7591227-c48f-4045-a181-62340b088916,1080.0,challenge on beauty!,2574.0,245387.0,91.0,1751985483.0,430722.0,3378.0,c4e75627-3549-48d0-8e58-152dcea62fe9
720.0,b7591227-c48f-4045-a181-62340b088916,1080.0,unboxing on travel!,4999.513470681458,253113.63264767933,155.0,1749911883.0,17612.0,2989.0,aa6780c8-301a-4d88-8150-ad0ac75d67c6
720.0,b7591227-c48f-4045-a181-62340b088916,720.0,challenge on food!,5654.0,279178.0,72.0,1749652683.0,604086.0,4732.0,3ba5ef93-a7cf-43b2-830d-cb53acdc1076
1080.0,b7591227-c48f-4045-a181-62340b088916,720.0,vlog on fashion!,1430.0,253113.63264767933,64.0,1751207883.0,96152.0,2295.0,80802d52-5983-4e24-ac13-5eaeda30e3b7
1080.0,b7591227-c48f-4045-a181-62340b088916,1080.0,unboxing on fashion!,2363.0,304349.0,149.0,1750257483.0,541054.0,188.0,934a1cde-b43a-4857-afcf-dcbef84e5042
1080.0,b7591227-c48f-4045-a181-62340b088916,896.6165413533835,unboxing on fitness!,3218.0,241474.0,24.0,1748270283.0,509877.0,1808.0,3ab7b996-42c3-45c2-83ed-da7db80f4c42
1080.0,b7591227-c48f-4045-a181-62340b088916,720.0,unboxing on fitness!,6058.0,485216.0,94.45944039501528,1751639883.0,537673.0,853.0,d4f4932e-c2fa-4f26-9f23-ca263f94c947
720.0,b7591227-c48f-4045-a181-62340b088916,1080.0,unboxing on tech!,4999.513470681458,253113.63264767933,17.0,1748529483.0,829623.0,2535.6222222222223,66e300f6-4e1c-45c1-b0cc-6351d48d3a91
720.0,b7591227-c48f-4045-a181-62340b088916,896.6165413533835,reaction on travel!,2481.0,228673.0,62.0,1749134283.0,296154.0,4181.0,18206f47-7a98-4b1b-9b20-f761e4aadbb2
720.0,b7591227-c48f-4045-a181-62340b088916,1080.0,reaction on food!,1306.0,216938.0,42.0,1748961483.0,606842.0,2535.6222222222223,2cf281dc-8618-4e6b-8318-78a737bd5cd3
1080.0,b7591227-c48f-4045-a181-62340b088916,1080.0,review on travel!,7703.0,335793.0,134.0,1750257483.0,58302.0,1678.0,1904c996-bbaf-4207-96c0-b639d212e6e6
720.0,b7591227-c48f-4045-a181-62340b088916,720.0,reaction on travel!,4856.0,72738.0,119.0,1748875083.0,355096.0,237.0,c755eb13-1695-45bb-a596-4af06592a9bc
1080.0,b7591227-c48f-4045-a181-62340b088916,1080.0,vlog on fashion!,5834.0,54172.0,180.0,1752590283.0,488048.0,3179.0,26865cce-0b1f-4ca4-befc-0ffcc31dedb1
1080.0,b7591227-c48f-4045-a181-62340b088916,720.0,unboxing on food!,6245.0,359819.0,122.0,1748270283.0,724285.0,4686.0,f9b83934-518d-4745-b57c-85fadca360f1
1080.0,b7591227-c48f-4045-a181-62340b088916,720.0,vlog on food!,7223.0,253113.63264767933,72.0,1752849483.0,519986.0,4352.0,60e41b4f-6027-4c50-a443-e35b4225b30c
720.0,b7591227-c48f-4045-a181-62340b088916,720.0,reaction on food!,9429.0,173037.0,43.0,1751121483.0,533638.0,1332.0,a7d00c0c-4e68-4ab3-9157-70eaad026865
1080.0,b7591227-c48f-4045-a181-62340b088916,720.0,challenge on travel!,4736.0,181011.0,148.0,1750257483.0,536753.0,2514.0,0ec16b1a-dea3-4abc-a09a-73eee83c32a7
720.0,b7591227-c48f-4045-a181-62340b088916,720.0,reaction on beauty!,240.0,274236.0,35.0,1752590283.0,350302.0,2535.6222222222223,cc1b463e-a977-4fe7-b7f8-d1d85c26660f
720.0,b7591227-c48f-4045-a181-62340b088916,720.0,vlog on tech!,4362.0,176001.0,59.0,1750084683.0,400570.0,1308.0,fb3921e6-3b44-4827-8379-f7affc9552d1
720.0,cc857234-580a-40c8-a8e7-10a30a50ec3e,1080.0,review on fashion!,6854.0,270643.0,84.0,1752331083.0,731787.0,1525.0,1cbe2113-4e34-4941-b56b-9410cd5f56a3
1080.0,cc857234-580a-40c8-a8e7-10a30a50ec3e,720.0,unboxing on fitness!,1812.0,450561.0,44.0,1751899083.0,140900.0,1657.0,abb25324-d071-456b-adfc-5289606ac3cc
720.0,cc857234-580a-40c8-a8e7-10a30a50ec3e,720.0,vlog on tech!,9694.0,230071.0,165.0,1749220683.0,612748.0,3379.0,547b9588-e987-42ea-8f2a-d3b85b5bc50b
1080.0,cc857234-580a-40c8-a8e7-10a30a50ec3e,1080.0,unboxing on fitness!,7523.0,451978.0,103.0,1751639883.0,907178.0,2535.6222222222223,b2119b9f-9574-4215-bdad-edeee4daf734
720.0,cc857234-580a-40c8-a8e7-10a30a50ec3e,720.0,vlog on fashion!,4999.513470681458,319794.0,170.0,1751294283.0,310413.0,3550.0,36c4252a-5dcf-4892-bf08-ec7dae7284bb
1080.0,cc857234-580a-40c8-a8e7-10a30a50ec3e,720.0,review on food!,6732.0,253113.63264767933,163.0,1752244683.0,758995.0,796.0,c661ba58-4761-4c41-afe1-0d569d64aa41
720.0,cc857234-580a-40c8-a8e7-10a30a50ec3e,1080.0,vlog on travel!,3098.0,449956.0,12.0,1751899083.0,95453.0,2535.6222222222223,75e36411-c4d7-4b42-a22a-78cd368f127e
1080.0,cc857234-580a-40c8-a8e7-10a30a50ec3e,720.0,challenge on beauty!,3542.0,253113.63264767933,94.0,1751380683.0,259272.0,4794.0,17a0251e-a1fe-4cca-8699-7878b3aee875
1080.0,cc857234-580a-40c8-a8e7-10a30a50ec3e,1080.0,reaction on fitness!,1838.0,416287.0,82.0,1749911883.0,577649.0,1915.0,2e3c7acc-9bc6-42e8-8d37-1370d97f21c2
1080.0,cc857234-580a-40c8-a8e7-10a30a50ec3e,896.6165413533835,unboxing on travel!,4999.513470681458,174059.0,148.0,1750257483.0,31177.0,1295.0,8d7b36e7-a71b-4dd7-948d-5e456aeceaad
720.0,cc857234-580a-40c8-a8e7-10a30a50ec3e,1080.0,reaction on food!,8624.0,207576.0,167.0,1750689483.0,805060.0,2421.0,cd95467d-2185-4a50-915f-27da5dd2d203
1080.0,cc857234-580a-40c8-a8e7-10a30a50ec3e,1080.0,reaction on fashion!,2299.0,483294.0,166.0,1749652683.0,574347.0,1043.0,d1bc3ba4-2c02-440b-85d9-6d205524e7bf
1080.0,cc857234-580a-40c8-a8e7-10a30a50ec3e,1080.0,reaction on tech!,5739.0,22222.0,169.0,1748529483.0,245704.0,3378.0,d6584b01-a265-4b51-aae6-1afbeeb9f850
720.0,cc857234-580a-40c8-a8e7-10a30a50ec3e,1080.0,vlog on fashion!,3853.0,318602.0,116.0,1750343883.0,978041.0,3525.0,49b3282a-4af5-4daa-a616-547516b50b0e
1080.0,cc857234-580a-40c8-a8e7-10a30a50ec3e,720.0,vlog on fitness!,741.0,339852.0,121.0,1750689483.0,135381.0,919.0,49acbb79-bce9-4239-807c-d81c746b930d
720.0,f029f0bc-2429-454d-bf8c-47ebffdcc6ae,720.0,review on travel!,152.0,297495.0,59.0,1752763083.0,762185.0,822.0,9e9f8471-b139-4709-8d71-1b2eb7f22499
720.0,f029f0bc-2429-454d-bf8c-47ebffdcc6ae,720.0,unboxing on travel!,8356.0,407384.0,62.0,1751553483.0,165368.0,3303.0,55ef62f4-2393-462f-9066-55f95cad65fe
1080.0,f029f0bc-2429-454d-bf8c-47ebffdcc6ae,1080.0,unboxing on fashion!,4999.513470681458,253113.63264767933,30.0,1749479883.0,987933.0,556.0,d970bfc2-47ce-4791-ac40-15195234a270
720.0,f029f0bc-2429-454d-bf8c-47ebffdcc6ae,1080.0,vlog on tech!,4999.513470681458,477938.0,165.0,1753022283.0,236146.0,28.0,c1708762-7b63-4d55-8286-af5680067cd3
720.0,f029f0bc-2429-454d-bf8c-47ebffdcc6ae,1080.0,reaction on food!,447.0,60442.0,94.45944039501528,1748788683.0,321079.0,1063.0,73a9bac0-cfc8-47df-b0f0-d25eb16ec632
1080.0,f029f0bc-2429-454d-bf8c-47ebffdcc6ae,1080.0,challenge on beauty!,5992.0,232483.0,119.0,1749911883.0,229126.0,4863.0,39b6c6e0-8619-4f86-bb84-57faf038bb5c
720.0,f029f0bc-2429-454d-bf8c-47ebffdcc6ae,1080.0,review on tech!,4999.513470681458,129861.0,42.0,1749739083.0,390551.0,1205.0,7f3c9e72-cc4a-49cd-855f-7bc09df81938
1080.0,f029f0bc-2429-454d-bf8c-47ebffdcc6ae,720.0,reaction on fitness!,2227.0,291314.0,53.0,1749220683.0,282180.0,762.0,8a1e56ee-46dc-4fb7-9327-b79eadd47f2b
1080.0,f029f0bc-2429-454d-bf8c-47ebffdcc6ae,1080.0,unboxing on beauty!,1424.0,197873.0,77.0,1750862283.0,564548.0,4316.0,e6ba6a3a-6fe0-44f8-830c-02897c43421c
720.0,f029f0bc-2429-454d-bf8c-47ebffdcc6ae,896.6165413533835,vlog on fashion!,7708.0,253113.63264767933,179.0,1750171083.0,370066.0,2998.0,f2037dbe-7900-46b3-96d0-7b46752c418c
720.0,f029f0bc-2429-454d-bf8c-47ebffdcc6ae,720.0,unboxing on food!,5983.0,338749.0,113.0,1748875083.0,174680.0,4592.0,6ec018fc-67cc-4292-8e1a-850b92697de4
720.0,f029f0bc-2429-454d-bf8c-47ebffdcc6ae,1080.0,challenge on beauty!,4999.513470681458,231130.0,159.0,1749479883.0,751179.0,1591.0,8226b912-8e89-451b-a67d-971681081654
1080.0,f029f0bc-2429-454d-bf8c-47ebffdcc6ae,720.0,challenge on beauty!,8550.0,179524.0,26.0,1750430283.0,151205.0,2032.0,cfb6205a-bbba-4b85-983f-5569e9f0a02b
720.0,f029f0bc-2429-454d-bf8c-47ebffdcc6ae,720.0,vlog on travel!,0.0,211787.0,167.0,1751726283.0,842937.0,1852.0,6617c265-ec33-48a2-82a4-95a4ffa1d27e
1080.0,f029f0bc-2429-454d-bf8c-47ebffdcc6ae,720.0,review on fitness!,9631.0,210526.0,94.0,1748961483.0,920724.0,2535.6222222222223,60756b8c-6255-417e-80c7-c9fe5925b9c0
1080.0,f029f0bc-2429-454d-bf8c-47ebffdcc6ae,720.0,review on tech!,9118.0,253113.63264767933,76.0,1751380683.0,946029.0,2434.0,2fd7eecb-0f95-460b-9433-9abb561dd1f5
1080.0,f029f0bc-2429-454d-bf8c-47ebffdcc6ae,1080.0,vlog on beauty!,4999.513470681458,323604.0,111.0,1751812683.0,277937.0,2471.0,61bd0c8b-e68f-4897-97e9-5d715579409c
897.9699248120301,f029f0bc-2429-454d-bf8c-47ebffdcc6ae,1080.0,vlog on travel!,3693.0,253113.63264767933,14.0,1751899083.0,599743.0,1705.0,96f3c2de-5b66-4c32-8b8d-083a075c25bb
720.0,f029f0bc-2429-454d-bf8c-47ebffdcc6ae,1080.0,unboxing on beauty!,4796.0,432880.0,83.0,1751467083.0,213447.0,1473.0,efcba3de-585a-4885-a6a1-f0f90087418d
720.0,f029f0bc-2429-454d-bf8c-47ebffdcc6ae,720.0,vlog on fitness!,5366.0,26433.0,158.0,1748961483.0,421288.0,3489.0,918b158a-bfe8-4b2d-9bfb-c5dbfcea6473
1080.0,f029f0bc-2429-454d-bf8c-47ebffdcc6ae,720.0,vlog on food!,2441.0,246817.0,116.0,1749220683.0,494478.7454455933,2535.6222222222223,b7e06ad9-db01-41b8-adf9-4d557d2a21c5
1080.0,f029f0bc-2429-454d-bf8c-47ebffdcc6ae,1080.0,reaction on beauty!,9347.0,243575.0,117.0,1749393483.0,494478.7454455933,11.0,c61bfdee-c735-4bdb-a6f8-3c8df90efe8b
1080.0,f029f0bc-2429-454d-bf8c-47ebffdcc6ae,1080.0,challenge on travel!,6365.0,253113.63264767933,174.0,1748615883.0,820558.0,548.0,29c1fbe2-955e-41b7-a156-90e0c5975bef
720.0,f029f0bc-2429-454d-bf8c-47ebffdcc6ae,720.0,unboxing on tech!,4999.513470681458,449480.0,68.0,1750171083.0,151953.0,1601.0,b557e05d-0bdd-41a3-be85-1b7dfef93d69
1080.0,f029f0bc-2429-454d-bf8c-47ebffdcc6ae,1080.0,vlog on fashion!,4999.513470681458,338797.0,24.0,1751812683.0,901189.0,1482.0,3e46dfe8-3c91-4fb5-ba7e-ecef65438289
720.0,f029f0bc-2429-454d-bf8c-47ebffdcc6ae,720.0,unboxing on fitness!,503.0,313301.0,117.0,1750171083.0,952238.0,3335.0,f4edf89e-ebeb-4d8a-b415-36bce31d58ad
1080.0,ea966ccc-01d1-4a1b-a512-001c3cbce81c,896.6165413533835,review on tech!,5875.0,494636.0,151.0,1752417483.0,792986.0,3673.0,1b99d669-4843-4d15-86be-912cb0045bc7
720.0,ea966ccc-01d1-4a1b-a512-001c3cbce81c,1080.0,vlog on fitness!,698.0,436917.0,85.0,1749566283.0,494478.7454455933,2535.6222222222223,9ca0ddd7-53ae-4474-9d53-5517f88277c8
720.0,ea966ccc-01d1-4a1b-a512-001c3cbce81c,1080.0,reaction on beauty!,6110.0,402477.0,75.0,1747838283.0,656080.0,2535.6222222222223,c6afe036-3065-4429-a1db-7248d6de7391
720.0,ea966ccc-01d1-4a1b-a512-001c3cbce81c,720.0,challenge on fashion!,8503.0,402964.0,154.0,1752331083.0,990496.0,2396.0,86e62969-e3d4-4fd6-bc75-2a2292b1350d
720.0,ea966ccc-01d1-4a1b-a512-001c3cbce81c,1080.0,vlog on tech!,6044.0,378408.0,89.0,1751121483.0,494478.7454455933,3588.0,5ca5b670-4ac7-4314-bcad-4e58ca6de023
720.0,ea966ccc-01d1-4a1b-a512-001c3cbce81c,720.0,reaction on travel!,7764.0,319524.0,112.0,1748097483.0,359656.0,133.0,c56dc614-5a0c-4405-a201-6e14e071b6c0
720.0,ea966ccc-01d1-4a1b-a512-001c3cbce81c,1080.0,challenge on tech!,620.0,458027.0,10.0,1750775883.0,436808.0,575.0,c6d28810-6f6f-4d98-aa60-0bc3e1f7cf7e
1080.0,ea966ccc-01d1-4a1b-a512-001c3cbce81c,1080.0,challenge on travel!,3456.0,113926.0,64.0,1749825483.0,941378.0,3261.0,4813082a-6526-42c5-8a1d-d926b8a98fae
720.0,ea966ccc-01d1-4a1b-a512-001c3cbce81c,1080.0,challenge on food!,4999.513470681458,244009.0,180.0,1752244683.0,386412.0,2535.6222222222223,3fe7b472-4461-44a1-af18-6e95005bb325
1080.0,ea966ccc-01d1-4a1b-a512-001c3cbce81c,720.0,vlog on beauty!,8449.0,2587.0,153.0,1752071883.0,392132.0,3275.0,08545791-2fdf-4898-8156-99754b6c0f90
1080.0,ea966ccc-01d1-4a1b-a512-001c3cbce81c,720.0,vlog on fitness!,8261.0,257997.0,107.0,1750516683.0,71514.0,4793.0,481dc2d2-c910-4b69-bf46-291b7e83184b
720.0,ea966ccc-01d1-4a1b-a512-001c3cbce81c,720.0,challenge on fitness!,3317.0,42563.0,72.0,1751899083.0,843272.0,2660.0,fbec663c-1709-4b73-95c1-1c6c431e68d4
720.0,ea966ccc-01d1-4a1b-a512-001c3cbce81c,1080.0,vlog on travel!,8108.0,459884.0,168.0,1752935883.0,252754.0,3388.0,d7e067cf-1aa2-486d-a751-d4a36cf808e0
1080.0,ea966ccc-01d1-4a1b-a512-001c3cbce81c,720.0,unboxing on food!,8954.0,64544.0,145.0,1751639883.0,585237.0,2170.0,345db718-b65d-40b9-a8cb-bc6478a3f613
1080.0,ea966ccc-01d1-4a1b-a512-001c3cbce81c,720.0,review on fashion!,9331.0,253113.63264767933,57.0,1751380683.0,444734.0,3503.0,9a264d49-de0e-43bf-af50-e7ead2cab034
1080.0,ea966ccc-01d1-4a1b-a512-001c3cbce81c,1080.0,reaction on food!,1497.0,253113.63264767933,144.0,1752331083.0,523038.0,2804.0,91d5bdfc-cae7-4386-b630-55f9a53c9ad0
720.0,ea966ccc-01d1-4a1b-a512-001c3cbce81c,1080.0,vlog on fashion!,6896.0,287772.0,52.0,1752244683.0,146668.0,1542.0,0dc9bad9-6696-47fe-8452-1e317b950132
720.0,ea966ccc-01d1-4a1b-a512-001c3cbce81c,1080.0,unboxing on tech!,4999.513470681458,129782.0,173.0,1751639883.0,802702.0,2523.0,93609730-1fef-4b8b-adf8-516847e397c7
1080.0,ea966ccc-01d1-4a1b-a512-001c3cbce81c,896.6165413533835,unboxing on beauty!,221.0,376279.0,153.0,1752763083.0,806833.0,2538.0,44c13529-3ffd-4a6b-8345-24c61c3e8325
720.0,ea966ccc-01d1-4a1b-a512-001c3cbce81c,896.6165413533835,review on travel!,4999.513470681458,20453.0,13.0,1748356683.0,707641.0,3537.0,bf15712b-a4dc-40b3-a1f4-155bc6bbd7be
720.0,ea966ccc-01d1-4a1b-a512-001c3cbce81c,1080.0,unboxing on fitness!,4821.0,258240.0,42.0,1750516683.0,511982.0,1594.0,9a4f8310-cd8e-4498-911d-c769ed632216
720.0,ea966ccc-01d1-4a1b-a512-001c3cbce81c,720.0,challenge on food!,2455.0,127268.0,75.0,1752244683.0,39851.0,959.0,a6f251d2-8e7c-41bf-8dcd-371ca4d22c08
720.0,ea966ccc-01d1-4a1b-a512-001c3cbce81c,1080.0,reaction on fitness!,5202.0,486082.0,145.0,1747924683.0,604044.0,4832.0,b895daaa-af8c-4a07-ae3f-8222845684c9
1080.0,ea966ccc-01d1-4a1b-a512-001c3cbce81c,1080.0,vlog on fitness!,252.0,289761.0,53.0,1750257483.0,494478.7454455933,1286.0,8c814508-658d-40c0-9907-57117787018e
720.0,1276f2a3-74b5-47f2-ae5d-cb7508aeb00e,1080.0,challenge on beauty!,2849.0,446625.0,94.45944039501528,1749220683.0,697800.0,607.0,74096dad-ebbc-4e96-b143-7dd893b028ab
897.9699248120301,1276f2a3-74b5-47f2-ae5d-cb7508aeb00e,720.0,reaction on fashion!,5888.0,497149.0,80.0,1751899083.0,494478.7454455933,3929.0,6d9afad7-3913-41ee-ac2f-4fcd86e43e35
1080.0,1276f2a3-74b5-47f2-ae5d-cb7508aeb00e,720.0,challenge on tech!,4164.0,353052.0,75.0,1751207883.0,984675.0,1749.0,0d6d7181-2607-48cd-b7ad-e5840994ecdf
1080.0,1276f2a3-74b5-47f2-ae5d-cb7508aeb00e,1080.0,challenge on fitness!,9009.0,161592.0,94.45944039501528,1751726283.0,515799.0,1495.0,21a70653-0580-4253-a00e-d17c17b6ab39
720.0,1276f2a3-74b5-47f2-ae5d-cb7508aeb00e,720.0,review on fitness!,465.0,200506.0,130.0,1749479883.0,31923.0,640.0,85de1578-5518-4b64-b4d8-787886f81c1d
1080.0,1276f2a3-74b5-47f2-ae5d-cb7508aeb00e,1080.0,review on tech!,4999.513470681458,306773.0,28.0,1751207883.0,50517.0,2004.0,a051976a-0e38-4ef5-aa54-494211570c9e
1080.0,1276f2a3-74b5-47f2-ae5d-cb7508aeb00e,720.0,reaction on fitness!,9938.0,253113.63264767933,68.0,1751985483.0,163439.0,286.0,4737c1de-b903-486c-b62d-d1219f09eaa7
1080.0,1276f2a3-74b5-47f2-ae5d-cb7508aeb00e,720.0,reaction on beauty!,4999.513470681458,155999.0,19.0,1753022283.0,402071.0,4919.0,f1b00478-9431-4a82-b3b7-62bc1ffcfb88
1080.0,1276f2a3-74b5-47f2-ae5d-cb7508aeb00e,1080.0,unboxing on beauty!,2475.0,86000.0,120.0,1749998283.0,702881.0,1531.0,fe4afff6-34f2-438c-9c46-ff4919a7476a
720.0,1276f2a3-74b5-47f2-ae5d-cb7508aeb00e,896.6165413533835,reaction on food!,5080.0,313641.0,55.0,1751812683.0,573890.0,736.0,251380e5-f5bb-4ade-a276-87bd7dd0420f
720.0,1276f2a3-74b5-47f2-ae5d-cb7508aeb00e,1080.0,unboxing on fitness!,6983.0,259801.0,123.0,1748270283.0,461123.0,2535.6222222222223,2189c037-cd0d-4c12-8f9e-0db3c27b070a
720.0,1276f2a3-74b5-47f2-ae5d-cb7508aeb00e,1080.0,challenge on tech!,5644.0,312606.0,24.0,1751812683.0,295222.0,1149.0,75fefb09-e3b0-49a2-aa4a-f5cdfe85bd03
720.0,1276f2a3-74b5-47f2-ae5d-cb7508aeb00e,1080.0,reaction on fashion!,3499.0,136326.0,118.0,1751380683.0,944114.0,3187.0,9c53aeb6-c86d-46cc-b10b-11b45821b188
720.0,1276f2a3-74b5-47f2-ae5d-cb7508aeb00e,1080.0,unboxing on tech!,8909.0,324895.0,90.0,1749825483.0,933969.0,413.0,a0323b30-9980-4c15-937d-8d869aff6d84
720.0,1276f2a3-74b5-47f2-ae5d-cb7508aeb00e,1080.0,unboxing on fitness!,5399.0,296689.0,68.0,1748875083.0,727081.0,2547.0,6bd78ba4-a849-4d59-a2f4-d112312ac436
1080.0,1276f2a3-74b5-47f2-ae5d-cb7508aeb00e,1080.0,challenge on travel!,1016.0,498090.0,176.0,1751207883.0,672252.0,4333.0,e75d46b9-aed5-4342-b183-3b2fb9f2aca9
720.0,1276f2a3-74b5-47f2-ae5d-cb7508aeb00e,720.0,vlog on fashion!,2907.0,69806.0,134.0,1751726283.0,494478.7454455933,4731.0,477d511d-d41b-4df3-835d-477ccd1495fc
1080.0,1276f2a3-74b5-47f2-ae5d-cb7508aeb00e,720.0,vlog on travel!,8668.0,293201.0,88.0,1748529483.0,982897.0,35.0,e28eec3b-e7d5-43c3-a9b4-91dfd1c69056
720.0,1276f2a3-74b5-47f2-ae5d-cb7508aeb00e,896.6165413533835,vlog on beauty!,5100.0,274090.0,94.45944039501528,1748788683.0,992964.0,244.0,1c005cd4-b1e4-45f5-b457-15f0ef48abe9
1080.0,aee77e25-7600-4a86-8c58-022229cb531a,1080.0,vlog on fitness!,6257.0,370361.0,83.0,1751121483.0,306857.0,2535.6222222222223,7f03ecae-2054-4171-aedf-5dfe308be8c7
720.0,aee77e25-7600-4a86-8c58-022229cb531a,720.0,challenge on fashion!,7802.0,143755.0,47.0,1748183883.0,402751.0,4388.0,1ddfbfd8-9eac-4fd0-a075-4a33cabdb237
720.0,aee77e25-7600-4a86-8c58-022229cb531a,720.0,reaction on beauty!,6463.0,496256.0,125.0,1749998283.0,923105.0,2535.6222222222223,b5c307c2-9cf4-4e31-8730-9efa8333f8ad
720.0,aee77e25-7600-4a86-8c58-022229cb531a,720.0,unboxing on travel!,1006.0,304553.0,85.0,1752676683.0,276608.0,4819.0,a1fa303f-4562-4545-997f-feeddda72773
1080.0,aee77e25-7600-4a86-8c58-022229cb531a,720.0,reaction on food!,1605.0,253113.63264767933,121.0,1750437953.577738,562770.0,2535.6222222222223,ebfa64d3-0742-4725-bc08-c29484db79e7
1080.0,aee77e25-7600-4a86-8c58-022229cb531a,1080.0,unboxing on fashion!,4999.513470681458,77568.0,128.0,1752244683.0,737951.0,3192.0,9b26e497-dd2e-416e-8213-703f510c9e44
1080.0,aee77e25-7600-4a86-8c58-022229cb531a,720.0,vlog on food!,6144.0,358994.0,94.0,1749220683.0,328989.0,2535.6222222222223,48716fd3-ac54-4ce2-a470-eceb33d8558b
1080.0,aee77e25-7600-4a86-8c58-022229cb531a,720.0,vlog on fitness!,1540.0,383311.0,26.0,1752676683.0,762232.0,56.0,2c9c06a6-1fbc-46b2-90c1-45c15bc6ec32
720.0,aee77e25-7600-4a86-8c58-022229cb531a,720.0,vlog on food!,9257.0,253113.63264767933,131.0,1751294283.0,573486.0,1611.0,a2c89721-397e-4dfb-a27f-13df7946b92f
1080.0,aee77e25-7600-4a86-8c58-022229cb531a,720.0,reaction on tech!,4843.0,328719.0,119.0,1748097483.0,494478.7454455933,1432.0,fffa4730-257d-4063-8f79-49d0e70d63ec
720.0,aee77e25-7600-4a86-8c58-022229cb531a,1080.0,reaction on fashion!,8716.0,271265.0,21.0,1750516683.0,127844.0,3886.0,8f0d4bf4-ec3a-4d0f-809b-c3c6bda0afa4
720.0,aee77e25-7600-4a86-8c58-022229cb531a,720.0,review on fashion!,6725.0,287479.0,173.0,1752676683.0,18082.0,4859.0,f8a8ffb3-9ffd-4199-8428-5da7544f36cd
1080.0,aee77e25-7600-4a86-8c58-022229cb531a,720.0,review on tech!,5895.0,253113.63264767933,149.0,1752503883.0,281473.0,4287.0,7871617f-2aa7-4065-bed4-84cff3d6f901
720.0,aee77e25-7600-4a86-8c58-022229cb531a,1080.0,reaction on tech!,8352.0,183185.0,98.0,1751639883.0,644403.0,2878.0,50daedf0-b959-49b8-9ebc-281ebe154cf0
1080.0,aee77e25-7600-4a86-8c58-022229cb531a,1080.0,unboxing on fitness!,4999.513470681458,201503.0,142.0,1751639883.0,181195.0,2535.6222222222223,a03d3b7d-7629-4842-8379-6bc3d58a0342
720.0,aee77e25-7600-4a86-8c58-022229cb531a,1080.0,unboxing on food!,5486.0,253113.63264767933,159.0,1749307083.0,789075.0,4891.0,be294bc0-2163-4eb6-aa78-a97b7efaee6b
1080.0,aee77e25-7600-4a86-8c58-022229cb531a,1080.0,vlog on travel!,8954.0,265195.0,157.0,1752763083.0,884118.0,1298.0,8db7865d-ee37-45ea-be69-7e860d0d79fb
897.9699248120301,aee77e25-7600-4a86-8c58-022229cb531a,1080.0,challenge on food!,8564.0,13156.0,155.0,1748529483.0,289562.0,4188.0,ee0327a4-709a-4cf5-b1dd-40abf565f798
720.0,aee77e25-7600-4a86-8c58-022229cb531a,1080.0,reaction on tech!,228.0,253113.63264767933,38.0,1751553483.0,25653.0,1821.0,e4a44988-da5b-45e8-bb83-0073729397f7
720.0,fb10f478-d42c-435b-865b-1f1f571abc10,1080.0,review on fitness!,4999.513470681458,460731.0,23.0,1751294283.0,74599.0,2535.6222222222223,04afac44-2f82-4ed8-a2ce-8f348b5246c4
1080.0,fb10f478-d42c-435b-865b-1f1f571abc10,720.0,vlog on travel!,5006.0,200874.0,98.0,1750516683.0,194967.0,4851.0,57640636-a461-436e-ad42-a7b816b6f1be
1080.0,fb10f478-d42c-435b-865b-1f1f571abc10,1080.0,reaction on beauty!,328.0,220423.0,143.0,1750516683.0,767516.0,2535.6222222222223,493cd953-e605-4f4d-9194-a20f1a72d71e
720.0,fb10f478-d42c-435b-865b-1f1f571abc10,720.0,vlog on beauty!,1436.0,608.0,94.45944039501528,1750343883.0,149008.0,1926.0,00ee02ca-b593-4741-b5f1-13f41100fcb0
720.0,fb10f478-d42c-435b-865b-1f1f571abc10,1080.0,reaction on fitness!,4869.0,228501.0,105.0,1751812683.0,651761.0,4043.0,bd157a86-83f8-46b5-b3ac-41c6ec439afe
720.0,fb10f478-d42c-435b-865b-1f1f571abc10,896.6165413533835,challenge on tech!,1479.0,489833.0,94.0,1749825483.0,660998.0,566.0,acdd530c-cb6a-4ce1-befa-04c6276f5f88
720.0,fb10f478-d42c-435b-865b-1f1f571abc10,1080.0,challenge on fashion!,8770.0,216942.0,16.0,1751726283.0,101216.0,891.0,7e1a6370-4b9f-4de1-b7ed-cbed1b874ccc
1080.0,fb10f478-d42c-435b-865b-1f1f571abc10,720.0,reaction on beauty!,8940.0,290288.0,157.0,1752590283.0,439931.0,1299.0,38197b3f-a2f4-4ae9-8651-8ea1e5050b8f
720.0,fb10f478-d42c-435b-865b-1f1f571abc10,1080.0,unboxing on beauty!,9209.0,253113.63264767933,94.45944039501528,1752244683.0,494478.7454455933,2676.0,de89d36f-7efe-4107-aeef-617acc461cf6
720.0,fb10f478-d42c-435b-865b-1f1f571abc10,720.0,reaction on beauty!,4565.0,253113.63264767933,94.45944039501528,1748356683.0,369925.0,1516.0,cbb91104-604d-44a6-b7a1-cbed01bb665c
1080.0,fb10f478-d42c-435b-865b-1f1f571abc10,720.0,challenge on beauty!,356.0,478052.0,94.45944039501528,1751467083.0,557004.0,2934.0,fe7cd11f-9953-4fc2-9192-e1f502df91e9
1080.0,fb10f478-d42c-435b-865b-1f1f571abc10,896.6165413533835,unboxing on tech!,7928.0,431182.0,97.0,1752503883.0,786764.0,3548.0,dd2a8130-07a6-41f2-a198-e4bff2261a9e
1080.0,fb10f478-d42c-435b-865b-1f1f571abc10,720.0,reaction on tech!,7865.0,253113.63264767933,123.0,1751035083.0,302412.0,1933.0,08929940-6f62-4d14-bd6b-dadf972165aa
1080.0,fb10f478-d42c-435b-865b-1f1f571abc10,720.0,reaction on fashion!,5400.0,200560.0,98.0,1752849483.0,189981.0,2535.6222222222223,a0af3720-cd80-4365-9141-48d9e481f064
897.9699248120301,fb10f478-d42c-435b-865b-1f1f571abc10,720.0,reaction on beauty!,9962.0,480149.0,67.0,1748097483.0,336308.0,2191.0,a739c513-5267-4af3-9a49-91b74d4020df
720.0,316f2bdc-95c2-4740-8672-03886cf19e13,720.0,unboxing on travel!,7721.0,497378.0,94.45944039501528,1750516683.0,151650.0,2371.0,c8363383-cfd2-4669-8934-f33b412f33dd
1080.0,316f2bdc-95c2-4740-8672-03886cf19e13,1080.0,review on travel!,6506.0,467492.0,36.0,1748702283.0,494478.7454455933,3900.0,08b7d0f1-036f-4449-8e13-c803691676d1
720.0,316f2bdc-95c2-4740-8672-03886cf19e13,1080.0,review on beauty!,727.0,253113.63264767933,129.0,1750343883.0,990322.0,2535.6222222222223,d3c91439-a465-4fe2-96db-e84397f1ba61
1080.0,316f2bdc-95c2-4740-8672-03886cf19e13,896.6165413533835,unboxing on beauty!,3174.0,364243.0,101.0,1749998283.0,145919.0,2925.0,e5bb78af-1bf8-4cce-86da-6d3439a61cd5
720.0,316f2bdc-95c2-4740-8672-03886cf19e13,720.0,reaction on fashion!,1150.0,221442.0,85.0,1750084683.0,119942.0,3219.0,5baf73f1-e7c3-4917-acc7-cd7abe05aa1f
720.0,316f2bdc-95c2-4740-8672-03886cf19e13,1080.0,reaction on travel!,8165.0,253113.63264767933,79.0,1753022283.0,209438.0,2187.0,2e46b36e-7f7a-4757-8f65-cddf6be1ff01
1080.0,316f2bdc-95c2-4740-8672-03886cf19e13,720.0,unboxing on fitness!,776.0,397168.0,114.0,1751812683.0,739519.0,2535.6222222222223,7daab2e7-9f02-41de-ac3e-0100128830d3
1080.0,316f2bdc-95c2-4740-8672-03886cf19e13,720.0,review on travel!,6771.0,215863.0,60.0,1749998283.0,82927.0,3651.0,fbe550e0-b9ed-4783-bf23-9aa63eae2e7a
897.9699248120301,316f2bdc-95c2-4740-8672-03886cf19e13,720.0,reaction on fitness!,2900.0,370443.0,57.0,1748961483.0,251384.0,1376.0,58f0cd50-fda3-4086-8806-36855abc7df3
720.0,316f2bdc-95c2-4740-8672-03886cf19e13,896.6165413533835,challenge on fitness!,4999.513470681458,242453.0,108.0,1751121483.0,108835.0,4249.0,0706e2e3-9541-4389-b87a-3ff11e8a4738
1080.0,316f2bdc-95c2-4740-8672-03886cf19e13,896.6165413533835,review on fashion!,4999.513470681458,375610.0,81.0,1748011083.0,945982.0,1084.0,560baa52-2e18-4f54-80b1-c7ab0e2abf29
720.0,316f2bdc-95c2-4740-8672-03886cf19e13,1080.0,review on fitness!,5059.0,342438.0,127.0,1750603083.0,370500.0,3625.0,4faaff95-58ab-4f8f-a13a-e7691db32ec1
1080.0,316f2bdc-95c2-4740-8672-03886cf19e13,1080.0,vlog on travel!,7550.0,91341.0,179.0,1748270283.0,271250.0,3248.0,4c98dc94-fc26-4071-ba7c-1cecf0cffe29
1080.0,316f2bdc-95c2-4740-8672-03886cf19e13,720.0,review on beauty!,1189.0,143598.0,146.0,1748270283.0,715101.0,1059.0,4c7745f0-b801-45ae-a5b0-c491a628b0fd
720.0,316f2bdc-95c2-4740-8672-03886cf19e13,1080.0,review on fashion!,8098.0,87608.0,89.0,1751380683.0,271101.0,3761.0,8dc0ca93-8e9a-47f0-a7be-ad8c1bedb833
1080.0,316f2bdc-95c2-4740-8672-03886cf19e13,720.0,review on travel!,3270.0,253113.63264767933,68.0,1751985483.0,459491.0,28.0,a62f58be-8fa4-4f32-84b4-580e6dada3d8
720.0,316f2bdc-95c2-4740-8672-03886cf19e13,720.0,reaction on fashion!,9516.0,122756.0,67.0,1750603083.0,92230.0,1545.0,9faa3129-6953-4930-98c2-086d435e1a7c
1080.0,316f2bdc-95c2-4740-8672-03886cf19e13,1080.0,review on beauty!,4999.513470681458,246534.0,173.0,1752590283.0,667325.0,1561.0,2a9bc98d-0113-4852-b58b-95e8a7a5424a
720.0,316f2bdc-95c2-4740-8672-03886cf19e13,720.0,unboxing on fitness!,7742.0,492384.0,59.0,1749998283.0,659834.0,2061.0,ecb57ec3-b3b1-4cf6-8d40-3f04b25347c1
897.9699248120301,316f2bdc-95c2-4740-8672-03886cf19e13,1080.0,vlog on fitness!,1264.0,121969.0,152.0,1748097483.0,816845.0,686.0,380c7a41-56fa-4974-923a-722c9b9716a0
720.0,ac5dcf2a-9ef6-4732-b8fa-bcd9d7868e05,720.0,vlog on food!,3382.0,253113.63264767933,95.0,1749652683.0,451707.0,3344.0,e5ebe723-9ff6-40cd-87a6-833e3ede3c8f
1080.0,ac5dcf2a-9ef6-4732-b8fa-bcd9d7868e05,720.0,review on food!,8706.0,253113.63264767933,155.0,1747838283.0,688737.0,799.0,c9a08a99-c31b-4f7a-baf5-ad1e673569df
720.0,ac5dcf2a-9ef6-4732-b8fa-bcd9d7868e05,720.0,vlog on fitness!,7940.0,286716.0,13.0,1752417483.0,494478.7454455933,789.0,054fb648-518a-49fe-9be1-790d7cb8851e
897.9699248120301,ac5dcf2a-9ef6-4732-b8fa-bcd9d7868e05,720.0,unboxing on travel!,2163.0,127107.0,39.0,1751553483.0,576554.0,4707.0,30d7f51d-2869-4eeb-9524-ada361cd9cb2
720.0,ac5dcf2a-9ef6-4732-b8fa-bcd9d7868e05,720.0,vlog on food!,9376.0,253113.63264767933,163.0,1751985483.0,707307.0,3399.0,fa3f6fbd-82eb-4b2f-be6c-2dc98d70d590
897.9699248120301,ac5dcf2a-9ef6-4732-b8fa-bcd9d7868e05,720.0,review on fashion!,681.0,359242.0,83.0,1752676683.0,76360.0,3714.0,afacdba4-1fd0-47ba-9ac1-db1164ad1169
1080.0,ac5dcf2a-9ef6-4732-b8fa-bcd9d7868e05,720.0,challenge on fashion!,7507.0,204610.0,161.0,1750603083.0,494478.7454455933,1314.0,f26d0af7-1335-4d3d-82ee-ca4fac8eb7bc
1080.0,ac5dcf2a-9ef6-4732-b8fa-bcd9d7868e05,720.0,review on fitness!,2364.0,172648.0,131.0,1749220683.0,251315.0,1797.0,c7378c79-cf16-4b61-b947-5470707734a3
1080.0,ac5dcf2a-9ef6-4732-b8fa-bcd9d7868e05,720.0,challenge on beauty!,5393.0,128199.0,166.0,1752158283.0,14072.0,3115.0,1ae98544-7a98-4eda-91e1-a4096256cd62
720.0,ac5dcf2a-9ef6-4732-b8fa-bcd9d7868e05,1080.0,unboxing on fitness!,8722.0,265872.0,28.0,1748875083.0,436270.0,2748.0,a02094ff-0087-466b-80f3-eccfb7b03d9c
720.0,ac5dcf2a-9ef6-4732-b8fa-bcd9d7868e05,1080.0,unboxing on beauty!,4999.513470681458,37046.0,73.0,1752676683.0,913194.0,2535.6222222222223,e4759745-efd4-41a8-825d-5dfe12cf2f3a
1080.0,ac5dcf2a-9ef6-4732-b8fa-bcd9d7868e05,896.6165413533835,review on food!,4999.513470681458,251408.0,143.0,1749479883.0,353433.0,4451.0,a2561d8a-bba9-49ef-b58c-890c045f6034
720.0,ac5dcf2a-9ef6-4732-b8fa-bcd9d7868e05,1080.0,unboxing on tech!,8234.0,253113.63264767933,132.0,1747838283.0,568760.0,2535.6222222222223,a4bcfee1-b228-43d1-b31d-b6ef66e8189d
1080.0,ac5dcf2a-9ef6-4732-b8fa-bcd9d7868e05,1080.0,review on tech!,7403.0,253113.63264767933,114.0,1751726283.0,6894.0,3380.0,d2149505-3f07-409c-b4ca-e7e167627366
1080.0,ac5dcf2a-9ef6-4732-b8fa-bcd9d7868e05,720.0,vlog on fitness!,1184.0,253113.63264767933,121.0,1750603083.0,742563.0,3247.0,05476168-23d4-4846-87c2-8d1400520a02
1080.0,ac5dcf2a-9ef6-4732-b8fa-bcd9d7868e05,720.0,reaction on fashion!,4929.0,253113.63264767933,50.0,1753022283.0,238258.0,3836.0,c62785a7-95cd-49d6-8cf4-28ac7444cb3d
720.0,ac5dcf2a-9ef6-4732-b8fa-bcd9d7868e05,720.0,challenge on fitness!,7074.0,39504.0,136.0,1751812683.0,991303.0,2546.0,a56fbd86-90ec-42f6-b79f-50b76bc4093e
897.9699248120301,ac5dcf2a-9ef6-4732-b8fa-bcd9d7868e05,1080.0,review on fashion!,5817.0,352129.0,97.0,1752849483.0,494478.7454455933,2107.0,ecd555f4-5ce9-4263-94c2-8b7b15fd37a4
1080.0,ac5dcf2a-9ef6-4732-b8fa-bcd9d7868e05,720.0,review on travel!,3206.0,359554.0,162.0,1752071883.0,29132.0,3388.0,b2917ce2-ae22-4869-81f9-f201cba1abdf
720.0,44a3dbc8-c5b9-43ca-bfcc-dfb83dcbff6f,720.0,reaction on travel!,1150.0,288957.0,65.0,1750603083.0,881748.0,1363.0,b0ea02f9-9b9a-4a5d-8ae5-7c65ff71ea63
720.0,44a3dbc8-c5b9-43ca-bfcc-dfb83dcbff6f,1080.0,unboxing on tech!,3357.0,306996.0,90.0,1750603083.0,19835.0,2973.0,52fe1753-26bb-4ca9-90ee-6ad198abf994
720.0,44a3dbc8-c5b9-43ca-bfcc-dfb83dcbff6f,1080.0,vlog on fashion!,1956.0,253113.63264767933,169.0,1748356683.0,224448.0,4929.0,a3de16c1-9cc3-4a23-974a-c38809a7ec9a
1080.0,44a3dbc8-c5b9-43ca-bfcc-dfb83dcbff6f,720.0,challenge on beauty!,3946.0,105748.0,139.0,1749307083.0,932183.0,1580.0,8354e402-3d5c-45c2-82c4-16b474716751
1080.0,44a3dbc8-c5b9-43ca-bfcc-dfb83dcbff6f,1080.0,vlog on beauty!,5717.0,259748.0,68.0,1749220683.0,776060.0,2535.6222222222223,fd758182-a8dd-4379-9433-fa7a72538c3e
1080.0,44a3dbc8-c5b9-43ca-bfcc-dfb83dcbff6f,1080.0,review on tech!,9547.0,200506.0,94.45944039501528,1749393483.0,153316.0,878.0,ea11e1d8-1fa8-4384-bdee-9e6af74fcbf3
720.0,44a3dbc8-c5b9-43ca-bfcc-dfb83dcbff6f,720.0,review on travel!,9771.0,99216.0,60.0,1750689483.0,587671.0,2703.0,2ddc06de-2371-4f8e-a4a1-f15172ee039c
720.0,44a3dbc8-c5b9-43ca-bfcc-dfb83dcbff6f,720.0,reaction on fitness!,4999.513470681458,253113.63264767933,135.0,1752244683.0,644053.0,1973.0,a4f6c546-0c4b-4483-b5ec-5a16305aa141
1080.0,44a3dbc8-c5b9-43ca-bfcc-dfb83dcbff6f,720.0,review on travel!,4999.513470681458,464469.0,83.0,1750862283.0,731034.0,4695.0,564ad152-6347-42e2-95b8-954dfae5722d
1080.0,44a3dbc8-c5b9-43ca-bfcc-dfb83dcbff6f,720.0,vlog on food!,1409.0,454888.0,18.0,1752244683.0,541946.0,883.0,33fbaa7c-d684-4282-b9f5-a1e586802b15
1080.0,44a3dbc8-c5b9-43ca-bfcc-dfb83dcbff6f,720.0,unboxing on tech!,6403.0,47293.0,90.0,1750689483.0,808790.0,3141.0,b619396c-7e8e-4ac3-9f92-06c3cbad1e72
1080.0,44a3dbc8-c5b9-43ca-bfcc-dfb83dcbff6f,720.0,challenge on travel!,7901.0,103137.0,38.0,1752417483.0,850638.0,3698.0,5c34808c-24cb-4092-b517-1b083764dc22
720.0,44a3dbc8-c5b9-43ca-bfcc-dfb83dcbff6f,720.0,reaction on tech!,8430.0,303459.0,167.0,1749911883.0,284967.0,1516.0,6287117e-da69-4da2-b076-9887bff8b182
720.0,44a3dbc8-c5b9-43ca-bfcc-dfb83dcbff6f,1080.0,review on fashion!,6518.0,204554.0,117.0,1748615883.0,524090.0,4404.0,3e930054-d0f7-45e2-af1b-2ed9f43144e3
1080.0,44a3dbc8-c5b9-43ca-bfcc-dfb83dcbff6f,720.0,review on beauty!,317.0,369162.0,70.0,1751467083.0,386799.0,2626.0,7e1e5408-deb6-4ebe-b236-c308d5cbf8cc
1080.0,44a3dbc8-c5b9-43ca-bfcc-dfb83dcbff6f,1080.0,unboxing on fashion!,6750.0,253113.63264767933,153.0,1751035083.0,414869.0,2535.6222222222223,36028bea-fe3b-4556-bb70-1f344f88088a
720.0,44a3dbc8-c5b9-43ca-bfcc-dfb83dcbff6f,896.6165413533835,review on food!,4999.513470681458,497941.0,62.0,1748270283.0,615579.0,2535.6222222222223,50f06060-0d68-4ac6-b272-30862538ce8e
1080.0,44a3dbc8-c5b9-43ca-bfcc-dfb83dcbff6f,1080.0,vlog on fitness!,1750.0,432818.0,10.0,1748702283.0,388295.0,4014.0,33f1eb18-ba62-446a-8dfb-474ddcb778a1
720.0,44a3dbc8-c5b9-43ca-bfcc-dfb83dcbff6f,720.0,review on beauty!,9873.0,82758.0,111.0,1752503883.0,534449.0,4151.0,97787817-6557-4acc-92dd-75f835114b66
1080.0,44a3dbc8-c5b9-43ca-bfcc-dfb83dcbff6f,1080.0,challenge on fashion!,4999.513470681458,64997.0,104.0,1749134283.0,806919.0,3515.0,5aadd173-d64e-46b4-96ed-8dbe27fc5395
1080.0,44a3dbc8-c5b9-43ca-bfcc-dfb83dcbff6f,1080.0,reaction on food!,9266.0,195488.0,130.0,1752331083.0,897350.0,3003.0,63b7be54-ef23-44b9-9988-ab54650d2040
1080.0,44a3dbc8-c5b9-43ca-bfcc-dfb83dcbff6f,1080.0,challenge on fashion!,4999.513470681458,342597.0,60.0,1750171083.0,892618.0,2420.0,c0aae99c-a982-432f-8b20-d6cb2308a81a
720.0,23afec36-58d7-4b7f-ae94-30c24ea7f114,1080.0,challenge on fashion!,3299.0,184119.0,178.0,1752503883.0,621906.0,1925.0,c3424d23-dd4c-4085-8b71-6af67aee8868
720.0,23afec36-58d7-4b7f-ae94-30c24ea7f114,1080.0,review on food!,7302.0,329778.0,94.45944039501528,1749307083.0,97526.0,2497.0,9e63868a-d074-4736-8dde-09da1d6c1ba1
720.0,23afec36-58d7-4b7f-ae94-30c24ea7f114,1080.0,review on fashion!,4581.0,253113.63264767933,128.0,1749739083.0,30089.0,3796.0,9fedb872-93b1-423b-bdd6-7d61a2e62d87
720.0,23afec36-58d7-4b7f-ae94-30c24ea7f114,1080.0,reaction on tech!,3442.0,3699.0,94.45944039501528,1750775883.0,391836.0,3930.0,9885712c-de1c-4d33-9b54-bfc0a9cef030
1080.0,23afec36-58d7-4b7f-ae94-30c24ea7f114,1080.0,vlog on travel!,6699.0,207889.0,38.0,1749393483.0,494478.7454455933,3664.0,f8190d86-dfc4-4ea9-85a9-88d7bd4d792d
720.0,23afec36-58d7-4b7f-ae94-30c24ea7f114,1080.0,vlog on tech!,6503.0,121185.0,84.0,1751726283.0,380305.0,3248.0,88beaa3e-5ff8-41b7-92a7-6a17ce4bb716
720.0,23afec36-58d7-4b7f-ae94-30c24ea7f114,1080.0,vlog on tech!,4999.513470681458,423949.0,119.0,1749911883.0,202418.0,4455.0,a5fc3c20-bb3d-41cc-914d-1be258b312a6
1080.0,23afec36-58d7-4b7f-ae94-30c24ea7f114,1080.0,reaction on food!,8087.0,348000.0,25.0,1748097483.0,775828.0,309.0,d0bccdfd-9cd6-498e-a90f-f17994f16739
720.0,23afec36-58d7-4b7f-ae94-30c24ea7f114,720.0,vlog on fitness!,6143.0,2792.0,19.0,1752935883.0,382269.0,2205.0,ec051a44-a1a6-4393-a213-19bb16e9f67d
720.0,23afec36-58d7-4b7f-ae94-30c24ea7f114,720.0,challenge on fitness!,2852.0,393023.0,104.0,1747838283.0,147116.0,2000.0,743a660b-55c2-44d9-8afa-7f83946d3e04
897.9699248120301,23afec36-58d7-4b7f-ae94-30c24ea7f114,720.0,reaction on fashion!,6087.0,183675.0,175.0,1749047883.0,869771.0,350.0,6d49a191-58c9-429a-9a9c-5cd6586648d5
1080.0,23afec36-58d7-4b7f-ae94-30c24ea7f114,720.0,vlog on travel!,3830.0,253113.63264767933,141.0,1749825483.0,205668.0,1802.0,c4f26df2-5b40-45fc-a63b-7e9c61c5a682
1080.0,23afec36-58d7-4b7f-ae94-30c24ea7f114,720.0,vlog on food!,9913.0,58578.0,64.0,1750257483.0,655383.0,3225.0,38e16a0c-c1ff-412c-8a69-daa93db22c75
1080.0,23afec36-58d7-4b7f-ae94-30c24ea7f114,1080.0,challenge on tech!,2500.0,59358.0,95.0,1750948683.0,408956.0,2484.0,eec7de9b-d81f-41df-9ae6-0dd41218b98b
1080.0,23afec36-58d7-4b7f-ae94-30c24ea7f114,720.0,challenge on travel!,5813.0,278980.0,180.0,1750257483.0,117116.0,4172.0,0528a57a-c5c7-4f3e-a023-73f6b70dda6c
897.9699248120301,23afec36-58d7-4b7f-ae94-30c24ea7f114,720.0,vlog on fitness!,2367.0,253113.63264767933,59.0,1752417483.0,920285.0,3217.0,a3abba35-d7f9-4209-90b8-80e6fd86c841
1080.0,23afec36-58d7-4b7f-ae94-30c24ea7f114,1080.0,unboxing on beauty!,6356.0,254633.0,81.0,1752331083.0,220699.0,4225.0,437bd256-b036-40b7-8dba-1bfa1bf3f9e6
1080.0,23afec36-58d7-4b7f-ae94-30c24ea7f114,1080.0,review on fitness!,6567.0,18507.0,51.0,1751812683.0,494478.7454455933,4963.0,af447427-a7b3-428e-b245-d89234bb79c3
720.0,23afec36-58d7-4b7f-ae94-30c24ea7f114,720.0,challenge on travel!,4568.0,481211.0,17.0,1749825483.0,895901.0,2535.6222222222223,7f7583c2-4a09-43a8-84cf-b30db46921bd
720.0,23afec36-58d7-4b7f-ae94-30c24ea7f114,720.0,vlog on beauty!,8312.0,98861.0,127.0,1749134283.0,722228.0,301.0,f98c1b89-c412-425f-8bcb-dc186ad6acb4
720.0,23afec36-58d7-4b7f-ae94-30c24ea7f114,1080.0,challenge on beauty!,7544.0,489345.0,134.0,1751294283.0,180542.0,4857.0,763e1c72-abb0-4d84-9525-8af041777d6c
1080.0,23afec36-58d7-4b7f-ae94-30c24ea7f114,1080.0,review on tech!,1783.0,378849.0,27.0,1751207883.0,217729.0,1338.0,20cd43de-f590-42a3-adfe-50d7b74dcf47
720.0,23afec36-58d7-4b7f-ae94-30c24ea7f114,1080.0,vlog on fashion!,2696.0,286019.0,19.0,1748875083.0,626704.0,2535.6222222222223,1600f913-b1aa-43bb-ad43-b05d0c1ae945
897.9699248120301,23afec36-58d7-4b7f-ae94-30c24ea7f114,720.0,unboxing on beauty!,3563.0,253113.63264767933,60.0,1749047883.0,387523.0,4119.0,3b6c51c9-17f3-4e97-93a6-cf2f7ecb3fca
720.0,23afec36-58d7-4b7f-ae94-30c24ea7f114,720.0,unboxing on beauty!,3060.0,56255.0,132.0,1748875083.0,162513.0,2721.0,a4af0da4-b89e-4d7e-816b-e26e7ad8ba21
720.0,23afec36-58d7-4b7f-ae94-30c24ea7f114,1080.0,review on fitness!,7137.0,92930.0,39.0,1749566283.0,457889.0,4820.0,5c9e8c0f-578b-4d66-af11-9ef0c9aac7d6
720.0,23afec36-58d7-4b7f-ae94-30c24ea7f114,1080.0,review on fitness!,8765.0,349080.0,94.45944039501528,1752244683.0,697162.0,4558.0,df57cc14-ff3e-4bc4-9db4-69681419e0b2
1080.0,23afec36-58d7-4b7f-ae94-30c24ea7f114,1080.0,review on fitness!,5400.0,215982.0,45.0,1752071883.0,910512.0,1612.0,3d88d897-2606-4e85-b480-6a54c4e044bf
1080.0,23afec36-58d7-4b7f-ae94-30c24ea7f114,1080.0,review on beauty!,4999.513470681458,234709.0,113.0,1748011083.0,795065.0,2232.0,36376529-2806-4fcc-8834-91dc56204bb0
720.0,17ac137e-26b2-45d5-81b7-12e250f0a737,720.0,unboxing on beauty!,4999.513470681458,378418.0,28.0,1749047883.0,494478.7454455933,2535.6222222222223,71df1303-bd43-47fe-87a1-e6e7d5f6b428
720.0,17ac137e-26b2-45d5-81b7-12e250f0a737,720.0,review on tech!,1439.0,314306.0,176.0,1748961483.0,560261.0,3778.0,3fc88e60-725c-498e-a57d-3425d5144f12
1080.0,17ac137e-26b2-45d5-81b7-12e250f0a737,720.0,vlog on food!,1306.0,31038.0,94.0,1752331083.0,494478.7454455933,3619.0,952bbee2-6999-4eb6-9aad-920f40ab44f3
1080.0,17ac137e-26b2-45d5-81b7-12e250f0a737,1080.0,challenge on fashion!,4999.513470681458,253113.63264767933,26.0,1749566283.0,932927.0,1866.0,2cd0e5e2-6092-4ce0-a01a-6a9dd16aa124
1080.0,17ac137e-26b2-45d5-81b7-12e250f0a737,1080.0,challenge on beauty!,3876.0,368572.0,106.0,1750343883.0,16139.0,4620.0,da8ae031-5ff9-4317-811d-d1c11d46189a
1080.0,17ac137e-26b2-45d5-81b7-12e250f0a737,720.0,reaction on tech!,2432.0,313277.0,126.0,1751899083.0,810131.0,821.0,10279d26-66c7-415a-be29-82928ba47cde
720.0,17ac137e-26b2-45d5-81b7-12e250f0a737,1080.0,vlog on fitness!,4999.513470681458,276636.0,174.0,1751380683.0,549151.0,1550.0,be90dbc5-5ba7-4c49-9340-6fa51f9782d9
720.0,17ac137e-26b2-45d5-81b7-12e250f0a737,1080.0,review on travel!,4999.513470681458,148920.0,119.0,1751553483.0,813812.0,766.0,7eeefd3d-bc2a-4de2-83f4-786e82b0cdcf
1080.0,17ac137e-26b2-45d5-81b7-12e250f0a737,1080.0,reaction on travel!,3856.0,179268.0,57.0,1752763083.0,812443.0,756.0,03be8660-63e2-4347-955c-2c2152d99ae7
720.0,17ac137e-26b2-45d5-81b7-12e250f0a737,720.0,vlog on fitness!,5848.0,102703.0,153.0,1748702283.0,70767.0,1327.0,c4b5052e-ae25-438a-ac1d-e1888a3b30c7
1080.0,17ac137e-26b2-45d5-81b7-12e250f0a737,896.6165413533835,challenge on fitness!,9423.0,439663.0,174.0,1751294283.0,637482.0,700.0,22b929b2-a821-4ec8-af24-e29d8ffdbae6
1080.0,17ac137e-26b2-45d5-81b7-12e250f0a737,1080.0,unboxing on tech!,440.0,248128.0,39.0,1749652683.0,530333.0,3849.0,af4d831b-131f-4896-a1b4-fc88a745be96
1080.0,17ac137e-26b2-45d5-81b7-12e250f0a737,1080.0,vlog on fashion!,6962.0,360701.0,53.0,1752849483.0,771010.0,1545.0,9a598d4e-f8fd-4222-82e7-84c7d3d489cb
1080.0,17ac137e-26b2-45d5-81b7-12e250f0a737,1080.0,review on tech!,2017.0,353623.0,74.0,1750516683.0,154562.0,2556.0,413911b2-0f25-4b16-a1bb-4318fea60400
720.0,17ac137e-26b2-45d5-81b7-12e250f0a737,1080.0,unboxing on fashion!,6059.0,306040.0,89.0,1748788683.0,832534.0,2172.0,49e95332-4a9d-4021-9a72-ed62327bd8ab
1080.0,17ac137e-26b2-45d5-81b7-12e250f0a737,1080.0,vlog on tech!,3887.0,253113.63264767933,54.0,1752676683.0,339317.0,3205.0,be99ae3c-938e-416a-b8ed-5c187179882a
720.0,495f0aad-dded-470f-9813-91abc44ca717,896.6165413533835,reaction on beauty!,6564.0,236410.0,22.0,1747924683.0,145830.0,4629.0,b44dcfdd-232d-4eb6-bfc6-ca586b22bf78
720.0,495f0aad-dded-470f-9813-91abc44ca717,1080.0,review on fitness!,336.0,257314.0,45.0,1751553483.0,951211.0,4157.0,9860cd75-eab8-4e43-937b-914ed72601ed
720.0,495f0aad-dded-470f-9813-91abc44ca717,720.0,challenge on food!,1454.0,479054.0,149.0,1748011083.0,849111.0,4875.0,95474eb2-01f1-4bb3-999e-d017f0cbe342
720.0,495f0aad-dded-470f-9813-91abc44ca717,1080.0,vlog on fitness!,4282.0,47231.0,27.0,1750084683.0,814415.0,960.0,a1373ca4-3413-43cf-9c11-92cc38d636e2
1080.0,495f0aad-dded-470f-9813-91abc44ca717,720.0,review on tech!,8162.0,152620.0,129.0,1751553483.0,231654.0,3791.0,ac00a669-8e18-4535-84bf-8e8910d09d52
720.0,495f0aad-dded-470f-9813-91abc44ca717,720.0,unboxing on food!,2050.0,65799.0,168.0,1751985483.0,637601.0,2346.0,d0417794-638c-4f01-a570-d1f184db9c0f
1080.0,495f0aad-dded-470f-9813-91abc44ca717,1080.0,review on food!,5334.0,162096.0,104.0,1750343883.0,452157.0,2674.0,c848e4a4-8410-470f-8d31-d21822856a9c
1080.0,495f0aad-dded-470f-9813-91abc44ca717,720.0,challenge on food!,6375.0,24355.0,71.0,1749047883.0,716988.0,825.0,fc7c6f03-8cb8-42de-b8f7-e845fc082f3a
1080.0,495f0aad-dded-470f-9813-91abc44ca717,720.0,vlog on food!,1754.0,14758.0,15.0,1752503883.0,954816.0,3068.0,8de777be-c88c-4a4b-bc30-f9cc9e2e3197
720.0,495f0aad-dded-470f-9813-91abc44ca717,1080.0,reaction on fashion!,3417.0,79716.0,122.0,1751985483.0,800653.0,2429.0,29ec7ade-bff4-4464-94d5-9a6a883c4839
720.0,495f0aad-dded-470f-9813-91abc44ca717,720.0,vlog on fashion!,1379.0,345452.0,72.0,1751553483.0,616254.0,513.0,41335e39-127c-4a64-99d5-6a825ca94cf8
720.0,495f0aad-dded-470f-9813-91abc44ca717,1080.0,review on tech!,3052.0,253113.63264767933,15.0,1752935883.0,238431.0,1831.0,ef5aa510-715a-4d63-b592-96d44b070dbb
720.0,495f0aad-dded-470f-9813-91abc44ca717,1080.0,vlog on travel!,1308.0,159929.0,137.0,1750171083.0,112069.0,1744.0,9a4d5ea1-a289-47ca-a4c9-948be096e4e5
720.0,495f0aad-dded-470f-9813-91abc44ca717,1080.0,challenge on fashion!,9971.0,135578.0,52.0,1747924683.0,353428.0,3275.0,49b58b64-4a7b-4dab-afdb-866926bf1317
1080.0,495f0aad-dded-470f-9813-91abc44ca717,1080.0,challenge on tech!,5016.0,250162.0,67.0,1748875083.0,813228.0,1043.0,43c23b58-0478-4c7d-bb36-5c83cc695756
1080.0,495f0aad-dded-470f-9813-91abc44ca717,720.0,unboxing on travel!,4999.513470681458,415763.0,22.0,1749047883.0,606276.0,2986.0,2d19265a-c074-4224-bf78-fd34e69c9d15
1080.0,495f0aad-dded-470f-9813-91abc44ca717,1080.0,challenge on tech!,1372.0,253113.63264767933,23.0,1749998283.0,400351.0,176.0,d938d28e-fa82-4c4c-9709-bfa59e897661
1080.0,495f0aad-dded-470f-9813-91abc44ca717,1080.0,unboxing on fashion!,7203.0,86430.0,69.0,1749825483.0,19937.0,4751.0,aff12b5b-f0ef-4ddd-aaff-84b176c4529b
897.9699248120301,495f0aad-dded-470f-9813-91abc44ca717,720.0,review on travel!,719.0,205105.0,94.45944039501528,1751899083.0,677890.0,1262.0,3ae773f1-f5ec-4116-a49e-1579f44224b8
720.0,495f0aad-dded-470f-9813-91abc44ca717,1080.0,review on beauty!,4857.0,253113.63264767933,100.0,1747838283.0,435532.0,3256.0,0dfeded4-93a2-461f-b062-614e7f897280
720.0,495f0aad-dded-470f-9813-91abc44ca717,1080.0,review on fashion!,4999.513470681458,224096.0,54.0,1750516683.0,378274.0,2670.0,4da8c34c-64a9-4153-b84d-d6c639d7784d
1080.0,495f0aad-dded-470f-9813-91abc44ca717,1080.0,challenge on tech!,7202.0,253113.63264767933,173.0,1748788683.0,794757.0,4175.0,336a7ff8-e167-4fef-81ca-4fd09378a512
720.0,495f0aad-dded-470f-9813-91abc44ca717,720.0,review on fitness!,4999.513470681458,375968.0,130.0,1750603083.0,721268.0,1544.0,d63caffe-30a5-4ec6-b231-e39224330c0b
720.0,495f0aad-dded-470f-9813-91abc44ca717,1080.0,unboxing on food!,522.0,328853.0,58.0,1750775883.0,816180.0,3677.0,f5f1200a-020c-4f41-b332-7adedd099077
1080.0,495f0aad-dded-470f-9813-91abc44ca717,896.6165413533835,reaction on fashion!,3425.0,73950.0,86.0,1748875083.0,666375.0,1994.0,2dcf278e-7a1f-4ce0-9a4e-1033e14063d9
1080.0,495f0aad-dded-470f-9813-91abc44ca717,720.0,reaction on beauty!,3534.0,131282.0,50.0,1752244683.0,419809.0,3057.0,1831dcdd-1d83-48e8-95f5-7e414f633907
1080.0,495f0aad-dded-470f-9813-91abc44ca717,720.0,unboxing on fitness!,4999.513470681458,230333.0,107.0,1748615883.0,515756.0,2535.6222222222223,19e73f76-22ac-486a-9ada-12bb5aa8bf42
897.9699248120301,495f0aad-dded-470f-9813-91abc44ca717,720.0,reaction on tech!,1170.0,305172.0,96.0,1747838283.0,349229.0,2343.0,8d021ca3-ef1e-4747-a477-03ab0351270a
720.0,0aca90cb-3846-4198-8af5-2a2bd47de5dd,720.0,reaction on travel!,7348.0,253113.63264767933,177.0,1748615883.0,494478.7454455933,2746.0,5ea8869d-eb7e-4f56-9e83-ae278542d8b5
720.0,0aca90cb-3846-4198-8af5-2a2bd47de5dd,1080.0,review on beauty!,8944.0,345431.0,171.0,1748875083.0,480112.0,1939.0,72a2ae91-9448-41da-b95e-26ca47a760c2
720.0,0aca90cb-3846-4198-8af5-2a2bd47de5dd,896.6165413533835,review on tech!,346.0,439169.0,49.0,1748961483.0,72258.0,3666.0,879d295e-b64f-42f6-8612-357eb6c6f548
1080.0,0aca90cb-3846-4198-8af5-2a2bd47de5dd,1080.0,reaction on beauty!,1490.0,253113.63264767933,137.0,1751985483.0,540208.0,1329.0,3630052f-f083-4e0a-9df2-25a78e5d6769
720.0,0aca90cb-3846-4198-8af5-2a2bd47de5dd,1080.0,unboxing on food!,7549.0,173089.0,52.0,1748529483.0,958070.0,2535.6222222222223,92bef66a-c228-4339-b702-7493f77f8cb7
1080.0,0aca90cb-3846-4198-8af5-2a2bd47de5dd,1080.0,vlog on tech!,8093.0,142291.0,94.45944039501528,1748011083.0,100333.0,747.0,354dde67-54e5-43de-b93f-9edc9b743d4d
1080.0,0aca90cb-3846-4198-8af5-2a2bd47de5dd,1080.0,review on fashion!,513.0,148095.0,164.0,1748097483.0,930709.0,1952.0,d59c1b25-04f7-4087-98e2-fef8e92c58d7
720.0,0aca90cb-3846-4198-8af5-2a2bd47de5dd,1080.0,vlog on fitness!,9571.0,308209.0,27.0,1752071883.0,144146.0,4446.0,fcb10632-5641-4323-a8fc-0ac4325ceb94
1080.0,0aca90cb-3846-4198-8af5-2a2bd47de5dd,720.0,vlog on fashion!,9270.0,293497.0,14.0,1750257483.0,923673.0,2502.0,be3ecb4b-6d00-4ea7-aff2-2799b132d615
1080.0,0aca90cb-3846-4198-8af5-2a2bd47de5dd,720.0,vlog on tech!,885.0,42510.0,92.0,1752244683.0,217257.0,936.0,51a3b4ad-6121-4ab8-91f4-cc1c59c6c66b
720.0,0aca90cb-3846-4198-8af5-2a2bd47de5dd,720.0,challenge on beauty!,9711.0,103548.0,128.0,1750257483.0,948328.0,3673.0,5a00232f-e614-4828-b62f-5eadc6acf21b
1080.0,0aca90cb-3846-4198-8af5-2a2bd47de5dd,1080.0,review on tech!,493.0,177866.0,39.0,1751035083.0,128419.0,1342.0,4ffae674-0ff7-4b59-b6fa-3ba1b005011b
720.0,0aca90cb-3846-4198-8af5-2a2bd47de5dd,1080.0,reaction on beauty!,1655.0,253113.63264767933,84.0,1752331083.0,303796.0,687.0,b9d67a04-7c55-4fe7-8eb8-d729c87fd255
720.0,0aca90cb-3846-4198-8af5-2a2bd47de5dd,720.0,unboxing on fashion!,9128.0,53382.0,94.45944039501528,1751467083.0,472988.0,4354.0,0f376e5d-9b04-41f3-acfa-6b39c1e9c660
720.0,0aca90cb-3846-4198-8af5-2a2bd47de5dd,1080.0,review on food!,1164.0,253113.63264767933,129.0,1748788683.0,458885.0,2294.0,0eeab0f4-81fe-4cf3-a59c-32b501ffd470
1080.0,0aca90cb-3846-4198-8af5-2a2bd47de5dd,1080.0,reaction on travel!,5971.0,327233.0,112.0,1751899083.0,582791.0,2535.6222222222223,f406c205-1f8d-4083-921f-ddacc0f272b4
720.0,0aca90cb-3846-4198-8af5-2a2bd47de5dd,896.6165413533835,challenge on travel!,291.0,296288.0,28.0,1748788683.0,534128.0,3201.0,0f912a08-5d54-43e6-bb1d-815cb3bf2c0d
1080.0,0aca90cb-3846-4198-8af5-2a2bd47de5dd,1080.0,unboxing on tech!,7514.0,76232.0,49.0,1752331083.0,252817.0,1934.0,ef0c784e-8dd8-4a68-97df-d9cf80ce5f1c
1080.0,0aca90cb-3846-4198-8af5-2a2bd47de5dd,1080.0,challenge on food!,395.0,253113.63264767933,64.0,1752849483.0,548517.0,3677.0,2c55e399-9f6f-4b09-937a-c6f28b905c4d
1080.0,0aca90cb-3846-4198-8af5-2a2bd47de5dd,1080.0,reaction on tech!,6562.0,417005.0,118.0,1748529483.0,62600.0,3855.0,7f5e9bba-f754-421d-9db9-3f385912f76e
720.0,0aca90cb-3846-4198-8af5-2a2bd47de5dd,1080.0,challenge on food!,6341.0,147114.0,149.0,1748443083.0,591360.0,2939.0,5b582a8f-6ef0-44a2-ab53-1ea8d13614e6
720.0,0aca90cb-3846-4198-8af5-2a2bd47de5dd,1080.0,review on fitness!,3771.0,232815.0,151.0,1751207883.0,201912.0,1857.0,9718665b-50ef-41b1-b29b-08145047903c
1080.0,0aca90cb-3846-4198-8af5-2a2bd47de5dd,1080.0,unboxing on beauty!,7885.0,332515.0,145.0,1750430283.0,250008.0,2535.6222222222223,025eedff-65af-4c74-a80e-bf3f2378eacf
1080.0,0aca90cb-3846-4198-8af5-2a2bd47de5dd,720.0,reaction on fitness!,3284.0,237663.0,129.0,1750775883.0,494478.7454455933,4156.0,983f32c8-a711-430b-bff7-ddcd6c93951f
720.0,d3f752a3-b24a-426e-a10d-b201e7eaec94,1080.0,unboxing on fashion!,4999.513470681458,316658.0,41.0,1750257483.0,68366.0,1862.0,56fb3145-79f2-487f-b572-e811ec8e1e60
1080.0,d3f752a3-b24a-426e-a10d-b201e7eaec94,1080.0,vlog on food!,6933.0,86040.0,47.0,1748788683.0,16147.0,3250.0,b2500c91-da6d-40cf-b9b4-f845fb4964fd
1080.0,d3f752a3-b24a-426e-a10d-b201e7eaec94,720.0,reaction on travel!,4826.0,355786.0,122.0,1752590283.0,101663.0,1204.0,fad8dc48-bfc0-463d-9ec8-59108b61e852
720.0,d3f752a3-b24a-426e-a10d-b201e7eaec94,1080.0,vlog on tech!,8922.0,351732.0,174.0,1753022283.0,603896.0,685.0,ff1470e0-9c9d-4cd4-a400-31281b9ecb73
897.9699248120301,d3f752a3-b24a-426e-a10d-b201e7eaec94,1080.0,unboxing on food!,8441.0,253113.63264767933,53.0,1750343883.0,457473.0,1949.0,bcf1cb19-0d26-410c-85c5-d2de08bc91c2
1080.0,d3f752a3-b24a-426e-a10d-b201e7eaec94,1080.0,reaction on fashion!,7688.0,313986.0,134.0,1749134283.0,19124.0,2535.6222222222223,580de9e6-7238-4803-a2f2-352593cb89a3
1080.0,d3f752a3-b24a-426e-a10d-b201e7eaec94,720.0,vlog on fashion!,8439.0,195697.0,151.0,1750775883.0,353292.0,1105.0,3d8a260c-7267-47ec-9b8a-2695720fc432
897.9699248120301,d3f752a3-b24a-426e-a10d-b201e7eaec94,1080.0,reaction on fashion!,5434.0,353529.0,156.0,1752590283.0,614286.0,1413.0,73823f0d-fd77-4a2f-9c0b-cca3124fb661
720.0,d3f752a3-b24a-426e-a10d-b201e7eaec94,1080.0,reaction on beauty!,4931.0,37440.0,164.0,1752331083.0,35648.0,2032.0,08197212-2d1c-4fa4-bc5c-298651b9fa60
720.0,d3f752a3-b24a-426e-a10d-b201e7eaec94,720.0,unboxing on fitness!,1261.0,434313.0,95.0,1752503883.0,801542.0,2673.0,4e9f2467-3af6-4e23-8ac5-a74eb9924d9f
897.9699248120301,d3f752a3-b24a-426e-a10d-b201e7eaec94,720.0,challenge on travel!,7294.0,450976.0,110.0,1748270283.0,900833.0,4402.0,5d9c4bad-bb4e-4f16-a644-0779596bcf44
720.0,d3f752a3-b24a-426e-a10d-b201e7eaec94,720.0,vlog on beauty!,4133.0,172001.0,163.0,1748702283.0,184763.0,2577.0,ad3eb5b7-e9f2-4202-af63-16ddcafe6de0
720.0,d3f752a3-b24a-426e-a10d-b201e7eaec94,896.6165413533835,unboxing on beauty!,8687.0,50181.0,37.0,1752590283.0,494478.7454455933,2792.0,17d72d9e-8008-4eb7-8670-be61607c0d13
720.0,d3f752a3-b24a-426e-a10d-b201e7eaec94,720.0,challenge on beauty!,4999.513470681458,117976.0,155.0,1749134283.0,305700.0,4711.0,fa55d094-0781-43e2-b1f4-b9f7096c7743
1080.0,d3f752a3-b24a-426e-a10d-b201e7eaec94,720.0,unboxing on beauty!,868.0,253113.63264767933,72.0,1748097483.0,187860.0,2411.0,be0e9cc6-7e87-483a-aa93-056f62d147fb
897.9699248120301,d3f752a3-b24a-426e-a10d-b201e7eaec94,1080.0,unboxing on fashion!,9077.0,188978.0,142.0,1750430283.0,666390.0,4848.0,dddde479-b4cc-4e88-b91f-e53c0e727061
897.9699248120301,d3f752a3-b24a-426e-a10d-b201e7eaec94,1080.0,review on fitness!,735.0,2719.0,58.0,1752417483.0,594659.0,2339.0,22e97e33-27a5-466b-aca4-a25ba78aacdf
720.0,d3f752a3-b24a-426e-a10d-b201e7eaec94,1080.0,review on travel!,9351.0,95958.0,19.0,1748788683.0,493124.0,2585.0,6a0f7281-481c-40ee-8a15-c26b206ae902
720.0,d3f752a3-b24a-426e-a10d-b201e7eaec94,1080.0,unboxing on fashion!,6683.0,253113.63264767933,52.0,1752071883.0,371468.0,3438.0,5c807202-ff4d-4430-b2db-eb47d44fab8b
1080.0,d3f752a3-b24a-426e-a10d-b201e7eaec94,1080.0,review on tech!,4999.513470681458,337445.0,12.0,1752331083.0,494478.7454455933,839.0,68c71529-df19-41e9-abf3-2a02fba81d91
1080.0,d3f752a3-b24a-426e-a10d-b201e7eaec94,1080.0,reaction on travel!,9466.0,253113.63264767933,62.0,1748443083.0,398018.0,661.0,fe7f70a0-dbff-4e21-94bf-0529ec0ffbb1
720.0,d3f752a3-b24a-426e-a10d-b201e7eaec94,720.0,challenge on tech!,4999.513470681458,398553.0,94.0,1749047883.0,301862.0,2225.0,58761514-0188-4528-ac1e-9a703f21fbe9
1080.0,d3f752a3-b24a-426e-a10d-b201e7eaec94,720.0,vlog on fashion!,7855.0,253113.63264767933,65.0,1751726283.0,1012.0,1989.0,6322c583-b58a-457b-8547-b8000944706e
1080.0,d3f752a3-b24a-426e-a10d-b201e7eaec94,720.0,unboxing on beauty!,4999.513470681458,210164.0,20.0,1747838283.0,611165.0,854.0,c9fa0a8c-2419-4439-93c0-425bcb5033e8
1080.0,d3f752a3-b24a-426e-a10d-b201e7eaec94,720.0,review on fitness!,8066.0,364482.0,158.0,1748011083.0,655174.0,2204.0,c7a990cd-c7c5-485b-bf26-4f1976d5553b
897.9699248120301,1589588e-a607-4668-bbe5-e840b7f2496e,1080.0,unboxing on tech!,3456.0,253113.63264767933,67.0,1752244683.0,157313.0,57.0,37de7209-ad99-4c3a-b4cf-77f22513070a
1080.0,1589588e-a607-4668-bbe5-e840b7f2496e,720.0,challenge on fitness!,6517.0,239057.0,90.0,1752071883.0,888972.0,3796.0,e03b589e-406a-4259-a4ed-63394f207c34
1080.0,1589588e-a607-4668-bbe5-e840b7f2496e,720.0,challenge on tech!,4999.513470681458,106904.0,98.0,1752503883.0,47254.0,3282.0,64317437-aab7-4dc6-a823-f5a065d44562
720.0,1589588e-a607-4668-bbe5-e840b7f2496e,1080.0,vlog on beauty!,9243.0,253113.63264767933,92.0,1751553483.0,197616.0,3635.0,e1e7b114-1a38-49d2-80eb-3e67676816a8
720.0,1589588e-a607-4668-bbe5-e840b7f2496e,1080.0,review on fashion!,5824.0,458934.0,88.0,1749047883.0,209189.0,2535.6222222222223,c89dc594-45b7-4776-b343-afa88e61c283
1080.0,1589588e-a607-4668-bbe5-e840b7f2496e,1080.0,vlog on tech!,9315.0,422092.0,162.0,1750603083.0,48385.0,2152.0,43c5abbc-4115-4a7e-9d12-a06467dbf4cb
1080.0,1589588e-a607-4668-bbe5-e840b7f2496e,720.0,review on fashion!,9813.0,249761.0,24.0,1751553483.0,418538.0,4294.0,3134aed1-61f5-4f7d-9dcf-cf5050df5c20
1080.0,1589588e-a607-4668-bbe5-e840b7f2496e,720.0,review on food!,8373.0,352987.0,80.0,1750171083.0,960502.0,1332.0,2fc10cac-d3b6-4673-9086-922abfb6b37d
1080.0,1589588e-a607-4668-bbe5-e840b7f2496e,1080.0,challenge on travel!,3726.0,419620.0,111.0,1749393483.0,715328.0,1110.0,8f8714f2-a616-4723-84c1-acc632725e95
720.0,1589588e-a607-4668-bbe5-e840b7f2496e,720.0,reaction on fashion!,9464.0,263698.0,114.0,1750516683.0,47522.0,357.0,09a89b43-0322-4f12-9c6f-946fc62cb76b
720.0,1589588e-a607-4668-bbe5-e840b7f2496e,720.0,reaction on tech!,2582.0,289357.0,163.0,1752935883.0,197663.0,572.0,c9fcc928-13bf-4714-a076-b1bccf3348a6
897.9699248120301,1589588e-a607-4668-bbe5-e840b7f2496e,720.0,review on beauty!,7915.0,498431.0,63.0,1750603083.0,257700.0,3997.0,70f07d6b-1c96-4a77-93aa-d93ccce1823f
1080.0,1589588e-a607-4668-bbe5-e840b7f2496e,1080.0,challenge on beauty!,1525.0,479428.0,45.0,1750689483.0,781358.0,4537.0,c6327ffc-013f-4ad6-9786-163f0c11a50a
1080.0,1589588e-a607-4668-bbe5-e840b7f2496e,720.0,unboxing on fitness!,4999.513470681458,348282.0,88.0,1749566283.0,497181.0,1914.0,3321f22b-9697-4c4c-8438-337d8d13491c
1080.0,1589588e-a607-4668-bbe5-e840b7f2496e,1080.0,unboxing on food!,1548.0,354069.0,14.0,1750430283.0,786713.0,4209.0,96bfbcc6-1381-44ad-bc68-0686e4bde025
1080.0,1589588e-a607-4668-bbe5-e840b7f2496e,720.0,review on beauty!,3714.0,377088.0,43.0,1752590283.0,47166.0,4941.0,d0356354-6566-4c25-b0ca-715cadaf0a78
897.9699248120301,1589588e-a607-4668-bbe5-e840b7f2496e,720.0,review on tech!,4999.513470681458,405935.0,94.45944039501528,1749047883.0,388701.0,4311.0,e9af65cb-cf17-4ba5-b1ae-935e852d6a92
1080.0,1589588e-a607-4668-bbe5-e840b7f2496e,720.0,reaction on food!,4107.0,499522.0,85.0,1749479883.0,262592.0,1296.0,ba173a82-65b8-43c7-b5d7-9fbd1ec58cc3
720.0,1589588e-a607-4668-bbe5-e840b7f2496e,720.0,review on tech!,4999.513470681458,406355.0,129.0,1752935883.0,120007.0,1036.0,4a5b9829-3e00-4b62-a0ce-812b2f701019
1080.0,1589588e-a607-4668-bbe5-e840b7f2496e,1080.0,unboxing on beauty!,831.0,395906.0,166.0,1750948683.0,680801.0,4232.0,63b5ef65-1578-4288-b93c-1dd9f221f9a2
720.0,1589588e-a607-4668-bbe5-e840b7f2496e,720.0,challenge on food!,4999.513470681458,183967.0,24.0,1752935883.0,48392.0,2233.0,ce99b272-6457-4261-9fd7-6172fa0bdbf4
720.0,1589588e-a607-4668-bbe5-e840b7f2496e,720.0,review on food!,5974.0,41022.0,144.0,1750862283.0,494478.7454455933,4551.0,c84dd60f-c3f4-44b2-b251-848ed6c1158c
720.0,1589588e-a607-4668-bbe5-e840b7f2496e,720.0,unboxing on tech!,1356.0,370376.0,36.0,1749220683.0,219124.0,2043.0,b8605056-e255-4516-81ee-aa62ed8d5791
720.0,1589588e-a607-4668-bbe5-e840b7f2496e,1080.0,reaction on tech!,9824.0,477657.0,163.0,1750343883.0,494478.7454455933,3241.0,bd25b516-aa38-4e08-9c85-604d219b4b52
1080.0,1589588e-a607-4668-bbe5-e840b7f2496e,720.0,unboxing on tech!,7349.0,474896.0,120.0,1749307083.0,722303.0,359.0,ff8554b2-7407-477f-8340-bab58d21523c
1080.0,6232f0a1-0620-4c20-8de3-bd1377fa2185,1080.0,reaction on fitness!,6811.0,482282.0,45.0,1748875083.0,452624.0,3880.0,99aea6f3-35b7-429e-a6c9-2c05e9972bf7
720.0,6232f0a1-0620-4c20-8de3-bd1377fa2185,896.6165413533835,review on fashion!,2052.0,216910.0,72.0,1748011083.0,273882.0,2535.6222222222223,732d25df-8ff0-4406-8fa2-5d5e29f13f42
720.0,6232f0a1-0620-4c20-8de3-bd1377fa2185,720.0,vlog on beauty!,3119.0,253113.63264767933,40.0,1751380683.0,768819.0,4490.0,bc487d36-6a35-4845-a48c-89a449251da3
897.9699248120301,6232f0a1-0620-4c20-8de3-bd1377fa2185,1080.0,vlog on tech!,9727.0,144380.0,149.0,1752849483.0,300656.0,1926.0,2d509242-f707-42f0-8de0-14da6c08a89e
1080.0,6232f0a1-0620-4c20-8de3-bd1377fa2185,720.0,challenge on travel!,8798.0,422178.0,40.0,1752676683.0,679878.0,832.0,dcaf0999-73d1-4ece-ac62-b90f2599a55d
1080.0,6232f0a1-0620-4c20-8de3-bd1377fa2185,1080.0,challenge on fashion!,8731.0,143272.0,11.0,1752331083.0,362280.0,1392.0,71fe775d-e5e9-4aa0-a412-371d82722b1d
720.0,6232f0a1-0620-4c20-8de3-bd1377fa2185,1080.0,review on travel!,8564.0,444543.0,156.0,1751035083.0,205212.0,3545.0,4e8c583c-4e71-4a98-be21-ab89f7d94ca8
1080.0,6232f0a1-0620-4c20-8de3-bd1377fa2185,720.0,unboxing on travel!,3519.0,491339.0,26.0,1751035083.0,644836.0,2092.0,f1d70810-dc1a-441e-a503-8b03ad0141ee
1080.0,6232f0a1-0620-4c20-8de3-bd1377fa2185,1080.0,challenge on tech!,4999.513470681458,470901.0,94.45944039501528,1751207883.0,485524.0,510.0,fa588f92-7637-4c2a-bc9b-306e63cabccd
720.0,6232f0a1-0620-4c20-8de3-bd1377fa2185,720.0,vlog on food!,4999.513470681458,146748.0,54.0,1750948683.0,103226.0,1297.0,0a65b9b7-edee-4394-b316-96f8f6957ac1
720.0,6232f0a1-0620-4c20-8de3-bd1377fa2185,1080.0,challenge on tech!,7018.0,105995.0,108.0,1750171083.0,829412.0,2446.0,a436edad-3df7-4fc5-9ee0-374c2ab9beb0
720.0,6232f0a1-0620-4c20-8de3-bd1377fa2185,720.0,reaction on beauty!,4999.513470681458,431975.0,83.0,1747838283.0,279422.0,101.0,de175990-b03f-4f09-b4a1-d6fb71f739fe
1080.0,6232f0a1-0620-4c20-8de3-bd1377fa2185,1080.0,unboxing on travel!,7840.0,60898.0,94.45944039501528,1750948683.0,814216.0,508.0,bfb5a76d-d9b5-4f49-9cd3-18c40bf6a9c3
720.0,6232f0a1-0620-4c20-8de3-bd1377fa2185,720.0,reaction on fitness!,2666.0,312020.0,24.0,1752071883.0,494478.7454455933,2581.0,f1a1347e-6746-4bff-b0be-a4fca8fe83ca
1080.0,6232f0a1-0620-4c20-8de3-bd1377fa2185,720.0,vlog on food!,7647.0,250508.0,15.0,1748011083.0,432201.0,889.0,ce58ac88-bab6-4404-946e-db436c5f24a9
1080.0,6232f0a1-0620-4c20-8de3-bd1377fa2185,896.6165413533835,unboxing on tech!,4999.513470681458,418031.0,22.0,1748615883.0,760894.0,3690.0,1119e6a8-2eb2-4528-a80d-07080fa8d56c
720.0,6232f0a1-0620-4c20-8de3-bd1377fa2185,720.0,review on travel!,4999.513470681458,219363.0,22.0,1751294283.0,494478.7454455933,178.0,78b0dc78-261f-4ced-997b-0a5b75b4f8c7
720.0,6232f0a1-0620-4c20-8de3-bd1377fa2185,896.6165413533835,review on food!,7402.0,97287.0,144.0,1752676683.0,494478.7454455933,482.0,4c1cda64-a354-4bbc-be0e-aab27f4f6024
720.0,6232f0a1-0620-4c20-8de3-bd1377fa2185,720.0,challenge on travel!,7873.0,387002.0,66.0,1748875083.0,757008.0,2991.0,b1b960af-3cee-4ec1-a6d2-cba01148ed34
720.0,6232f0a1-0620-4c20-8de3-bd1377fa2185,720.0,challenge on tech!,8997.0,430435.0,38.0,1749652683.0,187390.0,965.0,3c223c80-b27d-4764-9a20-7a3be8b97566
720.0,6232f0a1-0620-4c20-8de3-bd1377fa2185,1080.0,reaction on beauty!,4999.513470681458,484038.0,84.0,1750603083.0,684927.0,2180.0,78e12afd-47e6-4d73-b523-5b672cb6a373
1080.0,6232f0a1-0620-4c20-8de3-bd1377fa2185,720.0,review on travel!,5626.0,158343.0,82.0,1751639883.0,484332.0,2535.6222222222223,e315b46a-c54f-41ca-98c2-b23e26d68b2f
720.0,6232f0a1-0620-4c20-8de3-bd1377fa2185,720.0,challenge on food!,3490.0,114050.0,154.0,1752935883.0,474692.0,772.0,08ebd507-e9c8-4827-ab44-96e6b4c632b3
1080.0,6232f0a1-0620-4c20-8de3-bd1377fa2185,720.0,review on fashion!,7873.0,337816.0,48.0,1749047883.0,815307.0,4547.0,d80cb690-238c-4b92-a022-041aae66b597
1080.0,f23ced6d-9e8a-4f29-8d8b-569da7e0b40e,720.0,unboxing on travel!,9614.0,125074.0,121.0,1750171083.0,494478.7454455933,2535.6222222222223,fcfb76f1-a751-42c8-a4cb-fd3f5e2c1032
1080.0,f23ced6d-9e8a-4f29-8d8b-569da7e0b40e,1080.0,vlog on travel!,2842.0,290448.0,120.0,1750862283.0,760901.0,3003.0,8c1020d3-b122-41ef-a194-b9cac5a93122
1080.0,f23ced6d-9e8a-4f29-8d8b-569da7e0b40e,896.6165413533835,review on fashion!,2904.0,103973.0,158.0,1752244683.0,459566.0,2904.0,a1da14f3-b644-4b14-a6f0-f3817ecb74de
720.0,f23ced6d-9e8a-4f29-8d8b-569da7e0b40e,1080.0,challenge on beauty!,3288.0,249717.0,11.0,1750862283.0,171013.0,2535.6222222222223,61eeb6e9-3f74-45f8-a826-ba07510801e6
1080.0,f23ced6d-9e8a-4f29-8d8b-569da7e0b40e,720.0,review on beauty!,4999.513470681458,493605.0,27.0,1752158283.0,494478.7454455933,2535.6222222222223,34f8bea7-783e-4564-8cde-91e6c03ea346
720.0,f23ced6d-9e8a-4f29-8d8b-569da7e0b40e,720.0,review on beauty!,2807.0,48621.0,49.0,1751726283.0,723376.0,56.0,8dcbd012-468b-4fcd-b2be-150aaf710d67
720.0,f23ced6d-9e8a-4f29-8d8b-569da7e0b40e,1080.0,reaction on travel!,1025.0,253113.63264767933,88.0,1749739083.0,461841.0,4116.0,f525ebb7-ea97-4121-b469-c2760420f123
720.0,f23ced6d-9e8a-4f29-8d8b-569da7e0b40e,1080.0,challenge on food!,5506.0,214781.0,15.0,1749911883.0,357675.0,3459.0,1c52f776-6aa1-4a0d-a388-bafc67a20b82
720.0,f23ced6d-9e8a-4f29-8d8b-569da7e0b40e,720.0,reaction on fashion!,8632.0,230190.0,65.0,1752331083.0,841345.0,2253.0,90feaa8c-8479-4b4d-ae1a-3dadf05fc2d9
720.0,f23ced6d-9e8a-4f29-8d8b-569da7e0b40e,1080.0,reaction on beauty!,2753.0,134736.0,160.0,1749566283.0,823091.0,4783.0,b030ef20-d1db-42ae-b770-72fb37907aab
1080.0,f23ced6d-9e8a-4f29-8d8b-569da7e0b40e,720.0,vlog on food!,6420.0,253113.63264767933,97.0,1748011083.0,16872.0,4197.0,3c17ddc8-e782-483d-8340-eac3bda87f0b
1080.0,f23ced6d-9e8a-4f29-8d8b-569da7e0b40e,896.6165413533835,review on tech!,4230.0,389236.0,167.0,1751035083.0,597240.0,4197.0,00a1061b-223b-4714-905c-255def5b946c
720.0,f23ced6d-9e8a-4f29-8d8b-569da7e0b40e,720.0,reaction on fashion!,2083.0,253113.63264767933,88.0,1753022283.0,727458.0,4779.0,4f735770-8dc6-4daa-9806-f293ed37d35c
1080.0,f23ced6d-9e8a-4f29-8d8b-569da7e0b40e,896.6165413533835,review on food!,1436.0,253113.63264767933,113.0,1751639883.0,494478.7454455933,2239.0,68f3c82b-4b75-4675-a8a1-813fee40a0b4
897.9699248120301,f23ced6d-9e8a-4f29-8d8b-569da7e0b40e,720.0,unboxing on tech!,9531.0,446010.0,124.0,1752071883.0,228408.0,1408.0,bcc249a4-e6a9-435b-8e8f-d19c7990f49b
1080.0,f23ced6d-9e8a-4f29-8d8b-569da7e0b40e,1080.0,unboxing on fashion!,5837.0,194620.0,114.0,1748097483.0,66719.0,2535.6222222222223,e37094ed-b9de-4c43-a583-4ce63f183b2d
1080.0,663efb92-9a74-45fa-8ffd-a0e911cd8ad4,720.0,challenge on fitness!,5711.0,446829.0,94.45944039501528,1750084683.0,453207.0,4037.0,959687ce-0e26-4c34-befc-afe7adf59f62
1080.0,663efb92-9a74-45fa-8ffd-a0e911cd8ad4,1080.0,unboxing on travel!,4928.0,492768.0,112.0,1749911883.0,294185.0,2824.0,532e2a25-09f9-4244-b46c-b4d8b2d88c6c
1080.0,663efb92-9a74-45fa-8ffd-a0e911cd8ad4,1080.0,challenge on fashion!,4999.513470681458,135753.0,30.0,1752071883.0,89162.0,975.0,82540ef8-cac3-4e93-bcf1-1997dbb7645f
720.0,663efb92-9a74-45fa-8ffd-a0e911cd8ad4,1080.0,review on beauty!,5445.0,480704.0,97.0,1749998283.0,43946.0,2535.6222222222223,c42d4277-c201-46ac-922b-8050600f5c46
1080.0,663efb92-9a74-45fa-8ffd-a0e911cd8ad4,720.0,reaction on tech!,9198.0,388135.0,110.0,1749307083.0,999012.0,2070.0,1c42da4d-0f55-4df8-b05c-5391698b8f9c
1080.0,663efb92-9a74-45fa-8ffd-a0e911cd8ad4,1080.0,reaction on fitness!,4999.513470681458,488484.0,10.0,1751726283.0,31715.0,835.0,1b06a6de-c65a-416a-9d10-fb218515c1ac
720.0,663efb92-9a74-45fa-8ffd-a0e911cd8ad4,720.0,vlog on fashion!,4620.0,129268.0,129.0,1748183883.0,586352.0,301.0,69d62ddc-a503-4e91-bc25-f504530786f6
1080.0,663efb92-9a74-45fa-8ffd-a0e911cd8ad4,1080.0,unboxing on travel!,9342.0,182535.0,153.0,1752763083.0,307892.0,1811.0,a6740e95-cb13-4ec7-856b-11ac27499be8
1080.0,663efb92-9a74-45fa-8ffd-a0e911cd8ad4,720.0,reaction on fitness!,4999.513470681458,215301.0,17.0,1749307083.0,494478.7454455933,3676.0,d2f75dd2-468d-471d-8dbc-c0325bee95d5
1080.0,663efb92-9a74-45fa-8ffd-a0e911cd8ad4,720.0,challenge on fashion!,7535.0,389448.0,12.0,1748443083.0,229336.0,282.0,eaf4e86f-3c0f-4586-a6e6-cd9109158e54
1080.0,663efb92-9a74-45fa-8ffd-a0e911cd8ad4,1080.0,challenge on tech!,1771.0,367149.0,39.0,1748702283.0,826266.0,2535.6222222222223,49d66cdd-a91c-4054-9aae-edab7739ca16
720.0,663efb92-9a74-45fa-8ffd-a0e911cd8ad4,720.0,vlog on fashion!,4999.513470681458,253113.63264767933,32.0,1752935883.0,785343.0,1523.0,9c5cef5f-5bbc-41ef-8fb1-97ab08a57293
720.0,663efb92-9a74-45fa-8ffd-a0e911cd8ad4,720.0,reaction on beauty!,9809.0,253113.63264767933,37.0,1748011083.0,972828.0,4673.0,f8df785d-9daf-4ed0-9c10-df41c219dce5
1080.0,663efb92-9a74-45fa-8ffd-a0e911cd8ad4,720.0,reaction on fitness!,4866.0,246243.0,25.0,1750084683.0,463236.0,3348.0,4ff3869a-d787-4bf7-a42f-236263024fef
720.0,663efb92-9a74-45fa-8ffd-a0e911cd8ad4,720.0,review on travel!,726.0,457587.0,18.0,1751985483.0,408594.0,1204.0,57b440a5-efc9-4910-a16d-5cc07a1e633a
1080.0,663efb92-9a74-45fa-8ffd-a0e911cd8ad4,720.0,unboxing on fitness!,933.0,253113.63264767933,54.0,1748011083.0,494478.7454455933,436.0,124f10ef-55a6-4de3-a98a-48c8be36f37e
1080.0,663efb92-9a74-45fa-8ffd-a0e911cd8ad4,1080.0,challenge on beauty!,6552.0,1989.0,71.0,1752158283.0,372108.0,311.0,29202039-0770-4f3e-993d-a6823a593ef0
720.0,663efb92-9a74-45fa-8ffd-a0e911cd8ad4,1080.0,reaction on fitness!,5346.0,434262.0,173.0,1748788683.0,309304.0,4125.0,43c0defe-9eba-4cc0-8966-2aa5dc82e421
1080.0,663efb92-9a74-45fa-8ffd-a0e911cd8ad4,720.0,challenge on fashion!,1978.0,255181.0,18.0,1751035083.0,619131.0,1582.0,5aec51ad-f1ac-4c81-983b-6bba95bb198a
720.0,663efb92-9a74-45fa-8ffd-a0e911cd8ad4,720.0,vlog on beauty!,4284.0,253113.63264767933,65.0,1750430283.0,494478.7454455933,3441.0,141936e9-111a-4225-88e1-c3c9e183b100
720.0,663efb92-9a74-45fa-8ffd-a0e911cd8ad4,720.0,vlog on beauty!,2270.0,253113.63264767933,177.0,1750430283.0,338712.0,2754.0,3351f8cf-0029-4469-a11a-b565ea261877
1080.0,9f521a3f-b740-45e6-b1d4-d98bb76eb436,1080.0,review on food!,6416.0,167198.0,103.0,1752071883.0,721771.0,2472.0,5630b3ef-6fde-4482-8625-bc555b0339ef
720.0,9f521a3f-b740-45e6-b1d4-d98bb76eb436,720.0,vlog on fitness!,9207.0,322937.0,94.0,1747924683.0,494478.7454455933,164.0,4f349ce1-3dc4-4fdc-b793-6b378692b826
1080.0,9f521a3f-b740-45e6-b1d4-d98bb76eb436,896.6165413533835,reaction on tech!,3101.0,281113.0,126.0,1748443083.0,178720.0,4112.0,be33ee72-9e5b-40d8-af3d-babf52d38161
1080.0,9f521a3f-b740-45e6-b1d4-d98bb76eb436,1080.0,review on food!,4456.0,370670.0,97.0,1750171083.0,999044.0,2535.6222222222223,7f54cade-559d-4c31-b99c-102e8aa62d97
1080.0,9f521a3f-b740-45e6-b1d4-d98bb76eb436,720.0,review on food!,4999.513470681458,392738.0,124.0,1747924683.0,384151.0,3010.0,9256fe06-9b05-44eb-a683-8870746386ef
720.0,9f521a3f-b740-45e6-b1d4-d98bb76eb436,1080.0,unboxing on fitness!,3306.0,218397.0,129.0,1751294283.0,269728.0,4678.0,c1aeb8a3-23f3-4fb4-bdba-0b5da2d83319
720.0,9f521a3f-b740-45e6-b1d4-d98bb76eb436,720.0,review on food!,5930.0,228599.0,165.0,1752071883.0,494478.7454455933,3111.0,b41dd153-c4d7-456e-a2b8-a03d7433cf48
1080.0,9f521a3f-b740-45e6-b1d4-d98bb76eb436,1080.0,unboxing on travel!,2972.0,193670.0,121.0,1749998283.0,494478.7454455933,2737.0,64f7230e-cdf0-4dbc-95bf-c14d84304d82
720.0,9f521a3f-b740-45e6-b1d4-d98bb76eb436,720.0,reaction on travel!,935.0,487976.0,150.0,1749134283.0,494478.7454455933,1926.0,03919d01-8a4e-4180-bb2b-45f04aa5e280
1080.0,9f521a3f-b740-45e6-b1d4-d98bb76eb436,720.0,reaction on tech!,1555.0,61445.0,142.0,1749911883.0,400796.0,1721.0,e2b06147-015b-4db6-8ff0-a30aaaf6a5ca
720.0,9f521a3f-b740-45e6-b1d4-d98bb76eb436,1080.0,vlog on tech!,4999.513470681458,482200.0,100.0,1748529483.0,284583.0,4241.0,7e848b93-f26c-441c-981a-9036be9cc035
720.0,9f521a3f-b740-45e6-b1d4-d98bb76eb436,1080.0,review on beauty!,9420.0,95185.0,59.0,1749911883.0,181880.0,2853.0,ba37b1fc-8acb-427d-ae5c-8b8673ad3ef9
720.0,9f521a3f-b740-45e6-b1d4-d98bb76eb436,720.0,unboxing on travel!,8620.0,9847.0,129.0,1749307083.0,54736.0,3428.0,fcc2e76e-0180-4c91-a5ca-79e0e813b1a9
1080.0,9f521a3f-b740-45e6-b1d4-d98bb76eb436,720.0,reaction on fitness!,5299.0,225018.0,44.0,1752849483.0,577344.0,4889.0,71d31adc-8c28-4693-bd30-5e06df9a0245
1080.0,9f521a3f-b740-45e6-b1d4-d98bb76eb436,896.6165413533835,review on travel!,7539.0,18925.0,157.0,1751121483.0,827029.0,2725.0,a069a6c0-d729-4e0d-b765-819be22ad154
1080.0,9f521a3f-b740-45e6-b1d4-d98bb76eb436,720.0,challenge on food!,4999.513470681458,253113.63264767933,116.0,1750171083.0,577042.0,484.0,2debb087-55b2-4948-b90e-0351f3a5b390
1080.0,9f521a3f-b740-45e6-b1d4-d98bb76eb436,720.0,review on fashion!,6571.0,458522.0,101.0,1751985483.0,276278.0,3254.0,759a0297-cb16-4b09-95c2-d5a201f6ddff
720.0,9f521a3f-b740-45e6-b1d4-d98bb76eb436,1080.0,review on food!,2539.0,253113.63264767933,178.0,1749479883.0,494478.7454455933,2430.0,ec9ccf92-ef99-4ed1-9858-b5573ded4c6f
897.9699248120301,9f521a3f-b740-45e6-b1d4-d98bb76eb436,720.0,challenge on fitness!,2988.0,182618.0,76.0,1752503883.0,723267.0,2798.0,a73860ed-d890-4461-80b0-7fa2ae5f587d
720.0,09c73929-0740-4e2b-a164-4a9b7752d8f0,1080.0,review on fitness!,7503.0,362458.0,93.0,1751380683.0,738819.0,2535.6222222222223,a9a63ad1-be07-4940-89c0-297bc49d7a83
720.0,09c73929-0740-4e2b-a164-4a9b7752d8f0,720.0,review on food!,1568.0,346316.0,122.0,1751121483.0,873704.0,2515.0,4c389fb2-ba51-4908-883e-ee810d49f684
720.0,09c73929-0740-4e2b-a164-4a9b7752d8f0,1080.0,vlog on tech!,1728.0,183541.0,13.0,1751812683.0,486137.0,98.0,51426674-abb2-4e88-9c4c-4f5841fc0626
720.0,09c73929-0740-4e2b-a164-4a9b7752d8f0,1080.0,challenge on tech!,4999.513470681458,212066.0,175.0,1749220683.0,169374.0,1501.0,45c3047e-f162-48c2-98b6-f2bdef317201
897.9699248120301,09c73929-0740-4e2b-a164-4a9b7752d8f0,1080.0,vlog on beauty!,8421.0,227751.0,179.0,1748443083.0,43337.0,1316.0,ebc7b475-421c-4998-a870-a41c8ebb3cb2
720.0,09c73929-0740-4e2b-a164-4a9b7752d8f0,1080.0,vlog on food!,6310.0,372901.0,41.0,1751207883.0,23962.0,4976.0,6f9ea8b5-68af-4851-ac56-be4d19e9504b
720.0,09c73929-0740-4e2b-a164-4a9b7752d8f0,1080.0,unboxing on fashion!,5907.0,113872.0,40.0,1751294283.0,798980.0,317.0,5796cd3d-d2d0-4095-8b23-5f97a45b8f25
720.0,09c73929-0740-4e2b-a164-4a9b7752d8f0,720.0,vlog on beauty!,5315.0,253113.63264767933,174.0,1749220683.0,59189.0,1336.0,6456f774-d797-4356-8917-eb4a94d8b530
897.9699248120301,09c73929-0740-4e2b-a164-4a9b7752d8f0,1080.0,reaction on tech!,8360.0,269204.0,148.0,1751121483.0,695861.0,2535.6222222222223,ca90f9ff-9fa0-4fff-9f9b-9d7b625149a6
1080.0,09c73929-0740-4e2b-a164-4a9b7752d8f0,1080.0,unboxing on food!,4025.0,9645.0,120.0,1751294283.0,607179.0,4444.0,e1be027d-0a14-412b-aef9-03ed86394965
1080.0,09c73929-0740-4e2b-a164-4a9b7752d8f0,1080.0,challenge on food!,7715.0,247659.0,92.0,1751812683.0,996251.0,2408.0,ef56065c-69da-408f-8b8a-0ca0b31ecb96
1080.0,09c73929-0740-4e2b-a164-4a9b7752d8f0,720.0,reaction on fashion!,4187.0,291033.0,47.0,1749566283.0,494478.7454455933,981.0,111c3d8a-2906-4990-beda-15dfe45301a9
1080.0,09c73929-0740-4e2b-a164-4a9b7752d8f0,720.0,reaction on tech!,9104.0,484222.0,25.0,1749566283.0,898840.0,1718.0,1accab8f-31b4-4ef7-82c7-4b4c573f67af
1080.0,09c73929-0740-4e2b-a164-4a9b7752d8f0,720.0,vlog on fashion!,5649.0,241091.0,160.0,1749134283.0,248163.0,3420.0,d1fae38c-4ff4-4f57-bdb1-2ea92e2407ff
1080.0,09c73929-0740-4e2b-a164-4a9b7752d8f0,1080.0,challenge on tech!,9723.0,253113.63264767933,43.0,1752503883.0,86128.0,945.0,2ba11048-e04d-4c50-b1af-1dee1da7a37c
720.0,09c73929-0740-4e2b-a164-4a9b7752d8f0,1080.0,reaction on food!,5397.0,253113.63264767933,172.0,1747924683.0,494478.7454455933,1466.0,2d6e31e8-1053-4f0c-8bd0-9b088558efe5
1080.0,09c73929-0740-4e2b-a164-4a9b7752d8f0,720.0,vlog on fitness!,2814.0,253113.63264767933,95.0,1749307083.0,986181.0,2535.6222222222223,708af6ff-8a6a-4151-8e7c-bf2214e50d0e
720.0,09c73929-0740-4e2b-a164-4a9b7752d8f0,896.6165413533835,reaction on fashion!,2696.0,402399.0,74.0,1751899083.0,315607.0,708.0,e3f3ff2e-b9c4-4e87-a35e-7ec6d18a8002
720.0,09c73929-0740-4e2b-a164-4a9b7752d8f0,720.0,reaction on beauty!,1166.0,253113.63264767933,31.0,1749739083.0,352132.0,2535.6222222222223,5f66c634-6a24-471a-bd41-9c4b36a18ee8
1080.0,09c73929-0740-4e2b-a164-4a9b7752d8f0,720.0,unboxing on fashion!,8055.0,10171.0,108.0,1752417483.0,881801.0,687.0,5664b2ba-1f1c-4889-acb8-aeb6c96fffa3
720.0,09c73929-0740-4e2b-a164-4a9b7752d8f0,720.0,reaction on fitness!,5953.0,172613.0,39.0,1748615883.0,438902.0,2467.0,6af14bf2-6ae3-4a3a-b36b-c9ddc6f8f5ed
1080.0,09c73929-0740-4e2b-a164-4a9b7752d8f0,1080.0,reaction on beauty!,8801.0,270449.0,77.0,1752763083.0,843058.0,3561.0,c4ad2305-6ee4-4519-9600-ffa9cb946c5e
720.0,09c73929-0740-4e2b-a164-4a9b7752d8f0,1080.0,unboxing on travel!,5605.0,182133.0,54.0,1752158283.0,236871.0,4224.0,f1831f81-07e2-4b59-9f01-534a2e1f8282
720.0,4735e5d7-e639-4248-9c90-cf058d96491f,1080.0,unboxing on food!,901.0,338940.0,168.0,1751207883.0,216685.0,2243.0,b5b9fbac-4fe6-4543-b7ed-303e6ee2554a
720.0,4735e5d7-e639-4248-9c90-cf058d96491f,1080.0,review on fashion!,4357.0,253113.63264767933,137.0,1749479883.0,494478.7454455933,1987.0,1faee0f8-244f-4ad5-92c9-9cc5362c6d04
720.0,4735e5d7-e639-4248-9c90-cf058d96491f,720.0,challenge on fitness!,2196.0,268714.0,41.0,1752503883.0,504285.0,3090.0,9f6ad0b6-472d-430d-8328-9f54cfbb7a12
1080.0,4735e5d7-e639-4248-9c90-cf058d96491f,720.0,unboxing on travel!,3082.0,454026.0,35.0,1750257483.0,439744.0,2817.0,a303112b-b431-4055-afe0-9422ccf44110
720.0,4735e5d7-e639-4248-9c90-cf058d96491f,720.0,review on beauty!,1756.0,317674.0,23.0,1752071883.0,812426.0,2535.6222222222223,101be4c8-de44-4fc4-a700-582007f8bbfc
720.0,4735e5d7-e639-4248-9c90-cf058d96491f,1080.0,review on tech!,1660.0,78917.0,67.0,1750775883.0,494478.7454455933,4570.0,c222e021-316d-453d-81b4-912a7c530811
720.0,4735e5d7-e639-4248-9c90-cf058d96491f,1080.0,unboxing on tech!,746.0,356077.0,94.45944039501528,1750430283.0,19374.0,4407.0,c5539bca-5057-4e49-b822-8733cd960edf
720.0,4735e5d7-e639-4248-9c90-cf058d96491f,896.6165413533835,unboxing on tech!,2346.0,253113.63264767933,109.0,1751553483.0,946367.0,2226.0,db5ad2c5-312c-4a15-8f66-2b1f6bc61c55
720.0,4735e5d7-e639-4248-9c90-cf058d96491f,1080.0,reaction on food!,4999.513470681458,79227.0,86.0,1748615883.0,837206.0,578.0,a0d2bbf7-99e0-4161-8c34-0d87f6a3bc45
1080.0,4735e5d7-e639-4248-9c90-cf058d96491f,1080.0,unboxing on food!,8445.0,166056.0,54.0,1751726283.0,377195.0,502.0,46754806-168d-47fa-9d37-92cf908acbb4
897.9699248120301,4735e5d7-e639-4248-9c90-cf058d96491f,1080.0,unboxing on tech!,4999.513470681458,105246.0,94.45944039501528,1747838283.0,741983.0,2535.6222222222223,63181de3-59f9-4d8d-bfa0-706b68c01909
1080.0,4735e5d7-e639-4248-9c90-cf058d96491f,720.0,review on food!,3211.0,366254.0,173.0,1747838283.0,461853.0,1058.0,c96f4ca2-8040-48a4-aa6a-b4c689b4d9ec
1080.0,4735e5d7-e639-4248-9c90-cf058d96491f,1080.0,review on tech!,9383.0,355233.0,97.0,1751035083.0,494478.7454455933,3408.0,54f85b93-d4ba-4947-81f7-49b052906037
1080.0,4735e5d7-e639-4248-9c90-cf058d96491f,1080.0,unboxing on fitness!,9170.0,253113.63264767933,102.0,1752158283.0,182478.0,1514.0,7889c47c-1d38-4e4c-93e7-36a1d69639ab
1080.0,4735e5d7-e639-4248-9c90-cf058d96491f,1080.0,reaction on fitness!,4736.0,253113.63264767933,58.0,1750084683.0,375601.0,2675.0,8cdc38e4-5e83-414a-a335-e59facf871cb
1080.0,4735e5d7-e639-4248-9c90-cf058d96491f,720.0,challenge on travel!,2751.0,362348.0,169.0,1749998283.0,500290.0,765.0,e945445d-f962-4ca4-a4f7-5fff9ac3d7e8
1080.0,4735e5d7-e639-4248-9c90-cf058d96491f,1080.0,review on travel!,9362.0,396678.0,114.0,1748011083.0,718543.0,3123.0,24d20a43-c9cb-480f-b3e6-0a3dafc8ac15
720.0,4735e5d7-e639-4248-9c90-cf058d96491f,1080.0,vlog on fitness!,9773.0,472072.0,68.0,1749393483.0,123358.0,210.0,a45078a0-5d65-4ac2-a70a-bea30bf91b87
1080.0,4735e5d7-e639-4248-9c90-cf058d96491f,1080.0,review on fitness!,1731.0,346267.0,169.0,1749739083.0,579463.0,4976.0,d416f875-cf1d-47fe-8d7b-ed578108e151
720.0,a0f2fe6a-cc1e-4da7-a8d7-1dc104d9afa7,1080.0,review on tech!,6680.0,442993.0,98.0,1750689483.0,650278.0,3916.0,7e2bfe71-46a7-4ed3-aec7-e9ff3593a068
720.0,a0f2fe6a-cc1e-4da7-a8d7-1dc104d9afa7,1080.0,review on food!,9093.0,471676.0,13.0,1752503883.0,773933.0,839.0,9da29c75-adfc-4c14-9cdf-52a167dfca12
1080.0,a0f2fe6a-cc1e-4da7-a8d7-1dc104d9afa7,1080.0,reaction on food!,9323.0,60506.0,92.0,1748961483.0,485177.0,4391.0,98cde998-0362-414f-acc3-82c8a26a8ee9
1080.0,a0f2fe6a-cc1e-4da7-a8d7-1dc104d9afa7,1080.0,vlog on tech!,4999.513470681458,277355.0,25.0,1750948683.0,98577.0,645.0,5d74d4bf-3d79-4099-96cb-65c6aeef702e
1080.0,a0f2fe6a-cc1e-4da7-a8d7-1dc104d9afa7,1080.0,unboxing on travel!,4999.513470681458,306424.0,146.0,1748097483.0,189717.0,584.0,589c108a-be0a-403d-bbf6-2ef20afc82a1
720.0,a0f2fe6a-cc1e-4da7-a8d7-1dc104d9afa7,1080.0,vlog on fitness!,3297.0,258210.0,58.0,1749220683.0,584411.0,2535.6222222222223,568c1870-e668-4281-8c6c-02d72efb1b9b
720.0,a0f2fe6a-cc1e-4da7-a8d7-1dc104d9afa7,720.0,challenge on food!,916.0,104864.0,35.0,1750689483.0,927435.0,3592.0,1380102b-29fe-4256-b4e1-4eff60ec0736
897.9699248120301,a0f2fe6a-cc1e-4da7-a8d7-1dc104d9afa7,896.6165413533835,unboxing on fitness!,3420.0,495035.0,65.0,1751380683.0,810065.0,2535.6222222222223,ce9e5f40-a169-48da-a0fa-5fbaacfa780d
897.9699248120301,a0f2fe6a-cc1e-4da7-a8d7-1dc104d9afa7,1080.0,review on tech!,8551.0,431170.0,77.0,1752935883.0,423841.0,4414.0,4fd93bc9-7b5c-4dd5-a549-91d09b24a654
720.0,a0f2fe6a-cc1e-4da7-a8d7-1dc104d9afa7,1080.0,challenge on beauty!,6532.0,168076.0,70.0,1749911883.0,658325.0,2535.6222222222223,ed9fa302-0663-4848-afc0-63a03cfa9057
897.9699248120301,a0f2fe6a-cc1e-4da7-a8d7-1dc104d9afa7,720.0,challenge on fitness!,4334.0,174819.0,80.0,1750603083.0,511725.0,580.0,713c3e57-bf2b-4fc4-b1b8-2ba7bd2a5113
1080.0,a0f2fe6a-cc1e-4da7-a8d7-1dc104d9afa7,1080.0,challenge on tech!,4999.513470681458,69556.0,50.0,1751294283.0,222805.0,4140.0,ba5be163-f3ef-4902-9e23-0efea024e8be
1080.0,a0f2fe6a-cc1e-4da7-a8d7-1dc104d9afa7,1080.0,unboxing on fitness!,3032.0,253113.63264767933,63.0,1751812683.0,173602.0,2301.0,d48811c8-d065-4308-a58f-e8a509c6c005
1080.0,a0f2fe6a-cc1e-4da7-a8d7-1dc104d9afa7,1080.0,review on food!,6596.0,106884.0,131.0,1752503883.0,211860.0,4584.0,7e6038bb-6f94-4db6-8520-fa76c0911e55
1080.0,a0f2fe6a-cc1e-4da7-a8d7-1dc104d9afa7,720.0,vlog on fitness!,4999.513470681458,473759.0,38.0,1748702283.0,594610.0,3432.0,655deafd-aac2-4a8f-b11d-e7f92a0fb326
1080.0,a0f2fe6a-cc1e-4da7-a8d7-1dc104d9afa7,1080.0,reaction on beauty!,1481.0,301324.0,155.0,1750948683.0,359472.0,2535.6222222222223,a056efc2-0588-4772-ab97-e9ac37beca02
1080.0,a0f2fe6a-cc1e-4da7-a8d7-1dc104d9afa7,720.0,review on travel!,527.0,397750.0,85.0,1749652683.0,117514.0,4474.0,a267e6a3-50c4-47f7-b13c-1f4914b75a03
1080.0,a0f2fe6a-cc1e-4da7-a8d7-1dc104d9afa7,1080.0,review on fitness!,3134.0,114163.0,131.0,1748788683.0,494478.7454455933,1369.0,00052785-05fd-4ee3-a168-fc892ef868c2
1080.0,a0f2fe6a-cc1e-4da7-a8d7-1dc104d9afa7,720.0,vlog on fitness!,4725.0,281242.0,32.0,1749652683.0,52639.0,3104.0,0f2d642a-3911-46e3-9eb2-2e6ec1ed8447
720.0,a0f2fe6a-cc1e-4da7-a8d7-1dc104d9afa7,720.0,review on travel!,497.0,219930.0,136.0,1751899083.0,76885.0,2704.0,f442b864-a639-4178-8d09-5b97e8b4cd00
720.0,a0f2fe6a-cc1e-4da7-a8d7-1dc104d9afa7,1080.0,unboxing on fitness!,9803.0,212038.0,139.0,1752590283.0,921243.0,2535.6222222222223,f2320767-56f2-44b3-9d98-8e1ec7be1a63
720.0,a0f2fe6a-cc1e-4da7-a8d7-1dc104d9afa7,720.0,review on travel!,4999.513470681458,108467.0,36.0,1748443083.0,219623.0,632.0,cdba15b4-ec4c-47e4-93cb-94640b9850ea
720.0,c26faa37-830e-4fdc-a2f1-f54ac98efc7c,720.0,reaction on food!,8360.0,253113.63264767933,171.0,1748183883.0,734573.0,596.0,84949ff6-a3fb-4df8-8fce-c9fac5cc5a46
720.0,c26faa37-830e-4fdc-a2f1-f54ac98efc7c,720.0,vlog on beauty!,4999.513470681458,155531.0,129.0,1752503883.0,432661.0,3119.0,f9fe4924-5b9e-4263-8ac8-a2d28a238600
1080.0,c26faa37-830e-4fdc-a2f1-f54ac98efc7c,720.0,unboxing on fitness!,5553.0,109471.0,116.0,1749739083.0,494478.7454455933,224.0,0faaa24f-252c-40ce-892d-4479321566dd
720.0,c26faa37-830e-4fdc-a2f1-f54ac98efc7c,1080.0,vlog on fashion!,1850.0,38286.0,73.0,1751985483.0,494478.7454455933,2535.6222222222223,16e191a5-3d37-473d-bd49-3c236ea70857
1080.0,c26faa37-830e-4fdc-a2f1-f54ac98efc7c,1080.0,unboxing on tech!,7329.0,408442.0,24.0,1750775883.0,601822.0,135.0,b57f224d-9b20-4fa4-925b-659fa155c705
720.0,c26faa37-830e-4fdc-a2f1-f54ac98efc7c,720.0,unboxing on tech!,9337.0,207073.0,108.0,1750603083.0,893685.0,4042.0,89ec1ea2-1a50-41b7-93bc-964611da82c8
720.0,c26faa37-830e-4fdc-a2f1-f54ac98efc7c,1080.0,vlog on tech!,7820.0,42008.0,26.0,1747924683.0,198072.0,3502.0,d9932302-9000-47ee-82e0-c22dce665a99
720.0,c26faa37-830e-4fdc-a2f1-f54ac98efc7c,1080.0,challenge on fitness!,5308.0,492137.0,82.0,1751985483.0,783485.0,2370.0,6e23d4df-5fda-44f1-8e06-dd0e753e3ca1
720.0,c26faa37-830e-4fdc-a2f1-f54ac98efc7c,720.0,challenge on fitness!,3132.0,61088.0,94.45944039501528,1748270283.0,287609.0,3831.0,00908f7a-1dba-421e-97f8-0bbd1c8d64fe
1080.0,c26faa37-830e-4fdc-a2f1-f54ac98efc7c,1080.0,review on fashion!,7202.0,253113.63264767933,53.0,1749307083.0,494478.7454455933,4127.0,b325d7f2-aa92-4503-9892-7e93e07b4dae
897.9699248120301,c26faa37-830e-4fdc-a2f1-f54ac98efc7c,720.0,challenge on fashion!,9402.0,210480.0,144.0,1750257483.0,618697.0,2983.0,dd54c488-e6e6-401c-a098-a23407e9492e
720.0,c26faa37-830e-4fdc-a2f1-f54ac98efc7c,1080.0,vlog on tech!,3710.0,259979.0,94.45944039501528,1748183883.0,410443.0,711.0,d5eea2d4-00dd-4f3d-a772-fb416694a351
1080.0,c26faa37-830e-4fdc-a2f1-f54ac98efc7c,720.0,challenge on fitness!,6658.0,253113.63264767933,63.0,1752935883.0,62054.0,1993.0,fe87020c-6055-4965-9500-76c2baf307d1
720.0,c26faa37-830e-4fdc-a2f1-f54ac98efc7c,1080.0,unboxing on food!,4999.513470681458,460739.0,58.0,1750516683.0,669901.0,1541.0,202cb556-9617-4b7a-bb1c-b532bdfab78d
720.0,c26faa37-830e-4fdc-a2f1-f54ac98efc7c,720.0,review on beauty!,3142.0,321853.0,94.0,1750603083.0,494478.7454455933,2535.6222222222223,3b8b3439-63d7-426a-a9e7-c476ed176d29
1080.0,c26faa37-830e-4fdc-a2f1-f54ac98efc7c,1080.0,unboxing on tech!,7363.0,30566.0,45.0,1748270283.0,367907.0,4371.0,5a4e1460-b3e8-4626-a6ae-b28f2c982354
1080.0,c26faa37-830e-4fdc-a2f1-f54ac98efc7c,1080.0,unboxing on fashion!,8679.0,493915.0,65.0,1752849483.0,695318.0,535.0,944fccf8-7ec8-46ab-8828-2d094f27e080
720.0,c26faa37-830e-4fdc-a2f1-f54ac98efc7c,720.0,reaction on travel!,3260.0,372030.0,46.0,1752244683.0,290064.0,3341.0,8517bb00-1061-4010-b165-5ac02e62399d
720.0,c26faa37-830e-4fdc-a2f1-f54ac98efc7c,896.6165413533835,reaction on fitness!,9639.0,253113.63264767933,130.0,1751294283.0,658775.0,4906.0,f6ae442f-6cec-4c50-9c64-0807f062d19c
720.0,c26faa37-830e-4fdc-a2f1-f54ac98efc7c,720.0,unboxing on fitness!,144.0,59183.0,35.0,1750430283.0,824107.0,2080.0,811cc25a-bd6b-40a9-83e9-1a273551b22c
1080.0,c26faa37-830e-4fdc-a2f1-f54ac98efc7c,1080.0,unboxing on beauty!,8192.0,50075.0,52.0,1749739083.0,320401.0,1054.0,3db2c5e5-c4ff-4a8e-b25c-30b258f6e482
1080.0,c26faa37-830e-4fdc-a2f1-f54ac98efc7c,1080.0,unboxing on fitness!,4397.0,454228.0,167.0,1752071883.0,977750.0,903.0,c787475e-e241-4658-a3e8-9a6852afdeeb
720.0,c26faa37-830e-4fdc-a2f1-f54ac98efc7c,720.0,reaction on fitness!,4999.513470681458,177640.0,94.0,1751121483.0,944853.0,3496.0,7b9732eb-719d-4463-b647-292b253595f9
720.0,c26faa37-830e-4fdc-a2f1-f54ac98efc7c,1080.0,unboxing on fitness!,3886.0,308790.0,106.0,1747924683.0,238311.0,4955.0,67445709-e360-4141-ae4e-d06a2f803e91
720.0,c26faa37-830e-4fdc-a2f1-f54ac98efc7c,1080.0,challenge on food!,4999.513470681458,218993.0,30.0,1751207883.0,898801.0,2535.6222222222223,ab9270db-d8d0-48ff-8ca4-168755565ecf
720.0,335f45e0-c839-42bf-8b4f-dda388fbbf6f,1080.0,review on tech!,9989.0,143612.0,42.0,1749134283.0,436403.0,2535.6222222222223,cb960acd-aae5-47e9-a7ee-b9c30aa1b623
720.0,335f45e0-c839-42bf-8b4f-dda388fbbf6f,1080.0,unboxing on food!,5253.0,348475.0,46.0,1750257483.0,437015.0,3324.0,f280a020-55b5-4854-bb52-f21533a9fe36
1080.0,335f45e0-c839-42bf-8b4f-dda388fbbf6f,720.0,vlog on beauty!,4999.513470681458,197422.0,11.0,1748529483.0,209262.0,1195.0,115e03e5-4cde-4a6c-9b7a-d76ce1596113
1080.0,335f45e0-c839-42bf-8b4f-dda388fbbf6f,1080.0,challenge on tech!,4999.513470681458,253113.63264767933,75.0,1751812683.0,729380.0,2535.6222222222223,4a271dda-26af-4aa3-b4e8-966c3945b12f
720.0,335f45e0-c839-42bf-8b4f-dda388fbbf6f,1080.0,unboxing on travel!,6145.0,253113.63264767933,98.0,1749479883.0,266357.0,1894.0,5f16bc43-c28d-4ecf-b61c-76ecc3917a0f
897.9699248120301,335f45e0-c839-42bf-8b4f-dda388fbbf6f,1080.0,challenge on fashion!,4999.513470681458,286474.0,148.0,1750430283.0,517911.0,1009.0,f8937267-a36e-49f6-8e72-2168c86a46d7
897.9699248120301,335f45e0-c839-42bf-8b4f-dda388fbbf6f,1080.0,reaction on beauty!,1400.0,302392.0,111.0,1748356683.0,226811.0,319.0,e05ade1f-fecf-4b9b-8185-ed9fcea23978
720.0,335f45e0-c839-42bf-8b4f-dda388fbbf6f,720.0,review on tech!,8268.0,422445.0,40.0,1748270283.0,761790.0,784.0,6d84a2af-657e-4486-bda9-f4b445cd0ea1
1080.0,335f45e0-c839-42bf-8b4f-dda388fbbf6f,1080.0,review on food!,6862.0,428328.0,98.0,1751812683.0,721602.0,1050.0,6bd6ee5c-ab59-40f7-b3b8-499484289d7e
1080.0,335f45e0-c839-42bf-8b4f-dda388fbbf6f,720.0,vlog on fashion!,9459.0,188336.0,147.0,1749393483.0,918138.0,1976.0,db4ea0fb-e2bc-40fc-951d-8ef1744f946f
720.0,335f45e0-c839-42bf-8b4f-dda388fbbf6f,1080.0,unboxing on beauty!,6061.0,41657.0,94.45944039501528,1750516683.0,307636.0,2535.6222222222223,0512e8de-6ec0-44a4-8d95-388ab2e4e1f3
720.0,335f45e0-c839-42bf-8b4f-dda388fbbf6f,1080.0,reaction on beauty!,7709.0,197780.0,49.0,1748183883.0,20736.0,1632.0,2ae07211-02de-4cac-a094-a951f228f727
1080.0,335f45e0-c839-42bf-8b4f-dda388fbbf6f,720.0,review on food!,4999.513470681458,49042.0,92.0,1749998283.0,633507.0,147.0,7e47e885-50b7-4000-a57a-e301beb07f36
1080.0,335f45e0-c839-42bf-8b4f-dda388fbbf6f,1080.0,review on fitness!,9877.0,309620.0,89.0,1751899083.0,201383.0,3768.0,1ba8b7ca-905e-468a-a11d-0f6d151b7182
1080.0,335f45e0-c839-42bf-8b4f-dda388fbbf6f,1080.0,vlog on beauty!,7190.0,323516.0,177.0,1749307083.0,94234.0,598.0,738ed40e-17f5-4390-9a7f-b2dd1a3688a1
720.0,335f45e0-c839-42bf-8b4f-dda388fbbf6f,1080.0,unboxing on fitness!,6750.0,377556.0,75.0,1749134283.0,721503.0,1739.0,5afad0fe-9577-4606-8ee2-80dae2b06a3a
1080.0,335f45e0-c839-42bf-8b4f-dda388fbbf6f,1080.0,review on fitness!,4999.513470681458,197455.0,113.0,1752849483.0,64795.0,1005.0,7ecf8090-bea5-46fc-a066-8409e38e3cfa
897.9699248120301,335f45e0-c839-42bf-8b4f-dda388fbbf6f,720.0,unboxing on fitness!,4999.513470681458,183111.0,48.0,1749998283.0,241979.0,1251.0,c0838271-ab6d-4235-820d-d74734b47985
720.0,335f45e0-c839-42bf-8b4f-dda388fbbf6f,720.0,unboxing on beauty!,6862.0,192874.0,58.0,1749825483.0,494478.7454455933,2335.0,ab497ee1-e79e-4a69-9412-90fbbadd9b51
720.0,335f45e0-c839-42bf-8b4f-dda388fbbf6f,720.0,vlog on travel!,773.0,74326.0,71.0,1750084683.0,72173.0,3527.0,719b6fd3-1b29-40d1-94ec-94a20db927f7
720.0,335f45e0-c839-42bf-8b4f-dda388fbbf6f,1080.0,challenge on beauty!,8626.0,253113.63264767933,116.0,1750084683.0,917488.0,2535.6222222222223,7e57f4c1-2b78-4be3-9a14-3082d09e13ab
1080.0,335f45e0-c839-42bf-8b4f-dda388fbbf6f,720.0,vlog on fashion!,3922.0,339635.0,140.0,1750171083.0,706788.0,2088.0,b037df60-6605-4e99-9bc9-ccf18a800cf7
720.0,335f45e0-c839-42bf-8b4f-dda388fbbf6f,1080.0,reaction on travel!,9828.0,499245.0,44.0,1753022283.0,946554.0,4052.0,a4c9f777-3aa9-4d69-812c-94274b9e53f4
720.0,335f45e0-c839-42bf-8b4f-dda388fbbf6f,1080.0,review on food!,7861.0,253113.63264767933,94.45944039501528,1748615883.0,127963.0,2519.0,85b62d09-bb51-48cd-a8da-a46d2c62b79c
1080.0,335f45e0-c839-42bf-8b4f-dda388fbbf6f,720.0,review on beauty!,4127.0,215149.0,79.0,1748529483.0,102672.0,2535.6222222222223,c1872038-4cf6-48d0-83e1-e7c7ccfa41e5
1080.0,335f45e0-c839-42bf-8b4f-dda388fbbf6f,720.0,reaction on tech!,8068.0,275635.0,18.0,1750343883.0,650958.0,3066.0,507d8056-1274-4e04-b9e7-aaaee68133b3
720.0,04673a3a-5ac0-41ab-b1a6-05a63095ffff,1080.0,review on fashion!,8398.0,284134.0,142.0,1750862283.0,421085.0,1387.0,19f36d6b-c045-4a28-873e-1942a4b7a002
1080.0,04673a3a-5ac0-41ab-b1a6-05a63095ffff,720.0,review on fitness!,8834.0,125335.0,76.0,1752071883.0,229890.0,1455.0,b9bae4aa-fff7-44bd-938b-5a55a5f285c0
1080.0,04673a3a-5ac0-41ab-b1a6-05a63095ffff,720.0,vlog on beauty!,8136.0,159669.0,130.0,1751467083.0,55023.0,2535.6222222222223,56d54ad5-f4c4-4b9f-9b84-30086df8b580
1080.0,04673a3a-5ac0-41ab-b1a6-05a63095ffff,720.0,unboxing on food!,9716.0,359135.0,51.0,1751035083.0,960966.0,4783.0,d3f681d1-c8d4-4064-8b7f-aea7ef84fba1
720.0,04673a3a-5ac0-41ab-b1a6-05a63095ffff,720.0,reaction on beauty!,4999.513470681458,177625.0,138.0,1750343883.0,642518.0,3336.0,26b73879-730d-430a-b0e1-115e33bb2d2e
1080.0,04673a3a-5ac0-41ab-b1a6-05a63095ffff,896.6165413533835,reaction on tech!,6329.0,107123.0,13.0,1748270283.0,258204.0,976.0,0d1fc673-f2f0-4496-a1ab-a2d00b489b38
1080.0,04673a3a-5ac0-41ab-b1a6-05a63095ffff,720.0,review on fitness!,412.0,329010.0,48.0,1753022283.0,27980.0,2535.6222222222223,d70d1b74-4814-4c7a-8ff0-4dfd1206952c
1080.0,04673a3a-5ac0-41ab-b1a6-05a63095ffff,720.0,vlog on beauty!,4999.513470681458,366449.0,109.0,1749220683.0,323313.0,4363.0,81bcb308-6ff4-41e9-87eb-2d471da44f52
720.0,04673a3a-5ac0-41ab-b1a6-05a63095ffff,720.0,vlog on travel!,7297.0,8827.0,86.0,1752590283.0,684646.0,4456.0,3ecef453-69fb-4d55-8c15-164f0d31dd65
1080.0,04673a3a-5ac0-41ab-b1a6-05a63095ffff,720.0,review on tech!,2492.0,253113.63264767933,14.0,1751035083.0,665863.0,3509.0,d795257d-e579-4501-bdb5-b4a7199dc7b8
720.0,04673a3a-5ac0-41ab-b1a6-05a63095ffff,720.0,review on tech!,717.0,314397.0,101.0,1752158283.0,883392.0,3908.0,3d9062d8-97a3-4ba1-ab0b-bea5bf89d683
720.0,04673a3a-5ac0-41ab-b1a6-05a63095ffff,720.0,vlog on food!,8218.0,357902.0,102.0,1749220683.0,434321.0,3352.0,9bffeca1-efd6-495b-ad47-c1903a209dea
1080.0,04673a3a-5ac0-41ab-b1a6-05a63095ffff,720.0,vlog on food!,4999.513470681458,479216.0,170.0,1747838283.0,736165.0,322.0,d6c65087-20d4-4e7f-94b1-9c467211f268
897.9699248120301,04673a3a-5ac0-41ab-b1a6-05a63095ffff,1080.0,review on fashion!,8801.0,238827.0,151.0,1748702283.0,494478.7454455933,3425.0,bc50041a-a223-40d8-9831-3e9c3ad82775
1080.0,04673a3a-5ac0-41ab-b1a6-05a63095ffff,1080.0,reaction on travel!,4999.513470681458,253113.63264767933,131.0,1749479883.0,494478.7454455933,1911.0,ae938b89-759d-44a4-b633-0f8272c19e59
720.0,04673a3a-5ac0-41ab-b1a6-05a63095ffff,720.0,review on fitness!,7843.0,142523.0,142.0,1751639883.0,126104.0,463.0,039bc923-24a2-4b58-aebd-6867934306e0
1080.0,04673a3a-5ac0-41ab-b1a6-05a63095ffff,1080.0,review on food!,4999.513470681458,72877.0,70.0,1750171083.0,42749.0,2889.0,7031d6db-a62e-44fd-846f-e8aa4880d92d
1080.0,04673a3a-5ac0-41ab-b1a6-05a63095ffff,1080.0,reaction on fashion!,8478.0,336019.0,84.0,1751553483.0,714431.0,2535.6222222222223,03e23ec3-31b5-4f72-8dc8-72b33ddd65e6
1080.0,04673a3a-5ac0-41ab-b1a6-05a63095ffff,720.0,reaction on travel!,9881.0,245109.0,12.0,1749220683.0,279635.0,1361.0,2aaa0433-8a26-4876-8012-daae303b3335
720.0,04673a3a-5ac0-41ab-b1a6-05a63095ffff,1080.0,challenge on tech!,2686.0,445415.0,117.0,1748788683.0,991166.0,2535.6222222222223,73e76e88-1b8f-42d1-8d21-c36df261d376
720.0,04673a3a-5ac0-41ab-b1a6-05a63095ffff,720.0,challenge on tech!,3009.0,253113.63264767933,69.0,1750084683.0,826530.0,1494.0,71b64730-0a6e-491e-9807-57e874e77848
720.0,04673a3a-5ac0-41ab-b1a6-05a63095ffff,720.0,vlog on tech!,8141.0,358519.0,90.0,1749652683.0,494478.7454455933,3140.0,c4749f0a-f1b3-4baf-97b6-a78c15b10e02
1080.0,04673a3a-5ac0-41ab-b1a6-05a63095ffff,1080.0,unboxing on tech!,6267.0,187539.0,18.0,1751639883.0,494478.7454455933,1710.0,19e021e6-f1a4-4a89-829d-f2bb560657b6
1080.0,04673a3a-5ac0-41ab-b1a6-05a63095ffff,720.0,vlog on fashion!,5250.0,253113.63264767933,168.0,1747924683.0,58023.0,4050.0,90e1031f-5a13-4de5-aa01-1b91e0ac8c31
1080.0,04673a3a-5ac0-41ab-b1a6-05a63095ffff,720.0,reaction on fashion!,4806.0,253113.63264767933,155.0,1749307083.0,641546.0,3522.0,b03ea6b4-1b4d-4d90-8053-c67bf699bcba
1080.0,be7f6809-f4f9-423c-b034-e0bb93fa5474,1080.0,challenge on tech!,2117.0,80954.0,83.0,1748615883.0,268413.0,1927.0,6133e31f-843b-4614-b9af-fbbda3360afd
720.0,be7f6809-f4f9-423c-b034-e0bb93fa5474,1080.0,vlog on tech!,5846.0,7863.0,166.0,1750689483.0,494478.7454455933,2944.0,32a6e246-a1cd-47a9-9bcb-d08c2980c4ab
720.0,be7f6809-f4f9-423c-b034-e0bb93fa5474,1080.0,reaction on tech!,6562.0,253113.63264767933,147.0,1749393483.0,502202.0,2535.6222222222223,1000e30a-3218-4175-9f19-de1c2cb8f1eb
720.0,be7f6809-f4f9-423c-b034-e0bb93fa5474,720.0,unboxing on fitness!,2990.0,283497.0,96.0,1752071883.0,116405.0,4235.0,bca1c11f-0d81-484b-a17c-c8386e1721c0
720.0,be7f6809-f4f9-423c-b034-e0bb93fa5474,720.0,review on travel!,8358.0,53352.0,173.0,1748443083.0,373536.0,4769.0,2e485a2c-c41a-42f5-af76-446cd450f309
1080.0,be7f6809-f4f9-423c-b034-e0bb93fa5474,1080.0,review on beauty!,1088.0,382458.0,36.0,1749479883.0,980446.0,1005.0,1a495384-a43f-4376-b935-63ebb7da412b
1080.0,be7f6809-f4f9-423c-b034-e0bb93fa5474,1080.0,challenge on travel!,4709.0,63468.0,24.0,1750084683.0,261436.0,2535.6222222222223,107a20a1-bf4c-4290-8668-4047d1f63be9
1080.0,be7f6809-f4f9-423c-b034-e0bb93fa5474,720.0,vlog on fitness!,7220.0,462290.0,169.0,1749652683.0,330298.0,3279.0,399a33bd-61a2-45b6-aab2-7853a1c3c87c
1080.0,be7f6809-f4f9-423c-b034-e0bb93fa5474,1080.0,reaction on fitness!,1933.0,443085.0,112.0,1751035083.0,872945.0,2535.6222222222223,a92a5d3b-85c1-497d-9ce8-459bd250c175
1080.0,be7f6809-f4f9-423c-b034-e0bb93fa5474,1080.0,challenge on fashion!,7587.0,476145.0,46.0,1749566283.0,504684.0,2741.0,d7389073-c079-4c5b-bf00-e9c263c05571
720.0,be7f6809-f4f9-423c-b034-e0bb93fa5474,720.0,review on beauty!,5603.0,357326.0,17.0,1749047883.0,994308.0,2535.6222222222223,ec0a50f3-81f0-4b14-96df-314ecb25af4f
1080.0,be7f6809-f4f9-423c-b034-e0bb93fa5474,1080.0,vlog on travel!,4999.513470681458,96304.0,152.0,1752763083.0,684346.0,2866.0,e25e883c-900a-44eb-b573-0be43ca44ded
720.0,be7f6809-f4f9-423c-b034-e0bb93fa5474,720.0,reaction on fitness!,3198.0,253113.63264767933,90.0,1751380683.0,691707.0,4557.0,60316690-05a3-4801-84a6-70cd0372862d
1080.0,be7f6809-f4f9-423c-b034-e0bb93fa5474,720.0,reaction on fitness!,4623.0,199.0,14.0,1748961483.0,960030.0,4724.0,e538426e-1d8e-486c-973c-96664c1f0ce5
897.9699248120301,be7f6809-f4f9-423c-b034-e0bb93fa5474,1080.0,challenge on tech!,4999.513470681458,111339.0,57.0,1748702283.0,195716.0,2537.0,bbe6b1a3-dd1b-482e-afa8-d5a24c058c41
1080.0,be7f6809-f4f9-423c-b034-e0bb93fa5474,1080.0,vlog on food!,6783.0,495617.0,46.0,1749307083.0,346925.0,2535.6222222222223,7df21692-71ba-4b99-b622-46c48f96ab28
1080.0,be7f6809-f4f9-423c-b034-e0bb93fa5474,720.0,reaction on fitness!,4999.513470681458,310867.0,36.0,1752935883.0,380225.0,2998.0,f48c6e6c-5b12-49b0-9769-f1e6e9b1ac25
720.0,be7f6809-f4f9-423c-b034-e0bb93fa5474,1080.0,unboxing on food!,2881.0,288699.0,158.0,1750862283.0,10932.0,3692.0,661cd9a3-0742-4674-8569-21e539b2ae89
1080.0,be7f6809-f4f9-423c-b034-e0bb93fa5474,720.0,review on fitness!,4999.513470681458,331058.0,22.0,1748183883.0,300481.0,4177.0,c3bec34b-8144-403d-ac88-a17025f7d419
720.0,be7f6809-f4f9-423c-b034-e0bb93fa5474,1080.0,vlog on tech!,7961.0,36098.0,20.0,1749479883.0,395058.0,4606.0,9b6b3c39-6e0a-478f-980d-0b31b395d3be
1080.0,be7f6809-f4f9-423c-b034-e0bb93fa5474,720.0,unboxing on travel!,2055.0,253113.63264767933,27.0,1749739083.0,494478.7454455933,2205.0,b05bf4b0-c5bf-4e0b-a4ff-b35f253572c8
720.0,be7f6809-f4f9-423c-b034-e0bb93fa5474,720.0,challenge on beauty!,3645.0,253113.63264767933,178.0,1752331083.0,494478.7454455933,457.0,6fd49e4f-0e3d-4ed0-8b0b-69e3189dea43
1080.0,be7f6809-f4f9-423c-b034-e0bb93fa5474,1080.0,vlog on fashion!,5850.0,444060.0,53.0,1748702283.0,531679.0,437.0,c49fbbeb-654e-46e6-99ba-e44e782b7be0
1080.0,be7f6809-f4f9-423c-b034-e0bb93fa5474,720.0,unboxing on fitness!,380.0,125256.0,107.0,1748270283.0,56286.0,1654.0,db421fa6-3cd2-4585-9123-ba515c4195a3
720.0,be7f6809-f4f9-423c-b034-e0bb93fa5474,720.0,review on beauty!,5816.0,73967.0,86.0,1752503883.0,605997.0,2969.0,981897fd-0952-42a6-89ae-f9bbb43e0772
720.0,be7f6809-f4f9-423c-b034-e0bb93fa5474,1080.0,unboxing on fashion!,4199.0,440630.0,117.0,1749825483.0,796370.0,1960.0,cfdf323d-aacb-4cbf-b5a7-d49a046552ad
720.0,be7f6809-f4f9-423c-b034-e0bb93fa5474,720.0,challenge on food!,349.0,41917.0,149.0,1751639883.0,982147.0,4594.0,cb7a1948-e9e3-42c3-92ed-1ba24e940543
720.0,0b3b8316-df23-4d20-95c4-0fe935343253,720.0,unboxing on fashion!,4999.513470681458,134436.0,58.0,1748529483.0,283432.0,4982.0,6859fbed-34e3-45c5-ae88-9824e00b06eb
720.0,0b3b8316-df23-4d20-95c4-0fe935343253,1080.0,review on travel!,7090.0,450083.0,67.0,1748961483.0,298666.0,4962.0,8065f019-0788-4ce3-a3f2-ebdac7787c86
720.0,0b3b8316-df23-4d20-95c4-0fe935343253,720.0,reaction on beauty!,5216.0,466932.0,76.0,1751380683.0,299413.0,356.0,f01c3515-dd0b-4dfa-bb5e-4bddb5ee36c8
720.0,0b3b8316-df23-4d20-95c4-0fe935343253,1080.0,unboxing on food!,4966.0,279977.0,15.0,1752158283.0,963792.0,488.0,881b4451-7dd0-4082-84f0-21c4a6696ffd
720.0,0b3b8316-df23-4d20-95c4-0fe935343253,1080.0,unboxing on fitness!,8184.0,459818.0,22.0,1750430283.0,705081.0,1131.0,305a488f-7884-4c75-b200-85e44ee2e542
1080.0,0b3b8316-df23-4d20-95c4-0fe935343253,720.0,review on fitness!,9340.0,210458.0,17.0,1748875083.0,943791.0,343.0,448b83a9-a32d-4a58-8d95-6f4c8998ac4d
720.0,0b3b8316-df23-4d20-95c4-0fe935343253,1080.0,challenge on travel!,9686.0,150678.0,15.0,1749566283.0,731961.0,3404.0,06d9e490-5f01-4e85-ab96-b44f3932ab48
1080.0,0b3b8316-df23-4d20-95c4-0fe935343253,1080.0,unboxing on food!,4999.513470681458,110022.0,111.0,1752935883.0,494478.7454455933,3281.0,32a72a69-6713-4503-ba2a-34ef9a1084d1
1080.0,0b3b8316-df23-4d20-95c4-0fe935343253,720.0,challenge on fitness!,9200.0,266371.0,67.0,1748961483.0,181218.0,2535.6222222222223,b91599c3-2a6f-40ba-b423-31ba8be1ff1c
720.0,0b3b8316-df23-4d20-95c4-0fe935343253,720.0,unboxing on beauty!,821.0,211106.0,88.0,1750775883.0,732762.0,2643.0,080783ed-4b66-42b3-845d-92d6199020f1
720.0,0b3b8316-df23-4d20-95c4-0fe935343253,720.0,reaction on tech!,6571.0,424746.0,26.0,1750430283.0,176458.0,4111.0,a5ecc910-7a3e-48cc-8c70-28f16ea9f4e6
1080.0,0b3b8316-df23-4d20-95c4-0fe935343253,1080.0,reaction on fitness!,3787.0,48870.0,87.0,1748097483.0,643919.0,1306.0,60c9d67b-4363-4c49-86a2-782b83d08fa9
1080.0,0b3b8316-df23-4d20-95c4-0fe935343253,720.0,reaction on fashion!,9096.0,253113.63264767933,55.0,1752503883.0,494478.7454455933,2324.0,889e70d7-8515-4435-8db0-fc548bd29568
1080.0,0b3b8316-df23-4d20-95c4-0fe935343253,720.0,unboxing on food!,252.0,429508.0,154.0,1748788683.0,291532.0,1869.0,dd31ac68-a19e-4a8e-8674-97efda619023
1080.0,0b3b8316-df23-4d20-95c4-0fe935343253,1080.0,vlog on beauty!,1282.0,250261.0,137.0,1749998283.0,358796.0,2143.0,24cf1e67-5a0c-4223-9889-91048d2577f5
1080.0,0b3b8316-df23-4d20-95c4-0fe935343253,720.0,unboxing on beauty!,865.0,273463.0,11.0,1749220683.0,874060.0,778.0,06029100-4ec1-433e-8f62-05eaf39415f4
720.0,0b3b8316-df23-4d20-95c4-0fe935343253,720.0,unboxing on food!,4999.513470681458,118596.0,52.0,1752676683.0,446280.0,3950.0,389760cf-cee9-4746-8485-399e3d4e1fd7
1080.0,0b3b8316-df23-4d20-95c4-0fe935343253,1080.0,vlog on fashion!,4999.513470681458,253113.63264767933,177.0,1751985483.0,23947.0,95.0,0c5544fb-bd99-4b45-8214-fbbfd8a01113
1080.0,0b3b8316-df23-4d20-95c4-0fe935343253,896.6165413533835,challenge on food!,4999.513470681458,265851.0,137.0,1751726283.0,607384.0,765.0,042b411f-1b55-4779-a8d7-91325a48cd22
1080.0,0b3b8316-df23-4d20-95c4-0fe935343253,1080.0,reaction on travel!,8844.0,115156.0,98.0,1749393483.0,669689.0,899.0,5a53f739-e55a-40ea-a987-2a65ed8e4a95
720.0,0b3b8316-df23-4d20-95c4-0fe935343253,720.0,vlog on fashion!,9962.0,253113.63264767933,102.0,1752935883.0,506425.0,2584.0,39165fa2-916f-446b-bb02-41b054de0610
1080.0,0b3b8316-df23-4d20-95c4-0fe935343253,720.0,vlog on fashion!,7082.0,253113.63264767933,44.0,1751121483.0,300466.0,1692.0,65b1299b-9f9b-4610-974e-2607c88a960f
720.0,0b3b8316-df23-4d20-95c4-0fe935343253,720.0,unboxing on tech!,3121.0,443976.0,150.0,1752331083.0,806336.0,3395.0,dd44a76f-96b7-47a8-a8ea-ee8b9e3d6e23
897.9699248120301,06298746-5d52-49ee-b160-6b72f7507061,1080.0,vlog on fashion!,4999.513470681458,413391.0,173.0,1748529483.0,770359.0,561.0,2679f176-9e42-4f5b-92a7-192db5ac4bd8
720.0,06298746-5d52-49ee-b160-6b72f7507061,720.0,challenge on fitness!,4999.513470681458,445982.0,31.0,1748097483.0,84700.0,2957.0,92b59fff-2c34-439e-b300-dec101ee489f
720.0,06298746-5d52-49ee-b160-6b72f7507061,896.6165413533835,review on fitness!,6721.0,184601.0,116.0,1749566283.0,876105.0,2682.0,52f507cb-e09a-4100-998e-c90a4d7cc995
1080.0,06298746-5d52-49ee-b160-6b72f7507061,1080.0,vlog on tech!,4945.0,58852.0,135.0,1751726283.0,404563.0,4492.0,fe5a7560-4794-40e4-a8a7-1a86d594d7f0
1080.0,06298746-5d52-49ee-b160-6b72f7507061,720.0,unboxing on travel!,4072.0,265063.0,173.0,1749220683.0,394036.0,3067.0,e333c8dd-6f0d-4796-9b70-319f3a150303
720.0,06298746-5d52-49ee-b160-6b72f7507061,1080.0,review on tech!,3818.0,202447.0,12.0,1752331083.0,44349.0,508.0,e7107b1d-7ae9-46b4-af1b-c9d5330fca1b
720.0,06298746-5d52-49ee-b160-6b72f7507061,720.0,vlog on travel!,3659.0,19095.0,27.0,1748961483.0,653203.0,2808.0,62a937b2-86c9-491c-8acc-5bd2792278e9
720.0,06298746-5d52-49ee-b160-6b72f7507061,1080.0,vlog on fitness!,4999.513470681458,253113.63264767933,79.0,1750689483.0,524819.0,1622.0,c8563da3-b25e-47ea-948a-664175c6dcb1
1080.0,06298746-5d52-49ee-b160-6b72f7507061,720.0,review on fashion!,8673.0,181029.0,113.0,1752244683.0,117187.0,4115.0,4f2f0f23-c10c-48e5-87e6-effe56ac6b1e
720.0,06298746-5d52-49ee-b160-6b72f7507061,1080.0,vlog on tech!,2840.0,475191.0,127.0,1752935883.0,305375.0,130.0,e71c4706-0d03-40de-97d4-51e95f753fec
720.0,06298746-5d52-49ee-b160-6b72f7507061,1080.0,review on fitness!,497.0,383646.0,91.0,1751899083.0,494478.7454455933,3677.0,d48ff000-dd68-4591-ae12-c332ebe15003
720.0,06298746-5d52-49ee-b160-6b72f7507061,720.0,unboxing on tech!,6671.0,253113.63264767933,94.45944039501528,1753022283.0,81553.0,1185.0,d37d3fd8-843a-436b-b0bc-61b44e61b651
720.0,06298746-5d52-49ee-b160-6b72f7507061,1080.0,challenge on food!,2280.0,283523.0,69.0,1751380683.0,222860.0,4465.0,71d50316-cbb9-4b36-bee9-26a3b4f661b9
720.0,06298746-5d52-49ee-b160-6b72f7507061,1080.0,unboxing on beauty!,3562.0,72470.0,86.0,1748270283.0,494478.7454455933,4130.0,884f8245-cf3c-43be-a757-1ac129e71be3
720.0,06298746-5d52-49ee-b160-6b72f7507061,1080.0,review on fashion!,4702.0,93323.0,51.0,1748011083.0,23904.0,2535.6222222222223,67c5a059-e71e-4c3f-8649-4e22e5daa7b8
720.0,06298746-5d52-49ee-b160-6b72f7507061,720.0,vlog on food!,6286.0,121348.0,77.0,1750862283.0,950206.0,1087.0,9ea0ed6e-161c-4998-a5ef-1697bb651561
720.0,06298746-5d52-49ee-b160-6b72f7507061,720.0,vlog on food!,6498.0,43993.0,61.0,1749652683.0,683590.0,4677.0,08e008cc-6545-4aa4-854d-8cae4967fc22
1080.0,06298746-5d52-49ee-b160-6b72f7507061,1080.0,challenge on beauty!,5375.0,253113.63264767933,59.0,1749479883.0,494478.7454455933,3774.0,06d5b45c-9722-4055-94cf-6f1778f9e747
1080.0,06298746-5d52-49ee-b160-6b72f7507061,720.0,vlog on fitness!,5754.0,465756.0,168.0,1751294283.0,190055.0,2404.0,5ba6f2eb-1024-4e60-ad3a-127120c85b71
1080.0,06298746-5d52-49ee-b160-6b72f7507061,1080.0,review on travel!,4654.0,324914.0,38.0,1748270283.0,572202.0,3714.0,7ef6a822-c7c8-41d3-9014-21654e2715b2
720.0,06298746-5d52-49ee-b160-6b72f7507061,1080.0,review on travel!,5026.0,253113.63264767933,167.0,1751207883.0,534386.0,44.0,01b346af-240a-4c01-b48d-d6911bdbaec9
897.9699248120301,06298746-5d52-49ee-b160-6b72f7507061,720.0,vlog on food!,9010.0,262439.0,21.0,1748270283.0,285489.0,2716.0,741c61a6-0c9e-4944-be8a-15e45e06ab63
720.0,06298746-5d52-49ee-b160-6b72f7507061,720.0,unboxing on fashion!,7505.0,384431.0,120.0,1748529483.0,997922.0,687.0,46554b27-773b-4a2b-b9fd-ab706688b01d
1080.0,84dfc2e9-30c9-4059-b127-87f61f173843,1080.0,reaction on fitness!,6827.0,427458.0,55.0,1750430283.0,799236.0,2733.0,21503367-cef9-4b83-a5cb-93487f8d51dc
720.0,84dfc2e9-30c9-4059-b127-87f61f173843,1080.0,challenge on tech!,8576.0,139323.0,112.0,1748097483.0,508478.0,4811.0,d0addd42-6fe5-4e5c-925f-a15bd162a7fd
720.0,84dfc2e9-30c9-4059-b127-87f61f173843,1080.0,reaction on travel!,3771.0,448046.0,54.0,1748875083.0,137675.0,218.0,3951eb4b-fc4f-441b-ad06-571f41a2cb35
720.0,84dfc2e9-30c9-4059-b127-87f61f173843,720.0,review on travel!,3760.0,253113.63264767933,143.0,1750171083.0,897397.0,4556.0,3e397ee5-6117-46cd-b445-ebd68d0448b5
720.0,84dfc2e9-30c9-4059-b127-87f61f173843,1080.0,vlog on beauty!,7729.0,39760.0,47.0,1752676683.0,643209.0,1144.0,b505a862-ac83-47ab-bc6b-93d6881eec18
720.0,84dfc2e9-30c9-4059-b127-87f61f173843,720.0,challenge on fitness!,2389.0,134379.0,83.0,1752071883.0,624223.0,1908.0,96511197-59a7-4094-bee8-bb49ebfdc497
1080.0,84dfc2e9-30c9-4059-b127-87f61f173843,720.0,reaction on fashion!,2115.0,164207.0,175.0,1751294283.0,605836.0,3701.0,9abc0b89-ca9d-4356-8e8d-7a0d1cf031a1
720.0,84dfc2e9-30c9-4059-b127-87f61f173843,720.0,reaction on travel!,2172.0,193775.0,86.0,1751294283.0,872887.0,214.0,e0bdaf40-5b70-46b6-832a-c7a9c1963e62
720.0,84dfc2e9-30c9-4059-b127-87f61f173843,1080.0,challenge on fitness!,9204.0,437780.0,10.0,1748788683.0,614770.0,3916.0,5e72408f-2183-4cab-afc8-3f8e81e2b57d
1080.0,84dfc2e9-30c9-4059-b127-87f61f173843,1080.0,reaction on beauty!,3902.0,452015.0,103.0,1751985483.0,494478.7454455933,2653.0,980dcd75-446c-4304-858e-c0f011e992ed
720.0,84dfc2e9-30c9-4059-b127-87f61f173843,1080.0,reaction on food!,9392.0,86391.0,46.0,1750603083.0,396995.0,1084.0,9fa50642-0bd5-449b-8934-01d7ad3407df
1080.0,84dfc2e9-30c9-4059-b127-87f61f173843,720.0,review on travel!,6072.0,37170.0,114.0,1750430283.0,58722.0,4934.0,7c1ef17b-c5eb-4b57-9795-6ae021e80f16
720.0,84dfc2e9-30c9-4059-b127-87f61f173843,1080.0,unboxing on food!,2005.0,43783.0,76.0,1750775883.0,931160.0,610.0,320ab578-560f-4b14-aa34-a24179dbe9b3
1080.0,84dfc2e9-30c9-4059-b127-87f61f173843,1080.0,challenge on fitness!,3015.0,276698.0,58.0,1749911883.0,189220.0,615.0,790bcd44-3eeb-4790-87d1-d7912dea5ba4
1080.0,84dfc2e9-30c9-4059-b127-87f61f173843,720.0,reaction on food!,1613.0,290234.0,46.0,1752676683.0,782719.0,2535.6222222222223,3ac82109-dadb-41cf-809a-7f36e0ff003c
1080.0,6b79eac2-9242-423e-9ce1-31e5ec477a95,1080.0,challenge on food!,3093.0,271740.0,114.0,1748097483.0,159708.0,2330.0,cd0a485b-fdec-44b6-a420-ee3da775756d
1080.0,6b79eac2-9242-423e-9ce1-31e5ec477a95,720.0,reaction on beauty!,9614.0,208412.0,33.0,1752935883.0,359855.0,4770.0,47c75342-cd5d-4950-8f46-8b55ed095c58
1080.0,6b79eac2-9242-423e-9ce1-31e5ec477a95,720.0,vlog on tech!,2316.0,37125.0,160.0,1749220683.0,320189.0,2275.0,2a4748f1-85bc-45d6-84e7-1b02115075a4
1080.0,6b79eac2-9242-423e-9ce1-31e5ec477a95,720.0,challenge on food!,5734.0,141452.0,117.0,1750343883.0,216676.0,1583.0,d7b688f0-85ba-4173-8402-eec2a5a097a4
897.9699248120301,6b79eac2-9242-423e-9ce1-31e5ec477a95,720.0,unboxing on tech!,4999.513470681458,253113.63264767933,14.0,1750516683.0,708817.0,3695.0,f14ade53-9665-4149-8d43-adffb6fb0872
720.0,6b79eac2-9242-423e-9ce1-31e5ec477a95,720.0,reaction on fitness!,3592.0,253113.63264767933,140.0,1748615883.0,894669.0,4807.0,03ec8faf-43b0-4267-a7a2-0cb7e609c41f
1080.0,6b79eac2-9242-423e-9ce1-31e5ec477a95,720.0,unboxing on tech!,2129.0,398865.0,145.0,1751380683.0,354772.0,1094.0,11e975ac-5b06-4077-a45b-5ab2fba7a9fa
720.0,6b79eac2-9242-423e-9ce1-31e5ec477a95,720.0,challenge on food!,1555.0,253113.63264767933,143.0,1749652683.0,494478.7454455933,684.0,850d2e16-c094-4009-b9e1-9e50ac5b90ba
1080.0,6b79eac2-9242-423e-9ce1-31e5ec477a95,1080.0,unboxing on beauty!,4900.0,468534.0,164.0,1752849483.0,219919.0,1584.0,8b2f8c18-c603-401f-87ab-a766759a1d18
1080.0,6b79eac2-9242-423e-9ce1-31e5ec477a95,1080.0,reaction on fashion!,4999.513470681458,75657.0,34.0,1752849483.0,867494.0,2036.0,e56e1159-97c3-4357-970c-f5e04d749cd9
1080.0,6b79eac2-9242-423e-9ce1-31e5ec477a95,1080.0,reaction on food!,2974.0,362329.0,28.0,1752676683.0,223688.0,3031.0,30086916-6bcc-41f1-918a-35c90c4ccb9f
1080.0,6b79eac2-9242-423e-9ce1-31e5ec477a95,720.0,vlog on travel!,7589.0,35417.0,75.0,1747838283.0,669488.0,883.0,4b588efe-aa0d-48ba-aa7d-68de2b836f63
1080.0,6b79eac2-9242-423e-9ce1-31e5ec477a95,1080.0,unboxing on travel!,26.0,253113.63264767933,67.0,1749393483.0,696800.0,3554.0,400fb025-5077-4ca2-a280-4f5743b369ba
1080.0,6b79eac2-9242-423e-9ce1-31e5ec477a95,1080.0,challenge on travel!,9073.0,159840.0,102.0,1751726283.0,789172.0,4748.0,3a49e595-2cc1-4d17-8c52-b26befaaa9da
720.0,6b79eac2-9242-423e-9ce1-31e5ec477a95,720.0,challenge on beauty!,3304.0,418214.0,143.0,1748356683.0,969711.0,3460.0,e30ae6b7-1e99-4359-a28c-cd0eba7cb6f7
897.9699248120301,6b79eac2-9242-423e-9ce1-31e5ec477a95,1080.0,reaction on food!,3030.0,253113.63264767933,91.0,1748961483.0,494478.7454455933,2696.0,9f46746d-8812-469b-b424-ded9f775ea5f
720.0,fe0ba7f3-fe76-4e75-b632-5b38d37b6806,1080.0,unboxing on beauty!,9240.0,442947.0,144.0,1749479883.0,745987.0,1185.0,38b46ce7-9c73-42e1-be3a-b6f3c184b4ff
720.0,fe0ba7f3-fe76-4e75-b632-5b38d37b6806,1080.0,unboxing on travel!,433.0,457096.0,52.0,1750775883.0,220005.0,2637.0,15feae5a-840f-4496-8cb8-10bb1b2a56ac
720.0,fe0ba7f3-fe76-4e75-b632-5b38d37b6806,720.0,vlog on tech!,8090.0,287414.0,67.0,1752244683.0,529622.0,2216.0,cf7716e5-2ebe-4628-8117-7a627d50969e
720.0,fe0ba7f3-fe76-4e75-b632-5b38d37b6806,1080.0,unboxing on tech!,1510.0,421846.0,136.0,1752244683.0,777251.0,2535.6222222222223,825c4d4e-4340-49a6-92cf-0fe2b966023d
720.0,fe0ba7f3-fe76-4e75-b632-5b38d37b6806,720.0,reaction on travel!,4999.513470681458,257775.0,85.0,1750689483.0,494478.7454455933,2535.6222222222223,bb538e14-7ab3-4554-8b4c-826284a297e2
1080.0,fe0ba7f3-fe76-4e75-b632-5b38d37b6806,1080.0,review on travel!,4904.0,394111.0,94.45944039501528,1751380683.0,865660.0,3275.0,5595f656-d438-4e95-a56f-80fd0a4892a6
1080.0,fe0ba7f3-fe76-4e75-b632-5b38d37b6806,720.0,review on tech!,2339.0,321583.0,159.0,1750862283.0,837546.0,3800.0,70856ce5-9303-4ab8-8572-a13df4a86f0c
1080.0,fe0ba7f3-fe76-4e75-b632-5b38d37b6806,720.0,review on food!,4999.513470681458,138990.0,172.0,1749047883.0,781725.0,3762.0,96e43d86-0b9d-478f-8ea6-66741b579fbd
1080.0,fe0ba7f3-fe76-4e75-b632-5b38d37b6806,1080.0,unboxing on fashion!,2406.0,355169.0,96.0,1752676683.0,284024.0,2607.0,5d10b722-a8eb-47ce-ab15-f4d46ed849ad
720.0,fe0ba7f3-fe76-4e75-b632-5b38d37b6806,720.0,challenge on fitness!,3574.0,54323.0,171.0,1750862283.0,512874.0,2281.0,c0126ee6-7cb3-4047-9eaa-86164fa7832d
720.0,fe0ba7f3-fe76-4e75-b632-5b38d37b6806,720.0,vlog on beauty!,2546.0,172798.0,52.0,1749998283.0,359410.0,2812.0,274d8816-d01f-4883-a47b-33fc9b476ce1
720.0,fe0ba7f3-fe76-4e75-b632-5b38d37b6806,1080.0,review on tech!,4992.0,105216.0,145.0,1749307083.0,159951.0,2828.0,d5bcd642-f3a5-4af6-a380-d704afca7161
1080.0,fe0ba7f3-fe76-4e75-b632-5b38d37b6806,720.0,review on fitness!,4999.513470681458,146710.0,179.0,1749998283.0,40720.0,84.0,27eecfa7-4e14-4064-9a05-f4b71f648bae
720.0,fe0ba7f3-fe76-4e75-b632-5b38d37b6806,1080.0,reaction on food!,7138.0,186280.0,167.0,1748011083.0,754007.0,2427.0,d7b0eac6-28c8-49a5-816d-97aafb1ed934
720.0,fe0ba7f3-fe76-4e75-b632-5b38d37b6806,720.0,unboxing on tech!,7183.0,450125.0,169.0,1752676683.0,472297.0,4153.0,e9e6860f-b29d-40cd-9903-2391a19e45fa
1080.0,fe0ba7f3-fe76-4e75-b632-5b38d37b6806,720.0,challenge on beauty!,5810.0,342605.0,106.0,1747924683.0,359530.0,3690.0,849214a4-6f2e-47f9-9cf1-02bd521f0209
1080.0,b260278a-be8a-4e49-8abf-297106ca74b6,720.0,vlog on food!,6101.0,99405.0,165.0,1752071883.0,602922.0,1732.0,63fb7c25-a968-49b5-aa3c-27c51b366ef4
1080.0,b260278a-be8a-4e49-8abf-297106ca74b6,1080.0,vlog on beauty!,4999.513470681458,485228.0,151.0,1751726283.0,743008.0,2535.6222222222223,0bb83987-f238-4750-a378-70c952bfdc3c
720.0,b260278a-be8a-4e49-8abf-297106ca74b6,896.6165413533835,unboxing on fashion!,4330.0,467912.0,116.0,1748356683.0,334848.0,986.0,78f1d969-e7dc-4b70-bf5b-ade97b02093d
720.0,b260278a-be8a-4e49-8abf-297106ca74b6,1080.0,vlog on tech!,9249.0,167841.0,179.0,1751985483.0,401677.0,2245.0,a7835e38-e83a-49da-bf5a-9a0b10364648
1080.0,b260278a-be8a-4e49-8abf-297106ca74b6,720.0,unboxing on beauty!,4999.513470681458,253113.63264767933,176.0,1751035083.0,321188.0,1647.0,2018fd0b-4fde-46ce-8023-ccc05f7eb6ca
720.0,b260278a-be8a-4e49-8abf-297106ca74b6,720.0,vlog on travel!,248.0,485219.0,22.0,1752849483.0,349990.0,4231.0,4f6de2fc-a83c-4c43-a5d0-153f9337ad7b
1080.0,b260278a-be8a-4e49-8abf-297106ca74b6,1080.0,review on tech!,4999.513470681458,290827.0,49.0,1748961483.0,286550.0,2535.6222222222223,503b7e17-08de-4bf6-b278-38da71c8f6de
720.0,b260278a-be8a-4e49-8abf-297106ca74b6,720.0,review on fashion!,9823.0,265225.0,73.0,1749998283.0,705085.0,1051.0,2bbf109e-761c-44e1-93c9-f7ab4e5f5dfe
720.0,b260278a-be8a-4e49-8abf-297106ca74b6,720.0,vlog on beauty!,6536.0,280868.0,94.45944039501528,1750603083.0,816387.0,2238.0,08679f57-e213-4f61-88bc-6eeabe686f3e
1080.0,b260278a-be8a-4e49-8abf-297106ca74b6,720.0,review on travel!,3412.0,5828.0,41.0,1750862283.0,733510.0,3047.0,23d4260c-7b95-4a7f-8ef3-b93cd6783e82
720.0,b260278a-be8a-4e49-8abf-297106ca74b6,720.0,challenge on tech!,6597.0,182960.0,26.0,1749047883.0,411803.0,1265.0,39d46035-ef27-4f0b-8290-f7dd66db06b5
1080.0,b260278a-be8a-4e49-8abf-297106ca74b6,1080.0,challenge on travel!,7327.0,253113.63264767933,87.0,1747924683.0,494478.7454455933,2469.0,29b22064-596b-40dc-b578-9c0cb84d91d9
1080.0,b260278a-be8a-4e49-8abf-297106ca74b6,720.0,review on fitness!,6465.0,344341.0,58.0,1751207883.0,250506.0,2415.0,9a7b65ec-9255-42e0-926f-a5eecba922a6
720.0,b260278a-be8a-4e49-8abf-297106ca74b6,1080.0,unboxing on tech!,3195.0,253113.63264767933,139.0,1749307083.0,228247.0,2665.0,d2718e60-554f-4963-819f-46a7d7a14efc
1080.0,b260278a-be8a-4e49-8abf-297106ca74b6,1080.0,reaction on food!,4999.513470681458,419994.0,43.0,1748270283.0,420764.0,1083.0,a1827006-2108-46a8-beea-fab40c6b6e8b
1080.0,b260278a-be8a-4e49-8abf-297106ca74b6,720.0,unboxing on beauty!,3662.0,362775.0,44.0,1751121483.0,425238.0,4988.0,0a61b497-869b-4a5b-be16-80e6cd141223
897.9699248120301,b260278a-be8a-4e49-8abf-297106ca74b6,896.6165413533835,review on beauty!,7617.0,134930.0,75.0,1751207883.0,111377.0,3449.0,a3592840-3bac-4e5c-ad85-dd8fbee9286c
720.0,b260278a-be8a-4e49-8abf-297106ca74b6,720.0,review on fashion!,3979.0,149418.0,11.0,1752503883.0,793765.0,2535.6222222222223,491f3adc-c6b5-4ce9-b398-e7c3d2b5944f
720.0,b260278a-be8a-4e49-8abf-297106ca74b6,1080.0,vlog on beauty!,7966.0,253113.63264767933,177.0,1748443083.0,352941.0,3993.0,280d7711-a9e4-4275-96e1-116a6ecc338c
720.0,b260278a-be8a-4e49-8abf-297106ca74b6,720.0,unboxing on beauty!,4999.513470681458,399595.0,136.0,1752590283.0,535504.0,747.0,81faed95-7a27-4488-a8ea-b076074f8158
720.0,b260278a-be8a-4e49-8abf-297106ca74b6,1080.0,reaction on travel!,6691.0,314659.0,109.0,1751207883.0,956896.0,4104.0,f1d8a6c7-c44f-4368-9a5c-8f88550fdbbd
720.0,b260278a-be8a-4e49-8abf-297106ca74b6,1080.0,challenge on travel!,3859.0,305273.0,91.0,1748875083.0,175627.0,3145.0,c7f9b6f7-7415-4999-862e-06b7b5d449e9
1080.0,b260278a-be8a-4e49-8abf-297106ca74b6,1080.0,unboxing on food!,217.0,41286.0,159.0,1749652683.0,90913.0,92.0,64374f66-d203-4fa4-80e0-7702f22e4eea
1080.0,b260278a-be8a-4e49-8abf-297106ca74b6,1080.0,challenge on fitness!,7511.0,411192.0,54.0,1748529483.0,999052.0,262.0,e4e6ff6b-eea9-4790-abe4-6276edc59a64
720.0,b260278a-be8a-4e49-8abf-297106ca74b6,720.0,vlog on beauty!,9553.0,253113.63264767933,11.0,1749134283.0,892939.0,2698.0,86aa6963-cfcc-4472-a94d-fd1cf8a56bbb
1080.0,b260278a-be8a-4e49-8abf-297106ca74b6,720.0,unboxing on beauty!,7387.0,310171.0,36.0,1748615883.0,724499.0,2535.6222222222223,edf3ae21-8ece-4813-add4-f08c1f0e2afb
720.0,d0327f8a-5e09-40b5-8b07-98b3ceb036ce,720.0,unboxing on beauty!,8052.0,281671.0,178.0,1750257483.0,542625.0,1064.0,47ad6d2c-7a9d-4d63-8e4c-4a634b838e49
1080.0,d0327f8a-5e09-40b5-8b07-98b3ceb036ce,1080.0,review on tech!,4999.513470681458,406604.0,150.0,1751899083.0,494478.7454455933,4292.0,ce0b6cfb-7901-456d-b2f5-248febf92db4
1080.0,d0327f8a-5e09-40b5-8b07-98b3ceb036ce,720.0,vlog on food!,4999.513470681458,60763.0,96.0,1748702283.0,407149.0,1259.0,6e5d4e00-57d8-4155-aa93-6ba4cd3708a4
720.0,d0327f8a-5e09-40b5-8b07-98b3ceb036ce,720.0,unboxing on fashion!,2009.0,319304.0,138.0,1752071883.0,494478.7454455933,3701.0,b17bd089-7265-4534-8bf2-897c704e18c6
1080.0,d0327f8a-5e09-40b5-8b07-98b3ceb036ce,720.0,challenge on travel!,4999.513470681458,81690.0,98.0,1749911883.0,615948.0,570.0,03263558-5d39-4582-a55e-5b7697b037a2
1080.0,d0327f8a-5e09-40b5-8b07-98b3ceb036ce,720.0,challenge on food!,2133.0,182359.0,26.0,1752417483.0,671382.0,2535.6222222222223,90b99e60-bb38-4e2f-924b-9270292b4b1e
720.0,d0327f8a-5e09-40b5-8b07-98b3ceb036ce,720.0,vlog on fashion!,4999.513470681458,117368.0,31.0,1748183883.0,532975.0,624.0,a38a66da-d4f2-4a97-9a03-28203fea4af5
720.0,d0327f8a-5e09-40b5-8b07-98b3ceb036ce,896.6165413533835,review on travel!,2640.0,415005.0,124.0,1749393483.0,72046.0,3881.0,bdbacfaf-d8eb-43c7-b36c-51e3105957f5
720.0,d0327f8a-5e09-40b5-8b07-98b3ceb036ce,1080.0,challenge on fashion!,4122.0,253113.63264767933,78.0,1749393483.0,119597.0,4568.0,7c1bef12-b528-408f-b8dc-5e91f28cd33a
720.0,d0327f8a-5e09-40b5-8b07-98b3ceb036ce,1080.0,reaction on tech!,6013.0,97150.0,94.45944039501528,1748529483.0,856884.0,1973.0,dfb39b01-a1af-4a07-a8bc-d2e991c25e78
720.0,d0327f8a-5e09-40b5-8b07-98b3ceb036ce,720.0,vlog on fashion!,6041.0,169747.0,66.0,1752417483.0,562432.0,4080.0,d4ebe7e0-d25f-4db2-a109-81aae9a82e50
1080.0,d0327f8a-5e09-40b5-8b07-98b3ceb036ce,720.0,vlog on beauty!,4999.513470681458,253113.63264767933,23.0,1750948683.0,494478.7454455933,4126.0,1b993498-405d-458d-99d0-0cd43bcd623e
1080.0,d0327f8a-5e09-40b5-8b07-98b3ceb036ce,720.0,vlog on travel!,8123.0,199314.0,78.0,1750171083.0,494478.7454455933,2203.0,34d0c8f7-4c9a-4e20-bed6-60f37dbe7deb
1080.0,d0327f8a-5e09-40b5-8b07-98b3ceb036ce,720.0,vlog on fashion!,664.0,121470.0,68.0,1751639883.0,740822.0,1651.0,0857d131-d65b-4b13-905e-2ee59fcb7c16
720.0,d0327f8a-5e09-40b5-8b07-98b3ceb036ce,720.0,vlog on food!,4222.0,253113.63264767933,142.0,1748788683.0,593769.0,2439.0,37dd1452-7c93-4cf8-a68e-917932cf2be1
720.0,6f12eb06-0bcd-4d7c-afd9-b9a88a8f6103,1080.0,vlog on travel!,4999.513470681458,446877.0,63.0,1752417483.0,351803.0,3886.0,721f3e4a-f526-4afc-a5bf-2c7413875bce
720.0,6f12eb06-0bcd-4d7c-afd9-b9a88a8f6103,720.0,reaction on fashion!,6146.0,110047.0,23.0,1747924683.0,588669.0,851.0,18862b43-8090-4f34-84f7-4b2313b0337c
720.0,6f12eb06-0bcd-4d7c-afd9-b9a88a8f6103,1080.0,review on travel!,7646.0,18926.0,33.0,1751380683.0,501219.0,58.0,08a0cfbc-6564-4871-b7ba-2f5e7abc0bf2
720.0,6f12eb06-0bcd-4d7c-afd9-b9a88a8f6103,1080.0,vlog on tech!,7958.0,253113.63264767933,163.0,1749479883.0,492168.0,1461.0,ba9276d9-8855-4289-9477-1ae3b13a07aa
1080.0,6f12eb06-0bcd-4d7c-afd9-b9a88a8f6103,1080.0,challenge on tech!,8160.0,72708.0,46.0,1748788683.0,834631.0,1342.0,3e4757ba-25ae-4914-b51f-6e7751d41cb6
1080.0,6f12eb06-0bcd-4d7c-afd9-b9a88a8f6103,720.0,challenge on fashion!,8617.0,253113.63264767933,48.0,1751121483.0,92306.0,2535.6222222222223,0cf8c28c-c408-49d8-a09a-e18e8836b9f4
720.0,6f12eb06-0bcd-4d7c-afd9-b9a88a8f6103,1080.0,unboxing on beauty!,3812.0,183663.0,66.0,1749998283.0,597229.0,4840.0,ddc2649a-7151-4f5d-a0a2-14420f68d6b9
1080.0,6f12eb06-0bcd-4d7c-afd9-b9a88a8f6103,1080.0,reaction on travel!,6224.0,51031.0,38.0,1750084683.0,913100.0,2535.6222222222223,0ca8b034-52bc-46c3-868f-10a88f448312
720.0,6f12eb06-0bcd-4d7c-afd9-b9a88a8f6103,720.0,review on beauty!,5572.0,186049.0,173.0,1752331083.0,494478.7454455933,1114.0,e6569431-6708-432a-af2f-18b7c81e5ae0
720.0,6f12eb06-0bcd-4d7c-afd9-b9a88a8f6103,720.0,challenge on beauty!,2429.0,84899.0,102.0,1750430283.0,2545.0,2535.6222222222223,794c6726-facc-4471-a3d3-68bb08677eec
1080.0,6f12eb06-0bcd-4d7c-afd9-b9a88a8f6103,1080.0,challenge on tech!,2530.0,492772.0,110.0,1751207883.0,277334.0,4279.0,fc182761-d117-49bb-9bba-2f82420b63a9
720.0,6f12eb06-0bcd-4d7c-afd9-b9a88a8f6103,720.0,review on travel!,2807.0,253113.63264767933,108.0,1749393483.0,304374.0,3416.0,1bbff7e9-60ea-4aaf-bd1d-160bc87179a0
720.0,6f12eb06-0bcd-4d7c-afd9-b9a88a8f6103,1080.0,challenge on tech!,1351.0,234900.0,113.0,1749307083.0,510327.0,2535.6222222222223,d99c876a-e666-4797-8739-48a30fcc413a
720.0,6f12eb06-0bcd-4d7c-afd9-b9a88a8f6103,720.0,vlog on beauty!,6195.0,253113.63264767933,12.0,1752935883.0,596917.0,2535.6222222222223,025d4e0a-f8e8-4600-b63f-c69dd4a2779f
1080.0,6f12eb06-0bcd-4d7c-afd9-b9a88a8f6103,720.0,vlog on food!,4999.513470681458,425213.0,36.0,1749479883.0,513905.0,2535.6222222222223,b2c21b6c-c093-438e-8103-68f368cf1d8e
720.0,6f12eb06-0bcd-4d7c-afd9-b9a88a8f6103,1080.0,vlog on tech!,4999.513470681458,420765.0,145.0,1751812683.0,494478.7454455933,2533.0,1954e2ea-c2f9-4584-9085-c3b51c476995
720.0,6f12eb06-0bcd-4d7c-afd9-b9a88a8f6103,720.0,vlog on travel!,7017.0,470177.0,152.0,1748270283.0,186058.0,147.0,0f618b01-1121-4fca-a80e-d740ef7463b1
1080.0,6f12eb06-0bcd-4d7c-afd9-b9a88a8f6103,1080.0,challenge on food!,4999.513470681458,76290.0,99.0,1749134283.0,883806.0,4243.0,a6e3a8a8-0047-4ac6-9f45-190159dd2dc1
720.0,6f12eb06-0bcd-4d7c-afd9-b9a88a8f6103,1080.0,review on fashion!,4999.513470681458,362702.0,167.0,1751553483.0,675753.0,3900.0,bf00f737-0359-4ffe-84c1-418cfde67fdb
720.0,6f12eb06-0bcd-4d7c-afd9-b9a88a8f6103,720.0,vlog on tech!,515.0,492570.0,111.0,1751207883.0,381386.0,3884.0,90244142-752d-4679-8300-2ad962404b6f
720.0,f1a6dbfa-5ee9-4cf8-b6a3-7099b861f13b,720.0,challenge on travel!,2790.0,278220.0,43.0,1749307083.0,714238.0,1419.0,dd0a45a5-5712-4fa5-9213-3677b0eef528
720.0,f1a6dbfa-5ee9-4cf8-b6a3-7099b861f13b,720.0,vlog on travel!,4999.513470681458,203703.0,157.0,1748011083.0,519698.0,2535.6222222222223,54453512-0b54-4e89-b7c9-676cb58c0105
1080.0,f1a6dbfa-5ee9-4cf8-b6a3-7099b861f13b,1080.0,review on tech!,7578.0,36718.0,94.45944039501528,1749307083.0,592065.0,144.0,61a267f4-8617-4cbc-9bfa-4e9c6dec1bb5
1080.0,f1a6dbfa-5ee9-4cf8-b6a3-7099b861f13b,720.0,vlog on tech!,1991.0,480192.0,74.0,1751899083.0,668421.0,3549.0,a3a753a1-4275-499b-9eb4-c5fcde443f89
720.0,f1a6dbfa-5ee9-4cf8-b6a3-7099b861f13b,720.0,reaction on fashion!,9104.0,58767.0,135.0,1751207883.0,583812.0,2535.6222222222223,e840e9cc-e21c-428b-a2b9-ffc6c146da6d
720.0,f1a6dbfa-5ee9-4cf8-b6a3-7099b861f13b,720.0,review on food!,4999.513470681458,18167.0,85.0,1752071883.0,229264.0,2115.0,95cc38ff-e861-4f62-9b57-d7c05e394c09
1080.0,f1a6dbfa-5ee9-4cf8-b6a3-7099b861f13b,896.6165413533835,vlog on beauty!,3582.0,192318.0,57.0,1749479883.0,819860.0,2084.0,4937c39a-3bb8-4db5-b45c-63d5d6f3891f
720.0,f1a6dbfa-5ee9-4cf8-b6a3-7099b861f13b,720.0,challenge on travel!,571.0,476913.0,68.0,1750171083.0,105214.0,4798.0,2746d9ef-baf3-439f-952d-be34eb3388a2
1080.0,f1a6dbfa-5ee9-4cf8-b6a3-7099b861f13b,1080.0,unboxing on fashion!,5104.0,174759.0,179.0,1750603083.0,494478.7454455933,183.0,c6761605-edee-4fe4-b3b2-8264803f5b16
1080.0,f1a6dbfa-5ee9-4cf8-b6a3-7099b861f13b,720.0,reaction on tech!,8939.0,465332.0,102.0,1752158283.0,713157.0,1916.0,e3c0ddd3-9772-4864-8495-a6c89ab66492
1080.0,f1a6dbfa-5ee9-4cf8-b6a3-7099b861f13b,720.0,challenge on travel!,9507.0,337111.0,94.45944039501528,1751985483.0,418876.0,976.0,722fd265-f33b-4d83-9a34-0cd2b66585b2
720.0,f1a6dbfa-5ee9-4cf8-b6a3-7099b861f13b,1080.0,vlog on fashion!,6479.0,253113.63264767933,13.0,1749479883.0,50856.0,1126.0,cc1a4701-0b22-46b8-aa59-3ba831814533
1080.0,f1a6dbfa-5ee9-4cf8-b6a3-7099b861f13b,720.0,vlog on travel!,4908.0,4106.0,49.0,1752676683.0,940617.0,1331.0,dc4e85df-9341-4d44-8394-4b5735f0f623
720.0,f1a6dbfa-5ee9-4cf8-b6a3-7099b861f13b,1080.0,challenge on beauty!,5709.0,461188.0,70.0,1748443083.0,487078.0,2535.6222222222223,8c4f12e7-b586-4389-8512-177461bd3713
1080.0,f1a6dbfa-5ee9-4cf8-b6a3-7099b861f13b,720.0,vlog on fitness!,9439.0,161050.0,137.0,1751899083.0,909372.0,4493.0,4b67efa4-9c60-4c9e-8e58-d50a4981c44c
720.0,f1a6dbfa-5ee9-4cf8-b6a3-7099b861f13b,1080.0,vlog on tech!,8674.0,154687.0,74.0,1750603083.0,885742.0,3495.0,e7b37edb-5886-43d9-a60a-c7857c5095fa
720.0,f1a6dbfa-5ee9-4cf8-b6a3-7099b861f13b,1080.0,vlog on fitness!,4042.0,268624.0,71.0,1748961483.0,723323.0,3746.0,03ab1a66-365a-4ec3-b5d5-7b3d6ab04f71
720.0,f1a6dbfa-5ee9-4cf8-b6a3-7099b861f13b,1080.0,reaction on tech!,883.0,253113.63264767933,14.0,1752935883.0,864268.0,2878.0,85cae287-46bf-4310-9e72-ffcd2a2967d7
1080.0,f1a6dbfa-5ee9-4cf8-b6a3-7099b861f13b,1080.0,vlog on food!,2459.0,253113.63264767933,154.0,1752935883.0,494478.7454455933,2963.0,44dfbeaf-3e2f-4ae9-a72a-97a02e46a5de
720.0,f1a6dbfa-5ee9-4cf8-b6a3-7099b861f13b,896.6165413533835,reaction on fitness!,4999.513470681458,257133.0,75.0,1748875083.0,806520.0,1262.0,10775e30-2844-4d76-8b21-43685d5f81de
720.0,f1a6dbfa-5ee9-4cf8-b6a3-7099b861f13b,720.0,review on fashion!,7800.0,158933.0,43.0,1751726283.0,23886.0,4872.0,979aad09-ca8e-479a-a970-81930bed310b
720.0,f1a6dbfa-5ee9-4cf8-b6a3-7099b861f13b,720.0,reaction on travel!,5337.0,214252.0,30.0,1752935883.0,898521.0,1696.0,9563e96a-518c-42fb-9931-ac68158b8c3d
1080.0,f1a6dbfa-5ee9-4cf8-b6a3-7099b861f13b,1080.0,review on tech!,8074.0,121124.0,20.0,1749393483.0,857928.0,2535.6222222222223,34d4f421-12d0-4636-b5f1-7d173a2b7bb9
720.0,f1a6dbfa-5ee9-4cf8-b6a3-7099b861f13b,720.0,unboxing on travel!,6516.0,345984.0,157.0,1750257483.0,494478.7454455933,3677.0,8e34c8f9-e75b-4514-baab-a5be770a5b53
720.0,f1a6dbfa-5ee9-4cf8-b6a3-7099b861f13b,896.6165413533835,vlog on travel!,4999.513470681458,285126.0,48.0,1750343883.0,971423.0,276.0,26b865cd-3ede-4704-9bb5-e0994d937fb8
720.0,f1a6dbfa-5ee9-4cf8-b6a3-7099b861f13b,720.0,review on fitness!,4999.513470681458,374908.0,17.0,1749393483.0,374658.0,617.0,f47bfb91-ef1f-4102-bea4-cfdafeecf3ea
1080.0,f1a6dbfa-5ee9-4cf8-b6a3-7099b861f13b,1080.0,review on food!,4092.0,304988.0,26.0,1748097483.0,277716.0,1978.0,774a9777-082d-475b-b9ea-a98b006e3266
897.9699248120301,f1a6dbfa-5ee9-4cf8-b6a3-7099b861f13b,1080.0,vlog on beauty!,1861.0,447891.0,140.0,1752158283.0,264687.0,1228.0,08d9e1f0-6ad2-4d90-81f0-f0fde49ba482
720.0,f1a6dbfa-5ee9-4cf8-b6a3-7099b861f13b,720.0,vlog on beauty!,7597.0,146185.0,137.0,1750084683.0,955279.0,3586.0,7641f6f9-687e-4731-b29e-84e73aaede1f
1080.0,f1a6dbfa-5ee9-4cf8-b6a3-7099b861f13b,1080.0,reaction on tech!,3781.0,361105.0,128.0,1749739083.0,639923.0,1398.0,de9c9078-7e81-48e2-bc8b-6927a5944c01
720.0,1d256829-5384-45f3-824e-e27c74a9c1b9,720.0,unboxing on beauty!,9885.0,253113.63264767933,61.0,1750084683.0,199117.0,3409.0,fe8e2430-d7ff-43d1-ab22-4213d184da36
1080.0,1d256829-5384-45f3-824e-e27c74a9c1b9,1080.0,review on food!,2215.0,323855.0,164.0,1752244683.0,110563.0,587.0,ca2e3ecc-a992-4ba8-9e37-d8dc58fd5860
720.0,1d256829-5384-45f3-824e-e27c74a9c1b9,720.0,vlog on fashion!,1254.0,294606.0,94.45944039501528,1749652683.0,494478.7454455933,3055.0,d6c2e950-1074-418b-8f33-15b165081133
720.0,1d256829-5384-45f3-824e-e27c74a9c1b9,1080.0,unboxing on tech!,767.0,116280.0,104.0,1752935883.0,521330.0,4108.0,2f22d425-7e9f-44e0-b1c3-d672a481a5cd
720.0,1d256829-5384-45f3-824e-e27c74a9c1b9,720.0,review on travel!,8684.0,430084.0,37.0,1750343883.0,37576.0,1135.0,3dd7ad7e-4e04-4c85-a9e7-34929d3e9b2f
720.0,1d256829-5384-45f3-824e-e27c74a9c1b9,896.6165413533835,challenge on tech!,2807.0,104514.0,146.0,1751726283.0,78527.0,1900.0,f8613142-c254-4772-8693-d63e12a8b7e7
1080.0,1d256829-5384-45f3-824e-e27c74a9c1b9,720.0,challenge on food!,3144.0,404568.0,170.0,1750084683.0,742703.0,4477.0,be40d220-d842-4aee-9b15-2903a8fe6806
720.0,1d256829-5384-45f3-824e-e27c74a9c1b9,720.0,reaction on food!,5076.0,49007.0,33.0,1751812683.0,666819.0,2535.6222222222223,9feb1186-cf9d-4014-bc3a-4f0edc57593e
1080.0,1d256829-5384-45f3-824e-e27c74a9c1b9,720.0,review on fitness!,4798.0,309302.0,54.0,1750948683.0,494478.7454455933,4384.0,107c7ae1-d58f-4d8c-b54b-7132ddbd2dab
720.0,1d256829-5384-45f3-824e-e27c74a9c1b9,720.0,challenge on fashion!,5936.0,253113.63264767933,94.0,1751553483.0,916183.0,302.0,845b2643-f547-4858-bf87-56f8adc6860b
720.0,1d256829-5384-45f3-824e-e27c74a9c1b9,1080.0,unboxing on tech!,4999.513470681458,266659.0,101.0,1747924683.0,148195.0,4031.0,98fdba69-94a0-42a2-a7ee-a44605d143af
1080.0,1d256829-5384-45f3-824e-e27c74a9c1b9,720.0,challenge on tech!,1981.0,253113.63264767933,152.0,1748443083.0,355975.0,1521.0,a6adedd6-637c-4a66-ab56-94aa747f27d6
720.0,1d256829-5384-45f3-824e-e27c74a9c1b9,720.0,vlog on tech!,8962.0,476203.0,173.0,1751812683.0,204585.0,3499.0,a22b0cb4-5640-4009-9a4c-5f70404a4282
720.0,1d256829-5384-45f3-824e-e27c74a9c1b9,1080.0,challenge on travel!,9107.0,253113.63264767933,134.0,1752071883.0,129163.0,3230.0,4b1815b9-d142-48a2-b91f-2d644919f83a
1080.0,1d256829-5384-45f3-824e-e27c74a9c1b9,1080.0,reaction on food!,1857.0,59114.0,128.0,1750430283.0,244647.0,1136.0,4b416ace-ac80-426b-a423-4e78923f6577
720.0,1d256829-5384-45f3-824e-e27c74a9c1b9,1080.0,unboxing on travel!,7499.0,439900.0,94.45944039501528,1749911883.0,823824.0,2345.0,99cda73a-b648-4a7f-9093-3d5d71d754a0
720.0,1d256829-5384-45f3-824e-e27c74a9c1b9,1080.0,unboxing on travel!,7402.0,210781.0,11.0,1752763083.0,959356.0,329.0,69489b22-b71d-41d5-ba5f-c0377bb4c64b
720.0,f4b10eb3-5a1b-4445-859f-1453f397d479,1080.0,review on food!,1140.0,310086.0,93.0,1748615883.0,465861.0,1110.0,f0ae6d07-3a7a-4474-8890-6129351bdd08
1080.0,f4b10eb3-5a1b-4445-859f-1453f397d479,720.0,challenge on fashion!,8888.0,311674.0,109.0,1752331083.0,328549.0,2215.0,781c2ade-6edf-4a56-ad76-0d51af56d005
1080.0,f4b10eb3-5a1b-4445-859f-1453f397d479,720.0,unboxing on tech!,4784.0,253113.63264767933,146.0,1750862283.0,256320.0,239.0,2eb15783-e630-4fea-840b-476ccdf7ecd7
720.0,f4b10eb3-5a1b-4445-859f-1453f397d479,1080.0,challenge on tech!,4999.513470681458,95262.0,19.0,1747924683.0,793943.0,3574.0,2f2fa9d7-04b0-4822-9e8f-70b977c27092
1080.0,f4b10eb3-5a1b-4445-859f-1453f397d479,1080.0,reaction on travel!,9428.0,253955.0,137.0,1750430283.0,791199.0,4239.0,dfbb0005-1b98-4c02-822b-b0d11119a567
1080.0,f4b10eb3-5a1b-4445-859f-1453f397d479,720.0,reaction on fitness!,1762.0,113527.0,39.0,1750603083.0,224614.0,319.0,71814d56-b507-4a6e-a22a-fecb3438c261
1080.0,f4b10eb3-5a1b-4445-859f-1453f397d479,1080.0,reaction on travel!,3203.0,392299.0,162.0,1748356683.0,308496.0,668.0,79566138-304b-4324-a100-35765a1152e4
720.0,f4b10eb3-5a1b-4445-859f-1453f397d479,720.0,challenge on travel!,9860.0,475492.0,60.0,1749652683.0,553337.0,2350.0,1914765c-807d-412f-89b3-bfa0b92e7bda
1080.0,f4b10eb3-5a1b-4445-859f-1453f397d479,720.0,unboxing on beauty!,7970.0,80344.0,76.0,1752158283.0,852334.0,3452.0,c53d0d89-b1e9-4c63-8094-c7f4fd02bebc
1080.0,f4b10eb3-5a1b-4445-859f-1453f397d479,1080.0,review on travel!,5217.0,253113.63264767933,60.0,1748702283.0,570184.0,1796.0,3f0d83e2-079f-493b-8a62-f72fdfb3473a
720.0,f4b10eb3-5a1b-4445-859f-1453f397d479,1080.0,reaction on tech!,1031.0,249915.0,90.0,1750084683.0,597694.0,1987.0,32b50635-9db7-4abd-ae53-5796e78fdec2
1080.0,f4b10eb3-5a1b-4445-859f-1453f397d479,720.0,vlog on beauty!,9490.0,327737.0,146.0,1750171083.0,32360.0,3337.0,86208d6e-0c63-4e0f-b586-0b13bde9d138
720.0,f4b10eb3-5a1b-4445-859f-1453f397d479,720.0,vlog on food!,8282.0,246218.0,172.0,1750603083.0,504301.0,1032.0,d35eb510-7fff-4bc2-a8cb-bdd7065f8cb8
720.0,f4b10eb3-5a1b-4445-859f-1453f397d479,720.0,challenge on fashion!,5112.0,238121.0,79.0,1751121483.0,886439.0,4768.0,4ebeeaf7-836e-4d4d-b35e-cce9efa2f145
1080.0,f4b10eb3-5a1b-4445-859f-1453f397d479,720.0,review on food!,6128.0,85159.0,23.0,1748961483.0,768313.0,3376.0,fcde39dd-9e6f-49b2-9fc1-4e81b3644e51
720.0,f4b10eb3-5a1b-4445-859f-1453f397d479,1080.0,reaction on fashion!,8663.0,404628.0,157.0,1749307083.0,927996.0,4557.0,682ffa01-67b0-4766-a785-b84f6bdb8230
1080.0,f4b10eb3-5a1b-4445-859f-1453f397d479,1080.0,vlog on beauty!,3000.0,249819.0,172.0,1750430283.0,251842.0,594.0,14650ec1-9d63-4ec5-9f4e-3f5259b36c60
1080.0,f4b10eb3-5a1b-4445-859f-1453f397d479,1080.0,unboxing on fashion!,9305.0,30582.0,149.0,1748961483.0,495757.0,3272.0,ca7d06fd-1c9a-4a18-8e6a-25749a235b24
720.0,f4b10eb3-5a1b-4445-859f-1453f397d479,1080.0,challenge on tech!,7259.0,81356.0,44.0,1751294283.0,74822.0,3692.0,78078a94-15fe-4d12-8786-f98db133a70c
1080.0,f4b10eb3-5a1b-4445-859f-1453f397d479,1080.0,reaction on food!,2783.0,492181.0,94.45944039501528,1752590283.0,570017.0,403.0,838d7fe7-6b26-4e08-9bd9-3f1304e3a7c6
1080.0,dc172189-0260-422e-a5bd-1d451ca9a07a,720.0,unboxing on tech!,7226.0,536.0,94.45944039501528,1752763083.0,970333.0,1769.0,807b891f-65ca-438b-a7ea-ff2b8f75f4d0
1080.0,dc172189-0260-422e-a5bd-1d451ca9a07a,1080.0,unboxing on tech!,1377.0,466671.0,161.0,1752331083.0,192367.0,2302.0,b7ee04c2-23ec-431d-86d6-1631211ad983
1080.0,dc172189-0260-422e-a5bd-1d451ca9a07a,720.0,review on travel!,4909.0,116803.0,163.0,1748011083.0,140167.0,1611.0,cb1f406d-b16c-40c9-89b4-9367bbcddf00
720.0,dc172189-0260-422e-a5bd-1d451ca9a07a,1080.0,unboxing on fitness!,2736.0,297437.0,162.0,1748788683.0,319553.0,2038.0,74595eaa-7562-41ed-9938-92887abfcb19
1080.0,dc172189-0260-422e-a5bd-1d451ca9a07a,1080.0,challenge on food!,4999.513470681458,382938.0,156.0,1750257483.0,267848.0,4733.0,fc9f0c59-9757-406d-9812-f8ad23719f57
720.0,dc172189-0260-422e-a5bd-1d451ca9a07a,1080.0,review on food!,6723.0,160788.0,178.0,1748788683.0,598960.0,203.0,759a4cf8-14e7-4f37-96d9-2368ef6c8ad3
720.0,dc172189-0260-422e-a5bd-1d451ca9a07a,1080.0,unboxing on fitness!,1498.0,164890.0,30.0,1752676683.0,494478.7454455933,4178.0,9204d652-dba0-4a51-9f8f-c44dd30a6039
720.0,dc172189-0260-422e-a5bd-1d451ca9a07a,720.0,review on fashion!,4077.0,347588.0,17.0,1750343883.0,64588.0,4681.0,9a41ad43-320c-4107-972b-945c073f5ae9
1080.0,dc172189-0260-422e-a5bd-1d451ca9a07a,720.0,reaction on beauty!,9076.0,150623.0,143.0,1751380683.0,535415.0,2851.0,b096dcdb-4f1b-4d7d-9c54-510477345fdb
720.0,dc172189-0260-422e-a5bd-1d451ca9a07a,720.0,challenge on tech!,2946.0,282086.0,87.0,1752935883.0,530964.0,1233.0,ec61d6cf-26b1-4f17-9984-f6d0948e28e2
1080.0,dc172189-0260-422e-a5bd-1d451ca9a07a,720.0,unboxing on food!,9993.0,379047.0,168.0,1749566283.0,51376.0,2429.0,060006b2-9874-42be-8f61-03af580baca2
720.0,dc172189-0260-422e-a5bd-1d451ca9a07a,720.0,challenge on fitness!,286.0,253113.63264767933,63.0,1749479883.0,626327.0,2835.0,51180dc4-55d6-477d-ad8d-397e54826785
720.0,dc172189-0260-422e-a5bd-1d451ca9a07a,720.0,unboxing on tech!,19.0,398179.0,46.0,1749307083.0,394717.0,45.0,2bc44a57-f2ff-4742-8710-8b4d58a34ebd
1080.0,dc172189-0260-422e-a5bd-1d451ca9a07a,896.6165413533835,review on food!,404.0,146277.0,178.0,1752071883.0,292696.0,761.0,6175a966-bdf3-4b4c-bea2-b673983996c1
1080.0,dc172189-0260-422e-a5bd-1d451ca9a07a,720.0,vlog on fitness!,4999.513470681458,472240.0,160.0,1748788683.0,494478.7454455933,4114.0,328988b7-d4f1-4579-ae2b-54765f6a953e
1080.0,dc172189-0260-422e-a5bd-1d451ca9a07a,720.0,vlog on tech!,4999.513470681458,141633.0,152.0,1750343883.0,28647.0,4561.0,9e148997-c687-4e1c-be66-ee1dd4fb8471
720.0,dc172189-0260-422e-a5bd-1d451ca9a07a,1080.0,unboxing on travel!,5835.0,262881.0,32.0,1753022283.0,53499.0,4267.0,3eeff36a-8f74-42e1-9450-dd92337b4f77
1080.0,dc172189-0260-422e-a5bd-1d451ca9a07a,1080.0,challenge on beauty!,235.0,67431.0,157.0,1752071883.0,19977.0,2535.6222222222223,8ec861b7-4f8b-4173-ac5c-4d85de095350
1080.0,dc172189-0260-422e-a5bd-1d451ca9a07a,720.0,challenge on travel!,6151.0,465352.0,167.0,1752331083.0,634448.0,2126.0,023da2e1-879c-4fcf-b418-0142754b92d0
720.0,dc172189-0260-422e-a5bd-1d451ca9a07a,720.0,vlog on fashion!,7622.0,253113.63264767933,148.0,1752849483.0,66327.0,3019.0,86fff374-b410-4d2f-a269-42534d819e1d
720.0,b3d0d16c-84c5-4f78-85a5-549354a8d772,720.0,challenge on beauty!,3607.0,253113.63264767933,48.0,1749220683.0,964877.0,2991.0,23616bfe-f0b9-4ad1-b278-da9f786f36a3
1080.0,b3d0d16c-84c5-4f78-85a5-549354a8d772,1080.0,vlog on beauty!,7193.0,21522.0,119.0,1751812683.0,66471.0,1974.0,306a734a-0e63-46ea-a0bf-c5e379f9454f
720.0,b3d0d16c-84c5-4f78-85a5-549354a8d772,720.0,reaction on fitness!,9036.0,414963.0,159.0,1749739083.0,494478.7454455933,2535.6222222222223,889f93b1-6f00-41ab-a849-7257e9f7c76c
897.9699248120301,b3d0d16c-84c5-4f78-85a5-549354a8d772,1080.0,unboxing on fashion!,5895.0,188029.0,26.0,1752071883.0,424991.0,3531.0,2f82b900-7474-4ec4-99fb-2ffe62c3e833
720.0,b3d0d16c-84c5-4f78-85a5-549354a8d772,720.0,vlog on fashion!,7405.0,328355.0,60.0,1748615883.0,494478.7454455933,2535.6222222222223,e7842c62-e131-4f6b-bc36-df7555c5f62d
720.0,b3d0d16c-84c5-4f78-85a5-549354a8d772,1080.0,reaction on fitness!,3081.0,253113.63264767933,58.0,1747838283.0,382304.0,2048.0,778d2ae5-71b0-4bf9-9ff2-fcdc721be46c
1080.0,b3d0d16c-84c5-4f78-85a5-549354a8d772,1080.0,vlog on tech!,5934.0,253113.63264767933,27.0,1749134283.0,40543.0,2535.6222222222223,2e22bed2-8c91-4df1-8c15-2c9f9b2d23f8
720.0,b3d0d16c-84c5-4f78-85a5-549354a8d772,720.0,vlog on beauty!,6965.0,381268.0,171.0,1752935883.0,98591.0,3737.0,df50e80a-19c6-4f40-9735-e248d61f05bf
720.0,b3d0d16c-84c5-4f78-85a5-549354a8d772,1080.0,vlog on fitness!,2834.0,459013.0,36.0,1749047883.0,713953.0,2086.0,71e14c16-2712-459b-9bc3-49a046d258ff
720.0,b3d0d16c-84c5-4f78-85a5-549354a8d772,720.0,reaction on beauty!,4999.513470681458,116550.0,100.0,1750084683.0,830255.0,2047.0,65b94362-9e99-4bc0-ae86-4c19983643a8
897.9699248120301,b3d0d16c-84c5-4f78-85a5-549354a8d772,720.0,challenge on travel!,6404.0,253113.63264767933,30.0,1752763083.0,516726.0,34.0,2a0d37e3-a2af-4849-90e4-9af3a9a6626d
720.0,b3d0d16c-84c5-4f78-85a5-549354a8d772,1080.0,challenge on food!,3184.0,267026.0,134.0,1749998283.0,827410.0,1814.0,fa9e4820-bd8a-4520-a211-12d41107c9f6
1080.0,b3d0d16c-84c5-4f78-85a5-549354a8d772,1080.0,challenge on fashion!,7005.0,168734.0,94.45944039501528,1751553483.0,57260.0,488.0,aad1b988-bcbb-428f-9994-97fe1c995375
720.0,b3d0d16c-84c5-4f78-85a5-549354a8d772,1080.0,challenge on beauty!,5232.0,178401.0,26.0,1750948683.0,494478.7454455933,4761.0,445021c9-5db9-4665-94ea-bd88ea9bfaee
1080.0,b3d0d16c-84c5-4f78-85a5-549354a8d772,1080.0,review on food!,8370.0,96103.0,42.0,1752849483.0,871920.0,46.0,3c215627-c4d1-454a-bb59-4b4ef4f825cd
1080.0,b3d0d16c-84c5-4f78-85a5-549354a8d772,1080.0,reaction on beauty!,8665.0,275309.0,71.0,1748615883.0,662977.0,3784.0,b3e5c9fb-9484-44c8-abd6-fb49a96fd69f
1080.0,b3d0d16c-84c5-4f78-85a5-549354a8d772,720.0,challenge on food!,4999.513470681458,57319.0,53.0,1749911883.0,897788.0,1192.0,e0954e83-b3f6-4bec-8ef8-9bdc315d4fec
1080.0,b3d0d16c-84c5-4f78-85a5-549354a8d772,1080.0,review on fitness!,6141.0,152173.0,159.0,1750257483.0,330534.0,769.0,a33391c9-ff3b-4edc-8f50-0d7e02b47e97
720.0,b3d0d16c-84c5-4f78-85a5-549354a8d772,1080.0,unboxing on beauty!,3587.0,33057.0,94.45944039501528,1748183883.0,149563.0,2372.0,8fb4e4ee-7e22-4aa8-be04-171e17e09f7e
720.0,b3d0d16c-84c5-4f78-85a5-549354a8d772,720.0,reaction on tech!,4999.513470681458,202912.0,83.0,1751553483.0,78929.0,1783.0,53204af1-9da1-49c5-9b2c-90fc4a32bbef
720.0,b3d0d16c-84c5-4f78-85a5-549354a8d772,1080.0,review on fashion!,5664.0,79370.0,94.45944039501528,1750171083.0,494478.7454455933,2535.6222222222223,e3ef2727-3503-47ce-af64-90f380afde6f
720.0,b3d0d16c-84c5-4f78-85a5-549354a8d772,1080.0,unboxing on travel!,6041.0,427702.0,79.0,1750516683.0,328205.0,1383.0,0e87ef82-c2d6-41ff-8f52-023864f7aa0f
1080.0,b3d0d16c-84c5-4f78-85a5-549354a8d772,1080.0,reaction on food!,2206.0,253113.63264767933,62.0,1749739083.0,494478.7454455933,4407.0,dba6cfc3-5c29-444d-92aa-8759b0b7bd8e
1080.0,ded96d59-0272-4f78-9ef2-ba20b55b6714,1080.0,vlog on beauty!,4999.513470681458,253113.63264767933,150.0,1750343883.0,289594.0,3074.0,4f392037-b64c-45e2-a02d-59486ae09705
1080.0,ded96d59-0272-4f78-9ef2-ba20b55b6714,1080.0,vlog on fitness!,5728.0,253113.63264767933,135.0,1752935883.0,851980.0,1805.0,d556afda-1898-4b00-871e-65f65b8b33b0
1080.0,ded96d59-0272-4f78-9ef2-ba20b55b6714,1080.0,review on tech!,6101.0,265602.0,111.0,1749307083.0,2587.0,3902.0,cfa1b8f8-132c-4417-99a4-d59e1d267c04
720.0,ded96d59-0272-4f78-9ef2-ba20b55b6714,720.0,review on food!,9394.0,383406.0,82.0,1747924683.0,605776.0,3828.0,9aa5d397-8610-49e9-8753-b98a795f4727
1080.0,ded96d59-0272-4f78-9ef2-ba20b55b6714,1080.0,reaction on travel!,8839.0,457521.0,153.0,1751380683.0,882590.0,3994.0,000963e3-fc9c-4e5d-a708-0280054b103f
1080.0,ded96d59-0272-4f78-9ef2-ba20b55b6714,720.0,reaction on fitness!,3042.0,6881.0,111.0,1749825483.0,571022.0,409.0,0be767dc-ade6-4061-a0e6-d73fb23e1b27
720.0,ded96d59-0272-4f78-9ef2-ba20b55b6714,720.0,unboxing on fashion!,9401.0,421396.0,94.45944039501528,1750603083.0,75452.0,665.0,157e0bb3-2d9d-4ab2-bcd6-eeba1d4a9cee
720.0,ded96d59-0272-4f78-9ef2-ba20b55b6714,720.0,reaction on beauty!,5216.0,428638.0,18.0,1751726283.0,912024.0,1841.0,c5f83bfc-940d-48a6-891d-601d3b439d5f
1080.0,ded96d59-0272-4f78-9ef2-ba20b55b6714,1080.0,challenge on beauty!,4708.0,253113.63264767933,149.0,1748270283.0,979352.0,4994.0,bc8a67fe-b150-4282-ae3d-a19cf81f1f48
1080.0,ded96d59-0272-4f78-9ef2-ba20b55b6714,1080.0,vlog on travel!,4999.513470681458,34867.0,42.0,1748356683.0,138927.0,3482.0,b7f62338-6a46-4314-a9b1-0fc28bfdc7f4
1080.0,ded96d59-0272-4f78-9ef2-ba20b55b6714,1080.0,reaction on fitness!,2422.0,152227.0,53.0,1750257483.0,714145.0,3689.0,e7a59d1a-8995-492e-914b-1fcc1e0a9009
897.9699248120301,ded96d59-0272-4f78-9ef2-ba20b55b6714,1080.0,review on tech!,4999.513470681458,253113.63264767933,94.45944039501528,1752763083.0,753168.0,314.0,acb5f06d-412a-47dd-b25f-f0bab8131bd6
1080.0,ded96d59-0272-4f78-9ef2-ba20b55b6714,720.0,challenge on travel!,2602.0,445008.0,76.0,1749566283.0,684964.0,3640.0,84cd69aa-070a-4b9d-8b08-c087091d752b
897.9699248120301,ded96d59-0272-4f78-9ef2-ba20b55b6714,720.0,reaction on travel!,5461.0,116892.0,98.0,1749134283.0,247802.0,1848.0,12c16ccc-d010-4bc9-8434-024869ead8eb
1080.0,ded96d59-0272-4f78-9ef2-ba20b55b6714,1080.0,reaction on fitness!,6926.0,27114.0,144.0,1750862283.0,172366.0,1751.0,21ae3798-f54a-4162-84b9-e5c2cc8ddd82
720.0,ded96d59-0272-4f78-9ef2-ba20b55b6714,720.0,challenge on fitness!,8945.0,38503.0,79.0,1752503883.0,293077.0,3195.0,60863460-429d-48bf-b4ca-467af06f5a25
720.0,ded96d59-0272-4f78-9ef2-ba20b55b6714,1080.0,challenge on tech!,4999.513470681458,494025.0,149.0,1747924683.0,184143.0,3341.0,433f8c84-abf2-493e-85f0-67a1a383c914
720.0,ded96d59-0272-4f78-9ef2-ba20b55b6714,720.0,challenge on beauty!,4999.513470681458,364313.0,164.0,1749220683.0,818855.0,2535.6222222222223,950a5d56-9b5b-4e5e-836c-1f1d5ad9600b
1080.0,ded96d59-0272-4f78-9ef2-ba20b55b6714,1080.0,challenge on tech!,4999.513470681458,68353.0,155.0,1750257483.0,400358.0,4791.0,bc3f80ce-914c-4e87-a15e-ac1842225783
897.9699248120301,ded96d59-0272-4f78-9ef2-ba20b55b6714,1080.0,unboxing on food!,4999.513470681458,253113.63264767933,129.0,1751294283.0,232257.0,79.0,3b567525-d952-4bdb-ad56-fc101271dd2d
1080.0,4028ab7e-20b2-4726-a6e4-4881b935aa41,720.0,reaction on travel!,1596.0,339654.0,40.0,1749739083.0,771289.0,2957.0,fd04c595-8ecb-4ea3-bc10-0a7f228ca978
1080.0,4028ab7e-20b2-4726-a6e4-4881b935aa41,1080.0,unboxing on travel!,9614.0,187258.0,54.0,1748443083.0,80165.0,2791.0,099fbbee-7ad5-48f7-a736-425e3f1db393
720.0,4028ab7e-20b2-4726-a6e4-4881b935aa41,720.0,unboxing on fashion!,4999.513470681458,443214.0,94.45944039501528,1749739083.0,228012.0,3616.0,4ac2e9c1-94d1-4f80-8aaf-878f34205684
1080.0,4028ab7e-20b2-4726-a6e4-4881b935aa41,1080.0,vlog on fitness!,1771.0,149937.0,15.0,1751035083.0,387772.0,2008.0,ef8ea238-d484-474a-928a-db10b43136e4
1080.0,4028ab7e-20b2-4726-a6e4-4881b935aa41,1080.0,vlog on travel!,4999.513470681458,39905.0,172.0,1751726283.0,767686.0,2535.6222222222223,409276b0-33af-49bd-bf06-efeccf94709c
1080.0,4028ab7e-20b2-4726-a6e4-4881b935aa41,1080.0,review on tech!,4999.513470681458,331327.0,40.0,1749652683.0,931109.0,3793.0,55839cb3-d82f-4b8b-8d7f-11b1382766af
1080.0,4028ab7e-20b2-4726-a6e4-4881b935aa41,720.0,vlog on food!,3837.0,317121.0,99.0,1747838283.0,96223.0,45.0,27dcf2db-5516-4d98-aed1-8b97f2d26b58
1080.0,4028ab7e-20b2-4726-a6e4-4881b935aa41,720.0,unboxing on tech!,4838.0,342009.0,176.0,1749998283.0,179537.0,1291.0,9bfcb962-288e-4f01-9fde-9517933df5ab
897.9699248120301,4028ab7e-20b2-4726-a6e4-4881b935aa41,1080.0,challenge on fashion!,7940.0,379577.0,161.0,1750430283.0,287488.0,3881.0,66238bdd-bbc0-4311-a193-7b928e95e91d
720.0,4028ab7e-20b2-4726-a6e4-4881b935aa41,1080.0,reaction on fitness!,7942.0,422671.0,41.0,1748443083.0,548591.0,4001.0,a5bc9d56-5c07-4cc4-8ae4-c1105efbe0fc
1080.0,4028ab7e-20b2-4726-a6e4-4881b935aa41,1080.0,vlog on travel!,3023.0,453096.0,117.0,1748788683.0,691508.0,2991.0,2569469c-756c-4a68-b304-0d81a0872f42
1080.0,4028ab7e-20b2-4726-a6e4-4881b935aa41,720.0,challenge on beauty!,5649.0,236819.0,94.0,1751121483.0,494478.7454455933,2535.6222222222223,c7b1add4-d92c-4710-ba7f-0160a442e110
1080.0,4028ab7e-20b2-4726-a6e4-4881b935aa41,720.0,review on food!,5394.0,15881.0,94.45944039501528,1752331083.0,993531.0,4394.0,863514a5-6381-4914-b5c6-b2139bd7cbe9
720.0,4028ab7e-20b2-4726-a6e4-4881b935aa41,1080.0,review on tech!,5407.0,366365.0,62.0,1750257483.0,822514.0,1871.0,aa52c763-c4f0-4c48-8456-abe36abacf57
1080.0,4028ab7e-20b2-4726-a6e4-4881b935aa41,720.0,unboxing on tech!,2997.0,139698.0,158.0,1750343883.0,501943.0,2259.0,b769c5d4-12b6-4a3f-adf5-87f71b745c8c
1080.0,4028ab7e-20b2-4726-a6e4-4881b935aa41,1080.0,unboxing on tech!,5991.0,276147.0,94.45944039501528,1747924683.0,821994.0,4299.0,c9a90c6c-c971-4df2-9fa6-58d82f63b1a0
720.0,4028ab7e-20b2-4726-a6e4-4881b935aa41,1080.0,vlog on fitness!,6833.0,274609.0,93.0,1750171083.0,264710.0,3217.0,00648c9f-40ea-4537-b697-b1ddfdf5cb27
1080.0,4028ab7e-20b2-4726-a6e4-4881b935aa41,720.0,reaction on travel!,859.0,323812.0,19.0,1748183883.0,505664.0,2323.0,26be206a-4f34-4652-959c-ba9357e38d96
1080.0,4028ab7e-20b2-4726-a6e4-4881b935aa41,720.0,vlog on food!,4053.0,65213.0,179.0,1748183883.0,972562.0,466.0,96bb10fe-bafc-4b3b-a03f-e02f21e554ea
720.0,bd7d777d-3f15-4817-8a12-a204f83712bb,1080.0,unboxing on food!,1863.0,343377.0,77.0,1751726283.0,399754.0,1886.0,85f2ce52-c9eb-4b86-b551-f01ca037f37d
1080.0,bd7d777d-3f15-4817-8a12-a204f83712bb,896.6165413533835,review on travel!,222.0,348093.0,129.0,1748875083.0,306446.0,1773.0,f621f2f7-7d13-420c-8380-c8df1012d7a7
720.0,bd7d777d-3f15-4817-8a12-a204f83712bb,1080.0,review on beauty!,6669.0,253113.63264767933,68.0,1749393483.0,629060.0,4810.0,ce9b5e6b-c79b-45b4-9594-6c8a517f5784
720.0,bd7d777d-3f15-4817-8a12-a204f83712bb,720.0,vlog on fitness!,3303.0,332949.0,139.0,1748097483.0,562278.0,3677.0,59976702-51f0-4a1c-9e80-b1a1b93a7add
1080.0,bd7d777d-3f15-4817-8a12-a204f83712bb,720.0,reaction on food!,4398.0,320724.0,71.0,1751553483.0,575385.0,2484.0,efeca26e-dacd-4be4-93f7-705b36b7b5a6
720.0,bd7d777d-3f15-4817-8a12-a204f83712bb,720.0,challenge on beauty!,8882.0,276416.0,32.0,1751639883.0,406831.0,2669.0,7add83b4-0e4d-4f06-8dbd-06f00d987381
1080.0,bd7d777d-3f15-4817-8a12-a204f83712bb,720.0,unboxing on food!,267.0,292304.0,90.0,1749825483.0,953525.0,1568.0,52c78c23-b963-47c9-97fc-cdd0c0cb1ea4
897.9699248120301,bd7d777d-3f15-4817-8a12-a204f83712bb,1080.0,review on beauty!,4999.513470681458,113083.0,92.0,1751121483.0,429908.0,1596.0,3b203fc2-c5e3-42bf-a849-45c73ecb2da0
720.0,bd7d777d-3f15-4817-8a12-a204f83712bb,1080.0,vlog on tech!,4464.0,432445.0,21.0,1749739083.0,174144.0,437.0,fc279274-f007-4c8c-83e7-e714cc429bca
897.9699248120301,bd7d777d-3f15-4817-8a12-a204f83712bb,1080.0,review on food!,4999.513470681458,253113.63264767933,158.0,1751207883.0,662724.0,3442.0,0480cdd7-1369-4a8c-9c13-779acef80a51
720.0,bd7d777d-3f15-4817-8a12-a204f83712bb,720.0,unboxing on fitness!,5508.0,262529.0,74.0,1749134283.0,571658.0,1212.0,439eb577-b37c-4905-bcfc-3f99710fff04
1080.0,bd7d777d-3f15-4817-8a12-a204f83712bb,1080.0,challenge on fashion!,7029.0,341190.0,80.0,1752244683.0,807364.0,2608.0,3a53a710-a4d6-4efb-a331-b9328db9884e
720.0,bd7d777d-3f15-4817-8a12-a204f83712bb,1080.0,reaction on beauty!,8578.0,360735.0,139.0,1748097483.0,159810.0,3809.0,a07b3c58-c509-45db-90a6-43d2dd2f7b30
1080.0,bd7d777d-3f15-4817-8a12-a204f83712bb,1080.0,review on beauty!,4999.513470681458,18661.0,163.0,1750948683.0,362442.0,2161.0,e4a78602-4f29-47a4-ad49-4212c243e417
720.0,bd7d777d-3f15-4817-8a12-a204f83712bb,720.0,challenge on food!,6348.0,162936.0,110.0,1750084683.0,678736.0,3675.0,0f9858b7-6a30-40e8-b450-5e6b0f0c49f8
897.9699248120301,bd7d777d-3f15-4817-8a12-a204f83712bb,720.0,unboxing on tech!,1846.0,301973.0,115.0,1751639883.0,169654.0,1420.0,3299ef2b-2a7f-488e-b460-f1b26ee1ad78
1080.0,bd7d777d-3f15-4817-8a12-a204f83712bb,720.0,reaction on tech!,9092.0,482431.0,165.0,1751726283.0,153450.0,4016.0,d3ec39a3-1e72-4554-bf59-f8dc77a81d5e
1080.0,bd7d777d-3f15-4817-8a12-a204f83712bb,720.0,reaction on beauty!,4999.513470681458,242724.0,124.0,1751985483.0,116555.0,3815.0,b5bceba5-03ec-4653-ac33-842b8cfc9578
720.0,bd7d777d-3f15-4817-8a12-a204f83712bb,1080.0,vlog on fashion!,7166.0,253113.63264767933,82.0,1749998283.0,764821.0,2542.0,8321cbb8-0b29-4e4e-a925-0e6597d5ded3
1080.0,bd7d777d-3f15-4817-8a12-a204f83712bb,720.0,challenge on beauty!,9062.0,479755.0,165.0,1750343883.0,984918.0,797.0,bf820124-3739-4dd4-98ab-1c2c53c919aa
720.0,bd7d777d-3f15-4817-8a12-a204f83712bb,720.0,review on fashion!,1898.0,230651.0,66.0,1750516683.0,492259.0,2069.0,9d7921a6-7a36-439a-8976-ebe526542ca6
897.9699248120301,bd7d777d-3f15-4817-8a12-a204f83712bb,1080.0,review on travel!,2368.0,345006.0,155.0,1749220683.0,924538.0,3142.0,5e922af6-afaa-44c4-b0d4-409933582315
720.0,bd7d777d-3f15-4817-8a12-a204f83712bb,1080.0,review on fashion!,45.0,227880.0,40.0,1750689483.0,494478.7454455933,1918.0,1b5807e6-8ea9-4be7-b403-ae217a90d9d6
1080.0,bd7d777d-3f15-4817-8a12-a204f83712bb,1080.0,vlog on travel!,6581.0,482320.0,35.0,1748961483.0,750896.0,2278.0,7aeacd81-6f15-4c57-8df1-92538e0fd4ca
1080.0,bd7d777d-3f15-4817-8a12-a204f83712bb,720.0,vlog on fashion!,4756.0,253113.63264767933,92.0,1752417483.0,937805.0,770.0,ec34db7e-063f-445e-977f-0011ea241d25
720.0,bd7d777d-3f15-4817-8a12-a204f83712bb,896.6165413533835,review on fashion!,4319.0,264694.0,38.0,1751985483.0,237926.0,298.0,46af1faf-48ce-4ff4-8ee0-405aec655a9c
1080.0,bd7d777d-3f15-4817-8a12-a204f83712bb,1080.0,vlog on tech!,2527.0,376594.0,102.0,1748529483.0,20761.0,2535.6222222222223,2581900b-ee4f-4cc8-8831-8d9d5263ac6c
1080.0,bd7d777d-3f15-4817-8a12-a204f83712bb,1080.0,challenge on beauty!,7072.0,147529.0,93.0,1752849483.0,420891.0,2239.0,11541024-5b32-433c-b808-dc08e34407fd
720.0,bd7d777d-3f15-4817-8a12-a204f83712bb,720.0,vlog on tech!,9889.0,144326.0,159.0,1749911883.0,494478.7454455933,404.0,3d5b8070-9fc4-40fb-a215-03a056cc9223
1080.0,bd7d777d-3f15-4817-8a12-a204f83712bb,1080.0,unboxing on beauty!,4304.0,135178.0,159.0,1750862283.0,387176.0,2535.6222222222223,30cb2398-ff74-441c-a0d8-7b9b32269950
720.0,6047bb3a-b51c-4fcd-97d2-fcc9dc88e5ee,720.0,reaction on travel!,4337.0,253113.63264767933,171.0,1752331083.0,618465.0,916.0,0f27f59e-38cb-40cd-a169-250aa72c5b74
1080.0,6047bb3a-b51c-4fcd-97d2-fcc9dc88e5ee,720.0,vlog on fashion!,8025.0,309074.0,180.0,1749047883.0,809156.0,222.0,ca8bc307-bdfa-4713-8c35-645d5687a795
720.0,6047bb3a-b51c-4fcd-97d2-fcc9dc88e5ee,720.0,review on beauty!,2648.0,486061.0,153.0,1750516683.0,494478.7454455933,3010.0,90e8ada6-fed7-440b-92d7-8d5044bcde3e
720.0,6047bb3a-b51c-4fcd-97d2-fcc9dc88e5ee,1080.0,reaction on beauty!,7460.0,168808.0,66.0,1749998283.0,701108.0,3122.0,dbf67fb1-fe01-40ed-a780-2c24d3bc9af6
897.9699248120301,6047bb3a-b51c-4fcd-97d2-fcc9dc88e5ee,896.6165413533835,challenge on fitness!,1662.0,419834.0,126.0,1748702283.0,780605.0,3762.0,e0280cc9-4a06-4d1f-8614-e4bc016ddda9
1080.0,6047bb3a-b51c-4fcd-97d2-fcc9dc88e5ee,720.0,vlog on tech!,1146.0,367889.0,73.0,1747924683.0,669903.0,1036.0,bf1b16dc-73f9-4ace-ac08-dc64eb3895cd
897.9699248120301,6047bb3a-b51c-4fcd-97d2-fcc9dc88e5ee,720.0,review on fitness!,9410.0,414782.0,30.0,1751812683.0,647903.0,4565.0,d8e74c57-ff48-43ff-8446-f9ff96802e31
720.0,6047bb3a-b51c-4fcd-97d2-fcc9dc88e5ee,1080.0,challenge on fitness!,7740.0,392289.0,86.0,1750257483.0,639175.0,1063.0,b8d2383c-0f47-4ae1-b6a1-5faaeaa68e4a
720.0,6047bb3a-b51c-4fcd-97d2-fcc9dc88e5ee,720.0,reaction on travel!,5270.0,253113.63264767933,94.45944039501528,1751121483.0,644035.0,2362.0,6dd0ba67-01d5-49af-89f8-22ec3bade654
1080.0,6047bb3a-b51c-4fcd-97d2-fcc9dc88e5ee,720.0,review on beauty!,6469.0,388331.0,161.0,1750516683.0,792964.0,4681.0,a9f9d4f0-8a3c-45b3-8cf8-dce6b3a384e9
720.0,6047bb3a-b51c-4fcd-97d2-fcc9dc88e5ee,720.0,reaction on travel!,4467.0,82528.0,28.0,1748443083.0,713212.0,4282.0,5c8ba8bc-6029-4c69-9ca6-05ad89d53309
720.0,6047bb3a-b51c-4fcd-97d2-fcc9dc88e5ee,720.0,review on fitness!,4999.513470681458,253113.63264767933,179.0,1749479883.0,621357.0,14.0,c59f1a19-f8f4-455c-a56c-1ab1379a0ef1
1080.0,6047bb3a-b51c-4fcd-97d2-fcc9dc88e5ee,1080.0,unboxing on fitness!,4999.513470681458,301190.0,21.0,1751726283.0,484450.0,2911.0,bc436913-d428-4ccf-bbe7-30ebdf83d0a7
1080.0,6047bb3a-b51c-4fcd-97d2-fcc9dc88e5ee,720.0,review on tech!,125.0,395642.0,142.0,1747838283.0,202432.0,4750.0,f2dabc08-f60f-4dd5-a45b-769a85d0d06f
1080.0,6047bb3a-b51c-4fcd-97d2-fcc9dc88e5ee,1080.0,challenge on food!,7313.0,476250.0,45.0,1748961483.0,600816.0,3133.0,0213c25b-962b-48ad-a935-23e11dc673a8
720.0,6047bb3a-b51c-4fcd-97d2-fcc9dc88e5ee,1080.0,review on travel!,6006.0,102651.0,147.0,1748011083.0,926306.0,2535.6222222222223,07aecd44-bf6b-4c94-b41c-06fd67a84f6b
1080.0,6047bb3a-b51c-4fcd-97d2-fcc9dc88e5ee,1080.0,unboxing on food!,786.0,51124.0,52.0,1752417483.0,928726.0,2620.0,4e047ca5-79fd-4b0c-8ed2-f6446522e5db
1080.0,6047bb3a-b51c-4fcd-97d2-fcc9dc88e5ee,720.0,review on fitness!,6679.0,246160.0,62.0,1749307083.0,658218.0,2421.0,bd884d38-5eb0-4b69-8c53-af37fbacb696
720.0,6047bb3a-b51c-4fcd-97d2-fcc9dc88e5ee,1080.0,vlog on fashion!,8826.0,149901.0,142.0,1748702283.0,326441.0,2230.0,ed1a2155-c604-4c2d-a5f6-dde3211027bd
1080.0,6047bb3a-b51c-4fcd-97d2-fcc9dc88e5ee,720.0,reaction on fitness!,4378.0,52474.0,141.0,1747924683.0,600628.0,2903.0,935e88f3-717b-4633-9bbb-664e3c14d9f9
1080.0,6047bb3a-b51c-4fcd-97d2-fcc9dc88e5ee,720.0,review on fitness!,8393.0,455489.0,20.0,1749134283.0,267570.0,3380.0,01a413b6-4c2e-4a39-bf30-de18e313e062
720.0,6047bb3a-b51c-4fcd-97d2-fcc9dc88e5ee,720.0,review on tech!,4999.513470681458,39534.0,139.0,1748788683.0,494478.7454455933,3644.0,1057775e-7cb1-4054-9531-078bfdf4de61
1080.0,6047bb3a-b51c-4fcd-97d2-fcc9dc88e5ee,1080.0,reaction on travel!,7381.0,372490.0,28.0,1750775883.0,777727.0,1734.0,4f129e8f-ce0f-4f4b-a523-a5d8fe298a9c
720.0,6047bb3a-b51c-4fcd-97d2-fcc9dc88e5ee,1080.0,challenge on food!,3124.0,97792.0,21.0,1750343883.0,569717.0,2422.0,3cf2d399-7c39-454d-b430-92c6a9951679
1080.0,51fa2db9-6832-4059-8908-0bd221f51ada,720.0,review on fashion!,4999.513470681458,152591.0,74.0,1752071883.0,153398.0,3233.0,45788a7d-75f8-4573-b4b1-95ed833daa55
720.0,51fa2db9-6832-4059-8908-0bd221f51ada,1080.0,challenge on fashion!,1679.0,59571.0,10.0,1748529483.0,946915.0,914.0,32e3ae41-9796-4b93-a2b2-60b2607c02dd
720.0,51fa2db9-6832-4059-8908-0bd221f51ada,896.6165413533835,challenge on tech!,2723.0,421516.0,155.0,1752158283.0,713724.0,2564.0,df7ef3ce-9302-43bc-bea4-90d4b6bc4432
1080.0,51fa2db9-6832-4059-8908-0bd221f51ada,720.0,reaction on beauty!,5516.0,45748.0,180.0,1750343883.0,284066.0,4801.0,bebc4d29-e66a-4ebb-af46-02d33b621781
1080.0,51fa2db9-6832-4059-8908-0bd221f51ada,720.0,unboxing on travel!,4999.513470681458,297491.0,51.0,1750862283.0,233024.0,551.0,18ddf55f-38c2-4097-a254-f3f8e815beb8
720.0,51fa2db9-6832-4059-8908-0bd221f51ada,1080.0,unboxing on tech!,4999.513470681458,358213.0,157.0,1748788683.0,269778.0,3758.0,f68682b1-d0cf-4b04-b0a4-a9b896f63c31
897.9699248120301,51fa2db9-6832-4059-8908-0bd221f51ada,720.0,unboxing on tech!,293.0,253113.63264767933,94.45944039501528,1751380683.0,699960.0,3599.0,831940d6-1664-42b7-8772-0d6ce9422e23
1080.0,51fa2db9-6832-4059-8908-0bd221f51ada,1080.0,challenge on fitness!,9004.0,262784.0,177.0,1751553483.0,494478.7454455933,2535.6222222222223,5967d694-4587-495c-ae98-05a409d082d1
720.0,51fa2db9-6832-4059-8908-0bd221f51ada,896.6165413533835,challenge on fashion!,4999.513470681458,476598.0,110.0,1752849483.0,296116.0,3554.0,db06d23a-90cf-4659-b8bf-47ef357db618
1080.0,51fa2db9-6832-4059-8908-0bd221f51ada,1080.0,vlog on food!,415.0,146278.0,170.0,1752417483.0,171214.0,1924.0,72df47de-97d6-4760-9e9f-e532170536f7
1080.0,51fa2db9-6832-4059-8908-0bd221f51ada,720.0,review on beauty!,1326.0,123057.0,76.0,1751467083.0,482378.0,4054.0,53146e9d-bd59-4153-87f4-7c349611e38d
1080.0,51fa2db9-6832-4059-8908-0bd221f51ada,1080.0,review on travel!,6700.0,253113.63264767933,164.0,1750603083.0,430660.0,1457.0,5ec8492a-fde6-4c76-bcc8-f60b7114a423
720.0,51fa2db9-6832-4059-8908-0bd221f51ada,896.6165413533835,challenge on travel!,3270.0,406777.0,158.0,1748702283.0,794642.0,4073.0,113ecadf-beec-4618-a520-717e16147417
1080.0,51fa2db9-6832-4059-8908-0bd221f51ada,720.0,review on beauty!,262.0,126017.0,177.0,1752763083.0,455336.0,2535.6222222222223,d3ebb55c-a45d-4e38-9181-24ceb77eed18
720.0,51fa2db9-6832-4059-8908-0bd221f51ada,720.0,vlog on beauty!,8810.0,303960.0,10.0,1748011083.0,564849.0,2480.0,7be4f800-19c6-4b93-a063-e06c066a790e
1080.0,0a8affff-8e08-4013-88f4-db5030c8fad7,1080.0,vlog on travel!,2894.0,317094.0,129.0,1750689483.0,869687.0,1858.0,f1a61fbb-811f-40da-806e-6e093b55d788
1080.0,0a8affff-8e08-4013-88f4-db5030c8fad7,1080.0,unboxing on tech!,577.0,253113.63264767933,144.0,1748356683.0,866639.0,288.0,37ff8129-1b7f-41f6-b2a0-859f58041dd4
1080.0,0a8affff-8e08-4013-88f4-db5030c8fad7,1080.0,unboxing on fitness!,7545.0,164759.0,85.0,1750689483.0,932632.0,901.0,4ac03760-bbd8-40e9-9dfe-df131dcb1ded
720.0,0a8affff-8e08-4013-88f4-db5030c8fad7,720.0,reaction on food!,1296.0,290448.0,133.0,1752158283.0,381935.0,4588.0,4d09afea-9e92-4282-902c-f4a146d73909
1080.0,0a8affff-8e08-4013-88f4-db5030c8fad7,1080.0,unboxing on fashion!,1353.0,251862.0,162.0,1751553483.0,748435.0,4663.0,61c2af4c-2689-4629-9459-2639123999d5
1080.0,0a8affff-8e08-4013-88f4-db5030c8fad7,1080.0,review on tech!,396.0,253113.63264767933,82.0,1750516683.0,709165.0,256.0,95ebbd2b-c02a-4c37-9f57-034b7b2a3e1e
1080.0,0a8affff-8e08-4013-88f4-db5030c8fad7,1080.0,reaction on travel!,8450.0,343036.0,154.0,1751380683.0,494478.7454455933,573.0,f23a5c65-3426-45ae-a3fe-bec17668bbc1
897.9699248120301,0a8affff-8e08-4013-88f4-db5030c8fad7,1080.0,unboxing on fitness!,4395.0,405808.0,28.0,1751639883.0,785320.0,2965.0,9526c884-a84a-45a5-a856-4c034fb16ac8
1080.0,0a8affff-8e08-4013-88f4-db5030c8fad7,720.0,vlog on fitness!,4999.513470681458,150043.0,177.0,1752331083.0,494478.7454455933,2535.6222222222223,85b10cbe-9783-404d-a102-8aafeb148cd4
897.9699248120301,0a8affff-8e08-4013-88f4-db5030c8fad7,1080.0,reaction on fitness!,4061.0,149366.0,94.45944039501528,1748702283.0,494478.7454455933,1588.0,1538b810-33be-4848-ba23-c0936f81eb86
720.0,0a8affff-8e08-4013-88f4-db5030c8fad7,1080.0,challenge on fitness!,2443.0,488451.0,93.0,1752331083.0,893340.0,2837.0,adfcfb63-1915-4adc-9798-78ab2f2207dd
897.9699248120301,0a8affff-8e08-4013-88f4-db5030c8fad7,1080.0,vlog on tech!,6938.0,253113.63264767933,76.0,1749479883.0,921681.0,4621.0,d6fad8ef-65da-492e-818e-345f8bb1669c
1080.0,0a8affff-8e08-4013-88f4-db5030c8fad7,1080.0,unboxing on beauty!,1880.0,120587.0,52.0,1749307083.0,615111.0,4970.0,ed949e60-6f94-48b9-9040-eb403c3b28ca
720.0,0a8affff-8e08-4013-88f4-db5030c8fad7,720.0,challenge on beauty!,4763.0,406242.0,154.0,1750948683.0,951777.0,124.0,f508c434-107e-4bda-a6c3-80dd4977e070
897.9699248120301,0a8affff-8e08-4013-88f4-db5030c8fad7,720.0,review on fitness!,4999.513470681458,253113.63264767933,114.0,1749652683.0,380234.0,97.0,25cad463-56f7-435f-8cc0-98c6ad4661e1
1080.0,0a8affff-8e08-4013-88f4-db5030c8fad7,1080.0,challenge on food!,5241.0,448196.0,110.0,1748011083.0,995991.0,4625.0,6705a324-475a-4a30-8d25-20c34e625605
720.0,0a8affff-8e08-4013-88f4-db5030c8fad7,720.0,unboxing on travel!,6409.0,253113.63264767933,114.0,1752158283.0,424578.0,112.0,8779b2de-c751-4c15-83d5-46c4bf5ab11e
1080.0,0a8affff-8e08-4013-88f4-db5030c8fad7,720.0,reaction on fashion!,9554.0,253113.63264767933,110.0,1752935883.0,16524.0,86.0,e0fc7344-514a-4dea-b6dd-10a8cd85a095
720.0,0a8affff-8e08-4013-88f4-db5030c8fad7,720.0,unboxing on food!,4999.513470681458,288448.0,54.0,1749739083.0,595946.0,3628.0,f9a7e875-38d4-49a6-89fb-a2edb404ca6a
1080.0,0a8affff-8e08-4013-88f4-db5030c8fad7,1080.0,vlog on beauty!,5005.0,253113.63264767933,41.0,1750171083.0,120709.0,2310.0,41714560-8d96-458b-86e0-e4457c678cde
720.0,0a8affff-8e08-4013-88f4-db5030c8fad7,720.0,review on food!,7877.0,151843.0,45.0,1748183883.0,30920.0,2137.0,176b258e-8e2a-4caa-92dd-843a7afb6e08
1080.0,0a8affff-8e08-4013-88f4-db5030c8fad7,720.0,review on beauty!,4906.0,249429.0,75.0,1749393483.0,458262.0,3750.0,2d9bda76-2d79-407e-ac6e-acfb8cff2050
1080.0,0a8affff-8e08-4013-88f4-db5030c8fad7,1080.0,review on food!,6199.0,64169.0,44.0,1752417483.0,372269.0,2220.0,82c1d0e5-a908-410d-99de-baa7e0db5079
897.9699248120301,0a8affff-8e08-4013-88f4-db5030c8fad7,1080.0,vlog on beauty!,4999.513470681458,144699.0,106.0,1750689483.0,273365.0,1321.0,d3b361bb-327b-4f16-9d0a-0d716b00540b
1080.0,0a8affff-8e08-4013-88f4-db5030c8fad7,720.0,unboxing on beauty!,9148.0,102025.0,68.0,1750775883.0,671617.0,883.0,5510a582-aec4-4a8b-8a6a-8c0819c4d346
720.0,0a8affff-8e08-4013-88f4-db5030c8fad7,720.0,vlog on fashion!,5780.0,373141.0,94.45944039501528,1749307083.0,8807.0,2234.0,d02ce23c-7a91-4d03-83a6-71e558381da2
720.0,53ad2964-81c4-48c8-8f98-600b803e46d6,1080.0,unboxing on tech!,2893.0,142047.0,86.0,1752590283.0,545864.0,4725.0,9da457d3-9c0d-4cc2-89e5-9c267b268012
720.0,53ad2964-81c4-48c8-8f98-600b803e46d6,720.0,reaction on beauty!,4626.0,405398.0,57.0,1748788683.0,208672.0,3883.0,c92220b5-81bf-49b8-b353-1408a958965a
720.0,53ad2964-81c4-48c8-8f98-600b803e46d6,1080.0,review on food!,1076.0,170578.0,29.0,1748443083.0,801958.0,1002.0,440e8898-2515-44fb-8072-5dad35490452
1080.0,53ad2964-81c4-48c8-8f98-600b803e46d6,720.0,unboxing on travel!,513.0,398769.0,51.0,1752417483.0,235685.0,2402.0,cca66862-dc7c-43a5-b6da-d5e7793226f5
1080.0,53ad2964-81c4-48c8-8f98-600b803e46d6,1080.0,vlog on tech!,1060.0,253113.63264767933,58.0,1749134283.0,712780.0,1028.0,a7b8d9c1-d6d5-4bc6-8b4c-0432337e44aa
1080.0,53ad2964-81c4-48c8-8f98-600b803e46d6,720.0,reaction on tech!,5171.0,9244.0,158.0,1751899083.0,288206.0,4868.0,9bc7fc36-e3dc-45d1-bdf2-6688b1ff05c6
1080.0,53ad2964-81c4-48c8-8f98-600b803e46d6,720.0,vlog on beauty!,9993.0,418112.0,62.0,1750257483.0,540611.0,2980.0,d7ca9a0d-6bcf-4abc-9949-13b14a182ca1
1080.0,53ad2964-81c4-48c8-8f98-600b803e46d6,720.0,vlog on food!,4999.513470681458,368263.0,98.0,1751035083.0,342384.0,621.0,eda9b033-563c-465f-9553-3295937b6ecc
720.0,53ad2964-81c4-48c8-8f98-600b803e46d6,1080.0,unboxing on fashion!,764.0,102465.0,99.0,1751899083.0,629613.0,1655.0,e8cde7c2-dc60-4817-94cb-7baf12fe2812
720.0,53ad2964-81c4-48c8-8f98-600b803e46d6,1080.0,unboxing on fashion!,8811.0,481791.0,165.0,1750516683.0,250001.0,4867.0,afb58b6f-1de0-4bcc-bdb3-732c9835519b
1080.0,53ad2964-81c4-48c8-8f98-600b803e46d6,720.0,challenge on tech!,4999.513470681458,450216.0,81.0,1747838283.0,388534.0,562.0,4641b0f0-3f28-494c-bb2d-53b52b31855f
720.0,53ad2964-81c4-48c8-8f98-600b803e46d6,720.0,challenge on food!,803.0,425498.0,32.0,1750257483.0,605614.0,192.0,3f374575-c9e3-4bde-9448-08ee8815341f
720.0,53ad2964-81c4-48c8-8f98-600b803e46d6,1080.0,unboxing on fitness!,6232.0,169832.0,14.0,1750689483.0,452688.0,1089.0,9416a65c-5fce-43ce-bf58-a5577eb29028
1080.0,53ad2964-81c4-48c8-8f98-600b803e46d6,1080.0,reaction on travel!,1887.0,295728.0,39.0,1748875083.0,310400.0,3480.0,fcddece5-8c6e-48d1-84f2-6bf7079a39e7
897.9699248120301,53ad2964-81c4-48c8-8f98-600b803e46d6,720.0,reaction on fitness!,6397.0,485848.0,114.0,1749652683.0,423271.0,1432.0,89eeab18-0958-4357-94e1-3324fe503327
1080.0,53ad2964-81c4-48c8-8f98-600b803e46d6,1080.0,review on fitness!,4999.513470681458,204577.0,52.0,1748615883.0,412906.0,2384.0,550278f2-1dd9-4f4b-80da-780c1fbc734b
1080.0,53ad2964-81c4-48c8-8f98-600b803e46d6,720.0,vlog on fitness!,9665.0,330476.0,130.0,1751985483.0,451458.0,2535.6222222222223,e9cd3f4d-81d8-4031-86a7-821450ac062e
720.0,53ad2964-81c4-48c8-8f98-600b803e46d6,720.0,reaction on beauty!,4999.513470681458,302924.0,62.0,1749220683.0,494478.7454455933,4064.0,97ceddc6-f4c2-4556-9cf1-7a28d1c796df
1080.0,53ad2964-81c4-48c8-8f98-600b803e46d6,1080.0,unboxing on fashion!,3696.0,196703.0,44.0,1748788683.0,251144.0,2089.0,b159aac7-b2ad-4ebb-9280-f88805ce7c7d
1080.0,53ad2964-81c4-48c8-8f98-600b803e46d6,720.0,reaction on tech!,8715.0,283904.0,66.0,1753022283.0,984824.0,2091.0,767d65ff-f1d8-46de-9be4-49bf99af472e
720.0,53ad2964-81c4-48c8-8f98-600b803e46d6,720.0,review on beauty!,3282.0,409393.0,94.45944039501528,1751294283.0,275502.0,1774.0,30b53036-b515-4701-a0a0-45600e569de0
720.0,53ad2964-81c4-48c8-8f98-600b803e46d6,720.0,challenge on fitness!,4348.0,442208.0,61.0,1748443083.0,672852.0,4928.0,8fc4ba9d-fa45-4c74-83a7-9d76175d6192
1080.0,53ad2964-81c4-48c8-8f98-600b803e46d6,1080.0,reaction on travel!,3915.0,435877.0,24.0,1750430283.0,494478.7454455933,750.0,cdbbb24e-76e5-4857-84bd-5fefedf48a31
1080.0,53ad2964-81c4-48c8-8f98-600b803e46d6,1080.0,review on fitness!,72.0,375790.0,139.0,1748615883.0,436932.0,1481.0,d96f4155-7123-4ec5-bc10-7b537bac952b
1080.0,53ad2964-81c4-48c8-8f98-600b803e46d6,720.0,reaction on fitness!,9417.0,357129.0,26.0,1751035083.0,494478.7454455933,3425.0,c394229e-4b3e-4c15-b2e8-07bb734ace62
720.0,53ad2964-81c4-48c8-8f98-600b803e46d6,1080.0,challenge on beauty!,4682.0,19553.0,39.0,1748097483.0,494478.7454455933,2596.0,c9824ddd-e953-4c09-8805-7f6c32ec3a97
720.0,53ad2964-81c4-48c8-8f98-600b803e46d6,1080.0,reaction on beauty!,702.0,433943.0,94.45944039501528,1751899083.0,226421.0,1794.0,77b93053-1e32-44cf-af7d-a5637976eb50
720.0,53ad2964-81c4-48c8-8f98-600b803e46d6,1080.0,challenge on fitness!,4999.513470681458,422763.0,15.0,1749825483.0,297892.0,950.0,8ebadf41-6e26-4025-ba07-42bc59bf4fc8
720.0,53ad2964-81c4-48c8-8f98-600b803e46d6,1080.0,reaction on fashion!,5429.0,130558.0,62.0,1748443083.0,891175.0,3933.0,2aa3ca00-4625-4668-940d-3224710511f8
720.0,bc173f0e-72de-47ed-afe1-e2f43a7cb6bb,1080.0,reaction on travel!,2401.0,253113.63264767933,124.0,1749739083.0,847647.0,2782.0,b43268c1-5442-4ef1-93c2-363483836f04
720.0,bc173f0e-72de-47ed-afe1-e2f43a7cb6bb,1080.0,unboxing on beauty!,7767.0,232286.0,22.0,1751726283.0,860630.0,4668.0,ddf2faf9-2736-4623-bfb1-3d3ccb71a80e
720.0,bc173f0e-72de-47ed-afe1-e2f43a7cb6bb,720.0,reaction on fashion!,7020.0,388340.0,132.0,1749566283.0,604153.0,4774.0,fbcd9f85-f718-4e93-ad62-2bd29cbd9cfb
720.0,bc173f0e-72de-47ed-afe1-e2f43a7cb6bb,1080.0,review on fitness!,8462.0,300800.0,50.0,1750343883.0,771833.0,1598.0,007f0e8b-067e-4b1c-bf3f-e7e292100bb2
1080.0,bc173f0e-72de-47ed-afe1-e2f43a7cb6bb,720.0,reaction on beauty!,4999.513470681458,305263.0,119.0,1748702283.0,138682.0,268.0,54ba38de-c318-4a80-bb54-d4be952fe9ca
720.0,bc173f0e-72de-47ed-afe1-e2f43a7cb6bb,720.0,review on tech!,4757.0,253113.63264767933,76.0,1751035083.0,801274.0,2535.6222222222223,247b206d-5704-4827-be63-8f56dfed1d1d
1080.0,bc173f0e-72de-47ed-afe1-e2f43a7cb6bb,720.0,challenge on fashion!,168.0,151635.0,72.0,1751639883.0,54938.0,2409.0,168d6270-709d-4829-ad4d-e66d182a2254
1080.0,bc173f0e-72de-47ed-afe1-e2f43a7cb6bb,720.0,vlog on travel!,1986.0,111024.0,112.0,1751121483.0,58130.0,3637.0,f27a3442-ce00-4bda-bac2-f64a6f8cd085
720.0,bc173f0e-72de-47ed-afe1-e2f43a7cb6bb,720.0,vlog on tech!,4254.0,118818.0,98.0,1751726283.0,751486.0,861.0,ba85cf6a-f3d6-4f45-ab9b-7099e7b60108
720.0,bc173f0e-72de-47ed-afe1-e2f43a7cb6bb,1080.0,challenge on travel!,1110.0,449276.0,45.0,1751467083.0,881132.0,4451.0,2112b41f-7011-4fd3-9d6f-7b0dea81b892
720.0,bc173f0e-72de-47ed-afe1-e2f43a7cb6bb,1080.0,review on beauty!,3338.0,323852.0,53.0,1752849483.0,330708.0,472.0,cda753a5-942f-4c3d-8eb8-0e9ea2fa9562
720.0,bc173f0e-72de-47ed-afe1-e2f43a7cb6bb,720.0,reaction on fitness!,4187.0,322136.0,69.0,1749825483.0,55961.0,3858.0,4c87bdef-70c9-4e85-99ef-00e7f2266730
720.0,bc173f0e-72de-47ed-afe1-e2f43a7cb6bb,1080.0,reaction on travel!,2100.0,168443.0,132.0,1750689483.0,244393.0,3148.0,c26e973e-5e8c-4244-863c-05515c931e5b
720.0,bc173f0e-72de-47ed-afe1-e2f43a7cb6bb,1080.0,challenge on fitness!,691.0,290357.0,73.0,1748788683.0,29335.0,2247.0,de419789-5bbe-4c1b-b532-15157279a288
720.0,bc173f0e-72de-47ed-afe1-e2f43a7cb6bb,720.0,reaction on beauty!,9750.0,307795.0,94.45944039501528,1748875083.0,494478.7454455933,2822.0,fb50fd20-7d43-40da-8a09-d1a8d5ca71f6
1080.0,bc173f0e-72de-47ed-afe1-e2f43a7cb6bb,1080.0,vlog on travel!,5100.0,253113.63264767933,177.0,1750603083.0,959952.0,1072.0,f1a10780-36c7-4972-948e-80d8f69dd24c
720.0,bc173f0e-72de-47ed-afe1-e2f43a7cb6bb,720.0,reaction on tech!,1937.0,207342.0,34.0,1752071883.0,117464.0,2125.0,def79f2a-aff8-44c9-baa3-aa3bc39cd246
1080.0,bc173f0e-72de-47ed-afe1-e2f43a7cb6bb,1080.0,review on food!,211.0,409205.0,13.0,1748183883.0,468508.0,1622.0,60dc4914-a360-4c93-abf3-55240a9f80e5
720.0,bc173f0e-72de-47ed-afe1-e2f43a7cb6bb,720.0,review on tech!,8207.0,192576.0,180.0,1751121483.0,764834.0,4229.0,38d0fb53-7475-4c74-8958-aae7bd9b47fd
720.0,bc173f0e-72de-47ed-afe1-e2f43a7cb6bb,720.0,reaction on beauty!,1139.0,28029.0,24.0,1748356683.0,482646.0,2869.0,762d7822-c363-4f29-b64e-5fa35f94e428
1080.0,bc173f0e-72de-47ed-afe1-e2f43a7cb6bb,1080.0,challenge on fitness!,971.0,454726.0,91.0,1749739083.0,231028.0,798.0,18cf1076-2837-4431-85d2-578b763534b8
1080.0,bc173f0e-72de-47ed-afe1-e2f43a7cb6bb,720.0,vlog on food!,4999.513470681458,77115.0,94.45944039501528,1751726283.0,977705.0,385.0,68a36643-1fe2-4d03-af24-dead0ca22444
720.0,bc173f0e-72de-47ed-afe1-e2f43a7cb6bb,720.0,review on beauty!,4999.513470681458,253113.63264767933,162.0,1749998283.0,553053.0,1974.0,a71b212c-181f-4391-a3c2-34f9fe853f0f
1080.0,bc173f0e-72de-47ed-afe1-e2f43a7cb6bb,720.0,review on fashion!,9803.0,253113.63264767933,164.0,1750775883.0,882347.0,2535.6222222222223,6479e911-1dd6-4498-a97c-ccc929ed376c
720.0,bc173f0e-72de-47ed-afe1-e2f43a7cb6bb,720.0,unboxing on fashion!,1478.0,487907.0,92.0,1748961483.0,114676.0,2570.0,00999309-6c51-43cd-8a2d-4fc6d4759a9b
1080.0,bc173f0e-72de-47ed-afe1-e2f43a7cb6bb,1080.0,reaction on food!,3267.0,113778.0,114.0,1752935883.0,615720.0,1148.0,9718f51d-1539-4aef-ac39-804de99bea5d
720.0,bc173f0e-72de-47ed-afe1-e2f43a7cb6bb,896.6165413533835,vlog on fitness!,3155.0,198975.0,146.0,1749047883.0,719616.0,878.0,4d62d261-b35f-4065-a3b2-87d49ca1c2d6
1080.0,bc173f0e-72de-47ed-afe1-e2f43a7cb6bb,720.0,reaction on travel!,4750.0,392646.0,18.0,1752158283.0,693236.0,3308.0,0650bb83-26b0-4884-8ae5-87c35b1c7bc7
720.0,bc173f0e-72de-47ed-afe1-e2f43a7cb6bb,720.0,unboxing on travel!,917.0,253113.63264767933,58.0,1748788683.0,608192.0,2535.6222222222223,292152d0-1fdf-49b8-8d96-28e7bd03d92d
720.0,74055d8e-635d-49d6-a97c-7341712910c8,720.0,challenge on fitness!,4434.0,390532.0,145.0,1749911883.0,36037.0,3133.0,720a5db7-44d8-483b-b256-73564ee36450
1080.0,74055d8e-635d-49d6-a97c-7341712910c8,1080.0,reaction on travel!,5597.0,15157.0,126.0,1752071883.0,336714.0,380.0,acbb9cf0-eab5-4907-9962-e581172f22d0
1080.0,74055d8e-635d-49d6-a97c-7341712910c8,1080.0,challenge on fashion!,9801.0,327648.0,51.0,1749479883.0,851333.0,4731.0,d5dc1fb9-aa7a-4cf7-8e84-c3d2d6d0ea6f
720.0,74055d8e-635d-49d6-a97c-7341712910c8,1080.0,challenge on tech!,2586.0,253113.63264767933,94.45944039501528,1751121483.0,968700.0,2424.0,5d4f718e-97e9-442d-9c93-7cf0c0dab5e1
720.0,74055d8e-635d-49d6-a97c-7341712910c8,720.0,review on fashion!,4698.0,439724.0,54.0,1749047883.0,494478.7454455933,2535.6222222222223,34686031-1a01-4304-b9b2-b9192c72456b
720.0,74055d8e-635d-49d6-a97c-7341712910c8,720.0,reaction on fashion!,9274.0,253113.63264767933,25.0,1751553483.0,601009.0,1253.0,75b6fcfe-4f95-4f24-b65b-1be5e63a0be8
1080.0,74055d8e-635d-49d6-a97c-7341712910c8,720.0,reaction on travel!,4999.513470681458,153088.0,107.0,1751467083.0,168169.0,2535.6222222222223,5fb43209-5d94-4e25-8b06-bd72bd725d8a
720.0,74055d8e-635d-49d6-a97c-7341712910c8,720.0,vlog on food!,3879.0,197925.0,151.0,1749047883.0,643438.0,2210.0,659303c7-6a12-4301-a894-1921d5dac1b3
720.0,74055d8e-635d-49d6-a97c-7341712910c8,1080.0,unboxing on beauty!,465.0,253113.63264767933,109.0,1749825483.0,790487.0,3996.0,e6a0b53c-978d-4bec-aef0-963d500a47a1
720.0,74055d8e-635d-49d6-a97c-7341712910c8,720.0,review on tech!,6118.0,253113.63264767933,51.0,1748875083.0,783562.0,3864.0,b10abcf5-4a1f-45bc-8d32-8261cf55d52b
1080.0,74055d8e-635d-49d6-a97c-7341712910c8,1080.0,review on food!,4594.0,256632.0,68.0,1748183883.0,759846.0,2535.6222222222223,ab901d78-224f-47e5-881e-933db265c87e
897.9699248120301,74055d8e-635d-49d6-a97c-7341712910c8,1080.0,review on beauty!,4304.0,46159.0,170.0,1748183883.0,61430.0,369.0,57040f51-dd56-4db7-a708-6b7b239e4939
720.0,74055d8e-635d-49d6-a97c-7341712910c8,1080.0,reaction on tech!,4793.0,78606.0,93.0,1749652683.0,801163.0,1154.0,072b368b-2c69-4fea-8848-f80ca58a743c
720.0,74055d8e-635d-49d6-a97c-7341712910c8,1080.0,unboxing on fitness!,7215.0,4958.0,157.0,1747838283.0,256775.0,2535.6222222222223,178aa2d4-7278-4dd2-b4d0-e973fe2f1745
1080.0,74055d8e-635d-49d6-a97c-7341712910c8,1080.0,unboxing on beauty!,1675.0,253113.63264767933,112.0,1748875083.0,879012.0,4782.0,c6ae1f92-b1a3-4b9c-a7ba-d2dacb86ad22
1080.0,74055d8e-635d-49d6-a97c-7341712910c8,720.0,reaction on beauty!,5071.0,394691.0,125.0,1749825483.0,535429.0,323.0,3cfba4d4-e846-450c-8066-b183a782d952
897.9699248120301,74055d8e-635d-49d6-a97c-7341712910c8,720.0,review on travel!,9894.0,253113.63264767933,75.0,1747838283.0,379405.0,1382.0,a312fdf6-019e-4c27-9072-83f188b880f6
1080.0,74055d8e-635d-49d6-a97c-7341712910c8,1080.0,review on food!,4999.513470681458,131596.0,160.0,1751035083.0,341891.0,4382.0,eef419e7-cbd0-4bd1-be23-42e3602e297f
1080.0,74055d8e-635d-49d6-a97c-7341712910c8,1080.0,challenge on beauty!,4999.513470681458,354456.0,111.0,1752244683.0,526457.0,2535.6222222222223,ccc1b92b-7b7e-4bd9-922d-bebd6d430dc5
1080.0,74055d8e-635d-49d6-a97c-7341712910c8,896.6165413533835,review on food!,4999.513470681458,137385.0,23.0,1751121483.0,237908.0,1572.0,a53c1b53-fdcf-47b5-82e9-9c2c3980ed08
1080.0,74055d8e-635d-49d6-a97c-7341712910c8,1080.0,vlog on fitness!,3882.0,229625.0,22.0,1749911883.0,506588.0,4143.0,95b624de-0633-4bdd-b0b0-2f2d52b552f1
1080.0,74055d8e-635d-49d6-a97c-7341712910c8,720.0,unboxing on beauty!,8297.0,197479.0,130.0,1752244683.0,675315.0,3588.0,09259968-d6b2-4e40-ba21-75043ed6e123
1080.0,74055d8e-635d-49d6-a97c-7341712910c8,720.0,reaction on tech!,1371.0,102047.0,175.0,1750603083.0,723996.0,1579.0,bfc09e0a-0925-4c8f-8101-5669b8d3708e
1080.0,74055d8e-635d-49d6-a97c-7341712910c8,720.0,review on food!,8754.0,253113.63264767933,84.0,1751467083.0,103688.0,1766.0,0106f268-654a-4424-860c-577b77b843ff
1080.0,6cd6a76a-de8c-47cb-8415-1e363f2f13a6,1080.0,unboxing on food!,9134.0,232745.0,125.0,1748443083.0,917754.0,2486.0,14d41eb9-a720-40ef-b5ec-0d10cfc50dfb
720.0,6cd6a76a-de8c-47cb-8415-1e363f2f13a6,1080.0,challenge on food!,4999.513470681458,65639.0,144.0,1752503883.0,473907.0,1493.0,bad7c710-e610-4e97-933c-a98b4d7d5807
720.0,6cd6a76a-de8c-47cb-8415-1e363f2f13a6,1080.0,reaction on fitness!,5878.0,253113.63264767933,42.0,1750689483.0,538256.0,3327.0,a1d9756a-2b78-4d84-b50f-f6a6fdb22d75
1080.0,6cd6a76a-de8c-47cb-8415-1e363f2f13a6,1080.0,challenge on beauty!,9259.0,55289.0,18.0,1749566283.0,150105.0,2535.6222222222223,766b0fe1-25b9-426e-a270-e35565b5d68f
1080.0,6cd6a76a-de8c-47cb-8415-1e363f2f13a6,720.0,unboxing on fashion!,143.0,93791.0,119.0,1748356683.0,64257.0,1371.0,79839fe2-e6d5-4785-b82c-ebb3dc80d8f6
1080.0,6cd6a76a-de8c-47cb-8415-1e363f2f13a6,1080.0,reaction on beauty!,150.0,253113.63264767933,126.0,1748183883.0,309790.0,4593.0,4dfade6d-48da-476b-9ceb-57144654a348
1080.0,6cd6a76a-de8c-47cb-8415-1e363f2f13a6,1080.0,challenge on beauty!,2823.0,20136.0,17.0,1747924683.0,293870.0,4514.0,c5146ebc-531c-4160-a57c-b22352d9a238
720.0,6cd6a76a-de8c-47cb-8415-1e363f2f13a6,1080.0,vlog on travel!,7229.0,260091.0,131.0,1747838283.0,571117.0,484.0,49916391-5125-46a8-9873-49d6c98bd5c6
720.0,6cd6a76a-de8c-47cb-8415-1e363f2f13a6,720.0,review on food!,2902.0,462139.0,48.0,1748183883.0,243030.0,2469.0,0fd61708-415c-44ff-bd27-e0bc241562aa
1080.0,6cd6a76a-de8c-47cb-8415-1e363f2f13a6,1080.0,reaction on food!,3167.0,364128.0,105.0,1749652683.0,581553.0,2535.6222222222223,942507f1-2271-42ed-b658-cb44ae63cb33
720.0,6cd6a76a-de8c-47cb-8415-1e363f2f13a6,1080.0,unboxing on travel!,29.0,253113.63264767933,66.0,1751726283.0,85960.0,2927.0,857949a3-6c4e-4dca-bd67-025d4b2f8127
1080.0,6cd6a76a-de8c-47cb-8415-1e363f2f13a6,896.6165413533835,challenge on fashion!,4999.513470681458,249614.0,33.0,1752676683.0,914861.0,3318.0,89719b64-3ca9-4c01-8f99-be582dcb494c
1080.0,6cd6a76a-de8c-47cb-8415-1e363f2f13a6,720.0,unboxing on travel!,511.0,66069.0,144.0,1751467083.0,19221.0,2037.0,ecda8007-b63b-4e92-80d6-f0bda44ee601
720.0,6cd6a76a-de8c-47cb-8415-1e363f2f13a6,1080.0,review on beauty!,6265.0,190417.0,35.0,1752158283.0,345948.0,1655.0,a6d4e326-8ab4-4f3c-89c4-f84aecb3760d
1080.0,6cd6a76a-de8c-47cb-8415-1e363f2f13a6,720.0,vlog on beauty!,7881.0,366615.0,168.0,1752935883.0,815975.0,3243.0,8ed09ee0-5574-4a93-8e05-4c5a1bf1b360
1080.0,6cd6a76a-de8c-47cb-8415-1e363f2f13a6,1080.0,challenge on travel!,5675.0,479651.0,115.0,1748097483.0,634881.0,266.0,ed118599-95e8-4d71-9359-d5dbe633b661
1080.0,6cd6a76a-de8c-47cb-8415-1e363f2f13a6,1080.0,challenge on tech!,9846.0,192073.0,60.0,1749739083.0,935029.0,3127.0,5135f809-9a95-4603-baf6-60164ad6e632
1080.0,6cd6a76a-de8c-47cb-8415-1e363f2f13a6,720.0,vlog on beauty!,2783.0,496205.0,160.0,1750948683.0,323025.0,946.0,ab416f68-0408-4cc4-a6fe-dc8485ed5777
720.0,6cd6a76a-de8c-47cb-8415-1e363f2f13a6,1080.0,vlog on fitness!,4929.0,253113.63264767933,34.0,1749307083.0,390449.0,4494.0,e00db5c6-06a4-451f-a71d-e52e5b970fd5
1080.0,6cd6a76a-de8c-47cb-8415-1e363f2f13a6,720.0,unboxing on travel!,9098.0,86080.0,46.0,1749220683.0,806128.0,4927.0,393a0a68-2932-4ffd-9e1d-36c3e5750a96
1080.0,6cd6a76a-de8c-47cb-8415-1e363f2f13a6,720.0,challenge on fashion!,4938.0,253113.63264767933,63.0,1750084683.0,429414.0,3714.0,c398c802-8006-4544-a4a5-fd9ada3a4a28
720.0,6cd6a76a-de8c-47cb-8415-1e363f2f13a6,1080.0,vlog on tech!,316.0,88861.0,54.0,1752158283.0,342276.0,4543.0,815a4a0f-f9a4-441e-b5a5-97a679258d73
1080.0,6cd6a76a-de8c-47cb-8415-1e363f2f13a6,720.0,review on beauty!,4507.0,399122.0,28.0,1749307083.0,602137.0,3976.0,81211d54-0772-4a76-8353-953558596bd4
1080.0,6cd6a76a-de8c-47cb-8415-1e363f2f13a6,1080.0,vlog on beauty!,4728.0,338252.0,176.0,1748615883.0,298872.0,2241.0,e16d1c5b-031b-4b43-9742-ade6102a5602
720.0,6cd6a76a-de8c-47cb-8415-1e363f2f13a6,896.6165413533835,challenge on fitness!,7348.0,318777.0,45.0,1749220683.0,232167.0,149.0,a8777a73-1587-4bde-9014-6522c72ee402
1080.0,6cd6a76a-de8c-47cb-8415-1e363f2f13a6,1080.0,unboxing on travel!,289.0,6524.0,180.0,1751899083.0,494478.7454455933,1168.0,490e90cd-e53d-4f7f-a87d-27677b6d1826
720.0,6cd6a76a-de8c-47cb-8415-1e363f2f13a6,1080.0,review on travel!,4999.513470681458,86266.0,61.0,1750775883.0,397758.0,967.0,13cc4ffa-1b4e-44d8-8395-745dd91bc158
720.0,6cd6a76a-de8c-47cb-8415-1e363f2f13a6,720.0,review on travel!,5915.0,253113.63264767933,149.0,1752417483.0,522485.0,2535.6222222222223,30f0ec3f-d327-40cd-8cbb-21965a751678
897.9699248120301,6cd6a76a-de8c-47cb-8415-1e363f2f13a6,720.0,unboxing on travel!,4999.513470681458,466608.0,63.0,1747838283.0,916642.0,4549.0,5fe28a03-487c-4d67-8087-f24d92415d98
1080.0,6cd6a76a-de8c-47cb-8415-1e363f2f13a6,1080.0,reaction on fitness!,4884.0,235080.0,73.0,1752676683.0,545106.0,2344.0,bc82b95f-107c-46b9-9419-7265a1f25b51
1080.0,c7ac3d32-5e9e-41e9-9054-a5dc35ef7e96,720.0,vlog on fitness!,5798.0,5987.0,14.0,1752935883.0,905016.0,311.0,6df18f71-5f4e-4c39-8025-2f7d4c020d3f
720.0,c7ac3d32-5e9e-41e9-9054-a5dc35ef7e96,1080.0,reaction on fitness!,2348.0,223541.0,16.0,1751639883.0,628518.0,1020.0,6a961d99-ce87-4458-a934-15cbfeee00cf
720.0,c7ac3d32-5e9e-41e9-9054-a5dc35ef7e96,720.0,unboxing on tech!,4366.0,319018.0,93.0,1751294283.0,927146.0,4326.0,adf8c1ec-397b-4abd-a57f-ad090df749c3
720.0,c7ac3d32-5e9e-41e9-9054-a5dc35ef7e96,1080.0,challenge on food!,7239.0,265873.0,85.0,1749739083.0,494478.7454455933,1629.0,1242c6d5-9fdf-4059-b627-758c4b381b3d
1080.0,c7ac3d32-5e9e-41e9-9054-a5dc35ef7e96,1080.0,vlog on food!,5568.0,275708.0,15.0,1748529483.0,609079.0,1864.0,0789c0af-e179-4f06-8f6c-df5097bdba79
720.0,c7ac3d32-5e9e-41e9-9054-a5dc35ef7e96,720.0,unboxing on travel!,4999.513470681458,253113.63264767933,20.0,1751380683.0,894206.0,2778.0,d0300633-c807-4330-8780-dcaead0666ab
897.9699248120301,c7ac3d32-5e9e-41e9-9054-a5dc35ef7e96,1080.0,challenge on tech!,9571.0,117221.0,58.0,1748615883.0,325372.0,4523.0,677f3653-b8f6-4ccf-be80-888a1670f497
720.0,c7ac3d32-5e9e-41e9-9054-a5dc35ef7e96,1080.0,unboxing on travel!,8983.0,178494.0,176.0,1753022283.0,381255.0,1382.0,f04828bb-ab88-40f4-99c2-56dbd2d58da0
720.0,c7ac3d32-5e9e-41e9-9054-a5dc35ef7e96,720.0,unboxing on fitness!,1166.0,434091.0,148.0,1748270283.0,732498.0,4668.0,05dc8bdf-dd2a-4f63-aa14-acd49534accc
720.0,c7ac3d32-5e9e-41e9-9054-a5dc35ef7e96,1080.0,review on travel!,4550.0,133749.0,40.0,1750437953.577738,579328.0,2535.6222222222223,10bd8c95-5384-4f83-98a3-2fc89d12f566
1080.0,c7ac3d32-5e9e-41e9-9054-a5dc35ef7e96,720.0,vlog on tech!,5143.0,253113.63264767933,158.0,1749047883.0,264382.0,99.0,bafbe378-65ab-4019-a936-de2267ed7cca
720.0,c7ac3d32-5e9e-41e9-9054-a5dc35ef7e96,1080.0,reaction on tech!,2488.0,288058.0,151.0,1752244683.0,315996.0,4277.0,74541928-b8a9-4dd1-ad27-44bc5ad4abe9
720.0,c7ac3d32-5e9e-41e9-9054-a5dc35ef7e96,1080.0,review on tech!,4999.513470681458,491769.0,64.0,1750862283.0,349291.0,1812.0,2c75bb57-2d87-40e7-9324-41d8fd38d917
720.0,c7ac3d32-5e9e-41e9-9054-a5dc35ef7e96,1080.0,unboxing on tech!,6226.0,358054.0,169.0,1749998283.0,702276.0,166.0,720bf8c0-1e1e-4e0d-b4f1-f1454b7550ae
720.0,c7ac3d32-5e9e-41e9-9054-a5dc35ef7e96,896.6165413533835,reaction on fashion!,4999.513470681458,253113.63264767933,57.0,1751467083.0,81267.0,2309.0,b99dfb6c-f831-4b23-899c-8a04e500cd7e
720.0,c7ac3d32-5e9e-41e9-9054-a5dc35ef7e96,1080.0,challenge on fashion!,5237.0,97308.0,126.0,1749479883.0,937894.0,1253.0,9280a9b0-2625-4153-b654-e85c6cc3e45e
720.0,c7ac3d32-5e9e-41e9-9054-a5dc35ef7e96,896.6165413533835,reaction on fitness!,6794.0,486009.0,67.0,1751553483.0,738430.0,1640.0,68c38439-601d-4170-a1a5-9ad9a67d01f5
720.0,c7ac3d32-5e9e-41e9-9054-a5dc35ef7e96,720.0,reaction on fitness!,9702.0,205724.0,77.0,1750171083.0,602305.0,467.0,2b9c5bac-02d6-407f-a233-e9d57a984d3f
720.0,c7ac3d32-5e9e-41e9-9054-a5dc35ef7e96,720.0,review on beauty!,4999.513470681458,103161.0,94.45944039501528,1752071883.0,160632.0,2483.0,e5876bba-b8d8-4060-ae69-b13a8439cd61
720.0,c7ac3d32-5e9e-41e9-9054-a5dc35ef7e96,1080.0,reaction on tech!,7607.0,359171.0,44.0,1749307083.0,383636.0,3527.0,8feb5efa-6473-46e1-a2e7-30b723454dbe
720.0,c7ac3d32-5e9e-41e9-9054-a5dc35ef7e96,1080.0,vlog on fashion!,8391.0,138817.0,94.45944039501528,1749566283.0,330487.0,3356.0,600b7f5c-3d00-4070-980c-6a4389926730
1080.0,c7ac3d32-5e9e-41e9-9054-a5dc35ef7e96,720.0,vlog on food!,1510.0,13451.0,38.0,1750084683.0,754675.0,2535.6222222222223,328bbc8c-b3ea-4d1d-940e-1abe7f130d00
1080.0,c7ac3d32-5e9e-41e9-9054-a5dc35ef7e96,720.0,challenge on fitness!,2914.0,456610.0,145.0,1751207883.0,725823.0,1182.0,0630b028-161e-4304-bab8-9224a0568c6a
720.0,c7ac3d32-5e9e-41e9-9054-a5dc35ef7e96,1080.0,vlog on food!,2036.0,253113.63264767933,58.0,1752158283.0,965236.0,3160.0,cce2ec4f-7b2d-4b87-b2a9-61a035874a18
1080.0,c7ac3d32-5e9e-41e9-9054-a5dc35ef7e96,720.0,vlog on fitness!,5932.0,169842.0,40.0,1752849483.0,494478.7454455933,2713.0,7d1b6de2-7658-413e-87df-19af290885be
720.0,c7ac3d32-5e9e-41e9-9054-a5dc35ef7e96,1080.0,review on tech!,8823.0,227725.0,43.0,1750343883.0,906866.0,4971.0,b3ecd544-5c55-48fc-a324-7ed6f738e3c0
720.0,c7ac3d32-5e9e-41e9-9054-a5dc35ef7e96,1080.0,review on food!,3699.0,293451.0,62.0,1749047883.0,315099.0,2376.0,1d507d2c-bca5-460c-bc00-0212ced1a00b
720.0,c7ac3d32-5e9e-41e9-9054-a5dc35ef7e96,1080.0,unboxing on tech!,7543.0,236228.0,19.0,1752071883.0,564412.0,2407.0,8d428f06-9e2a-40a4-b9de-3fcd1585bc39
1080.0,c7ac3d32-5e9e-41e9-9054-a5dc35ef7e96,720.0,reaction on fashion!,3702.0,190449.0,20.0,1749047883.0,427230.0,2480.0,1151888d-932e-4fde-b12b-9c22a51d0300
720.0,702e6df0-619a-4eb2-82a1-37a45fe35927,720.0,unboxing on travel!,2737.0,329984.0,44.0,1748011083.0,829075.0,759.0,612330ad-5489-45fb-bd10-ff417583a9b6
1080.0,702e6df0-619a-4eb2-82a1-37a45fe35927,1080.0,challenge on beauty!,8953.0,201496.0,85.0,1752503883.0,176075.0,4306.0,5e43b1ee-4ba9-45b6-9cca-30b9a33ec0db
720.0,702e6df0-619a-4eb2-82a1-37a45fe35927,1080.0,challenge on beauty!,2124.0,161879.0,55.0,1752158283.0,473786.0,2170.0,ecf590f7-0557-43c3-bc5b-7aa1c21d07c3
1080.0,702e6df0-619a-4eb2-82a1-37a45fe35927,720.0,challenge on fashion!,4999.513470681458,64308.0,158.0,1748702283.0,196622.0,2787.0,990d12c2-9d96-4fb8-872b-d2a5218de903
720.0,702e6df0-619a-4eb2-82a1-37a45fe35927,1080.0,unboxing on travel!,7277.0,198747.0,127.0,1748961483.0,540626.0,2535.6222222222223,60f26d52-3cca-41ac-b2ee-86f8db4a6056
1080.0,702e6df0-619a-4eb2-82a1-37a45fe35927,1080.0,unboxing on tech!,3461.0,45645.0,97.0,1751035083.0,653969.0,4245.0,c51f4e58-1880-4f9d-9874-77e029381289
1080.0,702e6df0-619a-4eb2-82a1-37a45fe35927,720.0,challenge on beauty!,5872.0,246367.0,39.0,1752590283.0,850737.0,4808.0,1d6c4a66-8f55-4c37-a19e-3cbde0e51784
720.0,702e6df0-619a-4eb2-82a1-37a45fe35927,1080.0,reaction on fashion!,4999.513470681458,114103.0,77.0,1751985483.0,883050.0,1652.0,1e3e09d5-10dc-4cbe-bb9c-abb71b9e41e8
720.0,702e6df0-619a-4eb2-82a1-37a45fe35927,720.0,vlog on fitness!,3932.0,408725.0,30.0,1752503883.0,768184.0,1846.0,acb8b78d-44e5-4c60-bc0c-6394d6a18fbe
1080.0,702e6df0-619a-4eb2-82a1-37a45fe35927,720.0,review on fashion!,3073.0,194911.0,28.0,1750689483.0,636154.0,297.0,7b9a6773-e751-461a-8131-2353bacd686b
720.0,702e6df0-619a-4eb2-82a1-37a45fe35927,1080.0,reaction on travel!,3553.0,101697.0,87.0,1749047883.0,317861.0,741.0,5e7f1c3c-002a-437a-ad59-2bc56eeb1c44
1080.0,702e6df0-619a-4eb2-82a1-37a45fe35927,1080.0,review on fitness!,2240.0,54692.0,112.0,1751467083.0,242187.0,3922.0,88f5aa00-7130-4b3f-a3d9-ba48ba497eb0
897.9699248120301,702e6df0-619a-4eb2-82a1-37a45fe35927,720.0,vlog on fitness!,1325.0,369123.0,124.0,1748615883.0,860454.0,4633.0,74b01099-f06f-4999-bb30-ffff5319dd6c
720.0,702e6df0-619a-4eb2-82a1-37a45fe35927,720.0,challenge on travel!,9684.0,329069.0,111.0,1749047883.0,202255.0,1194.0,cfcdd03d-4269-4dd9-be07-800f89e6c25e
720.0,702e6df0-619a-4eb2-82a1-37a45fe35927,720.0,vlog on beauty!,4999.513470681458,331471.0,132.0,1749393483.0,92049.0,266.0,af4421ff-45e3-4b0c-83ee-703dab6a5993
720.0,702e6df0-619a-4eb2-82a1-37a45fe35927,720.0,reaction on travel!,104.0,462375.0,94.45944039501528,1750084683.0,716461.0,4353.0,84bf140f-4540-47a1-9743-93367b9dc30f
720.0,702e6df0-619a-4eb2-82a1-37a45fe35927,720.0,reaction on fashion!,8073.0,228640.0,43.0,1752071883.0,285132.0,2535.6222222222223,e270ea0c-2537-4c35-b7f8-cc6283121384
720.0,702e6df0-619a-4eb2-82a1-37a45fe35927,720.0,unboxing on tech!,9717.0,253113.63264767933,146.0,1749911883.0,711400.0,3546.0,8133d7a7-0d5b-4105-9f2a-3df278897bef
1080.0,702e6df0-619a-4eb2-82a1-37a45fe35927,720.0,reaction on travel!,4681.0,360453.0,108.0,1752676683.0,233160.0,2443.0,8eabceec-3471-4a04-8f20-19a1141de9e2
720.0,702e6df0-619a-4eb2-82a1-37a45fe35927,1080.0,review on fitness!,4999.513470681458,182938.0,48.0,1751207883.0,654309.0,3113.0,97576691-d8da-49f5-9c50-8a4953fbf9dc
1080.0,702e6df0-619a-4eb2-82a1-37a45fe35927,720.0,challenge on fashion!,1120.0,154611.0,126.0,1750257483.0,494478.7454455933,2034.0,066e634b-6264-4aa4-9a87-4ed435e49287
720.0,702e6df0-619a-4eb2-82a1-37a45fe35927,720.0,reaction on fashion!,4999.513470681458,277822.0,113.0,1748097483.0,375601.0,2931.0,99b4ae21-2abf-45ba-bb80-fe81fac36f37
1080.0,702e6df0-619a-4eb2-82a1-37a45fe35927,896.6165413533835,reaction on travel!,9300.0,315831.0,31.0,1750257483.0,471333.0,4476.0,c9ad9927-3334-4e6a-8595-ee1d37cc7b31
1080.0,702e6df0-619a-4eb2-82a1-37a45fe35927,1080.0,challenge on travel!,2249.0,253113.63264767933,41.0,1752331083.0,341709.0,1221.0,47c1c40c-1a64-4936-b04f-bb66ef6ca388
720.0,702e6df0-619a-4eb2-82a1-37a45fe35927,720.0,vlog on fashion!,576.0,255913.0,136.0,1749047883.0,494478.7454455933,2535.6222222222223,8384fbd1-8546-48f6-aeee-ea12a3d05aca
720.0,702e6df0-619a-4eb2-82a1-37a45fe35927,720.0,vlog on food!,6045.0,207591.0,104.0,1751639883.0,740630.0,2237.0,9d08b9ec-6a90-4e59-ad57-de21ebd0c2a6
1080.0,702e6df0-619a-4eb2-82a1-37a45fe35927,720.0,reaction on fashion!,6095.0,381080.0,110.0,1752676683.0,131645.0,2535.6222222222223,fedbe0d3-27b5-48e3-b6eb-45493a58c481
1080.0,702e6df0-619a-4eb2-82a1-37a45fe35927,1080.0,challenge on fitness!,3537.0,205855.0,148.0,1747924683.0,851492.0,371.0,4377c97c-2f40-467a-b6de-5ba8c2f2e2ec
1080.0,702e6df0-619a-4eb2-82a1-37a45fe35927,720.0,review on tech!,4999.513470681458,136102.0,132.0,1751812683.0,220603.0,2535.6222222222223,3a5869cd-7f5a-4daa-9266-b19b1302ad82
1080.0,f87bf228-8aa4-41f0-90bf-2334c5e707cd,720.0,reaction on tech!,7410.0,453644.0,15.0,1750689483.0,743164.0,3013.0,79c644cc-5436-4f14-a3a2-5d9feb5d4709
1080.0,f87bf228-8aa4-41f0-90bf-2334c5e707cd,720.0,challenge on beauty!,8704.0,481435.0,35.0,1751726283.0,424986.0,113.0,0e323fd9-31c7-4e38-b183-f4e32f5c02a4
1080.0,f87bf228-8aa4-41f0-90bf-2334c5e707cd,720.0,reaction on tech!,4999.513470681458,224774.0,121.0,1752763083.0,811493.0,3637.0,6f33e5ab-f58a-4f7d-8b35-432ae8ddd240
1080.0,f87bf228-8aa4-41f0-90bf-2334c5e707cd,720.0,vlog on fashion!,2869.0,88135.0,97.0,1750516683.0,716123.0,3454.0,f16ea509-2ea3-48c2-9c4c-c92179218e78
1080.0,f87bf228-8aa4-41f0-90bf-2334c5e707cd,720.0,vlog on food!,4905.0,253113.63264767933,157.0,1748529483.0,241440.0,1009.0,90969660-d866-42ee-bf6b-1fcbb64c2e0a
1080.0,f87bf228-8aa4-41f0-90bf-2334c5e707cd,1080.0,reaction on fashion!,8466.0,253113.63264767933,90.0,1751207883.0,767941.0,285.0,d36f83e3-5086-4c12-af15-9b0e791c55fb
720.0,f87bf228-8aa4-41f0-90bf-2334c5e707cd,720.0,reaction on fitness!,9659.0,166504.0,46.0,1752763083.0,669442.0,2535.6222222222223,96ab9a6d-04f0-4705-8cfc-239d7ec2157f
1080.0,f87bf228-8aa4-41f0-90bf-2334c5e707cd,720.0,vlog on food!,1663.0,88621.0,142.0,1749134283.0,494478.7454455933,2259.0,0c6882c7-ade7-433f-9c4d-3b6918f0471a
720.0,f87bf228-8aa4-41f0-90bf-2334c5e707cd,896.6165413533835,review on fashion!,5439.0,253113.63264767933,116.0,1750603083.0,264445.0,2535.6222222222223,6ad1a3f4-24bc-4d97-bb7f-4915dc0f4267
720.0,f87bf228-8aa4-41f0-90bf-2334c5e707cd,1080.0,vlog on fitness!,5065.0,253113.63264767933,125.0,1751380683.0,996150.0,2720.0,386b446c-65ef-498c-8c10-acb377cd30de
1080.0,f87bf228-8aa4-41f0-90bf-2334c5e707cd,720.0,reaction on fashion!,682.0,135116.0,33.0,1752417483.0,194824.0,4173.0,5a0a1e89-8ee9-4dac-88b8-0f0f1c61eb10
1080.0,f87bf228-8aa4-41f0-90bf-2334c5e707cd,1080.0,reaction on travel!,9391.0,253113.63264767933,28.0,1751985483.0,272351.0,4270.0,9b31fd4e-c818-4c6c-825c-28b12cf3ff21
1080.0,f87bf228-8aa4-41f0-90bf-2334c5e707cd,720.0,reaction on tech!,7024.0,253113.63264767933,180.0,1749047883.0,85319.0,540.0,39482546-9429-4de5-af14-89eba7383b7c
1080.0,f87bf228-8aa4-41f0-90bf-2334c5e707cd,720.0,vlog on tech!,361.0,253113.63264767933,130.0,1751899083.0,625699.0,2535.6222222222223,bb057ed7-0c67-47b6-a041-9f6bf07455f1
897.9699248120301,f87bf228-8aa4-41f0-90bf-2334c5e707cd,720.0,challenge on fashion!,5783.0,409720.0,99.0,1751553483.0,189641.0,1027.0,f0095148-4f1f-4fcc-b590-305322d00856
1080.0,f87bf228-8aa4-41f0-90bf-2334c5e707cd,720.0,reaction on fashion!,4151.0,253113.63264767933,153.0,1751726283.0,661845.0,1909.0,c4eafd98-92bf-406f-8e14-8a1fc789a855
1080.0,1dfb37d7-f388-4d8e-9a4b-b777f4851c24,720.0,vlog on fitness!,8260.0,207230.0,49.0,1749047883.0,247398.0,1644.0,50797c96-7b6f-4c4b-bc4f-bc4d65a5a43f
1080.0,1dfb37d7-f388-4d8e-9a4b-b777f4851c24,720.0,reaction on fitness!,8025.0,245713.0,31.0,1752763083.0,6089.0,4392.0,6b6477a5-755f-4431-9c45-67bdd5a3ac00
897.9699248120301,1dfb37d7-f388-4d8e-9a4b-b777f4851c24,720.0,vlog on travel!,6917.0,412916.0,145.0,1751207883.0,289922.0,534.0,e849e3e7-d372-47ab-95f9-5345aecbfd39
720.0,1dfb37d7-f388-4d8e-9a4b-b777f4851c24,720.0,unboxing on fitness!,47.0,90301.0,117.0,1751553483.0,494478.7454455933,1712.0,0a22d64a-200f-4f17-bf0f-4c39dfee2a23
720.0,1dfb37d7-f388-4d8e-9a4b-b777f4851c24,1080.0,unboxing on fitness!,8564.0,253113.63264767933,41.0,1748961483.0,619687.0,3417.0,4197c776-7328-4334-8f42-27b1607665db
1080.0,1dfb37d7-f388-4d8e-9a4b-b777f4851c24,720.0,challenge on fitness!,5901.0,253113.63264767933,21.0,1751553483.0,635385.0,3575.0,024ed4c1-e9dd-4125-af2b-55b29f6e757a
1080.0,1dfb37d7-f388-4d8e-9a4b-b777f4851c24,1080.0,reaction on beauty!,646.0,156590.0,80.0,1751467083.0,294035.0,2535.6222222222223,9f004471-59c9-4854-82fc-925f05542aa8
720.0,1dfb37d7-f388-4d8e-9a4b-b777f4851c24,720.0,review on fashion!,8656.0,386878.0,109.0,1751380683.0,74933.0,1559.0,1d8a9178-835d-48ad-ac9f-a62b9cef02a4
1080.0,1dfb37d7-f388-4d8e-9a4b-b777f4851c24,1080.0,reaction on fashion!,4999.513470681458,81078.0,123.0,1749652683.0,494478.7454455933,318.0,3900e3c3-5b23-482e-88f7-d7b3c8ac37b0
720.0,1dfb37d7-f388-4d8e-9a4b-b777f4851c24,1080.0,vlog on food!,4999.513470681458,398182.0,13.0,1750257483.0,605832.0,2578.0,ff587c30-f67e-4c35-830c-dcb3efa02687
720.0,1dfb37d7-f388-4d8e-9a4b-b777f4851c24,1080.0,review on tech!,4486.0,81306.0,10.0,1749652683.0,690211.0,1633.0,2ddc665c-836f-4555-8440-a0c823b1ed51
1080.0,1dfb37d7-f388-4d8e-9a4b-b777f4851c24,720.0,review on food!,4999.513470681458,14517.0,115.0,1752763083.0,864971.0,631.0,fa5cb513-b3d1-46b3-8599-147fb8609dad
720.0,1dfb37d7-f388-4d8e-9a4b-b777f4851c24,720.0,reaction on fashion!,4999.513470681458,369871.0,22.0,1752071883.0,278515.0,4478.0,cdb11471-3bea-4069-ab26-87ffd52b64bd
1080.0,1dfb37d7-f388-4d8e-9a4b-b777f4851c24,1080.0,review on fitness!,1594.0,253113.63264767933,126.0,1750689483.0,312565.0,2977.0,ca3b4038-2903-4e6e-ba00-c67eaa02b5fb
1080.0,1dfb37d7-f388-4d8e-9a4b-b777f4851c24,720.0,challenge on beauty!,6602.0,76245.0,109.0,1750862283.0,389412.0,4808.0,31ad1d82-6a9a-4002-a9d4-ecf2d60d7a72
1080.0,1dfb37d7-f388-4d8e-9a4b-b777f4851c24,720.0,challenge on fitness!,6657.0,253113.63264767933,150.0,1749220683.0,886604.0,1276.0,f68fcf20-1041-487d-ae7c-c48e343cae38
720.0,1dfb37d7-f388-4d8e-9a4b-b777f4851c24,1080.0,unboxing on fitness!,2453.0,140672.0,39.0,1751294283.0,494478.7454455933,820.0,684bb64d-24c1-4ae2-aa62-0f06dcee3cf3
720.0,8e7efba4-5787-430a-a4af-93edbad9a407,720.0,unboxing on food!,3894.0,219217.0,123.0,1752503883.0,72864.0,2924.0,b8097c57-d687-4160-a2d2-fc3edda022f1
1080.0,8e7efba4-5787-430a-a4af-93edbad9a407,1080.0,review on travel!,1277.0,443376.0,62.0,1750689483.0,494478.7454455933,1569.0,d356acba-73e4-4da9-88f1-5a17d6964dac
720.0,8e7efba4-5787-430a-a4af-93edbad9a407,1080.0,vlog on food!,2094.0,123818.0,140.0,1747838283.0,138552.0,4562.0,8246993f-66f2-416e-a82a-9de9ffa59d6a
720.0,8e7efba4-5787-430a-a4af-93edbad9a407,720.0,challenge on food!,6925.0,253113.63264767933,43.0,1752417483.0,341818.0,591.0,f27a6d2c-3eea-4977-89b0-d0477e89bd07
1080.0,8e7efba4-5787-430a-a4af-93edbad9a407,720.0,reaction on travel!,4999.513470681458,150581.0,87.0,1752763083.0,844889.0,3941.0,0e938492-ada6-4aed-929c-e77dfb7911ad
720.0,8e7efba4-5787-430a-a4af-93edbad9a407,720.0,review on beauty!,5863.0,253113.63264767933,166.0,1750257483.0,51339.0,2349.0,a4035e14-b7b3-44cf-92a6-824b9a89a412
1080.0,8e7efba4-5787-430a-a4af-93edbad9a407,720.0,review on fitness!,4971.0,477957.0,139.0,1750257483.0,965218.0,3926.0,2e8d9317-d4c4-4292-a41f-82edf23cbc09
720.0,8e7efba4-5787-430a-a4af-93edbad9a407,720.0,unboxing on fitness!,3562.0,52502.0,93.0,1751035083.0,530870.0,1527.0,f10026bc-3626-4cba-80d8-b15d955e9389
1080.0,8e7efba4-5787-430a-a4af-93edbad9a407,720.0,review on food!,4498.0,36690.0,32.0,1751726283.0,743664.0,4886.0,f911e6dc-a10c-4214-a70f-3695eebbd741
1080.0,8e7efba4-5787-430a-a4af-93edbad9a407,720.0,unboxing on beauty!,9119.0,193449.0,73.0,1749825483.0,162975.0,3819.0,2ba6fae3-50f8-4481-8256-4d8d9ac7ab37
720.0,8e7efba4-5787-430a-a4af-93edbad9a407,1080.0,review on fitness!,2830.0,353825.0,152.0,1748443083.0,462216.0,1369.0,74192ca6-1b3f-4167-bdac-f41e3d031957
720.0,8e7efba4-5787-430a-a4af-93edbad9a407,720.0,reaction on travel!,4999.513470681458,41931.0,155.0,1751035083.0,419454.0,1271.0,0ac5e79d-8930-428c-9392-c3d45e0feec6
1080.0,8e7efba4-5787-430a-a4af-93edbad9a407,1080.0,vlog on beauty!,1325.0,78782.0,140.0,1748356683.0,211182.0,2027.0,8291c814-e0d6-4f03-878b-0231837688a0
720.0,8e7efba4-5787-430a-a4af-93edbad9a407,1080.0,challenge on fitness!,808.0,421311.0,113.0,1749220683.0,3414.0,999.0,b0c288c2-5978-408b-8952-26f2516f16d7
720.0,8e7efba4-5787-430a-a4af-93edbad9a407,720.0,vlog on tech!,7886.0,154382.0,24.0,1749047883.0,536034.0,3071.0,86a8d870-9532-4f63-ad88-c837b86a9f55
720.0,8e7efba4-5787-430a-a4af-93edbad9a407,720.0,review on food!,4999.513470681458,370935.0,111.0,1752849483.0,111266.0,4141.0,e80dc000-f878-44b9-86dc-d923f60b0875
720.0,8e7efba4-5787-430a-a4af-93edbad9a407,720.0,unboxing on fitness!,6112.0,278519.0,20.0,1752849483.0,948729.0,4459.0,70dde3e3-fde3-4f04-92dd-8416244bbc95
720.0,8e7efba4-5787-430a-a4af-93edbad9a407,1080.0,challenge on travel!,9938.0,163266.0,111.0,1750516683.0,489811.0,777.0,9c58b5ae-4d19-410d-8442-593103d44620
720.0,d56b93f9-d329-45e4-a79a-e4bf7922ad7c,1080.0,reaction on travel!,5111.0,247738.0,151.0,1749998283.0,68782.0,2535.6222222222223,2c863f3e-db8c-402d-9095-cf8683d40f0c
1080.0,d56b93f9-d329-45e4-a79a-e4bf7922ad7c,1080.0,challenge on tech!,4212.0,3237.0,31.0,1752763083.0,511428.0,635.0,056d31f5-f2df-48ba-8f3a-12aabb3f47eb
720.0,d56b93f9-d329-45e4-a79a-e4bf7922ad7c,1080.0,unboxing on travel!,7190.0,349719.0,42.0,1751985483.0,993937.0,1428.0,fef80116-cfac-4371-a132-d8e2667d8804
1080.0,d56b93f9-d329-45e4-a79a-e4bf7922ad7c,720.0,challenge on fitness!,4395.0,191151.0,12.0,1752158283.0,868247.0,859.0,b4316c25-fff2-4b0d-9697-65fdf56f5a4a
720.0,d56b93f9-d329-45e4-a79a-e4bf7922ad7c,720.0,unboxing on travel!,9524.0,425882.0,94.45944039501528,1748702283.0,663606.0,2535.6222222222223,010ebf5b-33fb-442c-8b79-790d6fd2b478
1080.0,d56b93f9-d329-45e4-a79a-e4bf7922ad7c,720.0,challenge on fashion!,3450.0,25988.0,158.0,1752071883.0,383570.0,2062.0,95099bbc-b3ff-482b-a4f6-9db882d9b4e2
897.9699248120301,d56b93f9-d329-45e4-a79a-e4bf7922ad7c,1080.0,unboxing on travel!,8262.0,253113.63264767933,66.0,1748356683.0,464133.0,1165.0,c10a6c78-8c51-45a8-904f-749acb5352fe
1080.0,d56b93f9-d329-45e4-a79a-e4bf7922ad7c,1080.0,reaction on beauty!,8644.0,368184.0,69.0,1751639883.0,456986.0,2377.0,392fc7d3-b5cd-475d-9214-e52fccfea5f2
1080.0,d56b93f9-d329-45e4-a79a-e4bf7922ad7c,1080.0,reaction on food!,7627.0,334730.0,53.0,1748443083.0,292714.0,2535.6222222222223,55034618-be85-43dc-b73d-91caac70b9e7
1080.0,d56b93f9-d329-45e4-a79a-e4bf7922ad7c,1080.0,review on tech!,9615.0,266934.0,57.0,1750430283.0,328235.0,4265.0,ae97eba4-d129-43ee-8bcd-d7a15b0474a6
720.0,d56b93f9-d329-45e4-a79a-e4bf7922ad7c,1080.0,reaction on fitness!,561.0,403603.0,94.0,1751380683.0,118787.0,2535.6222222222223,691d2ea0-f1fe-4600-9fc2-c584a9bfe14c
720.0,d56b93f9-d329-45e4-a79a-e4bf7922ad7c,1080.0,reaction on beauty!,9106.0,150750.0,45.0,1753022283.0,767138.0,4966.0,9431d9e4-1a1b-481f-81fa-b3b3fcdb7e15
1080.0,d56b93f9-d329-45e4-a79a-e4bf7922ad7c,720.0,vlog on fitness!,8684.0,253113.63264767933,36.0,1749479883.0,991288.0,3289.0,3ebabcd4-b2c0-4087-8827-989a710077b4
720.0,d56b93f9-d329-45e4-a79a-e4bf7922ad7c,720.0,challenge on fitness!,7245.0,253113.63264767933,160.0,1751121483.0,537571.0,4185.0,f6a4a2a7-a7f5-46ab-ad29-1422dfb8d2e4
720.0,d56b93f9-d329-45e4-a79a-e4bf7922ad7c,1080.0,challenge on travel!,1436.0,203700.0,147.0,1748529483.0,565525.0,3904.0,0000565a-d999-4315-acdc-e0c31b82437b
720.0,d56b93f9-d329-45e4-a79a-e4bf7922ad7c,720.0,vlog on beauty!,4708.0,470983.0,138.0,1748788683.0,468149.0,3938.0,984700bd-275e-438a-a0ab-2b13298ae4e9
1080.0,d56b93f9-d329-45e4-a79a-e4bf7922ad7c,1080.0,challenge on food!,4391.0,148629.0,32.0,1751207883.0,31241.0,397.0,38ec0770-6eed-4753-b430-69fb0fe2a3d8
1080.0,d56b93f9-d329-45e4-a79a-e4bf7922ad7c,720.0,review on fitness!,5223.0,64941.0,178.0,1750516683.0,724720.0,4553.0,db4de6a8-ef00-408c-8b13-b6cbed5394df
1080.0,d56b93f9-d329-45e4-a79a-e4bf7922ad7c,720.0,review on beauty!,4999.513470681458,48122.0,68.0,1749220683.0,206714.0,2165.0,bde8a011-6888-4681-be7d-397c506eba9e
1080.0,d56b93f9-d329-45e4-a79a-e4bf7922ad7c,1080.0,review on fitness!,558.0,271214.0,21.0,1749134283.0,679554.0,1826.0,457d38d9-941f-438a-92a8-a76906e60184
897.9699248120301,d56b93f9-d329-45e4-a79a-e4bf7922ad7c,1080.0,vlog on beauty!,5234.0,320198.0,133.0,1751812683.0,33416.0,1669.0,0eea8f09-681c-41e2-92dc-5db945adfbaf
720.0,d56b93f9-d329-45e4-a79a-e4bf7922ad7c,720.0,review on tech!,4303.0,331241.0,174.0,1749307083.0,128197.0,4543.0,ceefd26e-12bc-45b2-84ea-0dab1148e413
720.0,d56b93f9-d329-45e4-a79a-e4bf7922ad7c,720.0,unboxing on beauty!,5850.0,186360.0,122.0,1749220683.0,104536.0,2651.0,a00b22fa-a2e5-4225-92a6-312ad4d93efd
1080.0,d56b93f9-d329-45e4-a79a-e4bf7922ad7c,1080.0,challenge on fitness!,2889.0,249573.0,47.0,1751639883.0,494478.7454455933,842.0,3cf0d01f-6580-4019-af46-db4220fdfbd3
720.0,d56b93f9-d329-45e4-a79a-e4bf7922ad7c,1080.0,reaction on food!,6546.0,282688.0,135.0,1751294283.0,632655.0,778.0,228d3692-7392-49fd-9fb2-10f4d1da5d1f
720.0,d56b93f9-d329-45e4-a79a-e4bf7922ad7c,720.0,challenge on travel!,4999.513470681458,74813.0,83.0,1748183883.0,492447.0,2581.0,9efa4dbf-0197-48c8-95e4-14d584534e2a
1080.0,d56b93f9-d329-45e4-a79a-e4bf7922ad7c,1080.0,vlog on fitness!,7238.0,253113.63264767933,116.0,1750948683.0,499606.0,3175.0,71e62246-e06f-4c4a-be40-7f36c14e0681
720.0,d56b93f9-d329-45e4-a79a-e4bf7922ad7c,1080.0,unboxing on beauty!,6364.0,219176.0,88.0,1753022283.0,111319.0,2991.0,48f5e202-2158-4355-8277-ee3030c0ff2a
1080.0,d56b93f9-d329-45e4-a79a-e4bf7922ad7c,896.6165413533835,review on tech!,9937.0,253113.63264767933,99.0,1749652683.0,78551.0,4045.0,7abdff61-48bd-4d7a-a4fa-9019f24fccc2
720.0,88d8d86d-01e2-4a08-80f4-a9abea3e84f8,1080.0,reaction on food!,311.0,48781.0,66.0,1749911883.0,494478.7454455933,2300.0,0c710567-b345-4bda-aa71-9cc427a40f41
1080.0,88d8d86d-01e2-4a08-80f4-a9abea3e84f8,1080.0,unboxing on travel!,2867.0,253113.63264767933,138.0,1750862283.0,299925.0,4587.0,d77d2e89-a655-4890-a70c-1da0c5fa5688
720.0,88d8d86d-01e2-4a08-80f4-a9abea3e84f8,1080.0,unboxing on tech!,7871.0,253113.63264767933,111.0,1751294283.0,728862.0,4153.0,0ae82f38-5fd9-49b2-9c88-80cc929de9bb
1080.0,88d8d86d-01e2-4a08-80f4-a9abea3e84f8,1080.0,reaction on fashion!,960.0,360237.0,156.0,1749652683.0,526183.0,4691.0,67e44823-6f0e-4194-b8fc-1180b54973bd
720.0,88d8d86d-01e2-4a08-80f4-a9abea3e84f8,1080.0,reaction on fitness!,2871.0,111215.0,67.0,1751726283.0,65247.0,1534.0,7887fae0-231a-4dfe-884c-2085a1dfb097
720.0,88d8d86d-01e2-4a08-80f4-a9abea3e84f8,720.0,reaction on fashion!,3418.0,360051.0,130.0,1752590283.0,321440.0,1969.0,777d9bbb-a3e6-4e44-a3a7-ccad389abd9d
720.0,88d8d86d-01e2-4a08-80f4-a9abea3e84f8,720.0,unboxing on fashion!,1556.0,465226.0,140.0,1750171083.0,494478.7454455933,961.0,7f60cc49-21b9-49d2-92b4-932371ed734d
720.0,88d8d86d-01e2-4a08-80f4-a9abea3e84f8,720.0,unboxing on tech!,9582.0,136956.0,102.0,1751726283.0,759075.0,798.0,921bf0e3-20bb-47b8-bf1c-8e016b4a3129
1080.0,88d8d86d-01e2-4a08-80f4-a9abea3e84f8,720.0,unboxing on food!,4586.0,275495.0,132.0,1750516683.0,168992.0,2662.0,a2608827-3817-4b8c-97ad-4309dead43ac
720.0,88d8d86d-01e2-4a08-80f4-a9abea3e84f8,720.0,reaction on fitness!,4999.513470681458,228773.0,41.0,1749134283.0,296894.0,3466.0,25f141ad-bd93-48d3-8213-497cc1d98c66
720.0,88d8d86d-01e2-4a08-80f4-a9abea3e84f8,1080.0,review on food!,8096.0,318768.0,160.0,1751294283.0,494478.7454455933,1969.0,0f6cff41-1b3f-450f-8b40-fec5eaa97bc6
1080.0,88d8d86d-01e2-4a08-80f4-a9abea3e84f8,1080.0,challenge on travel!,4999.513470681458,335863.0,174.0,1751639883.0,420114.0,2412.0,4d0dc7df-7534-476d-a8bc-797166445058
1080.0,88d8d86d-01e2-4a08-80f4-a9abea3e84f8,1080.0,unboxing on food!,1181.0,387284.0,143.0,1750257483.0,90044.0,1264.0,5613f1e4-a475-4893-8ae8-0fb785e992c4
1080.0,88d8d86d-01e2-4a08-80f4-a9abea3e84f8,1080.0,challenge on beauty!,4999.513470681458,64313.0,131.0,1748183883.0,494478.7454455933,2915.0,ed403cb1-9c06-475e-b3de-950c3dad33de
1080.0,88d8d86d-01e2-4a08-80f4-a9abea3e84f8,1080.0,challenge on fashion!,4999.513470681458,46554.0,87.0,1752244683.0,177736.0,2535.6222222222223,4a0deea6-92a8-4c76-85d1-89ab65fef574
720.0,88d8d86d-01e2-4a08-80f4-a9abea3e84f8,1080.0,challenge on food!,4999.513470681458,284897.0,94.45944039501528,1748529483.0,312517.0,2104.0,03df370a-1ef0-4e0a-941c-3c8aedb1ace0
1080.0,88d8d86d-01e2-4a08-80f4-a9abea3e84f8,720.0,reaction on beauty!,2666.0,291066.0,167.0,1748961483.0,274744.0,1870.0,179a1be6-aca7-4409-937d-2a1252c0de34
1080.0,88d8d86d-01e2-4a08-80f4-a9abea3e84f8,1080.0,challenge on tech!,688.0,465445.0,171.0,1750343883.0,849404.0,2460.0,023362b8-0c4a-4a61-9e53-7a0bf9321204
1080.0,88d8d86d-01e2-4a08-80f4-a9abea3e84f8,720.0,vlog on travel!,4045.0,454265.0,170.0,1748961483.0,460258.0,2381.0,04ff8482-47f8-45cb-9798-78b0a09c7bfe
720.0,88d8d86d-01e2-4a08-80f4-a9abea3e84f8,1080.0,challenge on food!,1153.0,253113.63264767933,67.0,1748702283.0,529411.0,2396.0,097ee107-1e01-4dfa-979b-ce7179ac2483
897.9699248120301,88d8d86d-01e2-4a08-80f4-a9abea3e84f8,720.0,unboxing on beauty!,7182.0,351017.0,57.0,1751467083.0,562929.0,4123.0,691d62b1-64c4-4b30-bf72-4496ca9c5dd6
897.9699248120301,88d8d86d-01e2-4a08-80f4-a9abea3e84f8,720.0,unboxing on food!,3986.0,404767.0,145.0,1751812683.0,147008.0,2535.6222222222223,7e263ca4-a739-47dc-8b97-d79af7e95a83
1080.0,1200986d-d4ab-4391-819c-b62fe15cd20f,1080.0,unboxing on tech!,9968.0,209705.0,90.0,1751726283.0,961648.0,786.0,c0af1794-2c92-4e02-95b9-82367c700a60
1080.0,1200986d-d4ab-4391-819c-b62fe15cd20f,1080.0,vlog on fitness!,7886.0,8443.0,12.0,1751639883.0,404590.0,3568.0,17150efb-5305-4e59-a757-744c17dff5c9
897.9699248120301,1200986d-d4ab-4391-819c-b62fe15cd20f,720.0,unboxing on fashion!,354.0,180339.0,33.0,1749566283.0,511331.0,3530.0,8d0daa44-e10f-47a8-b221-493b7b5a744b
720.0,1200986d-d4ab-4391-819c-b62fe15cd20f,1080.0,review on food!,7386.0,474229.0,155.0,1749911883.0,132857.0,3417.0,7bb6f446-e1ea-4a0c-892c-51b5017913eb
720.0,1200986d-d4ab-4391-819c-b62fe15cd20f,720.0,unboxing on food!,3150.0,154374.0,36.0,1749220683.0,899018.0,2205.0,8d626570-a168-4a4f-9dab-46116b2abcb1
1080.0,1200986d-d4ab-4391-819c-b62fe15cd20f,720.0,review on tech!,4999.513470681458,63016.0,35.0,1749307083.0,417899.0,4131.0,861100bb-069f-40a5-a821-a179ea64d091
720.0,1200986d-d4ab-4391-819c-b62fe15cd20f,1080.0,challenge on fitness!,9857.0,263032.0,159.0,1748788683.0,501648.0,4007.0,8b00d46b-13b5-4da3-bd3f-a6a8ded7f985
1080.0,1200986d-d4ab-4391-819c-b62fe15cd20f,1080.0,vlog on tech!,2735.0,268312.0,94.45944039501528,1749825483.0,494478.7454455933,4079.0,37e5932d-435d-4287-968f-282a4dbbca89
1080.0,1200986d-d4ab-4391-819c-b62fe15cd20f,720.0,vlog on beauty!,3166.0,467473.0,98.0,1748529483.0,774313.0,2821.0,0101c1e3-6b5a-49de-93c0-390b0e5104a5
1080.0,1200986d-d4ab-4391-819c-b62fe15cd20f,1080.0,unboxing on fashion!,967.0,102552.0,19.0,1751380683.0,494478.7454455933,669.0,1ee9853f-460e-4dda-9b58-4eba5f307539
1080.0,1200986d-d4ab-4391-819c-b62fe15cd20f,720.0,vlog on food!,4877.0,327806.0,153.0,1750171083.0,494478.7454455933,550.0,271bbeb7-e423-4ac4-b2c4-30c7c2df29d4
897.9699248120301,1200986d-d4ab-4391-819c-b62fe15cd20f,1080.0,unboxing on tech!,5625.0,57745.0,177.0,1750516683.0,201042.0,4940.0,1febf420-ca88-4e43-9dc3-95359eaf8888
720.0,1200986d-d4ab-4391-819c-b62fe15cd20f,1080.0,reaction on travel!,7713.0,448359.0,77.0,1751294283.0,167206.0,2535.6222222222223,d8dc9e18-5ee2-4c73-bfce-e7622d3ee6d9
720.0,1200986d-d4ab-4391-819c-b62fe15cd20f,896.6165413533835,review on fashion!,1919.0,253113.63264767933,79.0,1751035083.0,350660.0,2996.0,21e1d46f-735c-4e04-a79e-fa6566a75969
1080.0,1200986d-d4ab-4391-819c-b62fe15cd20f,1080.0,review on travel!,4999.513470681458,22487.0,125.0,1748875083.0,450934.0,4700.0,95a3b6c9-611e-4885-bde3-bced4f50216a
720.0,1200986d-d4ab-4391-819c-b62fe15cd20f,896.6165413533835,challenge on tech!,6009.0,274482.0,143.0,1750862283.0,27426.0,645.0,6c6beebb-99d3-4cbf-9e17-0a0db33b637b
1080.0,1200986d-d4ab-4391-819c-b62fe15cd20f,720.0,vlog on tech!,7491.0,26040.0,49.0,1751812683.0,494478.7454455933,2509.0,8adf55be-120f-4962-9a69-45e2b135adb9
720.0,1200986d-d4ab-4391-819c-b62fe15cd20f,720.0,vlog on tech!,9173.0,259798.0,86.0,1748443083.0,625448.0,3531.0,6a87a8b7-7696-42f1-8e86-5ba6cf3556c8
720.0,88fab9f8-d82c-49ae-90af-135eba0035d1,1080.0,unboxing on food!,9100.0,354602.0,94.45944039501528,1749566283.0,879741.0,2233.0,316806fd-bed7-46b6-95fa-74a3f19136c4
720.0,88fab9f8-d82c-49ae-90af-135eba0035d1,1080.0,reaction on travel!,7000.0,73254.0,156.0,1749998283.0,906812.0,3243.0,8a9b1574-8a60-44a4-b5b0-10d7e88060fc
1080.0,88fab9f8-d82c-49ae-90af-135eba0035d1,720.0,unboxing on travel!,2079.0,444436.0,84.0,1751035083.0,494478.7454455933,4857.0,a6e16a2f-af2e-4eff-b4c7-197b009e1387
1080.0,88fab9f8-d82c-49ae-90af-135eba0035d1,720.0,challenge on travel!,2668.0,253113.63264767933,175.0,1749739083.0,844285.0,2535.6222222222223,36dc8a20-6a3e-4c60-87b3-bc0f078d16b6
1080.0,88fab9f8-d82c-49ae-90af-135eba0035d1,896.6165413533835,vlog on tech!,12.0,143304.0,80.0,1752590283.0,6262.0,540.0,2dd8f26b-0214-40bb-9770-1ae70494a8c7
720.0,88fab9f8-d82c-49ae-90af-135eba0035d1,1080.0,unboxing on tech!,1729.0,253113.63264767933,53.0,1748615883.0,697507.0,613.0,8c448746-d5ce-42c2-b055-9c02dc898bf0
1080.0,88fab9f8-d82c-49ae-90af-135eba0035d1,1080.0,reaction on travel!,8671.0,225986.0,125.0,1748615883.0,789428.0,737.0,c1388f8a-b4db-4776-95d2-f5d33f05a938
720.0,88fab9f8-d82c-49ae-90af-135eba0035d1,1080.0,review on fitness!,6884.0,201035.0,68.0,1752244683.0,573407.0,2608.0,408fcc26-dda7-44b5-9cdf-4355d448f809
1080.0,88fab9f8-d82c-49ae-90af-135eba0035d1,720.0,review on fitness!,5904.0,474890.0,89.0,1748961483.0,489829.0,4321.0,206587cd-cd85-4c4f-a812-c5e1dbf78282
720.0,88fab9f8-d82c-49ae-90af-135eba0035d1,1080.0,unboxing on beauty!,4672.0,493902.0,98.0,1751121483.0,685703.0,2535.6222222222223,f52b625c-ecf7-41df-8930-9e2b7dfbd8e2
720.0,88fab9f8-d82c-49ae-90af-135eba0035d1,720.0,challenge on beauty!,4999.513470681458,253113.63264767933,100.0,1749566283.0,814688.0,4763.0,f87638cc-9fba-4f63-934e-1bd6c5cd430c
720.0,88fab9f8-d82c-49ae-90af-135eba0035d1,896.6165413533835,reaction on tech!,3762.0,309903.0,25.0,1750862283.0,344519.0,4070.0,5ea92604-8187-4f4c-990b-dbd4bd1975b0
1080.0,88fab9f8-d82c-49ae-90af-135eba0035d1,1080.0,reaction on food!,4146.0,163941.0,64.0,1750084683.0,494478.7454455933,3855.0,d9849fed-d4ed-4c89-acaf-e4c6ffcdbea1
1080.0,88fab9f8-d82c-49ae-90af-135eba0035d1,720.0,vlog on food!,6874.0,380739.0,103.0,1750948683.0,827262.0,368.0,7b326de8-3fb2-44a0-9dd4-38eda861cdc0
720.0,88fab9f8-d82c-49ae-90af-135eba0035d1,1080.0,challenge on tech!,3883.0,496823.0,126.0,1751035083.0,254765.0,1657.0,a4015dcd-0604-443e-950f-f44a0d54382b
1080.0,88fab9f8-d82c-49ae-90af-135eba0035d1,720.0,reaction on food!,7668.0,253113.63264767933,63.0,1750689483.0,391705.0,1417.0,1728bdf1-d0ab-4034-b61f-1f3c4a53b856
720.0,88fab9f8-d82c-49ae-90af-135eba0035d1,896.6165413533835,unboxing on travel!,4417.0,379911.0,147.0,1752158283.0,494478.7454455933,4426.0,752d8f92-b26b-4931-b7c1-7f6ec2ee85b0
1080.0,88fab9f8-d82c-49ae-90af-135eba0035d1,720.0,reaction on food!,3949.0,366220.0,144.0,1748356683.0,483899.0,2399.0,ac23452f-26b8-4b92-b75d-d7d7b15beba0
1080.0,88fab9f8-d82c-49ae-90af-135eba0035d1,1080.0,unboxing on travel!,6937.0,360097.0,156.0,1748356683.0,865656.0,5.0,1a7c996e-4106-492f-982a-a131aafb78e7
897.9699248120301,2e183374-a635-46d2-91f6-4b5cfed43959,720.0,reaction on travel!,2595.0,253113.63264767933,167.0,1748183883.0,583812.0,4290.0,00040e64-c229-46fb-891a-a7b093c23423
720.0,2e183374-a635-46d2-91f6-4b5cfed43959,720.0,reaction on travel!,5001.0,225243.0,177.0,1748183883.0,490968.0,4222.0,71fe7308-bb47-4ef2-b772-a252826f4c93
720.0,2e183374-a635-46d2-91f6-4b5cfed43959,896.6165413533835,reaction on travel!,9532.0,439881.0,160.0,1749652683.0,588404.0,4450.0,5dac2e3d-fcb7-4662-8e71-19246bc10448
1080.0,2e183374-a635-46d2-91f6-4b5cfed43959,1080.0,review on food!,8753.0,168328.0,111.0,1751121483.0,349690.0,2535.6222222222223,c89ae0ed-a3f5-437d-a716-3a9b5f2f2a02
720.0,2e183374-a635-46d2-91f6-4b5cfed43959,720.0,reaction on travel!,3544.0,328667.0,79.0,1750084683.0,658466.0,1720.0,8139651e-2a58-44ce-8beb-a28434fbc0ee
1080.0,2e183374-a635-46d2-91f6-4b5cfed43959,1080.0,challenge on travel!,5848.0,78870.0,48.0,1750257483.0,494478.7454455933,4004.0,80e49378-0da1-4e0d-9f4e-e7e8afa2520d
1080.0,2e183374-a635-46d2-91f6-4b5cfed43959,1080.0,vlog on beauty!,1573.0,86024.0,94.45944039501528,1750948683.0,306320.0,2535.6222222222223,06f97603-ef7c-4f2d-a8f5-ec3d00165389
720.0,2e183374-a635-46d2-91f6-4b5cfed43959,720.0,challenge on food!,4999.513470681458,265926.0,80.0,1751726283.0,987751.0,2535.6222222222223,c061efb3-c15a-4939-b08f-ff52c58314d2
1080.0,2e183374-a635-46d2-91f6-4b5cfed43959,1080.0,vlog on travel!,4999.513470681458,383980.0,64.0,1752849483.0,494478.7454455933,4773.0,e3c1cba0-1556-4d6a-afd9-87ad85a66522
1080.0,2e183374-a635-46d2-91f6-4b5cfed43959,1080.0,vlog on fashion!,8281.0,376468.0,28.0,1750862283.0,839693.0,1502.0,3385ff92-31fe-428d-8ecd-77471ab2d3c8
720.0,2e183374-a635-46d2-91f6-4b5cfed43959,1080.0,challenge on travel!,324.0,253113.63264767933,47.0,1751121483.0,625175.0,3368.0,3279d867-a851-4b51-bac1-3f3f062b3a29
1080.0,2e183374-a635-46d2-91f6-4b5cfed43959,1080.0,challenge on fitness!,3684.0,253113.63264767933,34.0,1750603083.0,480415.0,1759.0,e399dc08-e2e2-44af-8db1-32a3a333e45b
720.0,2e183374-a635-46d2-91f6-4b5cfed43959,1080.0,challenge on food!,695.0,16180.0,112.0,1752935883.0,781014.0,2535.6222222222223,77791982-2ccb-4937-a8a9-71d0845c7611
720.0,2e183374-a635-46d2-91f6-4b5cfed43959,720.0,review on fitness!,513.0,402273.0,132.0,1748183883.0,943527.0,4241.0,56140066-de69-47eb-9450-ef4e1c7224fb
720.0,2e183374-a635-46d2-91f6-4b5cfed43959,720.0,reaction on fashion!,1702.0,293291.0,131.0,1749652683.0,519505.0,2434.0,1cb659f4-892c-4d61-b580-5eff9d028395
1080.0,2e183374-a635-46d2-91f6-4b5cfed43959,1080.0,vlog on food!,4990.0,41850.0,130.0,1750603083.0,725106.0,531.0,c06204c9-929c-46ff-9ea4-7ea6556e05d2
720.0,2e183374-a635-46d2-91f6-4b5cfed43959,1080.0,unboxing on fitness!,548.0,140845.0,47.0,1752331083.0,579062.0,2535.6222222222223,19e6dabd-079f-40df-b864-75b4643e9ea7
720.0,2e183374-a635-46d2-91f6-4b5cfed43959,720.0,review on fashion!,2400.0,253113.63264767933,111.0,1749998283.0,236521.0,2535.6222222222223,69b6eaa4-3665-448f-918d-d16c7a1cc832
1080.0,2e183374-a635-46d2-91f6-4b5cfed43959,720.0,vlog on food!,6492.0,314825.0,163.0,1748529483.0,300188.0,2695.0,3ef7601c-d1af-47d9-b111-ba9a88595f6e
720.0,2e183374-a635-46d2-91f6-4b5cfed43959,1080.0,reaction on food!,842.0,215858.0,157.0,1748443083.0,277889.0,2383.0,5f6e1463-756c-4df6-bf2f-1d50a95d8fad
720.0,2e183374-a635-46d2-91f6-4b5cfed43959,1080.0,reaction on food!,4999.513470681458,342665.0,170.0,1751899083.0,357732.0,3479.0,63fe974f-c4ec-469e-9bc9-17cbf5f0a0c3
897.9699248120301,2e183374-a635-46d2-91f6-4b5cfed43959,720.0,review on tech!,1640.0,48946.0,157.0,1748875083.0,842248.0,1971.0,2bfb974e-3d6e-40b1-b6ea-8c97c9a043ad
720.0,2e183374-a635-46d2-91f6-4b5cfed43959,720.0,unboxing on fashion!,4999.513470681458,409277.0,53.0,1749566283.0,494478.7454455933,3169.0,b1d73153-2bf8-469a-9f8a-fb18354cbcd2
1080.0,2e183374-a635-46d2-91f6-4b5cfed43959,720.0,unboxing on beauty!,2025.0,145578.0,116.0,1747838283.0,37922.0,602.0,6620496a-924f-4ec3-ba9d-94c6555f5eed
897.9699248120301,2e183374-a635-46d2-91f6-4b5cfed43959,1080.0,challenge on beauty!,2994.0,123267.0,72.0,1751639883.0,454195.0,4919.0,d6ee9166-776b-4e4e-a377-360c5e334a73
720.0,2e183374-a635-46d2-91f6-4b5cfed43959,1080.0,challenge on tech!,6448.0,348082.0,36.0,1749479883.0,450175.0,2847.0,8696428b-7ff0-4053-89c4-59fa12a24223
1080.0,2e183374-a635-46d2-91f6-4b5cfed43959,1080.0,challenge on fitness!,4999.513470681458,202829.0,44.0,1749911883.0,287673.0,2535.6222222222223,55ac5861-72c5-4219-8eb5-5e35a37c6026
1080.0,13de26c1-6351-47c6-a706-bd164908f702,896.6165413533835,review on fashion!,5857.0,68785.0,92.0,1748875083.0,188340.0,849.0,6f1add4a-eedf-4127-980f-52b1628c807b
1080.0,13de26c1-6351-47c6-a706-bd164908f702,720.0,challenge on fitness!,2861.0,177206.0,150.0,1749134283.0,742615.0,1489.0,39295938-1a2c-41ff-96b6-6be0e53e4949
1080.0,13de26c1-6351-47c6-a706-bd164908f702,720.0,challenge on travel!,3924.0,416973.0,69.0,1751899083.0,319141.0,2547.0,a99a5834-967c-450a-8fa1-d941cd367954
1080.0,13de26c1-6351-47c6-a706-bd164908f702,720.0,unboxing on tech!,9276.0,329204.0,48.0,1749911883.0,986333.0,1745.0,09d6f15a-31a9-4b69-994d-2e6742f7882d
720.0,13de26c1-6351-47c6-a706-bd164908f702,1080.0,unboxing on food!,799.0,75905.0,82.0,1752158283.0,321242.0,3596.0,cbdf955d-db22-4ef4-a7a0-2f472af89a15
720.0,13de26c1-6351-47c6-a706-bd164908f702,720.0,challenge on food!,5889.0,253113.63264767933,66.0,1753022283.0,177417.0,2712.0,a6ecb595-dc59-4af1-8ab1-d98e02a4193e
720.0,13de26c1-6351-47c6-a706-bd164908f702,896.6165413533835,unboxing on travel!,5282.0,349885.0,108.0,1751121483.0,494329.0,3897.0,ef6e5031-da18-4f92-9739-b5db21af1822
1080.0,13de26c1-6351-47c6-a706-bd164908f702,720.0,reaction on beauty!,8113.0,255829.0,150.0,1751380683.0,519706.0,4396.0,7d4f9bdf-213f-4010-a175-027fb4f69f3b
1080.0,13de26c1-6351-47c6-a706-bd164908f702,1080.0,unboxing on food!,7513.0,159392.0,11.0,1748529483.0,981662.0,85.0,12aa50aa-7a96-43ae-9201-39a3f293108f
1080.0,13de26c1-6351-47c6-a706-bd164908f702,1080.0,vlog on travel!,9085.0,253113.63264767933,84.0,1751812683.0,569836.0,4234.0,eacb3401-4a47-49e9-8e1b-108fa0503e68
720.0,13de26c1-6351-47c6-a706-bd164908f702,1080.0,vlog on beauty!,2875.0,55168.0,80.0,1749652683.0,22873.0,3541.0,94358350-5b5a-4cc8-aecb-b7f057f05b07
897.9699248120301,13de26c1-6351-47c6-a706-bd164908f702,720.0,challenge on food!,4999.513470681458,286074.0,94.45944039501528,1748702283.0,614175.0,4317.0,92a8b175-a03c-42e4-9823-e7c27e60ae2c
720.0,13de26c1-6351-47c6-a706-bd164908f702,720.0,unboxing on tech!,752.0,250107.0,172.0,1752676683.0,17500.0,2535.6222222222223,a0c33655-dc77-4f30-bb2c-4355551bd1d7
1080.0,13de26c1-6351-47c6-a706-bd164908f702,1080.0,review on fashion!,3577.0,268092.0,128.0,1750689483.0,452751.0,2801.0,c341a787-0703-4a97-a470-1db0fe1f4fc1
1080.0,13de26c1-6351-47c6-a706-bd164908f702,720.0,review on travel!,9712.0,407308.0,89.0,1752935883.0,528627.0,4565.0,c6ba3589-37a0-48fa-b1cd-1867cc80b0d7
1080.0,13de26c1-6351-47c6-a706-bd164908f702,1080.0,vlog on travel!,6596.0,253113.63264767933,108.0,1752503883.0,774336.0,2735.0,6d39464b-9500-4f5e-a95f-dbc87ef1a559
1080.0,13de26c1-6351-47c6-a706-bd164908f702,720.0,challenge on fashion!,4999.513470681458,312831.0,114.0,1749134283.0,45255.0,3568.0,eed9a83e-ef6f-496b-89d8-d3ca24a91c7f
1080.0,13de26c1-6351-47c6-a706-bd164908f702,720.0,review on fashion!,7216.0,253113.63264767933,164.0,1749393483.0,118779.0,222.0,2b21479a-ac41-41c1-91cc-917f1c56a0c7
1080.0,13de26c1-6351-47c6-a706-bd164908f702,1080.0,challenge on tech!,2715.0,248166.0,41.0,1749307083.0,693351.0,1431.0,d0977a59-eb77-422f-8c74-358f9bdf3e2c
1080.0,13de26c1-6351-47c6-a706-bd164908f702,1080.0,vlog on tech!,4999.513470681458,273725.0,41.0,1748615883.0,639177.0,2535.6222222222223,05d15658-764f-426d-8634-6f9a3c4cbcaf
1080.0,13de26c1-6351-47c6-a706-bd164908f702,720.0,reaction on fashion!,3563.0,388066.0,110.0,1750948683.0,67560.0,2535.6222222222223,cf4e372f-c60e-497b-8f81-6c100da3e9e7
720.0,13de26c1-6351-47c6-a706-bd164908f702,720.0,unboxing on food!,5568.0,92676.0,35.0,1752158283.0,494478.7454455933,1834.0,064e9048-7720-4668-8f22-98fe0f4275ca
720.0,13de26c1-6351-47c6-a706-bd164908f702,1080.0,vlog on beauty!,8818.0,256741.0,123.0,1750862283.0,669111.0,745.0,62b0a114-3fa0-4b27-8dd3-a45952d77516
720.0,13de26c1-6351-47c6-a706-bd164908f702,720.0,challenge on travel!,3592.0,118614.0,166.0,1749134283.0,494478.7454455933,3727.0,d6015502-4963-487d-8a10-e451eea02a72
1080.0,13de26c1-6351-47c6-a706-bd164908f702,1080.0,challenge on tech!,8184.0,253113.63264767933,10.0,1750603083.0,494478.7454455933,2535.6222222222223,be0b5044-03e1-4e50-9f30-727d29da49e6
720.0,13de26c1-6351-47c6-a706-bd164908f702,1080.0,review on fitness!,1350.0,253113.63264767933,77.0,1749047883.0,545340.0,2535.6222222222223,ae2037d0-3fa0-4810-9fc8-414ae373f3c4
1080.0,13de26c1-6351-47c6-a706-bd164908f702,720.0,review on fitness!,2892.0,493857.0,175.0,1747838283.0,513145.0,964.0,8ad027f3-f334-4019-bb32-e6f4d2cfecc3
720.0,13de26c1-6351-47c6-a706-bd164908f702,1080.0,vlog on tech!,7018.0,72602.0,94.45944039501528,1749825483.0,393588.0,996.0,6f23fa05-0804-430c-af85-d135e1e1a5eb
1080.0,3ebc82b4-d7ca-4725-9acb-c702f7e2fc0f,1080.0,vlog on tech!,3339.0,253113.63264767933,38.0,1750084683.0,636498.0,3423.0,cee224d0-8733-4781-b1ec-6eff9ee298d2
1080.0,3ebc82b4-d7ca-4725-9acb-c702f7e2fc0f,720.0,vlog on tech!,7037.0,288036.0,168.0,1750948683.0,715362.0,1875.0,34914ccb-1a9f-41ad-8c3c-7787c570da4e
1080.0,3ebc82b4-d7ca-4725-9acb-c702f7e2fc0f,1080.0,reaction on travel!,827.0,42732.0,76.0,1749911883.0,737587.0,638.0,18cd5f11-8279-458a-94c3-df8ac70725e2
1080.0,3ebc82b4-d7ca-4725-9acb-c702f7e2fc0f,720.0,vlog on travel!,1671.0,297866.0,80.0,1749220683.0,506217.0,4108.0,eb8816f6-0fa7-4bbc-9159-d05ba7fbdaa9
720.0,3ebc82b4-d7ca-4725-9acb-c702f7e2fc0f,720.0,reaction on beauty!,9234.0,253113.63264767933,138.0,1749047883.0,494478.7454455933,2535.6222222222223,60726fc9-ef65-4ef4-8e7c-85212daf05bd
1080.0,3ebc82b4-d7ca-4725-9acb-c702f7e2fc0f,720.0,challenge on fashion!,3812.0,152431.0,33.0,1752244683.0,494478.7454455933,2535.6222222222223,6bde7456-66bb-49d3-b7fc-d5fee3ce37cd
1080.0,3ebc82b4-d7ca-4725-9acb-c702f7e2fc0f,720.0,challenge on beauty!,6882.0,7814.0,87.0,1750257483.0,778109.0,1611.0,b58ee719-b785-4534-925f-a4cd64a372fe
720.0,3ebc82b4-d7ca-4725-9acb-c702f7e2fc0f,1080.0,review on tech!,1715.0,25688.0,68.0,1749739083.0,976960.0,4512.0,de9ab957-613e-4269-974f-530135eb497f
720.0,3ebc82b4-d7ca-4725-9acb-c702f7e2fc0f,720.0,reaction on beauty!,1186.0,253113.63264767933,169.0,1753022283.0,940857.0,1188.0,6f6f05a8-cc2f-4b38-9cda-d7feb671c925
1080.0,3ebc82b4-d7ca-4725-9acb-c702f7e2fc0f,720.0,vlog on travel!,8309.0,247819.0,100.0,1749134283.0,453540.0,3999.0,b20627b5-2570-42b2-b562-3ff69e66bd19
1080.0,3ebc82b4-d7ca-4725-9acb-c702f7e2fc0f,720.0,review on beauty!,6166.0,253113.63264767933,94.45944039501528,1751726283.0,494478.7454455933,4746.0,a328092b-0169-4d4c-bd05-551f19d5797c
720.0,3ebc82b4-d7ca-4725-9acb-c702f7e2fc0f,720.0,review on tech!,4366.0,135498.0,114.0,1748788683.0,888763.0,3861.0,3d034265-675c-4584-9f73-b4abfa5ee383
1080.0,3ebc82b4-d7ca-4725-9acb-c702f7e2fc0f,720.0,vlog on fashion!,8203.0,264455.0,142.0,1751380683.0,979067.0,3597.0,63889dc0-0e0e-4988-b768-b72c82375453
1080.0,3ebc82b4-d7ca-4725-9acb-c702f7e2fc0f,1080.0,review on beauty!,4299.0,482329.0,28.0,1752590283.0,474291.0,1152.0,fb0f49f1-f6a8-4ff9-812c-5e38b3d47c21
720.0,3ebc82b4-d7ca-4725-9acb-c702f7e2fc0f,720.0,reaction on tech!,1848.0,362657.0,25.0,1751985483.0,913303.0,2535.6222222222223,647b602f-5375-4ce6-bcda-5fb3a62de8a6
1080.0,3ebc82b4-d7ca-4725-9acb-c702f7e2fc0f,1080.0,reaction on beauty!,4307.0,225403.0,52.0,1750084683.0,223047.0,2535.6222222222223,97ea892c-668a-48bf-94c7-28b62f5fed29
1080.0,3ebc82b4-d7ca-4725-9acb-c702f7e2fc0f,720.0,unboxing on fashion!,5453.0,51288.0,42.0,1750948683.0,10723.0,3347.0,26e54b69-45ef-49b7-9203-94157cb62d34
720.0,3ebc82b4-d7ca-4725-9acb-c702f7e2fc0f,896.6165413533835,challenge on beauty!,4999.513470681458,295635.0,24.0,1749566283.0,494478.7454455933,2535.6222222222223,8ab5d55b-f92b-4458-9fb9-f6cce3f8e219
1080.0,3ebc82b4-d7ca-4725-9acb-c702f7e2fc0f,720.0,vlog on fashion!,7346.0,456127.0,166.0,1749739083.0,700399.0,1414.0,b63b15be-b12b-4512-943f-9353ee7f9b9f
1080.0,3ebc82b4-d7ca-4725-9acb-c702f7e2fc0f,720.0,review on tech!,4999.513470681458,230490.0,28.0,1749566283.0,922191.0,2445.0,68b296ac-1828-4c46-b67b-3bf6e9a87cd3
1080.0,3ebc82b4-d7ca-4725-9acb-c702f7e2fc0f,720.0,reaction on fashion!,2172.0,353414.0,117.0,1749566283.0,861339.0,2095.0,8a3a52e4-7d89-495d-9ca7-327894ad71e2
720.0,3ebc82b4-d7ca-4725-9acb-c702f7e2fc0f,1080.0,unboxing on food!,2302.0,254560.0,81.0,1750257483.0,258375.0,560.0,3fa6dd02-648a-4318-98e8-0aed6b84385f
1080.0,3ebc82b4-d7ca-4725-9acb-c702f7e2fc0f,1080.0,vlog on food!,4867.0,163688.0,157.0,1752331083.0,30714.0,3218.0,3b946fba-417a-4717-80e8-9a2ad99c3c2f
897.9699248120301,3ebc82b4-d7ca-4725-9acb-c702f7e2fc0f,896.6165413533835,review on tech!,4999.513470681458,469190.0,67.0,1749911883.0,145986.0,4276.0,44a1e5de-32c4-455a-851c-4558b74d3b61
1080.0,54eddd02-86ed-449e-84ad-5365bde9da60,1080.0,vlog on beauty!,4999.513470681458,253113.63264767933,142.0,1749739083.0,707906.0,4184.0,0ff9a75f-935b-4d89-8750-697bf4f85df2
1080.0,54eddd02-86ed-449e-84ad-5365bde9da60,720.0,challenge on beauty!,6738.0,33221.0,67.0,1748615883.0,214938.0,2281.0,e4df2f68-1017-4902-8e80-73d9ff851e05
720.0,54eddd02-86ed-449e-84ad-5365bde9da60,1080.0,review on fashion!,4734.0,253113.63264767933,58.0,1752244683.0,793357.0,4625.0,a7423f9c-4f9c-4f8b-adf4-e00681aa3858
1080.0,54eddd02-86ed-449e-84ad-5365bde9da60,720.0,unboxing on travel!,3378.0,477671.0,180.0,1749566283.0,859771.0,4777.0,71129d68-d4fc-4b6c-ac78-3b4e409a40ee
1080.0,54eddd02-86ed-449e-84ad-5365bde9da60,720.0,vlog on food!,4999.513470681458,294901.0,50.0,1751207883.0,829535.0,4723.0,964269ed-c31a-455c-8d35-0aff4521a172
720.0,54eddd02-86ed-449e-84ad-5365bde9da60,1080.0,challenge on beauty!,4393.0,253113.63264767933,94.45944039501528,1752676683.0,894720.0,2535.6222222222223,e8050b26-4f26-471f-9048-abec336ca7d2
720.0,54eddd02-86ed-449e-84ad-5365bde9da60,720.0,review on food!,6429.0,224216.0,123.0,1749307083.0,118941.0,3535.0,f048a38a-07c4-4783-bfa5-e1896283fbee
720.0,54eddd02-86ed-449e-84ad-5365bde9da60,1080.0,unboxing on tech!,4999.513470681458,432731.0,159.0,1750343883.0,401912.0,3904.0,e4d98c53-f7ca-4193-8b47-ce357ed2ce1b
720.0,54eddd02-86ed-449e-84ad-5365bde9da60,720.0,challenge on travel!,7987.0,281017.0,177.0,1748356683.0,782640.0,367.0,5119c75a-2537-440f-a452-9bc7094625d0
1080.0,54eddd02-86ed-449e-84ad-5365bde9da60,720.0,reaction on food!,6261.0,163102.0,94.0,1750343883.0,773389.0,4446.0,deae42fb-0c10-4f01-b23c-790ee4c39513
897.9699248120301,54eddd02-86ed-449e-84ad-5365bde9da60,1080.0,vlog on fitness!,4999.513470681458,63106.0,112.0,1748788683.0,314602.0,4231.0,a3e186be-c6a4-49bf-a56d-33faf756a4bd
1080.0,54eddd02-86ed-449e-84ad-5365bde9da60,1080.0,vlog on beauty!,9791.0,332017.0,159.0,1752071883.0,494478.7454455933,399.0,2b18e5b3-2c50-43b8-9698-0528e902649b
1080.0,54eddd02-86ed-449e-84ad-5365bde9da60,720.0,unboxing on food!,3932.0,318334.0,157.0,1752763083.0,741033.0,952.0,d33eaf2a-f1bf-4191-b488-a181f041d525
720.0,54eddd02-86ed-449e-84ad-5365bde9da60,1080.0,unboxing on fashion!,7456.0,52259.0,176.0,1748961483.0,903346.0,2291.0,bebd0d96-f15a-4ee5-85dd-64f5e480d191
1080.0,54eddd02-86ed-449e-84ad-5365bde9da60,720.0,reaction on tech!,1492.0,214069.0,17.0,1751726283.0,427940.0,4611.0,31674e28-fad4-43de-a24c-b058dcb13bed
1080.0,54eddd02-86ed-449e-84ad-5365bde9da60,1080.0,reaction on fitness!,1801.0,220075.0,16.0,1751812683.0,599558.0,4896.0,1723f330-40d5-4fed-bf15-71bafbb09797
1080.0,2768d812-69ad-449f-aca6-25c6bb1279ab,1080.0,unboxing on travel!,8304.0,233411.0,155.0,1752849483.0,524274.0,1457.0,843accda-6f36-4957-93eb-b517135b797c
1080.0,2768d812-69ad-449f-aca6-25c6bb1279ab,720.0,reaction on food!,9403.0,232084.0,70.0,1750257483.0,526213.0,699.0,48553864-3d03-4223-8d78-6d008d6b8707
720.0,2768d812-69ad-449f-aca6-25c6bb1279ab,720.0,reaction on travel!,4526.0,453695.0,69.0,1753022283.0,901618.0,947.0,03848d74-5c44-4d56-b421-e4f79757ffda
1080.0,2768d812-69ad-449f-aca6-25c6bb1279ab,1080.0,vlog on fashion!,2140.0,253113.63264767933,118.0,1750171083.0,870630.0,2410.0,7582546c-335b-47a9-bb69-b64278a21d51
720.0,2768d812-69ad-449f-aca6-25c6bb1279ab,1080.0,reaction on fitness!,6127.0,253113.63264767933,112.0,1748529483.0,528876.0,2535.6222222222223,505315aa-4dc1-4e06-a3ed-03b519d8cdbb
720.0,2768d812-69ad-449f-aca6-25c6bb1279ab,720.0,unboxing on food!,3369.0,140129.0,153.0,1749220683.0,892019.0,3232.0,fc670227-29fd-41cc-830d-3818f45cd5cf
1080.0,2768d812-69ad-449f-aca6-25c6bb1279ab,1080.0,review on food!,1658.0,253113.63264767933,81.0,1753022283.0,494478.7454455933,4590.0,b2a7730e-05f8-45c1-8e64-fea3fb536d86
720.0,2768d812-69ad-449f-aca6-25c6bb1279ab,1080.0,reaction on fitness!,1277.0,441049.0,155.0,1748270283.0,550225.0,1282.0,64e3ed60-02f2-4244-8264-efb1f384bac2
720.0,2768d812-69ad-449f-aca6-25c6bb1279ab,1080.0,vlog on travel!,1282.0,134787.0,23.0,1751467083.0,581409.0,4148.0,df9f4e4c-11d9-43bd-9ea6-034cbe2e8ef7
720.0,2768d812-69ad-449f-aca6-25c6bb1279ab,720.0,reaction on fashion!,4999.513470681458,413271.0,94.0,1752417483.0,944278.0,2060.0,03d10306-c226-40e3-bc89-14596cc6875e
1080.0,2768d812-69ad-449f-aca6-25c6bb1279ab,1080.0,unboxing on beauty!,9232.0,368081.0,153.0,1752763083.0,717160.0,3283.0,60d578e1-999a-4636-be9a-1ad98ab55d66
1080.0,2768d812-69ad-449f-aca6-25c6bb1279ab,1080.0,review on food!,9267.0,253113.63264767933,25.0,1750948683.0,650241.0,3155.0,2ab8717f-7588-4cff-a156-6a5c25b9826a
1080.0,2768d812-69ad-449f-aca6-25c6bb1279ab,720.0,challenge on fashion!,94.0,58043.0,154.0,1752244683.0,732802.0,1803.0,a45f2104-1e8c-4965-b6d5-b0af2ef89b3b
1080.0,2768d812-69ad-449f-aca6-25c6bb1279ab,1080.0,review on fitness!,5640.0,31178.0,50.0,1751726283.0,674165.0,2535.6222222222223,c9b86fb8-7f49-4699-9aad-ba90107ec2cd
1080.0,2768d812-69ad-449f-aca6-25c6bb1279ab,1080.0,review on tech!,4969.0,232182.0,178.0,1751899083.0,102219.0,1789.0,ce5b2d8c-2370-4ad7-8aa9-5a3a8fdd61cb
720.0,2768d812-69ad-449f-aca6-25c6bb1279ab,1080.0,challenge on fashion!,418.0,306706.0,69.0,1749566283.0,964731.0,4880.0,aaf023e2-32e5-4553-9f4a-6e5d8b130e45
1080.0,2768d812-69ad-449f-aca6-25c6bb1279ab,720.0,reaction on fashion!,5190.0,281838.0,119.0,1753022283.0,494478.7454455933,4381.0,5fcf55ea-2fab-4126-9e48-d2ee77a14fb1
1080.0,2768d812-69ad-449f-aca6-25c6bb1279ab,1080.0,unboxing on tech!,4999.513470681458,253113.63264767933,97.0,1747924683.0,282018.0,1251.0,ae9b7e4a-e76d-409f-92ee-b914442c7530
720.0,2768d812-69ad-449f-aca6-25c6bb1279ab,1080.0,review on fitness!,4999.513470681458,9621.0,115.0,1749047883.0,108113.0,4383.0,60ba1fb9-742e-4548-84e1-8714dfc60b03
720.0,2768d812-69ad-449f-aca6-25c6bb1279ab,1080.0,unboxing on tech!,7537.0,350761.0,37.0,1751467083.0,469917.0,3939.0,df31f6b4-ae10-40b6-bc2a-5620ce2f3016
720.0,2768d812-69ad-449f-aca6-25c6bb1279ab,720.0,review on tech!,5777.0,74165.0,145.0,1749479883.0,854040.0,93.0,7bb14be0-d6d6-47fe-9810-1d5adcd38642
1080.0,2768d812-69ad-449f-aca6-25c6bb1279ab,720.0,review on tech!,4999.513470681458,468073.0,139.0,1752590283.0,387351.0,4947.0,1897109d-1da5-4508-9436-679ce342862f
720.0,041a98a0-d650-4089-8bbb-5a9fd6a17ee3,720.0,reaction on travel!,7672.0,52633.0,127.0,1749393483.0,636516.0,2535.6222222222223,1a30c8d1-a40b-4ff9-9d19-103b65ff12bc
720.0,041a98a0-d650-4089-8bbb-5a9fd6a17ee3,1080.0,challenge on tech!,1505.0,438227.0,110.0,1752763083.0,470044.0,3507.0,d94d153e-699c-4901-9028-140abaf54097
1080.0,041a98a0-d650-4089-8bbb-5a9fd6a17ee3,1080.0,vlog on food!,6932.0,253113.63264767933,143.0,1749739083.0,902856.0,1497.0,90ef6c18-16a0-46f8-963b-e301b4d6c6ea
1080.0,041a98a0-d650-4089-8bbb-5a9fd6a17ee3,896.6165413533835,reaction on food!,4999.513470681458,387386.0,78.0,1748961483.0,842558.0,2535.6222222222223,900e16a7-6ad6-4988-b271-e351a92abcd3
720.0,041a98a0-d650-4089-8bbb-5a9fd6a17ee3,1080.0,vlog on fashion!,7471.0,101359.0,126.0,1752244683.0,494478.7454455933,1069.0,8fcd1d4b-c0e5-48db-bb42-0ece7da3c921
720.0,041a98a0-d650-4089-8bbb-5a9fd6a17ee3,896.6165413533835,challenge on tech!,9749.0,476953.0,10.0,1749998283.0,295257.0,1130.0,ec338d40-4cf6-48fc-baf9-040973a23cb7
1080.0,041a98a0-d650-4089-8bbb-5a9fd6a17ee3,720.0,vlog on fashion!,9105.0,394732.0,148.0,1752503883.0,201728.0,1303.0,db3a1d84-6b24-46fa-8800-9b5b56858b86
1080.0,041a98a0-d650-4089-8bbb-5a9fd6a17ee3,720.0,unboxing on food!,4999.513470681458,423265.0,114.0,1749134283.0,538811.0,4045.0,cb51b31b-1746-4fb2-ac64-43e769bcdf71
1080.0,041a98a0-d650-4089-8bbb-5a9fd6a17ee3,1080.0,review on food!,1568.0,363680.0,162.0,1747838283.0,433970.0,4302.0,a0064ad0-1c55-4482-9715-775f3365b4a4
1080.0,041a98a0-d650-4089-8bbb-5a9fd6a17ee3,720.0,unboxing on fashion!,1113.0,194946.0,130.0,1749393483.0,248071.0,2754.0,3072656c-0358-4947-bc75-8ad98df12e89
720.0,041a98a0-d650-4089-8bbb-5a9fd6a17ee3,896.6165413533835,review on beauty!,4999.513470681458,284906.0,174.0,1750171083.0,477417.0,2189.0,d7f872d5-2044-426b-b035-178790f92f0b
1080.0,041a98a0-d650-4089-8bbb-5a9fd6a17ee3,1080.0,unboxing on fashion!,7859.0,253113.63264767933,136.0,1751467083.0,752664.0,2535.6222222222223,41184e4b-d21f-47be-b2bd-27baf19cb1fe
720.0,041a98a0-d650-4089-8bbb-5a9fd6a17ee3,1080.0,vlog on fashion!,4110.0,31328.0,53.0,1751985483.0,817090.0,663.0,d81f4dc0-d8b8-4b3e-932c-3b908ac3962a
720.0,041a98a0-d650-4089-8bbb-5a9fd6a17ee3,1080.0,reaction on food!,7600.0,278706.0,132.0,1749739083.0,71698.0,2478.0,de8bd97c-7b9a-4e15-b4e2-1d5a53a8d620
1080.0,041a98a0-d650-4089-8bbb-5a9fd6a17ee3,1080.0,unboxing on fitness!,5472.0,168481.0,167.0,1750775883.0,710735.0,2535.6222222222223,18689963-6525-4006-b3ce-5a1aab0c7335
1080.0,041a98a0-d650-4089-8bbb-5a9fd6a17ee3,720.0,challenge on fitness!,2556.0,113211.0,163.0,1752244683.0,354535.0,1759.0,6c9b7eff-8994-4938-b3ea-cfe87c01c1e4
720.0,041a98a0-d650-4089-8bbb-5a9fd6a17ee3,1080.0,reaction on beauty!,2758.0,485376.0,22.0,1747924683.0,282940.0,1503.0,e249e1bc-20b3-4954-8ab7-d31af0032112
720.0,041a98a0-d650-4089-8bbb-5a9fd6a17ee3,1080.0,reaction on tech!,7095.0,429634.0,18.0,1751294283.0,222553.0,4661.0,88896a69-e800-4449-8b87-7ff0297a60d0
1080.0,041a98a0-d650-4089-8bbb-5a9fd6a17ee3,720.0,unboxing on fashion!,8475.0,259998.0,68.0,1749998283.0,776559.0,4799.0,ccd878d8-23b8-401f-bb64-6116323953dc
720.0,041a98a0-d650-4089-8bbb-5a9fd6a17ee3,1080.0,review on food!,4999.513470681458,244306.0,104.0,1751553483.0,551104.0,1323.0,33e46410-7507-4bfc-8527-ad8f023eb19c
897.9699248120301,041a98a0-d650-4089-8bbb-5a9fd6a17ee3,720.0,challenge on food!,4618.0,202890.0,166.0,1749652683.0,417413.0,69.0,9c6c20a0-55c6-49e4-a1c9-b88e10b81629
720.0,041a98a0-d650-4089-8bbb-5a9fd6a17ee3,720.0,vlog on food!,4905.0,249920.0,115.0,1749393483.0,929581.0,2535.6222222222223,a35c8cab-4bfb-4099-bb4f-aaafcd85a46d
720.0,041a98a0-d650-4089-8bbb-5a9fd6a17ee3,1080.0,challenge on food!,4999.513470681458,253113.63264767933,19.0,1751380683.0,274822.0,1850.0,43812fc0-fff2-437d-975d-41313e0957fb
720.0,041a98a0-d650-4089-8bbb-5a9fd6a17ee3,1080.0,unboxing on food!,7007.0,191410.0,179.0,1751207883.0,800322.0,2535.6222222222223,33956f04-2996-489e-a551-18c81b0e7205
720.0,041a98a0-d650-4089-8bbb-5a9fd6a17ee3,720.0,challenge on travel!,1901.0,72363.0,17.0,1752676683.0,530970.0,3461.0,2e6e8290-c7ce-4de9-8afb-3580b86f0b39
720.0,041a98a0-d650-4089-8bbb-5a9fd6a17ee3,1080.0,unboxing on fashion!,4355.0,234754.0,60.0,1749479883.0,567079.0,1692.0,a34c889b-cbc2-44ff-960c-25cc7c9fc0c9
720.0,041a98a0-d650-4089-8bbb-5a9fd6a17ee3,1080.0,vlog on fashion!,114.0,64402.0,85.0,1751121483.0,826043.0,3296.0,2e67f3e6-5917-4cbc-9913-a20c7a8d28f5
720.0,cba8f29e-a367-4e2f-a58e-01f05a42b948,1080.0,review on tech!,1293.0,253113.63264767933,101.0,1750516683.0,361207.0,421.0,b8f26e77-c3ea-41e7-a30a-e8c0c8d2ee62
1080.0,cba8f29e-a367-4e2f-a58e-01f05a42b948,1080.0,vlog on tech!,594.0,253113.63264767933,92.0,1752590283.0,319743.0,1672.0,c38ee4a4-d82c-482a-8a1e-63f11bc16f4d
897.9699248120301,cba8f29e-a367-4e2f-a58e-01f05a42b948,720.0,review on food!,2464.0,348362.0,93.0,1750171083.0,390427.0,2925.0,23f2180c-c23b-40cb-bbbf-49ce1ccf5d6e
897.9699248120301,cba8f29e-a367-4e2f-a58e-01f05a42b948,1080.0,challenge on travel!,4999.513470681458,454368.0,37.0,1749911883.0,932443.0,1268.0,2b471eb9-7aff-4029-a23a-66c9f42c81ed
1080.0,cba8f29e-a367-4e2f-a58e-01f05a42b948,720.0,reaction on food!,4999.513470681458,42036.0,53.0,1748529483.0,95986.0,4593.0,167244a6-95ab-43a4-8dbf-0c9b3eb5e9fd
1080.0,cba8f29e-a367-4e2f-a58e-01f05a42b948,1080.0,vlog on tech!,4999.513470681458,198776.0,176.0,1751553483.0,290374.0,1235.0,3158dfdf-6c4d-4dbc-9bfc-839aafb59fc7
1080.0,cba8f29e-a367-4e2f-a58e-01f05a42b948,896.6165413533835,challenge on fashion!,8092.0,468226.0,94.45944039501528,1749566283.0,287657.0,2535.6222222222223,83852651-787e-4380-9d66-f9dfb6646c61
1080.0,cba8f29e-a367-4e2f-a58e-01f05a42b948,720.0,review on beauty!,7990.0,495369.0,94.45944039501528,1749998283.0,736798.0,986.0,cf75368e-0143-4941-a2c6-1e6b30f6e2bc
720.0,cba8f29e-a367-4e2f-a58e-01f05a42b948,720.0,unboxing on fashion!,7473.0,255341.0,164.0,1751899083.0,494478.7454455933,1505.0,5240a45b-e3e5-48e2-8412-22abd965dc71
720.0,cba8f29e-a367-4e2f-a58e-01f05a42b948,1080.0,vlog on tech!,5224.0,215765.0,54.0,1748702283.0,884056.0,381.0,451e2757-a892-4557-9887-2495d8693f50
1080.0,cba8f29e-a367-4e2f-a58e-01f05a42b948,1080.0,vlog on fitness!,7524.0,88343.0,58.0,1751294283.0,144526.0,4093.0,7a3e5822-7143-4566-b945-974064903452
720.0,cba8f29e-a367-4e2f-a58e-01f05a42b948,1080.0,challenge on beauty!,2412.0,14149.0,79.0,1753022283.0,210668.0,2918.0,3dbd863c-702c-4f44-b571-1f101589daec
720.0,cba8f29e-a367-4e2f-a58e-01f05a42b948,1080.0,unboxing on beauty!,3869.0,425840.0,59.0,1748788683.0,399179.0,662.0,66daeffc-fc15-4997-8eef-24a70e40a094
720.0,cba8f29e-a367-4e2f-a58e-01f05a42b948,1080.0,reaction on fashion!,4817.0,369362.0,47.0,1749307083.0,886644.0,2038.0,b499b8f5-a8a6-4996-bbe2-9294c37d2b76
1080.0,cba8f29e-a367-4e2f-a58e-01f05a42b948,1080.0,challenge on tech!,4951.0,253113.63264767933,166.0,1749911883.0,441152.0,3035.0,bc9df3a1-cf94-4214-80c5-98b75e14fc31
720.0,cba8f29e-a367-4e2f-a58e-01f05a42b948,1080.0,unboxing on beauty!,4619.0,253113.63264767933,145.0,1750257483.0,459735.0,207.0,95842e3b-30ae-418f-8541-8fc89507560b
1080.0,cba8f29e-a367-4e2f-a58e-01f05a42b948,720.0,reaction on fitness!,7847.0,464798.0,94.45944039501528,1750171083.0,215348.0,394.0,776e8528-dcdd-4c77-9e60-0b234d8d83de
1080.0,cba8f29e-a367-4e2f-a58e-01f05a42b948,720.0,review on tech!,6892.0,242508.0,51.0,1751812683.0,110802.0,3765.0,7a062ece-b13c-4e14-80d6-766f95bc9711
720.0,cba8f29e-a367-4e2f-a58e-01f05a42b948,720.0,review on beauty!,7267.0,282457.0,178.0,1750430283.0,846512.0,2794.0,0f2090c3-7cc2-4b01-a1a8-ad930ef34cd0
720.0,cba8f29e-a367-4e2f-a58e-01f05a42b948,1080.0,reaction on travel!,7503.0,174417.0,55.0,1751467083.0,776322.0,4577.0,d1808973-470f-4489-a11b-5992841c7970
720.0,cba8f29e-a367-4e2f-a58e-01f05a42b948,1080.0,reaction on food!,1098.0,73219.0,54.0,1751985483.0,821153.0,1045.0,98be28fb-549e-47a8-bf66-c12e2b97a46e
720.0,cba8f29e-a367-4e2f-a58e-01f05a42b948,720.0,unboxing on tech!,4999.513470681458,173263.0,110.0,1748183883.0,227462.0,3292.0,5e899f6a-a562-4307-a726-655fc8808d6a
720.0,cba8f29e-a367-4e2f-a58e-01f05a42b948,720.0,challenge on food!,9280.0,155009.0,82.0,1751294283.0,716789.0,2535.6222222222223,c42e9e38-c5ce-466b-b425-f62747a9a280
1080.0,cba8f29e-a367-4e2f-a58e-01f05a42b948,1080.0,reaction on food!,4999.513470681458,328622.0,59.0,1752676683.0,237279.0,121.0,5020b01c-3c2e-4134-93b0-b6cdfe69e7d8
1080.0,cba8f29e-a367-4e2f-a58e-01f05a42b948,1080.0,vlog on food!,2987.0,253113.63264767933,137.0,1750257483.0,136172.0,3708.0,479cdfb4-dc62-4e09-a68e-80b334e4fd21
1080.0,cba8f29e-a367-4e2f-a58e-01f05a42b948,1080.0,vlog on travel!,2620.0,145521.0,139.0,1752503883.0,665008.0,4306.0,1cf413a6-c510-4d43-bcc7-fa2e36759aba
1080.0,cba8f29e-a367-4e2f-a58e-01f05a42b948,720.0,reaction on food!,213.0,439006.0,176.0,1747838283.0,475569.0,828.0,08c4b6a9-84a6-4c78-9bea-b5a5c973466d
897.9699248120301,20d58ea0-2022-4b22-96a3-7934fa8ce539,1080.0,review on fitness!,5985.0,145875.0,32.0,1752590283.0,343642.0,1727.0,67bfec30-7d5e-46fa-92d0-c02baca4fa86
1080.0,20d58ea0-2022-4b22-96a3-7934fa8ce539,1080.0,unboxing on fashion!,5954.0,253113.63264767933,72.0,1753022283.0,641612.0,577.0,6b69300c-9c6d-4333-b88f-7732fb113d2a
1080.0,20d58ea0-2022-4b22-96a3-7934fa8ce539,720.0,reaction on fashion!,8377.0,6836.0,157.0,1752503883.0,645533.0,1059.0,5173396e-3d0e-4e39-812d-b336882f12da
720.0,20d58ea0-2022-4b22-96a3-7934fa8ce539,1080.0,unboxing on travel!,4999.513470681458,110443.0,165.0,1748183883.0,269443.0,786.0,cb31e82f-43b8-4327-ba58-b3d5cafa21a5
1080.0,20d58ea0-2022-4b22-96a3-7934fa8ce539,1080.0,vlog on fitness!,8249.0,253113.63264767933,94.45944039501528,1748183883.0,604732.0,4294.0,f042aebf-5ccb-42aa-9c97-09e364aaa0ef
1080.0,20d58ea0-2022-4b22-96a3-7934fa8ce539,720.0,unboxing on fashion!,4999.513470681458,253113.63264767933,118.0,1749566283.0,494478.7454455933,4627.0,188e90bb-34c9-46d1-9514-838ff07c5ab7
897.9699248120301,20d58ea0-2022-4b22-96a3-7934fa8ce539,1080.0,vlog on food!,7426.0,390204.0,178.0,1748183883.0,332262.0,4517.0,adaa9c74-be7e-4694-a123-6c0c5ba6860c
720.0,20d58ea0-2022-4b22-96a3-7934fa8ce539,1080.0,unboxing on tech!,3823.0,165415.0,70.0,1751294283.0,151672.0,4632.0,c89196ae-aa92-4351-8c28-a17ef6b29346
720.0,20d58ea0-2022-4b22-96a3-7934fa8ce539,720.0,vlog on beauty!,2417.0,8659.0,94.45944039501528,1749825483.0,735266.0,1110.0,15a1bf8e-63e0-46bd-a27e-f26e5725e332
1080.0,20d58ea0-2022-4b22-96a3-7934fa8ce539,1080.0,vlog on beauty!,4999.513470681458,143090.0,81.0,1748270283.0,974762.0,411.0,ae896c93-c8f5-46c4-9618-9782bb4445d6
1080.0,20d58ea0-2022-4b22-96a3-7934fa8ce539,1080.0,review on fashion!,4930.0,288712.0,25.0,1752935883.0,661658.0,746.0,122e225b-95e6-4be2-9eb6-85d872b8816a
1080.0,20d58ea0-2022-4b22-96a3-7934fa8ce539,1080.0,review on fashion!,746.0,67229.0,105.0,1750430283.0,191839.0,929.0,edb3a064-6f0d-4795-bf5b-744b8ca880ef
720.0,20d58ea0-2022-4b22-96a3-7934fa8ce539,720.0,challenge on beauty!,4999.513470681458,42566.0,71.0,1748788683.0,145321.0,2112.0,e5ca7a2c-9bd1-4cd3-ab36-210d274c4333
1080.0,20d58ea0-2022-4b22-96a3-7934fa8ce539,720.0,challenge on travel!,4999.513470681458,253113.63264767933,152.0,1753022283.0,354391.0,343.0,d346943c-cdf5-4b4c-bacd-2ab65ae3a9fb
1080.0,20d58ea0-2022-4b22-96a3-7934fa8ce539,720.0,challenge on fashion!,4999.513470681458,392777.0,34.0,1749307083.0,465959.0,4975.0,2f082245-4e63-440e-8429-9f3d2b12d8c8
1080.0,20d58ea0-2022-4b22-96a3-7934fa8ce539,1080.0,unboxing on fashion!,1550.0,52370.0,86.0,1752071883.0,506609.0,2959.0,3732433b-daf7-4931-96e5-4be01934dc4d
1080.0,20d58ea0-2022-4b22-96a3-7934fa8ce539,1080.0,unboxing on food!,6707.0,253102.0,170.0,1747924683.0,180969.0,2535.6222222222223,b112902f-7e87-4437-a1c3-9a9eb42f3aa8
897.9699248120301,20d58ea0-2022-4b22-96a3-7934fa8ce539,1080.0,review on travel!,4296.0,269663.0,44.0,1748529483.0,62349.0,1773.0,d90afa83-c405-45a0-bb7e-7e47d833bb20
1080.0,fdc816e1-7445-44e1-b2d1-1f4eef89310e,720.0,reaction on food!,6027.0,31047.0,91.0,1752849483.0,272476.0,4284.0,f324cd1d-ab14-4738-a631-3f1af5baba4e
720.0,fdc816e1-7445-44e1-b2d1-1f4eef89310e,1080.0,unboxing on travel!,7857.0,394795.0,39.0,1750603083.0,327500.0,3946.0,e29fd8e9-dca8-4b58-8a76-ab2dbe9b6cd0
1080.0,fdc816e1-7445-44e1-b2d1-1f4eef89310e,1080.0,challenge on travel!,3246.0,158183.0,92.0,1752676683.0,45570.0,664.0,d80f9f5f-763c-46ca-bc47-cdbd4271b5bc
720.0,fdc816e1-7445-44e1-b2d1-1f4eef89310e,1080.0,unboxing on beauty!,1915.0,253113.63264767933,114.0,1750775883.0,375608.0,283.0,d3172efc-f798-4c08-9419-1581b5f5f1e8
720.0,fdc816e1-7445-44e1-b2d1-1f4eef89310e,1080.0,unboxing on beauty!,7602.0,191317.0,90.0,1748011083.0,922463.0,1105.0,964a2fcf-94ca-47e4-82e1-94b8a11cb56d
1080.0,fdc816e1-7445-44e1-b2d1-1f4eef89310e,720.0,vlog on travel!,4999.513470681458,206109.0,23.0,1751207883.0,861915.0,3076.0,e101c7ac-4b5b-4739-9a92-b9a1a33ceb26
897.9699248120301,fdc816e1-7445-44e1-b2d1-1f4eef89310e,1080.0,vlog on fashion!,7119.0,174732.0,77.0,1748875083.0,313945.0,3361.0,9a95874f-ded8-4106-82f6-d0fd1f05bdf7
720.0,fdc816e1-7445-44e1-b2d1-1f4eef89310e,1080.0,unboxing on travel!,6400.0,368485.0,138.0,1751726283.0,411332.0,4317.0,fbac2b59-f8be-4096-8758-63a060ecb53c
1080.0,fdc816e1-7445-44e1-b2d1-1f4eef89310e,720.0,challenge on travel!,5198.0,476325.0,162.0,1751899083.0,357614.0,3631.0,5c0d4b82-e948-40c7-b4f2-4d4dd08ad62b
1080.0,fdc816e1-7445-44e1-b2d1-1f4eef89310e,1080.0,unboxing on tech!,7461.0,469024.0,85.0,1752244683.0,200633.0,3610.0,7dc447c0-1c55-4bd8-aaea-b493406add09
720.0,fdc816e1-7445-44e1-b2d1-1f4eef89310e,720.0,review on tech!,5163.0,89079.0,68.0,1751726283.0,81288.0,1673.0,ce9ab547-fd97-4f93-bfd6-979fbc08be38
1080.0,fdc816e1-7445-44e1-b2d1-1f4eef89310e,1080.0,vlog on beauty!,4999.513470681458,184264.0,116.0,1748270283.0,960517.0,1477.0,64701875-58cf-4f09-8fb9-2afa1f7e08a4
1080.0,fdc816e1-7445-44e1-b2d1-1f4eef89310e,1080.0,review on beauty!,7252.0,496785.0,139.0,1748270283.0,814987.0,3878.0,9f972277-ad0b-45b5-bb84-40191e50abd0
1080.0,fdc816e1-7445-44e1-b2d1-1f4eef89310e,1080.0,vlog on travel!,7909.0,230652.0,94.45944039501528,1748615883.0,494478.7454455933,4224.0,169d1c41-6355-455f-8813-86353e68510f
720.0,fdc816e1-7445-44e1-b2d1-1f4eef89310e,720.0,review on fitness!,9663.0,180769.0,177.0,1753022283.0,262912.0,2622.0,d1b2b554-f2f6-451c-aa71-09f419a943aa
897.9699248120301,fdc816e1-7445-44e1-b2d1-1f4eef89310e,1080.0,vlog on tech!,2570.0,17977.0,176.0,1750171083.0,562168.0,786.0,94f05da0-5ac7-45db-9ca8-a7d14d36f691
720.0,fdc816e1-7445-44e1-b2d1-1f4eef89310e,896.6165413533835,vlog on fashion!,5907.0,252494.0,30.0,1751726283.0,508953.0,3303.0,0116f069-c029-4301-8fa6-3b349f2c11ef
1080.0,fdc816e1-7445-44e1-b2d1-1f4eef89310e,1080.0,unboxing on food!,4999.513470681458,356364.0,85.0,1748270283.0,321765.0,3103.0,59f602fa-f72d-4e9c-9c75-c92112f06356
1080.0,fdc816e1-7445-44e1-b2d1-1f4eef89310e,720.0,unboxing on fashion!,3529.0,167054.0,131.0,1751553483.0,494478.7454455933,1873.0,c7a9e4f6-d865-4d14-af5c-c5247bf1b80c
1080.0,667f2a79-aa2a-4322-83be-36b94272c6bb,720.0,challenge on tech!,1659.0,160923.0,90.0,1752676683.0,899754.0,1405.0,cf72a7e3-63de-46ad-8f96-ba00fc3bc6fc
897.9699248120301,667f2a79-aa2a-4322-83be-36b94272c6bb,720.0,challenge on fashion!,442.0,253113.63264767933,135.0,1750430283.0,332563.0,4640.0,313800c9-92e8-4986-80d0-3e303c01c223
720.0,667f2a79-aa2a-4322-83be-36b94272c6bb,1080.0,review on fashion!,4903.0,252926.0,89.0,1751812683.0,248938.0,811.0,e0be3bdd-b26c-495d-b64e-e11c2edfb232
720.0,667f2a79-aa2a-4322-83be-36b94272c6bb,1080.0,vlog on tech!,5048.0,61581.0,132.0,1752763083.0,34699.0,1236.0,f8917521-f021-4967-b55f-940f35b78e30
720.0,667f2a79-aa2a-4322-83be-36b94272c6bb,1080.0,unboxing on food!,4999.513470681458,359907.0,83.0,1750430283.0,802026.0,1753.0,dd132f2b-18e6-48b3-95b5-f39789ec6463
720.0,667f2a79-aa2a-4322-83be-36b94272c6bb,720.0,unboxing on food!,3914.0,373968.0,130.0,1752503883.0,494478.7454455933,3246.0,ee087153-cfdc-4c74-b4d0-a776bfd2b26a
1080.0,667f2a79-aa2a-4322-83be-36b94272c6bb,1080.0,challenge on food!,7549.0,196813.0,106.0,1750775883.0,112123.0,818.0,8587189b-5c24-4554-9a93-72af9e28c319
720.0,667f2a79-aa2a-4322-83be-36b94272c6bb,720.0,vlog on food!,4999.513470681458,303519.0,23.0,1749998283.0,385158.0,154.0,15164459-31c6-41ef-8e47-769cd8312b87
720.0,667f2a79-aa2a-4322-83be-36b94272c6bb,720.0,review on food!,4182.0,110019.0,11.0,1752935883.0,747357.0,3994.0,f2606742-fa37-4d85-ad9d-b6dcf01c49e0
1080.0,667f2a79-aa2a-4322-83be-36b94272c6bb,720.0,challenge on beauty!,6976.0,230230.0,160.0,1750775883.0,681594.0,3338.0,5f0c54dc-f4f7-4ada-b357-6f1bb6ce6e61
720.0,667f2a79-aa2a-4322-83be-36b94272c6bb,720.0,challenge on travel!,9471.0,208304.0,95.0,1747924683.0,567125.0,4854.0,30c09427-01b2-4092-82a1-1dc262023db0
720.0,667f2a79-aa2a-4322-83be-36b94272c6bb,1080.0,vlog on food!,2943.0,168186.0,27.0,1748788683.0,235451.0,3910.0,ea2f42e6-b7f7-4d66-8e4d-01043b4f55af
720.0,667f2a79-aa2a-4322-83be-36b94272c6bb,720.0,unboxing on fitness!,3983.0,441845.0,13.0,1751121483.0,283836.0,3174.0,d609978a-5a6d-4904-b09e-f967468281d0
720.0,667f2a79-aa2a-4322-83be-36b94272c6bb,1080.0,vlog on food!,8040.0,5058.0,124.0,1749566283.0,544133.0,207.0,fabfaa7e-0143-412d-982e-e114770a385d
720.0,667f2a79-aa2a-4322-83be-36b94272c6bb,1080.0,reaction on fitness!,4999.513470681458,10060.0,18.0,1749566283.0,89220.0,2146.0,186d2ba3-0558-426d-aa24-152b073e5b25
897.9699248120301,667f2a79-aa2a-4322-83be-36b94272c6bb,1080.0,unboxing on travel!,4999.513470681458,153205.0,97.0,1749998283.0,30897.0,4257.0,eb2e06e1-71f2-4a43-b0b6-f37fa9868535
720.0,667f2a79-aa2a-4322-83be-36b94272c6bb,896.6165413533835,unboxing on fitness!,5461.0,390821.0,94.45944039501528,1750171083.0,755519.0,4730.0,448637a9-5a46-4fbb-b83e-cc2ee1ca93ab
720.0,667f2a79-aa2a-4322-83be-36b94272c6bb,720.0,vlog on tech!,9164.0,73402.0,158.0,1752071883.0,494478.7454455933,342.0,87a58b85-888d-46f0-8570-5f56910013c5
720.0,667f2a79-aa2a-4322-83be-36b94272c6bb,720.0,review on fashion!,1802.0,189115.0,164.0,1748356683.0,65287.0,2168.0,7a13881c-a622-49d8-8436-5fcaf9bc1f04
1080.0,667f2a79-aa2a-4322-83be-36b94272c6bb,1080.0,reaction on food!,6845.0,286729.0,58.0,1752676683.0,23417.0,4935.0,8391213f-36ff-432c-9d29-4ba11b7db4ff
720.0,667f2a79-aa2a-4322-83be-36b94272c6bb,1080.0,unboxing on food!,176.0,38157.0,25.0,1751207883.0,752859.0,2535.6222222222223,108b7139-c290-459b-b350-6c6a30d1f078
720.0,667f2a79-aa2a-4322-83be-36b94272c6bb,720.0,unboxing on travel!,91.0,253113.63264767933,110.0,1748615883.0,370335.0,4693.0,77ba62b6-dd5e-423e-8e32-4a83a26631fe
1080.0,667f2a79-aa2a-4322-83be-36b94272c6bb,1080.0,review on food!,2192.0,247436.0,71.0,1751639883.0,21423.0,2535.6222222222223,6833575a-5eec-437c-9bf2-b1f4ff384602
720.0,a18dbee1-af9a-4dbf-92d7-789e79f8213a,1080.0,unboxing on beauty!,5464.0,250065.0,54.0,1751121483.0,626555.0,2535.6222222222223,3c155143-79af-428a-8b31-0cba3aad5f9c
1080.0,a18dbee1-af9a-4dbf-92d7-789e79f8213a,1080.0,challenge on travel!,6571.0,146263.0,108.0,1751467083.0,868098.0,471.0,7de248c7-b12e-42f5-9398-b596b913ceaa
720.0,a18dbee1-af9a-4dbf-92d7-789e79f8213a,1080.0,reaction on fitness!,437.0,13959.0,48.0,1750775883.0,547986.0,1029.0,a733cd6c-19d0-4982-9152-99cbbba8f19c
720.0,a18dbee1-af9a-4dbf-92d7-789e79f8213a,720.0,challenge on tech!,5957.0,2775.0,98.0,1751121483.0,233919.0,4891.0,d6521d2f-f5bf-435e-b1f5-1fd5144a5de0
897.9699248120301,a18dbee1-af9a-4dbf-92d7-789e79f8213a,896.6165413533835,challenge on tech!,4999.513470681458,370602.0,124.0,1748183883.0,933924.0,4602.0,fdc82de9-368d-4e70-8e0d-5fc390dd1720
1080.0,a18dbee1-af9a-4dbf-92d7-789e79f8213a,1080.0,vlog on food!,4999.513470681458,424644.0,32.0,1748529483.0,84562.0,955.0,fa840068-767b-4ff7-80d5-58a3736c930e
720.0,a18dbee1-af9a-4dbf-92d7-789e79f8213a,1080.0,unboxing on travel!,7315.0,253113.63264767933,94.45944039501528,1751639883.0,963142.0,4153.0,0c037a5e-8ffd-4ef9-a74e-028e9f2a64e2
1080.0,a18dbee1-af9a-4dbf-92d7-789e79f8213a,1080.0,reaction on fitness!,3610.0,200334.0,151.0,1750948683.0,590164.0,2535.6222222222223,95fe0c93-9e7e-481a-8014-8cb6bb78997a
720.0,a18dbee1-af9a-4dbf-92d7-789e79f8213a,720.0,unboxing on food!,319.0,241284.0,177.0,1752590283.0,494478.7454455933,3823.0,c16c1026-3ba3-4440-8daf-ab4ab8334ec1
720.0,a18dbee1-af9a-4dbf-92d7-789e79f8213a,896.6165413533835,vlog on food!,254.0,202637.0,46.0,1748529483.0,561982.0,2907.0,0c7521c3-aeb2-4eca-8e29-bb573f84364d
720.0,a18dbee1-af9a-4dbf-92d7-789e79f8213a,1080.0,challenge on fashion!,6586.0,329999.0,67.0,1751035083.0,35880.0,1666.0,fe1cb0be-98f1-469e-b1c0-5c6a981e279e
1080.0,a18dbee1-af9a-4dbf-92d7-789e79f8213a,1080.0,unboxing on beauty!,4981.0,253113.63264767933,18.0,1750430283.0,388877.0,2202.0,227e20fc-9a1d-4718-beaa-f91688fe8935
720.0,a18dbee1-af9a-4dbf-92d7-789e79f8213a,1080.0,vlog on fitness!,1900.0,90211.0,56.0,1749739083.0,380471.0,2535.6222222222223,9f0c3856-6b15-4ead-986e-578a0ffe8ef8
720.0,a18dbee1-af9a-4dbf-92d7-789e79f8213a,1080.0,unboxing on travel!,4999.513470681458,136770.0,104.0,1749911883.0,480237.0,824.0,4ca77a80-010d-4f1d-848f-34619432cfd4
1080.0,a18dbee1-af9a-4dbf-92d7-789e79f8213a,1080.0,challenge on fashion!,1602.0,314389.0,49.0,1752590283.0,754608.0,4693.0,dbfabf1d-5daf-470a-a3d7-931b05bcdb5c
1080.0,a18dbee1-af9a-4dbf-92d7-789e79f8213a,720.0,challenge on travel!,4229.0,354807.0,94.45944039501528,1751035083.0,556909.0,4703.0,89793438-ceec-4be4-868e-4e01586d4dc5
720.0,a18dbee1-af9a-4dbf-92d7-789e79f8213a,720.0,challenge on beauty!,7711.0,253113.63264767933,76.0,1751467083.0,74707.0,2535.6222222222223,0dc2db8c-7dcb-4a86-aaca-00a62f738827
720.0,a18dbee1-af9a-4dbf-92d7-789e79f8213a,1080.0,reaction on food!,4999.513470681458,343151.0,99.0,1752244683.0,494478.7454455933,3420.0,503acdef-7559-424d-a9b3-7271dc4aad90
720.0,a18dbee1-af9a-4dbf-92d7-789e79f8213a,720.0,review on fashion!,1874.0,38390.0,19.0,1748961483.0,783380.0,3299.0,0313d315-cb8f-4fcb-bd02-9365794b2430
720.0,a18dbee1-af9a-4dbf-92d7-789e79f8213a,1080.0,challenge on travel!,6981.0,156511.0,82.0,1749739083.0,388331.0,1262.0,0a98ca41-f139-445b-8ac5-471a575219c3
1080.0,a18dbee1-af9a-4dbf-92d7-789e79f8213a,1080.0,reaction on food!,4758.0,258005.0,132.0,1750862283.0,647099.0,3979.0,acdb0f03-2d46-40c2-91bb-5fb283bec9ce
720.0,a18dbee1-af9a-4dbf-92d7-789e79f8213a,720.0,review on beauty!,8679.0,262156.0,166.0,1749825483.0,41924.0,3943.0,99fee0b9-a4f4-4221-8a69-03f850c4ed1c
720.0,a18dbee1-af9a-4dbf-92d7-789e79f8213a,720.0,unboxing on food!,1303.0,112198.0,46.0,1748875083.0,604829.0,69.0,4e4f0ef5-2465-49c2-bfef-aa0ab8713dd7
1080.0,a18dbee1-af9a-4dbf-92d7-789e79f8213a,720.0,reaction on fashion!,4769.0,303465.0,76.0,1748702283.0,284446.0,1105.0,0a2f0ae1-8c88-412f-94fd-56542ac917fb
1080.0,a18dbee1-af9a-4dbf-92d7-789e79f8213a,1080.0,unboxing on food!,6296.0,78619.0,174.0,1750084683.0,432417.0,2535.6222222222223,63767f73-7a0f-4166-a251-40821cdeeb31
1080.0,a18dbee1-af9a-4dbf-92d7-789e79f8213a,1080.0,review on travel!,4999.513470681458,488998.0,44.0,1748615883.0,998122.0,65.0,5d080f1c-768d-4b01-a534-2e30f67e6242
720.0,a18dbee1-af9a-4dbf-92d7-789e79f8213a,1080.0,reaction on fashion!,4829.0,489409.0,163.0,1752849483.0,760101.0,1579.0,354ef2b6-37cc-42cd-84f5-21dcd6f0c6da
1080.0,3b1d15db-ca8a-4949-bd9a-bf6c33b5a8de,720.0,challenge on fitness!,8484.0,263358.0,103.0,1750343883.0,494478.7454455933,2935.0,83c80e6f-b49a-4bbb-9dd0-6c5467f4a8b8
1080.0,3b1d15db-ca8a-4949-bd9a-bf6c33b5a8de,720.0,challenge on fashion!,7826.0,50666.0,34.0,1749479883.0,215452.0,2118.0,a24eaaff-7c0e-4f1e-b3f2-c9843f8fb7fa
1080.0,3b1d15db-ca8a-4949-bd9a-bf6c33b5a8de,720.0,challenge on food!,8905.0,313458.0,60.0,1752417483.0,488089.0,2925.0,748f9433-954c-443c-9b7c-16ebfdda7420
1080.0,3b1d15db-ca8a-4949-bd9a-bf6c33b5a8de,720.0,vlog on food!,2559.0,253113.63264767933,145.0,1749998283.0,512886.0,3237.0,afa1d4d9-acdf-414c-9b1c-ec40f77fe55e
1080.0,3b1d15db-ca8a-4949-bd9a-bf6c33b5a8de,1080.0,unboxing on travel!,9311.0,10671.0,49.0,1748702283.0,306128.0,3600.0,84f5d58f-7451-488f-91e7-52822c2ec14b
1080.0,3b1d15db-ca8a-4949-bd9a-bf6c33b5a8de,720.0,challenge on fashion!,4999.513470681458,127300.0,16.0,1752935883.0,501535.0,1283.0,339ae500-74b3-4a6e-889c-0a57ae600bc6
1080.0,3b1d15db-ca8a-4949-bd9a-bf6c33b5a8de,720.0,challenge on food!,4999.513470681458,179437.0,150.0,1752849483.0,494478.7454455933,1241.0,01c8dd21-e953-49b8-bcd2-ab3943a3cd3d
1080.0,3b1d15db-ca8a-4949-bd9a-bf6c33b5a8de,1080.0,challenge on beauty!,4999.513470681458,22730.0,121.0,1748875083.0,584482.0,4718.0,ddf0a7e0-aaed-4875-90e3-d23b3d1413a9
1080.0,3b1d15db-ca8a-4949-bd9a-bf6c33b5a8de,720.0,reaction on fitness!,9215.0,253113.63264767933,94.45944039501528,1749220683.0,245321.0,1745.0,7136ebe7-d236-440e-8d5d-83f84745015f
1080.0,3b1d15db-ca8a-4949-bd9a-bf6c33b5a8de,1080.0,unboxing on beauty!,1239.0,153951.0,48.0,1749479883.0,883403.0,2644.0,ec3e0b6e-f6a5-41c4-8788-4fecea1db66c
720.0,3b1d15db-ca8a-4949-bd9a-bf6c33b5a8de,720.0,unboxing on beauty!,6968.0,342302.0,148.0,1748702283.0,278292.0,2681.0,34507185-4ead-48b8-ad5b-8249fff5680c
720.0,3b1d15db-ca8a-4949-bd9a-bf6c33b5a8de,1080.0,reaction on food!,4999.513470681458,434552.0,77.0,1749220683.0,918253.0,283.0,9163082a-e020-4f67-8d54-6bc886c93a89
897.9699248120301,3b1d15db-ca8a-4949-bd9a-bf6c33b5a8de,1080.0,review on tech!,4999.513470681458,253113.63264767933,118.0,1749739083.0,494478.7454455933,4903.0,68841413-c4cc-4c91-8619-668b0887fd8f
1080.0,3b1d15db-ca8a-4949-bd9a-bf6c33b5a8de,1080.0,reaction on fitness!,9741.0,253113.63264767933,10.0,1752331083.0,41553.0,4471.0,0a6d7656-fe6c-4591-a529-fd7bd1d749db
1080.0,3b1d15db-ca8a-4949-bd9a-bf6c33b5a8de,720.0,reaction on travel!,4646.0,262313.0,128.0,1749652683.0,345039.0,2825.0,9be17683-a552-43df-b18f-f44c638721bd
720.0,3b1d15db-ca8a-4949-bd9a-bf6c33b5a8de,1080.0,challenge on fitness!,6758.0,359491.0,143.0,1751035083.0,705150.0,4939.0,5c2a5e10-5736-4c33-8f80-b0ac3e73d177
1080.0,3b1d15db-ca8a-4949-bd9a-bf6c33b5a8de,720.0,unboxing on food!,4526.0,115084.0,131.0,1751553483.0,602419.0,2281.0,1421a5be-dee0-4bb0-be38-d0836e1f13f1
720.0,3b1d15db-ca8a-4949-bd9a-bf6c33b5a8de,1080.0,review on fitness!,4999.513470681458,429493.0,72.0,1749047883.0,497532.0,4323.0,62205158-1350-4e27-a474-8d2413e7b3e5
897.9699248120301,3b1d15db-ca8a-4949-bd9a-bf6c33b5a8de,1080.0,unboxing on beauty!,3033.0,349906.0,140.0,1751121483.0,615719.0,3232.0,5f9fd6e0-c524-4925-9150-f046d5daf779
720.0,3b1d15db-ca8a-4949-bd9a-bf6c33b5a8de,1080.0,unboxing on fashion!,5270.0,439419.0,138.0,1748097483.0,920110.0,2535.6222222222223,7c33a8a5-dda5-48f2-b206-d1abaaca6604
720.0,3b1d15db-ca8a-4949-bd9a-bf6c33b5a8de,1080.0,vlog on food!,7681.0,359279.0,75.0,1750603083.0,831805.0,2436.0,e2e93b63-019d-4199-b231-f3b7bc824ebf
720.0,3b1d15db-ca8a-4949-bd9a-bf6c33b5a8de,720.0,challenge on fashion!,3182.0,253074.0,12.0,1748183883.0,970469.0,2508.0,bd175acf-ce4e-4327-980a-7adec30e0c8a
1080.0,3b1d15db-ca8a-4949-bd9a-bf6c33b5a8de,1080.0,vlog on travel!,6401.0,182084.0,172.0,1748097483.0,492667.0,2843.0,92ced877-757a-4432-acc1-9a266ff18e21
1080.0,819e35c0-d864-428f-a7a4-9659cbd9ea13,720.0,reaction on food!,4999.513470681458,458092.0,27.0,1749047883.0,905418.0,4453.0,c0f8cebf-8d0f-4b6d-834a-2ce04e8e5110
720.0,819e35c0-d864-428f-a7a4-9659cbd9ea13,1080.0,reaction on travel!,8576.0,253113.63264767933,159.0,1751553483.0,274330.0,1515.0,36ea5349-bd7b-4748-89a7-639e9eef229a
1080.0,819e35c0-d864-428f-a7a4-9659cbd9ea13,720.0,vlog on fashion!,17.0,214226.0,100.0,1751035083.0,446292.0,2535.6222222222223,b59b54c4-d36c-4176-8ef9-3e3457d747fc
1080.0,819e35c0-d864-428f-a7a4-9659cbd9ea13,720.0,vlog on food!,54.0,210317.0,93.0,1749307083.0,30655.0,3620.0,fff957e8-f8cb-45c1-b888-759903610661
720.0,819e35c0-d864-428f-a7a4-9659cbd9ea13,1080.0,review on travel!,8824.0,253113.63264767933,170.0,1752244683.0,239527.0,4418.0,cf8682a9-67a6-401b-9474-1a6aeb35c8b5
1080.0,819e35c0-d864-428f-a7a4-9659cbd9ea13,720.0,vlog on travel!,7749.0,443513.0,139.0,1751553483.0,499921.0,3207.0,512eef54-2db3-40f6-8a05-89db7e66b331
1080.0,819e35c0-d864-428f-a7a4-9659cbd9ea13,896.6165413533835,vlog on food!,6349.0,474891.0,33.0,1749307083.0,280027.0,1420.0,4c46cb51-e7bf-4e5b-90b8-2eb745ad4625
720.0,819e35c0-d864-428f-a7a4-9659cbd9ea13,720.0,reaction on tech!,3625.0,259258.0,52.0,1748961483.0,382157.0,2726.0,c0b05ac5-bb8e-44e0-92db-343be3157a61
720.0,819e35c0-d864-428f-a7a4-9659cbd9ea13,720.0,reaction on fitness!,4999.513470681458,391383.0,63.0,1748875083.0,381356.0,3159.0,8a314b59-91cd-4739-baaf-57216e310866
720.0,819e35c0-d864-428f-a7a4-9659cbd9ea13,1080.0,review on beauty!,2037.0,33284.0,94.45944039501528,1752331083.0,906993.0,2535.6222222222223,dc243a80-05ad-41c6-9ce5-68153c406d5a
1080.0,819e35c0-d864-428f-a7a4-9659cbd9ea13,720.0,vlog on travel!,4201.0,346737.0,21.0,1748097483.0,494478.7454455933,4044.0,888803b7-4ff6-4539-9aab-228445978ca6
720.0,819e35c0-d864-428f-a7a4-9659cbd9ea13,720.0,reaction on travel!,2257.0,460473.0,66.0,1751639883.0,733935.0,4041.0,d3f6c9a4-bdc6-43ea-b221-be9127f7bf2b
720.0,819e35c0-d864-428f-a7a4-9659cbd9ea13,1080.0,review on fitness!,8342.0,239388.0,116.0,1748011083.0,26065.0,1914.0,4b7cf3ae-ff27-459d-a962-ecae056709d0
1080.0,819e35c0-d864-428f-a7a4-9659cbd9ea13,1080.0,review on food!,5332.0,21173.0,140.0,1750862283.0,927691.0,714.0,df659ab3-e1d6-41d6-a7fe-198a822132b3
720.0,819e35c0-d864-428f-a7a4-9659cbd9ea13,720.0,review on food!,7692.0,457888.0,62.0,1748183883.0,26208.0,123.0,3925dbe2-ce42-40ef-b697-4ece4c6b0207
720.0,819e35c0-d864-428f-a7a4-9659cbd9ea13,720.0,vlog on food!,3861.0,27573.0,101.0,1751467083.0,251145.0,4126.0,7053e84f-d555-4703-b4a8-93a5d42a58e3
1080.0,819e35c0-d864-428f-a7a4-9659cbd9ea13,720.0,unboxing on fitness!,2819.0,454418.0,100.0,1748529483.0,849645.0,2535.6222222222223,dc3e4902-ef40-4ccf-abf5-cfae6a4e784e
720.0,819e35c0-d864-428f-a7a4-9659cbd9ea13,720.0,vlog on beauty!,7233.0,436839.0,143.0,1749998283.0,751532.0,1374.0,beb8b5b5-c1b8-4a74-a4cf-269b6e98d219
1080.0,819e35c0-d864-428f-a7a4-9659cbd9ea13,720.0,unboxing on tech!,4999.513470681458,216503.0,179.0,1749047883.0,571755.0,2319.0,c415ecb3-e2f1-4d36-8551-1c63c1eae858
720.0,819e35c0-d864-428f-a7a4-9659cbd9ea13,1080.0,reaction on fitness!,7234.0,258764.0,143.0,1750343883.0,401298.0,1320.0,f55b3e00-9cf3-4f3e-943d-f82c665b48c4
1080.0,819e35c0-d864-428f-a7a4-9659cbd9ea13,720.0,challenge on food!,6148.0,253113.63264767933,139.0,1752676683.0,589642.0,422.0,33635e8f-c933-4f39-9400-5f4cf42f3826
720.0,819e35c0-d864-428f-a7a4-9659cbd9ea13,720.0,review on fashion!,14.0,270201.0,58.0,1749220683.0,823372.0,1287.0,0afe6ae6-447c-4db0-8475-486c3a81481b
720.0,819e35c0-d864-428f-a7a4-9659cbd9ea13,1080.0,unboxing on fashion!,9828.0,26496.0,71.0,1751121483.0,331218.0,4677.0,264f4296-e4d6-4fda-b61a-4a1ed11ff026
720.0,080ce44a-a8b6-42ff-8a8c-195207e47a3d,1080.0,challenge on travel!,6803.0,294011.0,118.0,1749047883.0,494478.7454455933,434.0,8e0bbae8-c1fb-4c75-bdda-48c5454a7b1e
1080.0,080ce44a-a8b6-42ff-8a8c-195207e47a3d,720.0,review on fashion!,4999.513470681458,253113.63264767933,15.0,1751467083.0,762629.0,794.0,01cab19d-65b5-4c90-a52c-6be519033d3b
720.0,080ce44a-a8b6-42ff-8a8c-195207e47a3d,720.0,reaction on beauty!,816.0,326512.0,136.0,1752244683.0,396490.0,3423.0,e783890a-90fa-4d29-906e-df81511de02d
1080.0,080ce44a-a8b6-42ff-8a8c-195207e47a3d,720.0,reaction on fashion!,2994.0,6615.0,76.0,1748183883.0,91608.0,3695.0,31daa7c5-1dc5-4280-a374-c4a084e1be65
1080.0,080ce44a-a8b6-42ff-8a8c-195207e47a3d,720.0,challenge on fitness!,3285.0,53013.0,62.0,1750257483.0,782082.0,4243.0,f13f4a19-0235-4466-9c87-7f44cc2018f8
1080.0,080ce44a-a8b6-42ff-8a8c-195207e47a3d,1080.0,review on food!,8501.0,253113.63264767933,51.0,1748702283.0,759666.0,805.0,66de7e44-a8c3-4039-a8bd-f9fbdc30fc5b
720.0,080ce44a-a8b6-42ff-8a8c-195207e47a3d,720.0,unboxing on tech!,6187.0,206544.0,38.0,1750084683.0,864811.0,4433.0,d1650636-3981-4f5b-9c52-eb3a639e2741
897.9699248120301,080ce44a-a8b6-42ff-8a8c-195207e47a3d,1080.0,vlog on tech!,4339.0,311845.0,22.0,1748270283.0,494478.7454455933,2535.6222222222223,fef7e761-0398-42bf-aeaa-0f0c836193dd
1080.0,080ce44a-a8b6-42ff-8a8c-195207e47a3d,720.0,challenge on beauty!,4999.513470681458,401268.0,175.0,1749134283.0,659076.0,3011.0,fce756a2-f685-404a-b2b9-d93e7ce44a67
720.0,080ce44a-a8b6-42ff-8a8c-195207e47a3d,1080.0,reaction on tech!,6264.0,408788.0,94.45944039501528,1752676683.0,494478.7454455933,4167.0,3af754d4-112b-43c1-b3ec-049c8b6fe757
1080.0,080ce44a-a8b6-42ff-8a8c-195207e47a3d,720.0,challenge on fitness!,3193.0,292516.0,92.0,1751467083.0,494478.7454455933,4019.0,1cbd9301-3da0-4669-a0ba-ce3c976a3f50
720.0,080ce44a-a8b6-42ff-8a8c-195207e47a3d,720.0,vlog on tech!,1951.0,86578.0,117.0,1747924683.0,464243.0,977.0,25c73e28-2f97-4dc6-ad83-28841753dbfb
1080.0,080ce44a-a8b6-42ff-8a8c-195207e47a3d,720.0,vlog on fashion!,4999.513470681458,337073.0,41.0,1752417483.0,921077.0,1920.0,8f668f04-4eeb-4d3f-a04d-e8574711a07d
897.9699248120301,080ce44a-a8b6-42ff-8a8c-195207e47a3d,720.0,unboxing on food!,2912.0,112611.0,117.0,1751985483.0,690137.0,4480.0,05f0b6a6-7650-4e7e-8fd2-7b508a6cf876
897.9699248120301,080ce44a-a8b6-42ff-8a8c-195207e47a3d,720.0,vlog on tech!,4164.0,397694.0,23.0,1748443083.0,844408.0,8.0,e3258bb8-22f7-490a-a95e-03bcaa5efbaf
1080.0,080ce44a-a8b6-42ff-8a8c-195207e47a3d,896.6165413533835,challenge on fashion!,5053.0,475281.0,59.0,1749998283.0,603597.0,2535.6222222222223,84775418-bc48-40d5-ac85-58dc6a0200d9
1080.0,080ce44a-a8b6-42ff-8a8c-195207e47a3d,1080.0,challenge on food!,4999.513470681458,83284.0,26.0,1751985483.0,494478.7454455933,3963.0,0369e4e6-7773-46f3-9b48-2ab9fd3a4e42
1080.0,080ce44a-a8b6-42ff-8a8c-195207e47a3d,1080.0,review on travel!,51.0,310035.0,30.0,1749134283.0,458817.0,1633.0,25e89548-549c-4347-8c61-3aaac6cdabb0
720.0,080ce44a-a8b6-42ff-8a8c-195207e47a3d,720.0,vlog on travel!,3118.0,96723.0,173.0,1752503883.0,969032.0,2535.6222222222223,54191ade-e1e7-44c2-9996-9119ffa6aa03
720.0,080ce44a-a8b6-42ff-8a8c-195207e47a3d,896.6165413533835,review on food!,6518.0,490887.0,51.0,1751553483.0,572083.0,2015.0,94995994-036d-43e7-b5f6-997f6e28055f
720.0,080ce44a-a8b6-42ff-8a8c-195207e47a3d,896.6165413533835,challenge on travel!,4999.513470681458,253113.63264767933,92.0,1750948683.0,783479.0,2562.0,9cce5953-feba-4b4b-a2e4-80fb3fd3b4d4
720.0,080ce44a-a8b6-42ff-8a8c-195207e47a3d,1080.0,reaction on beauty!,6811.0,253113.63264767933,161.0,1749998283.0,596742.0,2565.0,e100ba40-0a54-47d6-bc6c-267b487eacf8
1080.0,080ce44a-a8b6-42ff-8a8c-195207e47a3d,1080.0,review on travel!,1034.0,444303.0,157.0,1749739083.0,301131.0,4468.0,58b1f3c7-1b8d-45ba-9540-7d15e30a54b0
897.9699248120301,080ce44a-a8b6-42ff-8a8c-195207e47a3d,720.0,vlog on travel!,3567.0,360359.0,40.0,1752849483.0,738479.0,959.0,c2fadbfa-9207-45f3-b2c0-e36fa4216071
1080.0,080ce44a-a8b6-42ff-8a8c-195207e47a3d,1080.0,vlog on beauty!,1412.0,146935.0,94.45944039501528,1748183883.0,851932.0,4346.0,085c5d31-b05c-4cfa-947e-62393b86d3d4
1080.0,080ce44a-a8b6-42ff-8a8c-195207e47a3d,1080.0,vlog on beauty!,5944.0,306848.0,167.0,1751294283.0,577813.0,2982.0,a475cde6-dbfc-4f99-add3-c19b2fe05c69
720.0,080ce44a-a8b6-42ff-8a8c-195207e47a3d,1080.0,unboxing on food!,6614.0,217374.0,32.0,1752763083.0,753201.0,987.0,804f28a9-f200-4037-b01f-139a7f3a6bbf
720.0,080ce44a-a8b6-42ff-8a8c-195207e47a3d,1080.0,challenge on travel!,4999.513470681458,242672.0,130.0,1748529483.0,494478.7454455933,4671.0,e738d691-13c7-4153-b8c9-7187f0f6763c
1080.0,080ce44a-a8b6-42ff-8a8c-195207e47a3d,720.0,reaction on fashion!,6786.0,69803.0,45.0,1752071883.0,327621.0,4394.0,75730b5e-5ba4-43ff-a295-0370633b450c
1080.0,9df33518-e3fc-4509-ac4b-05c8fa317522,720.0,unboxing on fashion!,4999.513470681458,270932.0,132.0,1751639883.0,727104.0,1378.0,b5151b17-0140-4cca-9ded-ffa2d7cd64b7
720.0,9df33518-e3fc-4509-ac4b-05c8fa317522,1080.0,review on fashion!,4858.0,397798.0,42.0,1748702283.0,4184.0,3859.0,44a93d23-b922-4cf7-9c8e-9b2ea892d263
1080.0,9df33518-e3fc-4509-ac4b-05c8fa317522,1080.0,reaction on food!,8611.0,193797.0,70.0,1749739083.0,909863.0,2738.0,1bc24233-e5bc-44bb-969c-bb22f8a5fcac
720.0,9df33518-e3fc-4509-ac4b-05c8fa317522,1080.0,vlog on tech!,4999.513470681458,84912.0,124.0,1750689483.0,859623.0,4797.0,5f43646d-9856-4454-a2da-4663223b31aa
720.0,9df33518-e3fc-4509-ac4b-05c8fa317522,1080.0,unboxing on tech!,7848.0,253113.63264767933,73.0,1750948683.0,826942.0,3693.0,310995ee-a8ed-495f-84de-5de1ec3b4bef
1080.0,9df33518-e3fc-4509-ac4b-05c8fa317522,896.6165413533835,vlog on food!,1301.0,336509.0,66.0,1751035083.0,507279.0,2292.0,f63d6e3b-c954-440b-8a6f-71f850d2f38d
1080.0,9df33518-e3fc-4509-ac4b-05c8fa317522,720.0,reaction on fitness!,4999.513470681458,195519.0,171.0,1748011083.0,377339.0,1404.0,e47a68de-0417-4b8a-91d0-e3deeda68d77
720.0,9df33518-e3fc-4509-ac4b-05c8fa317522,1080.0,unboxing on fitness!,9803.0,267594.0,89.0,1750689483.0,519075.0,2535.6222222222223,12b53487-28a8-488c-87c2-38074107e681
720.0,9df33518-e3fc-4509-ac4b-05c8fa317522,720.0,reaction on fashion!,3565.0,253113.63264767933,110.0,1750430283.0,103875.0,2535.6222222222223,282d7f7b-b251-442f-b856-63021853fba4
720.0,9df33518-e3fc-4509-ac4b-05c8fa317522,720.0,review on food!,2626.0,253113.63264767933,15.0,1751035083.0,880842.0,142.0,f502cbf3-1ab2-488c-b183-c43a1107a8ee
1080.0,9df33518-e3fc-4509-ac4b-05c8fa317522,720.0,unboxing on tech!,8372.0,493588.0,34.0,1748183883.0,99015.0,2062.0,8de738f8-4584-4768-8b2d-84ae66882d56
720.0,9df33518-e3fc-4509-ac4b-05c8fa317522,1080.0,challenge on travel!,4999.513470681458,253113.63264767933,62.0,1751467083.0,55305.0,4376.0,71b0a622-f6ce-4916-888f-8c9a233e2e7b
720.0,9df33518-e3fc-4509-ac4b-05c8fa317522,896.6165413533835,reaction on fitness!,7996.0,241733.0,87.0,1750948683.0,311660.0,4504.0,b6a548ea-b418-4dda-b4b0-da37d0e5f641
1080.0,9df33518-e3fc-4509-ac4b-05c8fa317522,1080.0,reaction on tech!,9210.0,4156.0,179.0,1750775883.0,589038.0,1121.0,baded807-07fb-4b2e-9ddd-94ec6d08c941
720.0,9df33518-e3fc-4509-ac4b-05c8fa317522,720.0,unboxing on fitness!,3037.0,159782.0,157.0,1748443083.0,395674.0,2307.0,b7e67659-c759-48cc-ae06-212a4853700a
1080.0,9df33518-e3fc-4509-ac4b-05c8fa317522,1080.0,reaction on food!,2445.0,477863.0,25.0,1752417483.0,513646.0,3921.0,fec51434-b741-4ad9-8c3d-1b723e03b285
1080.0,9df33518-e3fc-4509-ac4b-05c8fa317522,896.6165413533835,review on fashion!,7278.0,253113.63264767933,67.0,1748443083.0,242860.0,2614.0,d2d95f68-d9c2-4ac3-86e2-aaed3daeff84
720.0,9df33518-e3fc-4509-ac4b-05c8fa317522,1080.0,reaction on travel!,3397.0,422944.0,49.0,1749652683.0,494478.7454455933,1127.0,8e8dc3b7-0b30-4752-b6b2-90b7d1135836
720.0,9df33518-e3fc-4509-ac4b-05c8fa317522,720.0,vlog on tech!,6277.0,265842.0,163.0,1751207883.0,494478.7454455933,1491.0,28f1b2f6-6b18-4a3d-9c92-b7781f04f263
720.0,9df33518-e3fc-4509-ac4b-05c8fa317522,1080.0,challenge on travel!,4999.513470681458,97075.0,105.0,1752763083.0,332459.0,2602.0,f6726530-7010-4c87-a537-5c2577bbc6c8
720.0,9df33518-e3fc-4509-ac4b-05c8fa317522,1080.0,review on travel!,1762.0,468903.0,163.0,1750516683.0,441221.0,4189.0,9887f9b6-7456-497f-9252-b9997a9d3af2
720.0,9df33518-e3fc-4509-ac4b-05c8fa317522,1080.0,challenge on travel!,4999.513470681458,244664.0,49.0,1752935883.0,385147.0,2535.6222222222223,bedd68e1-08a8-43e5-9d93-cc7024a6f2f0
897.9699248120301,9df33518-e3fc-4509-ac4b-05c8fa317522,1080.0,vlog on travel!,9230.0,496078.0,137.0,1750689483.0,135084.0,364.0,af3c8f61-4adb-46ff-95a0-512efd5e0793
1080.0,9df33518-e3fc-4509-ac4b-05c8fa317522,720.0,review on travel!,2661.0,253113.63264767933,105.0,1751553483.0,526888.0,2535.6222222222223,c6574f0c-10ed-48d6-a8ee-744e7ffe651a
720.0,9df33518-e3fc-4509-ac4b-05c8fa317522,720.0,challenge on beauty!,211.0,212910.0,14.0,1751380683.0,974262.0,3371.0,9637db79-b503-4161-bf43-b8fcf868d665
720.0,9df33518-e3fc-4509-ac4b-05c8fa317522,720.0,vlog on tech!,1222.0,251877.0,84.0,1752417483.0,60717.0,584.0,23eeca98-f4e5-4587-bdd8-60a7b5774ec2
720.0,9df33518-e3fc-4509-ac4b-05c8fa317522,1080.0,unboxing on travel!,6141.0,440672.0,109.0,1752590283.0,486698.0,3825.0,9fecb239-4871-4f4c-8c4e-d6db64d34e14
1080.0,9df33518-e3fc-4509-ac4b-05c8fa317522,720.0,reaction on fitness!,6343.0,293126.0,18.0,1749479883.0,164875.0,1951.0,04ae5ce8-6f5a-40b6-806a-d5d25eec5326
1080.0,215a6dce-9d7e-4f91-b6e7-f2dba171ceba,1080.0,vlog on fashion!,4999.513470681458,304018.0,94.45944039501528,1752158283.0,494478.7454455933,2287.0,942e26ef-f4a7-4ec6-83f1-99a9b45ece76
1080.0,215a6dce-9d7e-4f91-b6e7-f2dba171ceba,1080.0,unboxing on fitness!,2690.0,475873.0,93.0,1748615883.0,547684.0,4045.0,3cd2f67a-2e12-49f4-b681-7725daff3b6a
1080.0,215a6dce-9d7e-4f91-b6e7-f2dba171ceba,1080.0,review on beauty!,9128.0,361075.0,45.0,1748788683.0,460341.0,927.0,6886c976-fda4-42c6-9963-4c0cc6b899f8
720.0,215a6dce-9d7e-4f91-b6e7-f2dba171ceba,720.0,challenge on food!,9960.0,50181.0,101.0,1750775883.0,256626.0,2337.0,c8096275-cf0b-4fdb-9a40-55008d81eb86
720.0,215a6dce-9d7e-4f91-b6e7-f2dba171ceba,1080.0,unboxing on fashion!,2082.0,204033.0,104.0,1749998283.0,938085.0,2535.6222222222223,30771abf-22b5-41dd-8220-16e51e60be49
720.0,215a6dce-9d7e-4f91-b6e7-f2dba171ceba,720.0,unboxing on travel!,6922.0,206757.0,176.0,1752676683.0,771237.0,2748.0,80212e07-b4d2-424a-8ecf-98107a738aa5
720.0,215a6dce-9d7e-4f91-b6e7-f2dba171ceba,1080.0,reaction on travel!,323.0,66942.0,165.0,1751639883.0,886969.0,2937.0,f00ca786-84c2-4756-a0b6-e1cdb069448d
720.0,215a6dce-9d7e-4f91-b6e7-f2dba171ceba,1080.0,reaction on fashion!,4999.513470681458,67478.0,110.0,1751121483.0,903399.0,3435.0,d38db505-3233-4965-b08e-d41ea07e55ee
1080.0,215a6dce-9d7e-4f91-b6e7-f2dba171ceba,1080.0,challenge on food!,4999.513470681458,253113.63264767933,69.0,1747838283.0,204898.0,2535.6222222222223,ed9fd60b-1664-4817-95d0-bdc1df2f242f
1080.0,215a6dce-9d7e-4f91-b6e7-f2dba171ceba,1080.0,unboxing on fashion!,6402.0,153914.0,87.0,1748788683.0,885241.0,2535.6222222222223,9311d087-ce71-456b-b8c7-6819e7b96e35
720.0,215a6dce-9d7e-4f91-b6e7-f2dba171ceba,1080.0,unboxing on fitness!,7900.0,172352.0,92.0,1748615883.0,113436.0,3233.0,6c5cabe1-6976-4d65-a91f-768522ef1abb
720.0,215a6dce-9d7e-4f91-b6e7-f2dba171ceba,1080.0,review on fitness!,4622.0,253113.63264767933,14.0,1749911883.0,502309.0,2897.0,bc8d8fe4-23b7-404d-845d-be6bee5c5408
1080.0,215a6dce-9d7e-4f91-b6e7-f2dba171ceba,720.0,review on fashion!,2788.0,35762.0,172.0,1752331083.0,140861.0,2512.0,55df18a3-6dc4-4b0a-8465-c3c5ddecbd78
1080.0,215a6dce-9d7e-4f91-b6e7-f2dba171ceba,896.6165413533835,review on travel!,7363.0,171304.0,105.0,1748615883.0,928701.0,4174.0,7e80e551-49c2-4f4c-9913-e6c0173e0d2c
720.0,215a6dce-9d7e-4f91-b6e7-f2dba171ceba,720.0,vlog on travel!,211.0,253113.63264767933,63.0,1752417483.0,74158.0,2535.6222222222223,174d5386-8814-4796-946d-3f438b60d54a
1080.0,215a6dce-9d7e-4f91-b6e7-f2dba171ceba,720.0,challenge on beauty!,2799.0,97272.0,33.0,1749911883.0,331691.0,3694.0,5931afb7-36f6-4450-bc1f-11fce6d57960
720.0,215a6dce-9d7e-4f91-b6e7-f2dba171ceba,1080.0,review on beauty!,7840.0,341522.0,31.0,1748011083.0,563337.0,802.0,4f4ee6a8-53eb-4b84-b2b6-d4dc2e10a611
720.0,215a6dce-9d7e-4f91-b6e7-f2dba171ceba,720.0,unboxing on fitness!,4999.513470681458,208413.0,122.0,1749047883.0,259934.0,2535.6222222222223,7d04d3b0-da2c-4ea2-a000-3105b46764ac
720.0,215a6dce-9d7e-4f91-b6e7-f2dba171ceba,720.0,review on fitness!,4474.0,337477.0,143.0,1749220683.0,395173.0,549.0,fe1560ff-2d0d-4a63-971b-24f5a9197621
720.0,215a6dce-9d7e-4f91-b6e7-f2dba171ceba,720.0,reaction on tech!,8628.0,377331.0,131.0,1752590283.0,853888.0,766.0,d7bbd8e5-0339-4d76-a8c1-3cf3de251111
1080.0,215a6dce-9d7e-4f91-b6e7-f2dba171ceba,1080.0,vlog on beauty!,4999.513470681458,253113.63264767933,94.0,1748011083.0,764694.0,3808.0,91da857b-bdb9-4c4d-90f7-a741469f77b4
897.9699248120301,215a6dce-9d7e-4f91-b6e7-f2dba171ceba,1080.0,review on travel!,2583.0,253113.63264767933,94.45944039501528,1750948683.0,225339.0,4783.0,d1c04cbf-0af9-412a-a142-6d75a8679872
1080.0,215a6dce-9d7e-4f91-b6e7-f2dba171ceba,1080.0,challenge on food!,567.0,440607.0,69.0,1748443083.0,947113.0,783.0,2fe102d2-71eb-4db0-ac04-4dcd2e96f668
720.0,c3c4b1e3-4543-4e58-8b16-817809d0a552,1080.0,review on travel!,6228.0,253113.63264767933,72.0,1748097483.0,519549.0,1819.0,b265ea4b-dece-4cb0-924d-d48c5a0bbcba
1080.0,c3c4b1e3-4543-4e58-8b16-817809d0a552,720.0,review on fitness!,9786.0,131759.0,87.0,1750171083.0,52534.0,4558.0,83353f90-9c5d-4f9b-934b-c0b417046e10
1080.0,c3c4b1e3-4543-4e58-8b16-817809d0a552,720.0,reaction on beauty!,6256.0,253113.63264767933,174.0,1750862283.0,67723.0,1547.0,0a667e71-32c4-4887-97f6-96659420bb19
1080.0,c3c4b1e3-4543-4e58-8b16-817809d0a552,1080.0,vlog on fitness!,4999.513470681458,50181.0,50.0,1752071883.0,827601.0,2535.6222222222223,a4b55c48-b926-4007-ab75-e4b40d77a7b8
720.0,c3c4b1e3-4543-4e58-8b16-817809d0a552,720.0,challenge on food!,6470.0,95355.0,53.0,1751467083.0,273637.0,1991.0,58e33d4d-f0cf-4307-ae94-02fc1ce7bbe6
720.0,c3c4b1e3-4543-4e58-8b16-817809d0a552,720.0,unboxing on beauty!,455.0,172750.0,53.0,1752763083.0,952684.0,2535.6222222222223,b40b19dc-c6c3-45ed-9b86-d6d4fbbaec55
720.0,c3c4b1e3-4543-4e58-8b16-817809d0a552,720.0,reaction on food!,4961.0,253113.63264767933,151.0,1751467083.0,754074.0,1515.0,7c2ae8e8-f4ff-4072-8d51-374a1f178cde
897.9699248120301,c3c4b1e3-4543-4e58-8b16-817809d0a552,720.0,reaction on tech!,5009.0,412923.0,16.0,1753022283.0,767144.0,1641.0,067d700b-65d8-4ba4-9438-fe20697a7d36
1080.0,c3c4b1e3-4543-4e58-8b16-817809d0a552,720.0,challenge on fashion!,4999.513470681458,37426.0,51.0,1750343883.0,197543.0,1341.0,8df2bce8-3888-442b-a784-acfc7955d167
720.0,c3c4b1e3-4543-4e58-8b16-817809d0a552,720.0,challenge on fitness!,4409.0,166689.0,104.0,1752244683.0,542304.0,4960.0,78da6a47-b931-46c9-a803-61ece81fcba6
1080.0,c3c4b1e3-4543-4e58-8b16-817809d0a552,1080.0,unboxing on travel!,3427.0,13052.0,169.0,1752417483.0,269131.0,4566.0,6376df0c-6e71-4c5f-94c2-c6e1906fe119
720.0,c3c4b1e3-4543-4e58-8b16-817809d0a552,720.0,review on beauty!,8272.0,250888.0,129.0,1749220683.0,347367.0,1284.0,c9a51330-e807-433c-9ad9-d43760685d25
1080.0,c3c4b1e3-4543-4e58-8b16-817809d0a552,720.0,vlog on tech!,4999.0,118627.0,83.0,1752849483.0,733662.0,4461.0,93769739-9fa7-4675-a1af-754b008d2c87
1080.0,c3c4b1e3-4543-4e58-8b16-817809d0a552,1080.0,challenge on fitness!,4406.0,337599.0,67.0,1750343883.0,700107.0,2535.6222222222223,5b574547-e18e-43b7-b0d5-d1ca6f2f5f04
1080.0,c3c4b1e3-4543-4e58-8b16-817809d0a552,720.0,challenge on fitness!,8286.0,253113.63264767933,96.0,1750343883.0,564969.0,252.0,0c1d01a0-78f8-4d6b-8f1b-8a00aa4babc1
1080.0,c3c4b1e3-4543-4e58-8b16-817809d0a552,1080.0,review on fitness!,6699.0,458071.0,74.0,1752935883.0,975434.0,399.0,2ac8fd36-266a-4425-a9ca-fe142e98323f
1080.0,1e52e427-9ff2-495d-aca6-7e0fb65c04c3,1080.0,unboxing on tech!,6421.0,177959.0,92.0,1750516683.0,482435.0,1237.0,2a61922e-90aa-4af2-b4ad-e5d1632495b7
720.0,1e52e427-9ff2-495d-aca6-7e0fb65c04c3,720.0,unboxing on fitness!,6261.0,176338.0,57.0,1749825483.0,479492.0,3150.0,035e44fa-d44d-4d68-9aec-91172c8fde67
720.0,1e52e427-9ff2-495d-aca6-7e0fb65c04c3,1080.0,unboxing on food!,3117.0,253113.63264767933,171.0,1750775883.0,123182.0,4840.0,a4537f77-4279-4a3c-b7af-69c7ed0fecef
720.0,1e52e427-9ff2-495d-aca6-7e0fb65c04c3,720.0,challenge on travel!,5374.0,122127.0,23.0,1753022283.0,49163.0,4554.0,2c159a27-56de-4fde-84b2-2169d43e58e6
1080.0,1e52e427-9ff2-495d-aca6-7e0fb65c04c3,720.0,review on food!,8251.0,372837.0,96.0,1751035083.0,967836.0,4770.0,5c69ef56-7bf7-49dd-bd5e-f1f6ca697e47
720.0,1e52e427-9ff2-495d-aca6-7e0fb65c04c3,1080.0,vlog on food!,2902.0,253113.63264767933,111.0,1752590283.0,756461.0,2669.0,4b5c4795-814c-48c6-9737-20a2e1d82521
1080.0,1e52e427-9ff2-495d-aca6-7e0fb65c04c3,720.0,reaction on tech!,7353.0,253113.63264767933,146.0,1751899083.0,900045.0,4155.0,6f83cf04-d2f1-495b-894a-a9048bb500e8
1080.0,1e52e427-9ff2-495d-aca6-7e0fb65c04c3,1080.0,challenge on travel!,8838.0,380648.0,158.0,1752849483.0,106333.0,4275.0,fdcc1f75-fff9-41a9-8128-c201224e76f4
1080.0,1e52e427-9ff2-495d-aca6-7e0fb65c04c3,720.0,review on travel!,991.0,463209.0,125.0,1751380683.0,252330.0,4538.0,505d9e87-82d8-4f98-b263-c4c666947b18
720.0,1e52e427-9ff2-495d-aca6-7e0fb65c04c3,1080.0,vlog on fashion!,6682.0,69876.0,63.0,1751380683.0,795741.0,2456.0,064ccfb7-3b94-4ad7-a60c-51838a92f983
1080.0,1e52e427-9ff2-495d-aca6-7e0fb65c04c3,896.6165413533835,unboxing on fitness!,967.0,258615.0,30.0,1752935883.0,589443.0,4687.0,86f9be97-39d6-45cf-b682-66adf498eae3
720.0,1e52e427-9ff2-495d-aca6-7e0fb65c04c3,720.0,review on fashion!,2693.0,96646.0,94.45944039501528,1752849483.0,671688.0,1381.0,1b1a5a4e-d2cb-43a1-83d9-03d830aab8c1
897.9699248120301,1e52e427-9ff2-495d-aca6-7e0fb65c04c3,720.0,unboxing on tech!,1131.0,231705.0,52.0,1747924683.0,943228.0,1147.0,d8c93da9-da7d-4361-abae-8d5994dd4e2b
720.0,1e52e427-9ff2-495d-aca6-7e0fb65c04c3,1080.0,vlog on fashion!,8284.0,44451.0,69.0,1751467083.0,784010.0,2354.0,762b996b-6387-4b5f-98d1-565dbeb87e2c
720.0,1e52e427-9ff2-495d-aca6-7e0fb65c04c3,720.0,review on beauty!,7327.0,253113.63264767933,95.0,1752244683.0,493995.0,4533.0,08860558-b714-42fa-b478-e8f3bf26da7d
720.0,1e52e427-9ff2-495d-aca6-7e0fb65c04c3,1080.0,unboxing on beauty!,54.0,305398.0,92.0,1748356683.0,178622.0,3446.0,5812bbd1-8f8e-402e-8c97-2b468235e12c
720.0,1e52e427-9ff2-495d-aca6-7e0fb65c04c3,720.0,vlog on fitness!,6168.0,302066.0,114.0,1750689483.0,911219.0,900.0,587f622a-b8b2-43ea-9956-fede9571107b
1080.0,1e52e427-9ff2-495d-aca6-7e0fb65c04c3,1080.0,challenge on travel!,4804.0,253113.63264767933,137.0,1752503883.0,654856.0,4829.0,1efac0a7-050a-42ec-95f6-ea0f9650ae10
1080.0,1e52e427-9ff2-495d-aca6-7e0fb65c04c3,720.0,reaction on travel!,4999.513470681458,367584.0,103.0,1752849483.0,148236.0,946.0,8756f4fe-77bf-4e15-b9e8-5dd61b308548
720.0,1e52e427-9ff2-495d-aca6-7e0fb65c04c3,720.0,vlog on beauty!,3240.0,156786.0,127.0,1749739083.0,145895.0,1744.0,17d12d9f-7921-4683-a6b6-592742903789
720.0,1e52e427-9ff2-495d-aca6-7e0fb65c04c3,720.0,unboxing on travel!,3983.0,253113.63264767933,119.0,1748961483.0,870335.0,3988.0,e03dce1e-627b-4c28-8691-c72eba8e8efe
1080.0,1e52e427-9ff2-495d-aca6-7e0fb65c04c3,1080.0,reaction on travel!,4999.513470681458,24071.0,94.45944039501528,1752503883.0,547076.0,2253.0,0fc57d2d-1282-4f6a-b8f7-72f8a7458059
1080.0,1e52e427-9ff2-495d-aca6-7e0fb65c04c3,720.0,review on fitness!,4287.0,219569.0,45.0,1752676683.0,185501.0,1185.0,c067a198-fad3-4010-b6ab-aeac67989f7c
1080.0,1e52e427-9ff2-495d-aca6-7e0fb65c04c3,1080.0,reaction on fitness!,7494.0,289897.0,107.0,1751639883.0,857428.0,2855.0,18290988-927b-478f-96a6-fd09d87a57c8
720.0,1e52e427-9ff2-495d-aca6-7e0fb65c04c3,720.0,review on travel!,5316.0,255190.0,10.0,1749998283.0,992715.0,1867.0,9dd44aa0-0e3c-4903-b928-80797603026c
1080.0,1e52e427-9ff2-495d-aca6-7e0fb65c04c3,720.0,vlog on beauty!,122.0,43184.0,38.0,1751985483.0,922676.0,4631.0,c66ad8cc-c97d-4bab-9bce-b24207643f15
1080.0,1e52e427-9ff2-495d-aca6-7e0fb65c04c3,1080.0,vlog on fashion!,887.0,77774.0,111.0,1752763083.0,192823.0,3883.0,891b4f6b-2a1e-4707-8ee3-04121ed35e9f
