creator_id,groundtruth,prediction
54c845c9-e0a1-4c1f-a498-3b5f1c966383,0.0990706546809739,0.09943972
54c845c9-e0a1-4c1f-a498-3b5f1c966383,0.0990706546809739,0.09943972
54c845c9-e0a1-4c1f-a498-3b5f1c966383,0.0990706546809739,0.09943972
54c845c9-e0a1-4c1f-a498-3b5f1c966383,0.0990706546809739,0.09943972
54c845c9-e0a1-4c1f-a498-3b5f1c966383,0.0990706546809739,0.09943972
54c845c9-e0a1-4c1f-a498-3b5f1c966383,0.0990706546809739,0.09943972
54c845c9-e0a1-4c1f-a498-3b5f1c966383,0.0990706546809739,0.09943972
54c845c9-e0a1-4c1f-a498-3b5f1c966383,0.0990706546809739,0.09943972
54c845c9-e0a1-4c1f-a498-3b5f1c966383,0.0990706546809739,0.09943972
54c845c9-e0a1-4c1f-a498-3b5f1c966383,0.0990706546809739,0.09943972
54c845c9-e0a1-4c1f-a498-3b5f1c966383,0.0990706546809739,0.09943972
54c845c9-e0a1-4c1f-a498-3b5f1c966383,0.0990706546809739,0.09943972
54c845c9-e0a1-4c1f-a498-3b5f1c966383,0.0990706546809739,0.09943972
54c845c9-e0a1-4c1f-a498-3b5f1c966383,0.0990706546809739,0.09943972
54c845c9-e0a1-4c1f-a498-3b5f1c966383,0.0990706546809739,0.09943972
54c845c9-e0a1-4c1f-a498-3b5f1c966383,0.0990706546809739,0.09943972
54c845c9-e0a1-4c1f-a498-3b5f1c966383,0.0990706546809739,0.09943972
54c845c9-e0a1-4c1f-a498-3b5f1c966383,0.0990706546809739,0.09943972
54c845c9-e0a1-4c1f-a498-3b5f1c966383,0.0990706546809739,0.09943972
54c845c9-e0a1-4c1f-a498-3b5f1c966383,0.0990706546809739,0.09943972
54c845c9-e0a1-4c1f-a498-3b5f1c966383,0.0990706546809739,0.09943972
54c845c9-e0a1-4c1f-a498-3b5f1c966383,0.0990706546809739,0.09943972
54c845c9-e0a1-4c1f-a498-3b5f1c966383,0.0990706546809739,0.09943972
54c845c9-e0a1-4c1f-a498-3b5f1c966383,0.0990706546809739,0.09943972
54c845c9-e0a1-4c1f-a498-3b5f1c966383,0.0990706546809739,0.09943972
54c845c9-e0a1-4c1f-a498-3b5f1c966383,0.0990706546809739,0.09943972
54c845c9-e0a1-4c1f-a498-3b5f1c966383,0.0990706546809739,0.09943972
8d671101-5462-42fa-9652-3b01351ae912,0.0214353464388834,0.027292717
8d671101-5462-42fa-9652-3b01351ae912,0.0214353464388834,0.027292717
8d671101-5462-42fa-9652-3b01351ae912,0.0214353464388834,0.027292717
8d671101-5462-42fa-9652-3b01351ae912,0.0214353464388834,0.027292717
8d671101-5462-42fa-9652-3b01351ae912,0.0214353464388834,0.027292717
8d671101-5462-42fa-9652-3b01351ae912,0.0214353464388834,0.027292717
8d671101-5462-42fa-9652-3b01351ae912,0.0214353464388834,0.027292717
8d671101-5462-42fa-9652-3b01351ae912,0.0214353464388834,0.027292717
8d671101-5462-42fa-9652-3b01351ae912,0.0214353464388834,0.027292717
8d671101-5462-42fa-9652-3b01351ae912,0.0214353464388834,0.027292717
8d671101-5462-42fa-9652-3b01351ae912,0.0214353464388834,0.027292717
8d671101-5462-42fa-9652-3b01351ae912,0.0214353464388834,0.027292717
8d671101-5462-42fa-9652-3b01351ae912,0.0214353464388834,0.027292717
8d671101-5462-42fa-9652-3b01351ae912,0.0214353464388834,0.027292717
8d671101-5462-42fa-9652-3b01351ae912,0.0214353464388834,0.027292717
8d671101-5462-42fa-9652-3b01351ae912,0.0214353464388834,0.027292717
7ef7d968-0779-44aa-9019-409de5cfcae9,0.0313863835849294,0.033666115
7ef7d968-0779-44aa-9019-409de5cfcae9,0.0313863835849294,0.033666115
7ef7d968-0779-44aa-9019-409de5cfcae9,0.0313863835849294,0.033666115
7ef7d968-0779-44aa-9019-409de5cfcae9,0.0313863835849294,0.033666115
7ef7d968-0779-44aa-9019-409de5cfcae9,0.0313863835849294,0.033666115
7ef7d968-0779-44aa-9019-409de5cfcae9,0.0313863835849294,0.033666115
7ef7d968-0779-44aa-9019-409de5cfcae9,0.0313863835849294,0.033666115
7ef7d968-0779-44aa-9019-409de5cfcae9,0.0313863835849294,0.033666115
7ef7d968-0779-44aa-9019-409de5cfcae9,0.0313863835849294,0.033666115
7ef7d968-0779-44aa-9019-409de5cfcae9,0.0313863835849294,0.033666115
7ef7d968-0779-44aa-9019-409de5cfcae9,0.0313863835849294,0.033666115
7ef7d968-0779-44aa-9019-409de5cfcae9,0.0313863835849294,0.033666115
7ef7d968-0779-44aa-9019-409de5cfcae9,0.0313863835849294,0.033666115
7ef7d968-0779-44aa-9019-409de5cfcae9,0.0313863835849294,0.033666115
7ef7d968-0779-44aa-9019-409de5cfcae9,0.0313863835849294,0.033666115
7ef7d968-0779-44aa-9019-409de5cfcae9,0.0313863835849294,0.033666115
7ef7d968-0779-44aa-9019-409de5cfcae9,0.0313863835849294,0.033666115
7ef7d968-0779-44aa-9019-409de5cfcae9,0.0313863835849294,0.033666115
7ef7d968-0779-44aa-9019-409de5cfcae9,0.0313863835849294,0.033666115
7ef7d968-0779-44aa-9019-409de5cfcae9,0.0313863835849294,0.033666115
7ef7d968-0779-44aa-9019-409de5cfcae9,0.0313863835849294,0.033666115
7ef7d968-0779-44aa-9019-409de5cfcae9,0.0313863835849294,0.033666115
a98043a6-757e-4d8e-84cd-eb69677402a5,0.0297701991976893,0.030820074
a98043a6-757e-4d8e-84cd-eb69677402a5,0.0297701991976893,0.030820074
a98043a6-757e-4d8e-84cd-eb69677402a5,0.0297701991976893,0.030820074
a98043a6-757e-4d8e-84cd-eb69677402a5,0.0297701991976893,0.030820074
a98043a6-757e-4d8e-84cd-eb69677402a5,0.0297701991976893,0.030820074
a98043a6-757e-4d8e-84cd-eb69677402a5,0.0297701991976893,0.030820074
a98043a6-757e-4d8e-84cd-eb69677402a5,0.0297701991976893,0.030820074
a98043a6-757e-4d8e-84cd-eb69677402a5,0.0297701991976893,0.030820074
a98043a6-757e-4d8e-84cd-eb69677402a5,0.0297701991976893,0.030820074
a98043a6-757e-4d8e-84cd-eb69677402a5,0.0297701991976893,0.030820074
a98043a6-757e-4d8e-84cd-eb69677402a5,0.0297701991976893,0.030820074
a98043a6-757e-4d8e-84cd-eb69677402a5,0.0297701991976893,0.030820074
a98043a6-757e-4d8e-84cd-eb69677402a5,0.0297701991976893,0.030820074
a98043a6-757e-4d8e-84cd-eb69677402a5,0.0297701991976893,0.030820074
a98043a6-757e-4d8e-84cd-eb69677402a5,0.0297701991976893,0.030820074
a98043a6-757e-4d8e-84cd-eb69677402a5,0.0297701991976893,0.030820074
a98043a6-757e-4d8e-84cd-eb69677402a5,0.0297701991976893,0.030820074
a98043a6-757e-4d8e-84cd-eb69677402a5,0.0297701991976893,0.030820074
a98043a6-757e-4d8e-84cd-eb69677402a5,0.0297701991976893,0.030820074
a98043a6-757e-4d8e-84cd-eb69677402a5,0.0297701991976893,0.030820074
a98043a6-757e-4d8e-84cd-eb69677402a5,0.0297701991976893,0.030820074
a98043a6-757e-4d8e-84cd-eb69677402a5,0.0297701991976893,0.030820074
b7945511-7688-442e-8795-99b90ed33e15,0.0261209071777348,0.026542287
b7945511-7688-442e-8795-99b90ed33e15,0.0261209071777348,0.026542287
b7945511-7688-442e-8795-99b90ed33e15,0.0261209071777348,0.026542287
b7945511-7688-442e-8795-99b90ed33e15,0.0261209071777348,0.026542287
b7945511-7688-442e-8795-99b90ed33e15,0.0261209071777348,0.026542287
b7945511-7688-442e-8795-99b90ed33e15,0.0261209071777348,0.026542287
b7945511-7688-442e-8795-99b90ed33e15,0.0261209071777348,0.026542287
b7945511-7688-442e-8795-99b90ed33e15,0.0261209071777348,0.026542287
b7945511-7688-442e-8795-99b90ed33e15,0.0261209071777348,0.026542287
b7945511-7688-442e-8795-99b90ed33e15,0.0261209071777348,0.026542287
b7945511-7688-442e-8795-99b90ed33e15,0.0261209071777348,0.026542287
b7945511-7688-442e-8795-99b90ed33e15,0.0261209071777348,0.026542287
b7945511-7688-442e-8795-99b90ed33e15,0.0261209071777348,0.026542287
b7945511-7688-442e-8795-99b90ed33e15,0.0261209071777348,0.026542287
b7945511-7688-442e-8795-99b90ed33e15,0.0261209071777348,0.026542287
b7945511-7688-442e-8795-99b90ed33e15,0.0261209071777348,0.026542287
b7945511-7688-442e-8795-99b90ed33e15,0.0261209071777348,0.026542287
b7945511-7688-442e-8795-99b90ed33e15,0.0261209071777348,0.026542287
b7945511-7688-442e-8795-99b90ed33e15,0.0261209071777348,0.026542287
b7945511-7688-442e-8795-99b90ed33e15,0.0261209071777348,0.026542287
b7945511-7688-442e-8795-99b90ed33e15,0.0261209071777348,0.026542287
b7945511-7688-442e-8795-99b90ed33e15,0.0261209071777348,0.026542287
b7945511-7688-442e-8795-99b90ed33e15,0.0261209071777348,0.026542287
b7945511-7688-442e-8795-99b90ed33e15,0.0261209071777348,0.026542287
b7945511-7688-442e-8795-99b90ed33e15,0.0261209071777348,0.026542287
b7945511-7688-442e-8795-99b90ed33e15,0.0261209071777348,0.026542287
b7945511-7688-442e-8795-99b90ed33e15,0.0261209071777348,0.026542287
bf935ec7-d76a-459d-bb79-6d1617c1d1af,0.0677200293091163,0.06675311
bf935ec7-d76a-459d-bb79-6d1617c1d1af,0.0677200293091163,0.06675311
bf935ec7-d76a-459d-bb79-6d1617c1d1af,0.0677200293091163,0.06675311
bf935ec7-d76a-459d-bb79-6d1617c1d1af,0.0677200293091163,0.06675311
bf935ec7-d76a-459d-bb79-6d1617c1d1af,0.0677200293091163,0.06675311
bf935ec7-d76a-459d-bb79-6d1617c1d1af,0.0677200293091163,0.06675311
bf935ec7-d76a-459d-bb79-6d1617c1d1af,0.0677200293091163,0.06675311
bf935ec7-d76a-459d-bb79-6d1617c1d1af,0.0677200293091163,0.06675311
bf935ec7-d76a-459d-bb79-6d1617c1d1af,0.0677200293091163,0.06675311
bf935ec7-d76a-459d-bb79-6d1617c1d1af,0.0677200293091163,0.06675311
bf935ec7-d76a-459d-bb79-6d1617c1d1af,0.0677200293091163,0.06675311
bf935ec7-d76a-459d-bb79-6d1617c1d1af,0.0677200293091163,0.06675311
bf935ec7-d76a-459d-bb79-6d1617c1d1af,0.0677200293091163,0.06675311
bf935ec7-d76a-459d-bb79-6d1617c1d1af,0.0677200293091163,0.06675311
bf935ec7-d76a-459d-bb79-6d1617c1d1af,0.0677200293091163,0.06675311
bf935ec7-d76a-459d-bb79-6d1617c1d1af,0.0677200293091163,0.06675311
bf935ec7-d76a-459d-bb79-6d1617c1d1af,0.0677200293091163,0.06675311
bf935ec7-d76a-459d-bb79-6d1617c1d1af,0.0677200293091163,0.06675311
bf935ec7-d76a-459d-bb79-6d1617c1d1af,0.0677200293091163,0.06675311
bf935ec7-d76a-459d-bb79-6d1617c1d1af,0.0677200293091163,0.06675311
bf935ec7-d76a-459d-bb79-6d1617c1d1af,0.0677200293091163,0.06675311
bf935ec7-d76a-459d-bb79-6d1617c1d1af,0.0677200293091163,0.06675311
bf935ec7-d76a-459d-bb79-6d1617c1d1af,0.0677200293091163,0.06675311
bf935ec7-d76a-459d-bb79-6d1617c1d1af,0.0677200293091163,0.06675311
485fcadd-a716-48a2-a1d0-833af92f5535,0.0414475606230193,0.043017726
485fcadd-a716-48a2-a1d0-833af92f5535,0.0414475606230193,0.043017726
485fcadd-a716-48a2-a1d0-833af92f5535,0.0414475606230193,0.043017726
485fcadd-a716-48a2-a1d0-833af92f5535,0.0414475606230193,0.043017726
485fcadd-a716-48a2-a1d0-833af92f5535,0.0414475606230193,0.043017726
485fcadd-a716-48a2-a1d0-833af92f5535,0.0414475606230193,0.043017726
485fcadd-a716-48a2-a1d0-833af92f5535,0.0414475606230193,0.043017726
485fcadd-a716-48a2-a1d0-833af92f5535,0.0414475606230193,0.043017726
485fcadd-a716-48a2-a1d0-833af92f5535,0.0414475606230193,0.043017726
485fcadd-a716-48a2-a1d0-833af92f5535,0.0414475606230193,0.043017726
485fcadd-a716-48a2-a1d0-833af92f5535,0.0414475606230193,0.043017726
485fcadd-a716-48a2-a1d0-833af92f5535,0.0414475606230193,0.043017726
485fcadd-a716-48a2-a1d0-833af92f5535,0.0414475606230193,0.043017726
485fcadd-a716-48a2-a1d0-833af92f5535,0.0414475606230193,0.043017726
485fcadd-a716-48a2-a1d0-833af92f5535,0.0414475606230193,0.043017726
485fcadd-a716-48a2-a1d0-833af92f5535,0.0414475606230193,0.043017726
485fcadd-a716-48a2-a1d0-833af92f5535,0.0414475606230193,0.043017726
485fcadd-a716-48a2-a1d0-833af92f5535,0.0414475606230193,0.043017726
485fcadd-a716-48a2-a1d0-833af92f5535,0.0414475606230193,0.043017726
d7ad4bdf-ef7c-448e-968d-8b79fc1e241c,0.1033379444032556,0.10299437
d7ad4bdf-ef7c-448e-968d-8b79fc1e241c,0.1033379444032556,0.10299437
d7ad4bdf-ef7c-448e-968d-8b79fc1e241c,0.1033379444032556,0.10299437
d7ad4bdf-ef7c-448e-968d-8b79fc1e241c,0.1033379444032556,0.10299437
d7ad4bdf-ef7c-448e-968d-8b79fc1e241c,0.1033379444032556,0.10299437
d7ad4bdf-ef7c-448e-968d-8b79fc1e241c,0.1033379444032556,0.10299437
d7ad4bdf-ef7c-448e-968d-8b79fc1e241c,0.1033379444032556,0.10299437
d7ad4bdf-ef7c-448e-968d-8b79fc1e241c,0.1033379444032556,0.10299437
d7ad4bdf-ef7c-448e-968d-8b79fc1e241c,0.1033379444032556,0.10299437
d7ad4bdf-ef7c-448e-968d-8b79fc1e241c,0.1033379444032556,0.10299437
d7ad4bdf-ef7c-448e-968d-8b79fc1e241c,0.1033379444032556,0.10299437
d7ad4bdf-ef7c-448e-968d-8b79fc1e241c,0.1033379444032556,0.10299437
d7ad4bdf-ef7c-448e-968d-8b79fc1e241c,0.1033379444032556,0.10299437
d7ad4bdf-ef7c-448e-968d-8b79fc1e241c,0.1033379444032556,0.10299437
d7ad4bdf-ef7c-448e-968d-8b79fc1e241c,0.1033379444032556,0.10299437
97aa9797-2f3f-43bb-ba1b-70a6e2a3a2b2,0.1373316280501883,0.13200758
97aa9797-2f3f-43bb-ba1b-70a6e2a3a2b2,0.1373316280501883,0.13200758
97aa9797-2f3f-43bb-ba1b-70a6e2a3a2b2,0.1373316280501883,0.13200758
97aa9797-2f3f-43bb-ba1b-70a6e2a3a2b2,0.1373316280501883,0.13200758
97aa9797-2f3f-43bb-ba1b-70a6e2a3a2b2,0.1373316280501883,0.13200758
97aa9797-2f3f-43bb-ba1b-70a6e2a3a2b2,0.1373316280501883,0.13200758
97aa9797-2f3f-43bb-ba1b-70a6e2a3a2b2,0.1373316280501883,0.13200758
97aa9797-2f3f-43bb-ba1b-70a6e2a3a2b2,0.1373316280501883,0.13200758
97aa9797-2f3f-43bb-ba1b-70a6e2a3a2b2,0.1373316280501883,0.13200758
97aa9797-2f3f-43bb-ba1b-70a6e2a3a2b2,0.1373316280501883,0.13200758
97aa9797-2f3f-43bb-ba1b-70a6e2a3a2b2,0.1373316280501883,0.13200758
97aa9797-2f3f-43bb-ba1b-70a6e2a3a2b2,0.1373316280501883,0.13200758
97aa9797-2f3f-43bb-ba1b-70a6e2a3a2b2,0.1373316280501883,0.13200758
97aa9797-2f3f-43bb-ba1b-70a6e2a3a2b2,0.1373316280501883,0.13200758
97aa9797-2f3f-43bb-ba1b-70a6e2a3a2b2,0.1373316280501883,0.13200758
97aa9797-2f3f-43bb-ba1b-70a6e2a3a2b2,0.1373316280501883,0.13200758
97aa9797-2f3f-43bb-ba1b-70a6e2a3a2b2,0.1373316280501883,0.13200758
97aa9797-2f3f-43bb-ba1b-70a6e2a3a2b2,0.1373316280501883,0.13200758
97aa9797-2f3f-43bb-ba1b-70a6e2a3a2b2,0.1373316280501883,0.13200758
97aa9797-2f3f-43bb-ba1b-70a6e2a3a2b2,0.1373316280501883,0.13200758
97aa9797-2f3f-43bb-ba1b-70a6e2a3a2b2,0.1373316280501883,0.13200758
97aa9797-2f3f-43bb-ba1b-70a6e2a3a2b2,0.1373316280501883,0.13200758
97aa9797-2f3f-43bb-ba1b-70a6e2a3a2b2,0.1373316280501883,0.13200758
97aa9797-2f3f-43bb-ba1b-70a6e2a3a2b2,0.1373316280501883,0.13200758
9791c974-f052-4167-8ed1-58407d9c7e86,0.0516525473132531,0.050143685
9791c974-f052-4167-8ed1-58407d9c7e86,0.0516525473132531,0.050143685
9791c974-f052-4167-8ed1-58407d9c7e86,0.0516525473132531,0.050143685
9791c974-f052-4167-8ed1-58407d9c7e86,0.0516525473132531,0.050143685
9791c974-f052-4167-8ed1-58407d9c7e86,0.0516525473132531,0.050143685
9791c974-f052-4167-8ed1-58407d9c7e86,0.0516525473132531,0.050143685
9791c974-f052-4167-8ed1-58407d9c7e86,0.0516525473132531,0.050143685
9791c974-f052-4167-8ed1-58407d9c7e86,0.0516525473132531,0.050143685
9791c974-f052-4167-8ed1-58407d9c7e86,0.0516525473132531,0.050143685
9791c974-f052-4167-8ed1-58407d9c7e86,0.0516525473132531,0.050143685
9791c974-f052-4167-8ed1-58407d9c7e86,0.0516525473132531,0.050143685
9791c974-f052-4167-8ed1-58407d9c7e86,0.0516525473132531,0.050143685
9791c974-f052-4167-8ed1-58407d9c7e86,0.0516525473132531,0.050143685
9791c974-f052-4167-8ed1-58407d9c7e86,0.0516525473132531,0.050143685
9791c974-f052-4167-8ed1-58407d9c7e86,0.0516525473132531,0.050143685
9791c974-f052-4167-8ed1-58407d9c7e86,0.0516525473132531,0.050143685
9791c974-f052-4167-8ed1-58407d9c7e86,0.0516525473132531,0.050143685
9791c974-f052-4167-8ed1-58407d9c7e86,0.0516525473132531,0.050143685
9791c974-f052-4167-8ed1-58407d9c7e86,0.0516525473132531,0.050143685
9791c974-f052-4167-8ed1-58407d9c7e86,0.0516525473132531,0.050143685
9791c974-f052-4167-8ed1-58407d9c7e86,0.0516525473132531,0.050143685
9791c974-f052-4167-8ed1-58407d9c7e86,0.0516525473132531,0.050143685
9791c974-f052-4167-8ed1-58407d9c7e86,0.0516525473132531,0.050143685
9791c974-f052-4167-8ed1-58407d9c7e86,0.0516525473132531,0.050143685
9791c974-f052-4167-8ed1-58407d9c7e86,0.0516525473132531,0.050143685
9791c974-f052-4167-8ed1-58407d9c7e86,0.0516525473132531,0.050143685
c8990055-a1cd-454f-aecc-6662ef91fd4a,0.0214324796524408,0.023505436
c8990055-a1cd-454f-aecc-6662ef91fd4a,0.0214324796524408,0.023505436
c8990055-a1cd-454f-aecc-6662ef91fd4a,0.0214324796524408,0.023505436
c8990055-a1cd-454f-aecc-6662ef91fd4a,0.0214324796524408,0.023505436
c8990055-a1cd-454f-aecc-6662ef91fd4a,0.0214324796524408,0.023505436
c8990055-a1cd-454f-aecc-6662ef91fd4a,0.0214324796524408,0.023505436
c8990055-a1cd-454f-aecc-6662ef91fd4a,0.0214324796524408,0.023505436
c8990055-a1cd-454f-aecc-6662ef91fd4a,0.0214324796524408,0.023505436
c8990055-a1cd-454f-aecc-6662ef91fd4a,0.0214324796524408,0.023505436
c8990055-a1cd-454f-aecc-6662ef91fd4a,0.0214324796524408,0.023505436
c8990055-a1cd-454f-aecc-6662ef91fd4a,0.0214324796524408,0.023505436
c8990055-a1cd-454f-aecc-6662ef91fd4a,0.0214324796524408,0.023505436
c8990055-a1cd-454f-aecc-6662ef91fd4a,0.0214324796524408,0.023505436
c8990055-a1cd-454f-aecc-6662ef91fd4a,0.0214324796524408,0.023505436
c8990055-a1cd-454f-aecc-6662ef91fd4a,0.0214324796524408,0.023505436
c8990055-a1cd-454f-aecc-6662ef91fd4a,0.0214324796524408,0.023505436
c8990055-a1cd-454f-aecc-6662ef91fd4a,0.0214324796524408,0.023505436
c8990055-a1cd-454f-aecc-6662ef91fd4a,0.0214324796524408,0.023505436
c8990055-a1cd-454f-aecc-6662ef91fd4a,0.0214324796524408,0.023505436
c8990055-a1cd-454f-aecc-6662ef91fd4a,0.0214324796524408,0.023505436
c8990055-a1cd-454f-aecc-6662ef91fd4a,0.0214324796524408,0.023505436
c8990055-a1cd-454f-aecc-6662ef91fd4a,0.0214324796524408,0.023505436
6c08497b-24cc-4143-b6dc-1de429fb9ca0,0.0351278523146957,0.03549752
6c08497b-24cc-4143-b6dc-1de429fb9ca0,0.0351278523146957,0.03549752
6c08497b-24cc-4143-b6dc-1de429fb9ca0,0.0351278523146957,0.03549752
6c08497b-24cc-4143-b6dc-1de429fb9ca0,0.0351278523146957,0.03549752
6c08497b-24cc-4143-b6dc-1de429fb9ca0,0.0351278523146957,0.03549752
6c08497b-24cc-4143-b6dc-1de429fb9ca0,0.0351278523146957,0.03549752
6c08497b-24cc-4143-b6dc-1de429fb9ca0,0.0351278523146957,0.03549752
6c08497b-24cc-4143-b6dc-1de429fb9ca0,0.0351278523146957,0.03549752
6c08497b-24cc-4143-b6dc-1de429fb9ca0,0.0351278523146957,0.03549752
6c08497b-24cc-4143-b6dc-1de429fb9ca0,0.0351278523146957,0.03549752
6c08497b-24cc-4143-b6dc-1de429fb9ca0,0.0351278523146957,0.03549752
6c08497b-24cc-4143-b6dc-1de429fb9ca0,0.0351278523146957,0.03549752
6c08497b-24cc-4143-b6dc-1de429fb9ca0,0.0351278523146957,0.03549752
6c08497b-24cc-4143-b6dc-1de429fb9ca0,0.0351278523146957,0.03549752
6c08497b-24cc-4143-b6dc-1de429fb9ca0,0.0351278523146957,0.03549752
6c08497b-24cc-4143-b6dc-1de429fb9ca0,0.0351278523146957,0.03549752
6c08497b-24cc-4143-b6dc-1de429fb9ca0,0.0351278523146957,0.03549752
6c08497b-24cc-4143-b6dc-1de429fb9ca0,0.0351278523146957,0.03549752
6c08497b-24cc-4143-b6dc-1de429fb9ca0,0.0351278523146957,0.03549752
6c08497b-24cc-4143-b6dc-1de429fb9ca0,0.0351278523146957,0.03549752
ea7fabd0-4102-4eed-86b2-5905391c1411,0.0266212932592603,0.025328638
ea7fabd0-4102-4eed-86b2-5905391c1411,0.0266212932592603,0.025328638
ea7fabd0-4102-4eed-86b2-5905391c1411,0.0266212932592603,0.025328638
ea7fabd0-4102-4eed-86b2-5905391c1411,0.0266212932592603,0.025328638
ea7fabd0-4102-4eed-86b2-5905391c1411,0.0266212932592603,0.025328638
ea7fabd0-4102-4eed-86b2-5905391c1411,0.0266212932592603,0.025328638
ea7fabd0-4102-4eed-86b2-5905391c1411,0.0266212932592603,0.025328638
ea7fabd0-4102-4eed-86b2-5905391c1411,0.0266212932592603,0.025328638
ea7fabd0-4102-4eed-86b2-5905391c1411,0.0266212932592603,0.025328638
ea7fabd0-4102-4eed-86b2-5905391c1411,0.0266212932592603,0.025328638
ea7fabd0-4102-4eed-86b2-5905391c1411,0.0266212932592603,0.025328638
ea7fabd0-4102-4eed-86b2-5905391c1411,0.0266212932592603,0.025328638
ea7fabd0-4102-4eed-86b2-5905391c1411,0.0266212932592603,0.025328638
ea7fabd0-4102-4eed-86b2-5905391c1411,0.0266212932592603,0.025328638
ea7fabd0-4102-4eed-86b2-5905391c1411,0.0266212932592603,0.025328638
ea7fabd0-4102-4eed-86b2-5905391c1411,0.0266212932592603,0.025328638
ea7fabd0-4102-4eed-86b2-5905391c1411,0.0266212932592603,0.025328638
262abdcd-5621-47f3-b818-bd56b9d8f3cb,0.0532273171409235,0.053429082
262abdcd-5621-47f3-b818-bd56b9d8f3cb,0.0532273171409235,0.053429082
262abdcd-5621-47f3-b818-bd56b9d8f3cb,0.0532273171409235,0.053429082
262abdcd-5621-47f3-b818-bd56b9d8f3cb,0.0532273171409235,0.053429082
262abdcd-5621-47f3-b818-bd56b9d8f3cb,0.0532273171409235,0.053429082
262abdcd-5621-47f3-b818-bd56b9d8f3cb,0.0532273171409235,0.053429082
262abdcd-5621-47f3-b818-bd56b9d8f3cb,0.0532273171409235,0.053429082
262abdcd-5621-47f3-b818-bd56b9d8f3cb,0.0532273171409235,0.053429082
262abdcd-5621-47f3-b818-bd56b9d8f3cb,0.0532273171409235,0.053429082
262abdcd-5621-47f3-b818-bd56b9d8f3cb,0.0532273171409235,0.053429082
262abdcd-5621-47f3-b818-bd56b9d8f3cb,0.0532273171409235,0.053429082
262abdcd-5621-47f3-b818-bd56b9d8f3cb,0.0532273171409235,0.053429082
262abdcd-5621-47f3-b818-bd56b9d8f3cb,0.0532273171409235,0.053429082
262abdcd-5621-47f3-b818-bd56b9d8f3cb,0.0532273171409235,0.053429082
262abdcd-5621-47f3-b818-bd56b9d8f3cb,0.0532273171409235,0.053429082
262abdcd-5621-47f3-b818-bd56b9d8f3cb,0.0532273171409235,0.053429082
262abdcd-5621-47f3-b818-bd56b9d8f3cb,0.0532273171409235,0.053429082
262abdcd-5621-47f3-b818-bd56b9d8f3cb,0.0532273171409235,0.053429082
262abdcd-5621-47f3-b818-bd56b9d8f3cb,0.0532273171409235,0.053429082
262abdcd-5621-47f3-b818-bd56b9d8f3cb,0.0532273171409235,0.053429082
262abdcd-5621-47f3-b818-bd56b9d8f3cb,0.0532273171409235,0.053429082
262abdcd-5621-47f3-b818-bd56b9d8f3cb,0.0532273171409235,0.053429082
cd84cb50-cf4b-4687-8922-06db5018d0ff,0.1940792572132647,0.19120546
cd84cb50-cf4b-4687-8922-06db5018d0ff,0.1940792572132647,0.19120546
cd84cb50-cf4b-4687-8922-06db5018d0ff,0.1940792572132647,0.19120546
cd84cb50-cf4b-4687-8922-06db5018d0ff,0.1940792572132647,0.19120546
cd84cb50-cf4b-4687-8922-06db5018d0ff,0.1940792572132647,0.19120546
cd84cb50-cf4b-4687-8922-06db5018d0ff,0.1940792572132647,0.19120546
cd84cb50-cf4b-4687-8922-06db5018d0ff,0.1940792572132647,0.19120546
cd84cb50-cf4b-4687-8922-06db5018d0ff,0.1940792572132647,0.19120546
cd84cb50-cf4b-4687-8922-06db5018d0ff,0.1940792572132647,0.19120546
cd84cb50-cf4b-4687-8922-06db5018d0ff,0.1940792572132647,0.19120546
cd84cb50-cf4b-4687-8922-06db5018d0ff,0.1940792572132647,0.19120546
cd84cb50-cf4b-4687-8922-06db5018d0ff,0.1940792572132647,0.19120546
cd84cb50-cf4b-4687-8922-06db5018d0ff,0.1940792572132647,0.19120546
cd84cb50-cf4b-4687-8922-06db5018d0ff,0.1940792572132647,0.19120546
cd84cb50-cf4b-4687-8922-06db5018d0ff,0.1940792572132647,0.19120546
cd84cb50-cf4b-4687-8922-06db5018d0ff,0.1940792572132647,0.19120546
cd84cb50-cf4b-4687-8922-06db5018d0ff,0.1940792572132647,0.19120546
cd84cb50-cf4b-4687-8922-06db5018d0ff,0.1940792572132647,0.19120546
cd84cb50-cf4b-4687-8922-06db5018d0ff,0.1940792572132647,0.19120546
cd84cb50-cf4b-4687-8922-06db5018d0ff,0.1940792572132647,0.19120546
cd84cb50-cf4b-4687-8922-06db5018d0ff,0.1940792572132647,0.19120546
cd84cb50-cf4b-4687-8922-06db5018d0ff,0.1940792572132647,0.19120546
cd84cb50-cf4b-4687-8922-06db5018d0ff,0.1940792572132647,0.19120546
cd84cb50-cf4b-4687-8922-06db5018d0ff,0.1940792572132647,0.19120546
cd84cb50-cf4b-4687-8922-06db5018d0ff,0.1940792572132647,0.19120546
2ae36e69-28d6-4908-ad14-6b25ad4139b0,0.0887964401050816,0.08687927
2ae36e69-28d6-4908-ad14-6b25ad4139b0,0.0887964401050816,0.08687927
2ae36e69-28d6-4908-ad14-6b25ad4139b0,0.0887964401050816,0.08687927
2ae36e69-28d6-4908-ad14-6b25ad4139b0,0.0887964401050816,0.08687927
2ae36e69-28d6-4908-ad14-6b25ad4139b0,0.0887964401050816,0.08687927
2ae36e69-28d6-4908-ad14-6b25ad4139b0,0.0887964401050816,0.08687927
2ae36e69-28d6-4908-ad14-6b25ad4139b0,0.0887964401050816,0.08687927
2ae36e69-28d6-4908-ad14-6b25ad4139b0,0.0887964401050816,0.08687927
2ae36e69-28d6-4908-ad14-6b25ad4139b0,0.0887964401050816,0.08687927
2ae36e69-28d6-4908-ad14-6b25ad4139b0,0.0887964401050816,0.08687927
2ae36e69-28d6-4908-ad14-6b25ad4139b0,0.0887964401050816,0.08687927
2ae36e69-28d6-4908-ad14-6b25ad4139b0,0.0887964401050816,0.08687927
2ae36e69-28d6-4908-ad14-6b25ad4139b0,0.0887964401050816,0.08687927
2ae36e69-28d6-4908-ad14-6b25ad4139b0,0.0887964401050816,0.08687927
2ae36e69-28d6-4908-ad14-6b25ad4139b0,0.0887964401050816,0.08687927
2ae36e69-28d6-4908-ad14-6b25ad4139b0,0.0887964401050816,0.08687927
2ae36e69-28d6-4908-ad14-6b25ad4139b0,0.0887964401050816,0.08687927
2ae36e69-28d6-4908-ad14-6b25ad4139b0,0.0887964401050816,0.08687927
2ae36e69-28d6-4908-ad14-6b25ad4139b0,0.0887964401050816,0.08687927
bfdd9767-22e9-4743-bd36-10f156c7d966,0.0672298391393457,0.06963023
bfdd9767-22e9-4743-bd36-10f156c7d966,0.0672298391393457,0.06963023
bfdd9767-22e9-4743-bd36-10f156c7d966,0.0672298391393457,0.06963023
bfdd9767-22e9-4743-bd36-10f156c7d966,0.0672298391393457,0.06963023
bfdd9767-22e9-4743-bd36-10f156c7d966,0.0672298391393457,0.06963023
bfdd9767-22e9-4743-bd36-10f156c7d966,0.0672298391393457,0.06963023
bfdd9767-22e9-4743-bd36-10f156c7d966,0.0672298391393457,0.06963023
bfdd9767-22e9-4743-bd36-10f156c7d966,0.0672298391393457,0.06963023
bfdd9767-22e9-4743-bd36-10f156c7d966,0.0672298391393457,0.06963023
bfdd9767-22e9-4743-bd36-10f156c7d966,0.0672298391393457,0.06963023
bfdd9767-22e9-4743-bd36-10f156c7d966,0.0672298391393457,0.06963023
bfdd9767-22e9-4743-bd36-10f156c7d966,0.0672298391393457,0.06963023
bfdd9767-22e9-4743-bd36-10f156c7d966,0.0672298391393457,0.06963023
bfdd9767-22e9-4743-bd36-10f156c7d966,0.0672298391393457,0.06963023
bfdd9767-22e9-4743-bd36-10f156c7d966,0.0672298391393457,0.06963023
84446618-f396-4ee3-a396-801ade40633c,0.0217006799796232,0.024740618
84446618-f396-4ee3-a396-801ade40633c,0.0217006799796232,0.024740618
84446618-f396-4ee3-a396-801ade40633c,0.0217006799796232,0.024740618
84446618-f396-4ee3-a396-801ade40633c,0.0217006799796232,0.024740618
84446618-f396-4ee3-a396-801ade40633c,0.0217006799796232,0.024740618
84446618-f396-4ee3-a396-801ade40633c,0.0217006799796232,0.024740618
84446618-f396-4ee3-a396-801ade40633c,0.0217006799796232,0.024740618
84446618-f396-4ee3-a396-801ade40633c,0.0217006799796232,0.024740618
84446618-f396-4ee3-a396-801ade40633c,0.0217006799796232,0.024740618
84446618-f396-4ee3-a396-801ade40633c,0.0217006799796232,0.024740618
84446618-f396-4ee3-a396-801ade40633c,0.0217006799796232,0.024740618
84446618-f396-4ee3-a396-801ade40633c,0.0217006799796232,0.024740618
84446618-f396-4ee3-a396-801ade40633c,0.0217006799796232,0.024740618
84446618-f396-4ee3-a396-801ade40633c,0.0217006799796232,0.024740618
84446618-f396-4ee3-a396-801ade40633c,0.0217006799796232,0.024740618
84446618-f396-4ee3-a396-801ade40633c,0.0217006799796232,0.024740618
84446618-f396-4ee3-a396-801ade40633c,0.0217006799796232,0.024740618
84446618-f396-4ee3-a396-801ade40633c,0.0217006799796232,0.024740618
84446618-f396-4ee3-a396-801ade40633c,0.0217006799796232,0.024740618
84446618-f396-4ee3-a396-801ade40633c,0.0217006799796232,0.024740618
84446618-f396-4ee3-a396-801ade40633c,0.0217006799796232,0.024740618
84446618-f396-4ee3-a396-801ade40633c,0.0217006799796232,0.024740618
84446618-f396-4ee3-a396-801ade40633c,0.0217006799796232,0.024740618
84446618-f396-4ee3-a396-801ade40633c,0.0217006799796232,0.024740618
84446618-f396-4ee3-a396-801ade40633c,0.0217006799796232,0.024740618
e406d89e-4f9c-4bf1-b823-9e71c611b320,0.1999819585465603,0.19810176
e406d89e-4f9c-4bf1-b823-9e71c611b320,0.1999819585465603,0.19810176
e406d89e-4f9c-4bf1-b823-9e71c611b320,0.1999819585465603,0.19810176
e406d89e-4f9c-4bf1-b823-9e71c611b320,0.1999819585465603,0.19810176
e406d89e-4f9c-4bf1-b823-9e71c611b320,0.1999819585465603,0.19810176
e406d89e-4f9c-4bf1-b823-9e71c611b320,0.1999819585465603,0.19810176
e406d89e-4f9c-4bf1-b823-9e71c611b320,0.1999819585465603,0.19810176
e406d89e-4f9c-4bf1-b823-9e71c611b320,0.1999819585465603,0.19810176
e406d89e-4f9c-4bf1-b823-9e71c611b320,0.1999819585465603,0.19810176
e406d89e-4f9c-4bf1-b823-9e71c611b320,0.1999819585465603,0.19810176
e406d89e-4f9c-4bf1-b823-9e71c611b320,0.1999819585465603,0.19810176
e406d89e-4f9c-4bf1-b823-9e71c611b320,0.1999819585465603,0.19810176
e406d89e-4f9c-4bf1-b823-9e71c611b320,0.1999819585465603,0.19810176
e406d89e-4f9c-4bf1-b823-9e71c611b320,0.1999819585465603,0.19810176
e406d89e-4f9c-4bf1-b823-9e71c611b320,0.1999819585465603,0.19810176
43ffbf0c-7a13-4398-8c00-6250a2b50ae2,0.1383563410625365,0.13106689
43ffbf0c-7a13-4398-8c00-6250a2b50ae2,0.1383563410625365,0.13106689
43ffbf0c-7a13-4398-8c00-6250a2b50ae2,0.1383563410625365,0.13106689
43ffbf0c-7a13-4398-8c00-6250a2b50ae2,0.1383563410625365,0.13106689
43ffbf0c-7a13-4398-8c00-6250a2b50ae2,0.1383563410625365,0.13106689
43ffbf0c-7a13-4398-8c00-6250a2b50ae2,0.1383563410625365,0.13106689
43ffbf0c-7a13-4398-8c00-6250a2b50ae2,0.1383563410625365,0.13106689
43ffbf0c-7a13-4398-8c00-6250a2b50ae2,0.1383563410625365,0.13106689
43ffbf0c-7a13-4398-8c00-6250a2b50ae2,0.1383563410625365,0.13106689
43ffbf0c-7a13-4398-8c00-6250a2b50ae2,0.1383563410625365,0.13106689
43ffbf0c-7a13-4398-8c00-6250a2b50ae2,0.1383563410625365,0.13106689
43ffbf0c-7a13-4398-8c00-6250a2b50ae2,0.1383563410625365,0.13106689
43ffbf0c-7a13-4398-8c00-6250a2b50ae2,0.1383563410625365,0.13106689
43ffbf0c-7a13-4398-8c00-6250a2b50ae2,0.1383563410625365,0.13106689
43ffbf0c-7a13-4398-8c00-6250a2b50ae2,0.1383563410625365,0.13106689
43ffbf0c-7a13-4398-8c00-6250a2b50ae2,0.1383563410625365,0.13106689
43ffbf0c-7a13-4398-8c00-6250a2b50ae2,0.1383563410625365,0.13106689
a2fe4938-38e3-4f93-ad1e-eff1df9ca05e,0.0319435992215515,0.031469285
a2fe4938-38e3-4f93-ad1e-eff1df9ca05e,0.0319435992215515,0.031469285
a2fe4938-38e3-4f93-ad1e-eff1df9ca05e,0.0319435992215515,0.031469285
a2fe4938-38e3-4f93-ad1e-eff1df9ca05e,0.0319435992215515,0.031469285
a2fe4938-38e3-4f93-ad1e-eff1df9ca05e,0.0319435992215515,0.031469285
a2fe4938-38e3-4f93-ad1e-eff1df9ca05e,0.0319435992215515,0.031469285
a2fe4938-38e3-4f93-ad1e-eff1df9ca05e,0.0319435992215515,0.031469285
a2fe4938-38e3-4f93-ad1e-eff1df9ca05e,0.0319435992215515,0.031469285
a2fe4938-38e3-4f93-ad1e-eff1df9ca05e,0.0319435992215515,0.031469285
a2fe4938-38e3-4f93-ad1e-eff1df9ca05e,0.0319435992215515,0.031469285
a2fe4938-38e3-4f93-ad1e-eff1df9ca05e,0.0319435992215515,0.031469285
a2fe4938-38e3-4f93-ad1e-eff1df9ca05e,0.0319435992215515,0.031469285
a2fe4938-38e3-4f93-ad1e-eff1df9ca05e,0.0319435992215515,0.031469285
a2fe4938-38e3-4f93-ad1e-eff1df9ca05e,0.0319435992215515,0.031469285
a2fe4938-38e3-4f93-ad1e-eff1df9ca05e,0.0319435992215515,0.031469285
a2fe4938-38e3-4f93-ad1e-eff1df9ca05e,0.0319435992215515,0.031469285
a2fe4938-38e3-4f93-ad1e-eff1df9ca05e,0.0319435992215515,0.031469285
a2fe4938-38e3-4f93-ad1e-eff1df9ca05e,0.0319435992215515,0.031469285
a2fe4938-38e3-4f93-ad1e-eff1df9ca05e,0.0319435992215515,0.031469285
00311047-4aea-4c19-ae7e-a08039441b24,0.0486765485608812,0.049986668
00311047-4aea-4c19-ae7e-a08039441b24,0.0486765485608812,0.049986668
00311047-4aea-4c19-ae7e-a08039441b24,0.0486765485608812,0.049986668
00311047-4aea-4c19-ae7e-a08039441b24,0.0486765485608812,0.049986668
00311047-4aea-4c19-ae7e-a08039441b24,0.0486765485608812,0.049986668
00311047-4aea-4c19-ae7e-a08039441b24,0.0486765485608812,0.049986668
00311047-4aea-4c19-ae7e-a08039441b24,0.0486765485608812,0.049986668
00311047-4aea-4c19-ae7e-a08039441b24,0.0486765485608812,0.049986668
00311047-4aea-4c19-ae7e-a08039441b24,0.0486765485608812,0.049986668
00311047-4aea-4c19-ae7e-a08039441b24,0.0486765485608812,0.049986668
00311047-4aea-4c19-ae7e-a08039441b24,0.0486765485608812,0.049986668
00311047-4aea-4c19-ae7e-a08039441b24,0.0486765485608812,0.049986668
00311047-4aea-4c19-ae7e-a08039441b24,0.0486765485608812,0.049986668
00311047-4aea-4c19-ae7e-a08039441b24,0.0486765485608812,0.049986668
00311047-4aea-4c19-ae7e-a08039441b24,0.0486765485608812,0.049986668
00311047-4aea-4c19-ae7e-a08039441b24,0.0486765485608812,0.049986668
bbb760d6-5e63-4969-adb3-c3b85e5aa8c5,0.0388181415077236,0.03609774
bbb760d6-5e63-4969-adb3-c3b85e5aa8c5,0.0388181415077236,0.03609774
bbb760d6-5e63-4969-adb3-c3b85e5aa8c5,0.0388181415077236,0.03609774
bbb760d6-5e63-4969-adb3-c3b85e5aa8c5,0.0388181415077236,0.03609774
bbb760d6-5e63-4969-adb3-c3b85e5aa8c5,0.0388181415077236,0.03609774
bbb760d6-5e63-4969-adb3-c3b85e5aa8c5,0.0388181415077236,0.03609774
bbb760d6-5e63-4969-adb3-c3b85e5aa8c5,0.0388181415077236,0.03609774
bbb760d6-5e63-4969-adb3-c3b85e5aa8c5,0.0388181415077236,0.03609774
bbb760d6-5e63-4969-adb3-c3b85e5aa8c5,0.0388181415077236,0.03609774
bbb760d6-5e63-4969-adb3-c3b85e5aa8c5,0.0388181415077236,0.03609774
bbb760d6-5e63-4969-adb3-c3b85e5aa8c5,0.0388181415077236,0.03609774
bbb760d6-5e63-4969-adb3-c3b85e5aa8c5,0.0388181415077236,0.03609774
bbb760d6-5e63-4969-adb3-c3b85e5aa8c5,0.0388181415077236,0.03609774
bbb760d6-5e63-4969-adb3-c3b85e5aa8c5,0.0388181415077236,0.03609774
bbb760d6-5e63-4969-adb3-c3b85e5aa8c5,0.0388181415077236,0.03609774
bbb760d6-5e63-4969-adb3-c3b85e5aa8c5,0.0388181415077236,0.03609774
bbb760d6-5e63-4969-adb3-c3b85e5aa8c5,0.0388181415077236,0.03609774
feebb52c-4a98-497c-af21-29ba46eade95,0.0385586042187622,0.038124412
feebb52c-4a98-497c-af21-29ba46eade95,0.0385586042187622,0.038124412
feebb52c-4a98-497c-af21-29ba46eade95,0.0385586042187622,0.038124412
feebb52c-4a98-497c-af21-29ba46eade95,0.0385586042187622,0.038124412
feebb52c-4a98-497c-af21-29ba46eade95,0.0385586042187622,0.038124412
feebb52c-4a98-497c-af21-29ba46eade95,0.0385586042187622,0.038124412
feebb52c-4a98-497c-af21-29ba46eade95,0.0385586042187622,0.038124412
feebb52c-4a98-497c-af21-29ba46eade95,0.0385586042187622,0.038124412
feebb52c-4a98-497c-af21-29ba46eade95,0.0385586042187622,0.038124412
feebb52c-4a98-497c-af21-29ba46eade95,0.0385586042187622,0.038124412
feebb52c-4a98-497c-af21-29ba46eade95,0.0385586042187622,0.038124412
feebb52c-4a98-497c-af21-29ba46eade95,0.0385586042187622,0.038124412
feebb52c-4a98-497c-af21-29ba46eade95,0.0385586042187622,0.038124412
feebb52c-4a98-497c-af21-29ba46eade95,0.0385586042187622,0.038124412
feebb52c-4a98-497c-af21-29ba46eade95,0.0385586042187622,0.038124412
feebb52c-4a98-497c-af21-29ba46eade95,0.0385586042187622,0.038124412
feebb52c-4a98-497c-af21-29ba46eade95,0.0385586042187622,0.038124412
9e6096bf-d0b7-42e4-9b7f-75bebe371200,0.0418212840796625,0.041484676
9e6096bf-d0b7-42e4-9b7f-75bebe371200,0.0418212840796625,0.041484676
9e6096bf-d0b7-42e4-9b7f-75bebe371200,0.0418212840796625,0.041484676
9e6096bf-d0b7-42e4-9b7f-75bebe371200,0.0418212840796625,0.041484676
9e6096bf-d0b7-42e4-9b7f-75bebe371200,0.0418212840796625,0.041484676
9e6096bf-d0b7-42e4-9b7f-75bebe371200,0.0418212840796625,0.041484676
9e6096bf-d0b7-42e4-9b7f-75bebe371200,0.0418212840796625,0.041484676
9e6096bf-d0b7-42e4-9b7f-75bebe371200,0.0418212840796625,0.041484676
9e6096bf-d0b7-42e4-9b7f-75bebe371200,0.0418212840796625,0.041484676
9e6096bf-d0b7-42e4-9b7f-75bebe371200,0.0418212840796625,0.041484676
9e6096bf-d0b7-42e4-9b7f-75bebe371200,0.0418212840796625,0.041484676
9e6096bf-d0b7-42e4-9b7f-75bebe371200,0.0418212840796625,0.041484676
9e6096bf-d0b7-42e4-9b7f-75bebe371200,0.0418212840796625,0.041484676
9e6096bf-d0b7-42e4-9b7f-75bebe371200,0.0418212840796625,0.041484676
9e6096bf-d0b7-42e4-9b7f-75bebe371200,0.0418212840796625,0.041484676
9e6096bf-d0b7-42e4-9b7f-75bebe371200,0.0418212840796625,0.041484676
9e6096bf-d0b7-42e4-9b7f-75bebe371200,0.0418212840796625,0.041484676
9e6096bf-d0b7-42e4-9b7f-75bebe371200,0.0418212840796625,0.041484676
9e6096bf-d0b7-42e4-9b7f-75bebe371200,0.0418212840796625,0.041484676
9e6096bf-d0b7-42e4-9b7f-75bebe371200,0.0418212840796625,0.041484676
9e6096bf-d0b7-42e4-9b7f-75bebe371200,0.0418212840796625,0.041484676
9e6096bf-d0b7-42e4-9b7f-75bebe371200,0.0418212840796625,0.041484676
9e6096bf-d0b7-42e4-9b7f-75bebe371200,0.0418212840796625,0.041484676
9e6096bf-d0b7-42e4-9b7f-75bebe371200,0.0418212840796625,0.041484676
9e6096bf-d0b7-42e4-9b7f-75bebe371200,0.0418212840796625,0.041484676
9e6096bf-d0b7-42e4-9b7f-75bebe371200,0.0418212840796625,0.041484676
9e6096bf-d0b7-42e4-9b7f-75bebe371200,0.0418212840796625,0.041484676
9e6096bf-d0b7-42e4-9b7f-75bebe371200,0.0418212840796625,0.041484676
9e6096bf-d0b7-42e4-9b7f-75bebe371200,0.0418212840796625,0.041484676
9e6096bf-d0b7-42e4-9b7f-75bebe371200,0.0418212840796625,0.041484676
517e3398-7196-4fd6-85d1-f20211931d09,0.0739024080420697,0.07181084
517e3398-7196-4fd6-85d1-f20211931d09,0.0739024080420697,0.07181084
517e3398-7196-4fd6-85d1-f20211931d09,0.0739024080420697,0.07181084
517e3398-7196-4fd6-85d1-f20211931d09,0.0739024080420697,0.07181084
517e3398-7196-4fd6-85d1-f20211931d09,0.0739024080420697,0.07181084
517e3398-7196-4fd6-85d1-f20211931d09,0.0739024080420697,0.07181084
517e3398-7196-4fd6-85d1-f20211931d09,0.0739024080420697,0.07181084
517e3398-7196-4fd6-85d1-f20211931d09,0.0739024080420697,0.07181084
517e3398-7196-4fd6-85d1-f20211931d09,0.0739024080420697,0.07181084
517e3398-7196-4fd6-85d1-f20211931d09,0.0739024080420697,0.07181084
517e3398-7196-4fd6-85d1-f20211931d09,0.0739024080420697,0.07181084
517e3398-7196-4fd6-85d1-f20211931d09,0.0739024080420697,0.07181084
517e3398-7196-4fd6-85d1-f20211931d09,0.0739024080420697,0.07181084
517e3398-7196-4fd6-85d1-f20211931d09,0.0739024080420697,0.07181084
517e3398-7196-4fd6-85d1-f20211931d09,0.0739024080420697,0.07181084
517e3398-7196-4fd6-85d1-f20211931d09,0.0739024080420697,0.07181084
517e3398-7196-4fd6-85d1-f20211931d09,0.0739024080420697,0.07181084
517e3398-7196-4fd6-85d1-f20211931d09,0.0739024080420697,0.07181084
517e3398-7196-4fd6-85d1-f20211931d09,0.0739024080420697,0.07181084
517e3398-7196-4fd6-85d1-f20211931d09,0.0739024080420697,0.07181084
517e3398-7196-4fd6-85d1-f20211931d09,0.0739024080420697,0.07181084
74b91d4e-b531-4439-b204-4969540d7eee,0.0278412816502339,0.02914806
74b91d4e-b531-4439-b204-4969540d7eee,0.0278412816502339,0.02914806
74b91d4e-b531-4439-b204-4969540d7eee,0.0278412816502339,0.02914806
74b91d4e-b531-4439-b204-4969540d7eee,0.0278412816502339,0.02914806
74b91d4e-b531-4439-b204-4969540d7eee,0.0278412816502339,0.02914806
74b91d4e-b531-4439-b204-4969540d7eee,0.0278412816502339,0.02914806
74b91d4e-b531-4439-b204-4969540d7eee,0.0278412816502339,0.02914806
74b91d4e-b531-4439-b204-4969540d7eee,0.0278412816502339,0.02914806
74b91d4e-b531-4439-b204-4969540d7eee,0.0278412816502339,0.02914806
74b91d4e-b531-4439-b204-4969540d7eee,0.0278412816502339,0.02914806
74b91d4e-b531-4439-b204-4969540d7eee,0.0278412816502339,0.02914806
74b91d4e-b531-4439-b204-4969540d7eee,0.0278412816502339,0.02914806
74b91d4e-b531-4439-b204-4969540d7eee,0.0278412816502339,0.02914806
74b91d4e-b531-4439-b204-4969540d7eee,0.0278412816502339,0.02914806
74b91d4e-b531-4439-b204-4969540d7eee,0.0278412816502339,0.02914806
74b91d4e-b531-4439-b204-4969540d7eee,0.0278412816502339,0.02914806
74b91d4e-b531-4439-b204-4969540d7eee,0.0278412816502339,0.02914806
74b91d4e-b531-4439-b204-4969540d7eee,0.0278412816502339,0.02914806
74b91d4e-b531-4439-b204-4969540d7eee,0.0278412816502339,0.02914806
74b91d4e-b531-4439-b204-4969540d7eee,0.0278412816502339,0.02914806
4b0f0d7a-4321-4bda-822d-a2fc14f5cc66,0.0337554039216983,0.0363048
4b0f0d7a-4321-4bda-822d-a2fc14f5cc66,0.0337554039216983,0.0363048
4b0f0d7a-4321-4bda-822d-a2fc14f5cc66,0.0337554039216983,0.0363048
4b0f0d7a-4321-4bda-822d-a2fc14f5cc66,0.0337554039216983,0.0363048
4b0f0d7a-4321-4bda-822d-a2fc14f5cc66,0.0337554039216983,0.0363048
4b0f0d7a-4321-4bda-822d-a2fc14f5cc66,0.0337554039216983,0.0363048
4b0f0d7a-4321-4bda-822d-a2fc14f5cc66,0.0337554039216983,0.0363048
4b0f0d7a-4321-4bda-822d-a2fc14f5cc66,0.0337554039216983,0.0363048
4b0f0d7a-4321-4bda-822d-a2fc14f5cc66,0.0337554039216983,0.0363048
4b0f0d7a-4321-4bda-822d-a2fc14f5cc66,0.0337554039216983,0.0363048
4b0f0d7a-4321-4bda-822d-a2fc14f5cc66,0.0337554039216983,0.0363048
4b0f0d7a-4321-4bda-822d-a2fc14f5cc66,0.0337554039216983,0.0363048
4b0f0d7a-4321-4bda-822d-a2fc14f5cc66,0.0337554039216983,0.0363048
4b0f0d7a-4321-4bda-822d-a2fc14f5cc66,0.0337554039216983,0.0363048
4b0f0d7a-4321-4bda-822d-a2fc14f5cc66,0.0337554039216983,0.0363048
61cf44b0-5525-411f-8501-46b77a562ed4,0.1153936559013689,0.109553926
61cf44b0-5525-411f-8501-46b77a562ed4,0.1153936559013689,0.109553926
61cf44b0-5525-411f-8501-46b77a562ed4,0.1153936559013689,0.109553926
61cf44b0-5525-411f-8501-46b77a562ed4,0.1153936559013689,0.109553926
61cf44b0-5525-411f-8501-46b77a562ed4,0.1153936559013689,0.109553926
61cf44b0-5525-411f-8501-46b77a562ed4,0.1153936559013689,0.109553926
61cf44b0-5525-411f-8501-46b77a562ed4,0.1153936559013689,0.109553926
61cf44b0-5525-411f-8501-46b77a562ed4,0.1153936559013689,0.109553926
61cf44b0-5525-411f-8501-46b77a562ed4,0.1153936559013689,0.109553926
61cf44b0-5525-411f-8501-46b77a562ed4,0.1153936559013689,0.109553926
61cf44b0-5525-411f-8501-46b77a562ed4,0.1153936559013689,0.109553926
61cf44b0-5525-411f-8501-46b77a562ed4,0.1153936559013689,0.109553926
61cf44b0-5525-411f-8501-46b77a562ed4,0.1153936559013689,0.109553926
61cf44b0-5525-411f-8501-46b77a562ed4,0.1153936559013689,0.109553926
61cf44b0-5525-411f-8501-46b77a562ed4,0.1153936559013689,0.109553926
61cf44b0-5525-411f-8501-46b77a562ed4,0.1153936559013689,0.109553926
61cf44b0-5525-411f-8501-46b77a562ed4,0.1153936559013689,0.109553926
61cf44b0-5525-411f-8501-46b77a562ed4,0.1153936559013689,0.109553926
61cf44b0-5525-411f-8501-46b77a562ed4,0.1153936559013689,0.109553926
61cf44b0-5525-411f-8501-46b77a562ed4,0.1153936559013689,0.109553926
9d15e1c7-898d-4239-84d0-c40100418bf5,0.0272422079901954,0.028813342
9d15e1c7-898d-4239-84d0-c40100418bf5,0.0272422079901954,0.028813342
9d15e1c7-898d-4239-84d0-c40100418bf5,0.0272422079901954,0.028813342
9d15e1c7-898d-4239-84d0-c40100418bf5,0.0272422079901954,0.028813342
9d15e1c7-898d-4239-84d0-c40100418bf5,0.0272422079901954,0.028813342
9d15e1c7-898d-4239-84d0-c40100418bf5,0.0272422079901954,0.028813342
9d15e1c7-898d-4239-84d0-c40100418bf5,0.0272422079901954,0.028813342
9d15e1c7-898d-4239-84d0-c40100418bf5,0.0272422079901954,0.028813342
9d15e1c7-898d-4239-84d0-c40100418bf5,0.0272422079901954,0.028813342
9d15e1c7-898d-4239-84d0-c40100418bf5,0.0272422079901954,0.028813342
9d15e1c7-898d-4239-84d0-c40100418bf5,0.0272422079901954,0.028813342
9d15e1c7-898d-4239-84d0-c40100418bf5,0.0272422079901954,0.028813342
9d15e1c7-898d-4239-84d0-c40100418bf5,0.0272422079901954,0.028813342
9d15e1c7-898d-4239-84d0-c40100418bf5,0.0272422079901954,0.028813342
9d15e1c7-898d-4239-84d0-c40100418bf5,0.0272422079901954,0.028813342
9d15e1c7-898d-4239-84d0-c40100418bf5,0.0272422079901954,0.028813342
9d15e1c7-898d-4239-84d0-c40100418bf5,0.0272422079901954,0.028813342
9d15e1c7-898d-4239-84d0-c40100418bf5,0.0272422079901954,0.028813342
9d15e1c7-898d-4239-84d0-c40100418bf5,0.0272422079901954,0.028813342
9d15e1c7-898d-4239-84d0-c40100418bf5,0.0272422079901954,0.028813342
9d15e1c7-898d-4239-84d0-c40100418bf5,0.0272422079901954,0.028813342
9d15e1c7-898d-4239-84d0-c40100418bf5,0.0272422079901954,0.028813342
9d15e1c7-898d-4239-84d0-c40100418bf5,0.0272422079901954,0.028813342
9d15e1c7-898d-4239-84d0-c40100418bf5,0.0272422079901954,0.028813342
9d15e1c7-898d-4239-84d0-c40100418bf5,0.0272422079901954,0.028813342
01d30d8a-d9e4-4c81-958d-319f63e8b730,0.0300929901145476,0.030925097
01d30d8a-d9e4-4c81-958d-319f63e8b730,0.0300929901145476,0.030925097
01d30d8a-d9e4-4c81-958d-319f63e8b730,0.0300929901145476,0.030925097
01d30d8a-d9e4-4c81-958d-319f63e8b730,0.0300929901145476,0.030925097
01d30d8a-d9e4-4c81-958d-319f63e8b730,0.0300929901145476,0.030925097
01d30d8a-d9e4-4c81-958d-319f63e8b730,0.0300929901145476,0.030925097
01d30d8a-d9e4-4c81-958d-319f63e8b730,0.0300929901145476,0.030925097
01d30d8a-d9e4-4c81-958d-319f63e8b730,0.0300929901145476,0.030925097
01d30d8a-d9e4-4c81-958d-319f63e8b730,0.0300929901145476,0.030925097
01d30d8a-d9e4-4c81-958d-319f63e8b730,0.0300929901145476,0.030925097
01d30d8a-d9e4-4c81-958d-319f63e8b730,0.0300929901145476,0.030925097
01d30d8a-d9e4-4c81-958d-319f63e8b730,0.0300929901145476,0.030925097
01d30d8a-d9e4-4c81-958d-319f63e8b730,0.0300929901145476,0.030925097
01d30d8a-d9e4-4c81-958d-319f63e8b730,0.0300929901145476,0.030925097
01d30d8a-d9e4-4c81-958d-319f63e8b730,0.0300929901145476,0.030925097
01d30d8a-d9e4-4c81-958d-319f63e8b730,0.0300929901145476,0.030925097
01d30d8a-d9e4-4c81-958d-319f63e8b730,0.0300929901145476,0.030925097
01d30d8a-d9e4-4c81-958d-319f63e8b730,0.0300929901145476,0.030925097
01d30d8a-d9e4-4c81-958d-319f63e8b730,0.0300929901145476,0.030925097
258eef1d-b87f-4c68-bd31-7cf57049eda6,0.0516503995995035,0.051009066
258eef1d-b87f-4c68-bd31-7cf57049eda6,0.0516503995995035,0.051009066
258eef1d-b87f-4c68-bd31-7cf57049eda6,0.0516503995995035,0.051009066
258eef1d-b87f-4c68-bd31-7cf57049eda6,0.0516503995995035,0.051009066
258eef1d-b87f-4c68-bd31-7cf57049eda6,0.0516503995995035,0.051009066
258eef1d-b87f-4c68-bd31-7cf57049eda6,0.0516503995995035,0.051009066
258eef1d-b87f-4c68-bd31-7cf57049eda6,0.0516503995995035,0.051009066
258eef1d-b87f-4c68-bd31-7cf57049eda6,0.0516503995995035,0.051009066
258eef1d-b87f-4c68-bd31-7cf57049eda6,0.0516503995995035,0.051009066
258eef1d-b87f-4c68-bd31-7cf57049eda6,0.0516503995995035,0.051009066
258eef1d-b87f-4c68-bd31-7cf57049eda6,0.0516503995995035,0.051009066
258eef1d-b87f-4c68-bd31-7cf57049eda6,0.0516503995995035,0.051009066
258eef1d-b87f-4c68-bd31-7cf57049eda6,0.0516503995995035,0.051009066
258eef1d-b87f-4c68-bd31-7cf57049eda6,0.0516503995995035,0.051009066
258eef1d-b87f-4c68-bd31-7cf57049eda6,0.0516503995995035,0.051009066
258eef1d-b87f-4c68-bd31-7cf57049eda6,0.0516503995995035,0.051009066
258eef1d-b87f-4c68-bd31-7cf57049eda6,0.0516503995995035,0.051009066
258eef1d-b87f-4c68-bd31-7cf57049eda6,0.0516503995995035,0.051009066
258eef1d-b87f-4c68-bd31-7cf57049eda6,0.0516503995995035,0.051009066
258eef1d-b87f-4c68-bd31-7cf57049eda6,0.0516503995995035,0.051009066
258eef1d-b87f-4c68-bd31-7cf57049eda6,0.0516503995995035,0.051009066
258eef1d-b87f-4c68-bd31-7cf57049eda6,0.0516503995995035,0.051009066
96f72b0a-aaba-4832-87c9-dd971a7d6895,0.0758142955441797,0.07299939
96f72b0a-aaba-4832-87c9-dd971a7d6895,0.0758142955441797,0.07299939
96f72b0a-aaba-4832-87c9-dd971a7d6895,0.0758142955441797,0.07299939
96f72b0a-aaba-4832-87c9-dd971a7d6895,0.0758142955441797,0.07299939
96f72b0a-aaba-4832-87c9-dd971a7d6895,0.0758142955441797,0.07299939
96f72b0a-aaba-4832-87c9-dd971a7d6895,0.0758142955441797,0.07299939
96f72b0a-aaba-4832-87c9-dd971a7d6895,0.0758142955441797,0.07299939
96f72b0a-aaba-4832-87c9-dd971a7d6895,0.0758142955441797,0.07299939
96f72b0a-aaba-4832-87c9-dd971a7d6895,0.0758142955441797,0.07299939
96f72b0a-aaba-4832-87c9-dd971a7d6895,0.0758142955441797,0.07299939
96f72b0a-aaba-4832-87c9-dd971a7d6895,0.0758142955441797,0.07299939
96f72b0a-aaba-4832-87c9-dd971a7d6895,0.0758142955441797,0.07299939
96f72b0a-aaba-4832-87c9-dd971a7d6895,0.0758142955441797,0.07299939
96f72b0a-aaba-4832-87c9-dd971a7d6895,0.0758142955441797,0.07299939
96f72b0a-aaba-4832-87c9-dd971a7d6895,0.0758142955441797,0.07299939
96f72b0a-aaba-4832-87c9-dd971a7d6895,0.0758142955441797,0.07299939
96f72b0a-aaba-4832-87c9-dd971a7d6895,0.0758142955441797,0.07299939
96f72b0a-aaba-4832-87c9-dd971a7d6895,0.0758142955441797,0.07299939
96f72b0a-aaba-4832-87c9-dd971a7d6895,0.0758142955441797,0.07299939
96f72b0a-aaba-4832-87c9-dd971a7d6895,0.0758142955441797,0.07299939
96f72b0a-aaba-4832-87c9-dd971a7d6895,0.0758142955441797,0.07299939
96f72b0a-aaba-4832-87c9-dd971a7d6895,0.0758142955441797,0.07299939
96f72b0a-aaba-4832-87c9-dd971a7d6895,0.0758142955441797,0.07299939
96f72b0a-aaba-4832-87c9-dd971a7d6895,0.0758142955441797,0.07299939
96f72b0a-aaba-4832-87c9-dd971a7d6895,0.0758142955441797,0.07299939
96f72b0a-aaba-4832-87c9-dd971a7d6895,0.0758142955441797,0.07299939
96f72b0a-aaba-4832-87c9-dd971a7d6895,0.0758142955441797,0.07299939
96f72b0a-aaba-4832-87c9-dd971a7d6895,0.0758142955441797,0.07299939
72f7986e-d51c-4467-a8fb-ad19342a0c51,0.0423862945499323,0.042826843
72f7986e-d51c-4467-a8fb-ad19342a0c51,0.0423862945499323,0.042826843
72f7986e-d51c-4467-a8fb-ad19342a0c51,0.0423862945499323,0.042826843
72f7986e-d51c-4467-a8fb-ad19342a0c51,0.0423862945499323,0.042826843
72f7986e-d51c-4467-a8fb-ad19342a0c51,0.0423862945499323,0.042826843
72f7986e-d51c-4467-a8fb-ad19342a0c51,0.0423862945499323,0.042826843
72f7986e-d51c-4467-a8fb-ad19342a0c51,0.0423862945499323,0.042826843
72f7986e-d51c-4467-a8fb-ad19342a0c51,0.0423862945499323,0.042826843
72f7986e-d51c-4467-a8fb-ad19342a0c51,0.0423862945499323,0.042826843
72f7986e-d51c-4467-a8fb-ad19342a0c51,0.0423862945499323,0.042826843
72f7986e-d51c-4467-a8fb-ad19342a0c51,0.0423862945499323,0.042826843
72f7986e-d51c-4467-a8fb-ad19342a0c51,0.0423862945499323,0.042826843
72f7986e-d51c-4467-a8fb-ad19342a0c51,0.0423862945499323,0.042826843
72f7986e-d51c-4467-a8fb-ad19342a0c51,0.0423862945499323,0.042826843
72f7986e-d51c-4467-a8fb-ad19342a0c51,0.0423862945499323,0.042826843
72f7986e-d51c-4467-a8fb-ad19342a0c51,0.0423862945499323,0.042826843
72f7986e-d51c-4467-a8fb-ad19342a0c51,0.0423862945499323,0.042826843
b125a889-653c-409e-8db6-09350ac586ee,0.0274876705079635,0.03019904
b125a889-653c-409e-8db6-09350ac586ee,0.0274876705079635,0.03019904
b125a889-653c-409e-8db6-09350ac586ee,0.0274876705079635,0.03019904
b125a889-653c-409e-8db6-09350ac586ee,0.0274876705079635,0.03019904
b125a889-653c-409e-8db6-09350ac586ee,0.0274876705079635,0.03019904
b125a889-653c-409e-8db6-09350ac586ee,0.0274876705079635,0.03019904
b125a889-653c-409e-8db6-09350ac586ee,0.0274876705079635,0.03019904
b125a889-653c-409e-8db6-09350ac586ee,0.0274876705079635,0.03019904
b125a889-653c-409e-8db6-09350ac586ee,0.0274876705079635,0.03019904
b125a889-653c-409e-8db6-09350ac586ee,0.0274876705079635,0.03019904
b125a889-653c-409e-8db6-09350ac586ee,0.0274876705079635,0.03019904
b125a889-653c-409e-8db6-09350ac586ee,0.0274876705079635,0.03019904
b125a889-653c-409e-8db6-09350ac586ee,0.0274876705079635,0.03019904
b125a889-653c-409e-8db6-09350ac586ee,0.0274876705079635,0.03019904
b125a889-653c-409e-8db6-09350ac586ee,0.0274876705079635,0.03019904
b125a889-653c-409e-8db6-09350ac586ee,0.0274876705079635,0.03019904
b125a889-653c-409e-8db6-09350ac586ee,0.0274876705079635,0.03019904
b125a889-653c-409e-8db6-09350ac586ee,0.0274876705079635,0.03019904
b125a889-653c-409e-8db6-09350ac586ee,0.0274876705079635,0.03019904
b125a889-653c-409e-8db6-09350ac586ee,0.0274876705079635,0.03019904
b125a889-653c-409e-8db6-09350ac586ee,0.0274876705079635,0.03019904
b125a889-653c-409e-8db6-09350ac586ee,0.0274876705079635,0.03019904
b125a889-653c-409e-8db6-09350ac586ee,0.0274876705079635,0.03019904
f4d3ce25-a3f0-419c-8207-708d084c1be5,0.0909309738291764,0.09313164
f4d3ce25-a3f0-419c-8207-708d084c1be5,0.0909309738291764,0.09313164
f4d3ce25-a3f0-419c-8207-708d084c1be5,0.0909309738291764,0.09313164
f4d3ce25-a3f0-419c-8207-708d084c1be5,0.0909309738291764,0.09313164
f4d3ce25-a3f0-419c-8207-708d084c1be5,0.0909309738291764,0.09313164
f4d3ce25-a3f0-419c-8207-708d084c1be5,0.0909309738291764,0.09313164
f4d3ce25-a3f0-419c-8207-708d084c1be5,0.0909309738291764,0.09313164
f4d3ce25-a3f0-419c-8207-708d084c1be5,0.0909309738291764,0.09313164
f4d3ce25-a3f0-419c-8207-708d084c1be5,0.0909309738291764,0.09313164
f4d3ce25-a3f0-419c-8207-708d084c1be5,0.0909309738291764,0.09313164
f4d3ce25-a3f0-419c-8207-708d084c1be5,0.0909309738291764,0.09313164
f4d3ce25-a3f0-419c-8207-708d084c1be5,0.0909309738291764,0.09313164
f4d3ce25-a3f0-419c-8207-708d084c1be5,0.0909309738291764,0.09313164
f4d3ce25-a3f0-419c-8207-708d084c1be5,0.0909309738291764,0.09313164
f4d3ce25-a3f0-419c-8207-708d084c1be5,0.0909309738291764,0.09313164
f4d3ce25-a3f0-419c-8207-708d084c1be5,0.0909309738291764,0.09313164
f4d3ce25-a3f0-419c-8207-708d084c1be5,0.0909309738291764,0.09313164
f4d3ce25-a3f0-419c-8207-708d084c1be5,0.0909309738291764,0.09313164
f4d3ce25-a3f0-419c-8207-708d084c1be5,0.0909309738291764,0.09313164
f4d3ce25-a3f0-419c-8207-708d084c1be5,0.0909309738291764,0.09313164
f4d3ce25-a3f0-419c-8207-708d084c1be5,0.0909309738291764,0.09313164
f4d3ce25-a3f0-419c-8207-708d084c1be5,0.0909309738291764,0.09313164
f4d3ce25-a3f0-419c-8207-708d084c1be5,0.0909309738291764,0.09313164
f4d3ce25-a3f0-419c-8207-708d084c1be5,0.0909309738291764,0.09313164
dc07beac-960a-4534-936d-0ac32e1178ed,0.075186542328676,0.07030861
dc07beac-960a-4534-936d-0ac32e1178ed,0.075186542328676,0.07030861
dc07beac-960a-4534-936d-0ac32e1178ed,0.075186542328676,0.07030861
dc07beac-960a-4534-936d-0ac32e1178ed,0.075186542328676,0.07030861
dc07beac-960a-4534-936d-0ac32e1178ed,0.075186542328676,0.07030861
dc07beac-960a-4534-936d-0ac32e1178ed,0.075186542328676,0.07030861
dc07beac-960a-4534-936d-0ac32e1178ed,0.075186542328676,0.07030861
dc07beac-960a-4534-936d-0ac32e1178ed,0.075186542328676,0.07030861
dc07beac-960a-4534-936d-0ac32e1178ed,0.075186542328676,0.07030861
dc07beac-960a-4534-936d-0ac32e1178ed,0.075186542328676,0.07030861
dc07beac-960a-4534-936d-0ac32e1178ed,0.075186542328676,0.07030861
dc07beac-960a-4534-936d-0ac32e1178ed,0.075186542328676,0.07030861
dc07beac-960a-4534-936d-0ac32e1178ed,0.075186542328676,0.07030861
dc07beac-960a-4534-936d-0ac32e1178ed,0.075186542328676,0.07030861
dc07beac-960a-4534-936d-0ac32e1178ed,0.075186542328676,0.07030861
dc07beac-960a-4534-936d-0ac32e1178ed,0.075186542328676,0.07030861
c51253aa-2f09-4e2a-83de-038a7a96675a,0.0435274924868438,0.04277084
c51253aa-2f09-4e2a-83de-038a7a96675a,0.0435274924868438,0.04277084
c51253aa-2f09-4e2a-83de-038a7a96675a,0.0435274924868438,0.04277084
c51253aa-2f09-4e2a-83de-038a7a96675a,0.0435274924868438,0.04277084
c51253aa-2f09-4e2a-83de-038a7a96675a,0.0435274924868438,0.04277084
c51253aa-2f09-4e2a-83de-038a7a96675a,0.0435274924868438,0.04277084
c51253aa-2f09-4e2a-83de-038a7a96675a,0.0435274924868438,0.04277084
c51253aa-2f09-4e2a-83de-038a7a96675a,0.0435274924868438,0.04277084
c51253aa-2f09-4e2a-83de-038a7a96675a,0.0435274924868438,0.04277084
c51253aa-2f09-4e2a-83de-038a7a96675a,0.0435274924868438,0.04277084
c51253aa-2f09-4e2a-83de-038a7a96675a,0.0435274924868438,0.04277084
c51253aa-2f09-4e2a-83de-038a7a96675a,0.0435274924868438,0.04277084
c51253aa-2f09-4e2a-83de-038a7a96675a,0.0435274924868438,0.04277084
c51253aa-2f09-4e2a-83de-038a7a96675a,0.0435274924868438,0.04277084
c51253aa-2f09-4e2a-83de-038a7a96675a,0.0435274924868438,0.04277084
c51253aa-2f09-4e2a-83de-038a7a96675a,0.0435274924868438,0.04277084
c51253aa-2f09-4e2a-83de-038a7a96675a,0.0435274924868438,0.04277084
c51253aa-2f09-4e2a-83de-038a7a96675a,0.0435274924868438,0.04277084
c51253aa-2f09-4e2a-83de-038a7a96675a,0.0435274924868438,0.04277084
c51253aa-2f09-4e2a-83de-038a7a96675a,0.0435274924868438,0.04277084
c51253aa-2f09-4e2a-83de-038a7a96675a,0.0435274924868438,0.04277084
c51253aa-2f09-4e2a-83de-038a7a96675a,0.0435274924868438,0.04277084
c51253aa-2f09-4e2a-83de-038a7a96675a,0.0435274924868438,0.04277084
c51253aa-2f09-4e2a-83de-038a7a96675a,0.0435274924868438,0.04277084
c51253aa-2f09-4e2a-83de-038a7a96675a,0.0435274924868438,0.04277084
c51253aa-2f09-4e2a-83de-038a7a96675a,0.0435274924868438,0.04277084
c51253aa-2f09-4e2a-83de-038a7a96675a,0.0435274924868438,0.04277084
c51253aa-2f09-4e2a-83de-038a7a96675a,0.0435274924868438,0.04277084
c51253aa-2f09-4e2a-83de-038a7a96675a,0.0435274924868438,0.04277084
722061e3-ff8a-4591-8b10-75f7a51b5854,0.0360073460344131,0.03738674
722061e3-ff8a-4591-8b10-75f7a51b5854,0.0360073460344131,0.03738674
722061e3-ff8a-4591-8b10-75f7a51b5854,0.0360073460344131,0.03738674
722061e3-ff8a-4591-8b10-75f7a51b5854,0.0360073460344131,0.03738674
722061e3-ff8a-4591-8b10-75f7a51b5854,0.0360073460344131,0.03738674
722061e3-ff8a-4591-8b10-75f7a51b5854,0.0360073460344131,0.03738674
722061e3-ff8a-4591-8b10-75f7a51b5854,0.0360073460344131,0.03738674
722061e3-ff8a-4591-8b10-75f7a51b5854,0.0360073460344131,0.03738674
722061e3-ff8a-4591-8b10-75f7a51b5854,0.0360073460344131,0.03738674
722061e3-ff8a-4591-8b10-75f7a51b5854,0.0360073460344131,0.03738674
722061e3-ff8a-4591-8b10-75f7a51b5854,0.0360073460344131,0.03738674
722061e3-ff8a-4591-8b10-75f7a51b5854,0.0360073460344131,0.03738674
722061e3-ff8a-4591-8b10-75f7a51b5854,0.0360073460344131,0.03738674
722061e3-ff8a-4591-8b10-75f7a51b5854,0.0360073460344131,0.03738674
722061e3-ff8a-4591-8b10-75f7a51b5854,0.0360073460344131,0.03738674
722061e3-ff8a-4591-8b10-75f7a51b5854,0.0360073460344131,0.03738674
722061e3-ff8a-4591-8b10-75f7a51b5854,0.0360073460344131,0.03738674
722061e3-ff8a-4591-8b10-75f7a51b5854,0.0360073460344131,0.03738674
722061e3-ff8a-4591-8b10-75f7a51b5854,0.0360073460344131,0.03738674
722061e3-ff8a-4591-8b10-75f7a51b5854,0.0360073460344131,0.03738674
722061e3-ff8a-4591-8b10-75f7a51b5854,0.0360073460344131,0.03738674
722061e3-ff8a-4591-8b10-75f7a51b5854,0.0360073460344131,0.03738674
722061e3-ff8a-4591-8b10-75f7a51b5854,0.0360073460344131,0.03738674
722061e3-ff8a-4591-8b10-75f7a51b5854,0.0360073460344131,0.03738674
722061e3-ff8a-4591-8b10-75f7a51b5854,0.0360073460344131,0.03738674
722061e3-ff8a-4591-8b10-75f7a51b5854,0.0360073460344131,0.03738674
722061e3-ff8a-4591-8b10-75f7a51b5854,0.0360073460344131,0.03738674
49a8b0ed-a3d0-4db9-8e2a-d88f2835f2cf,0.0284015003774991,0.028864117
49a8b0ed-a3d0-4db9-8e2a-d88f2835f2cf,0.0284015003774991,0.028864117
49a8b0ed-a3d0-4db9-8e2a-d88f2835f2cf,0.0284015003774991,0.028864117
49a8b0ed-a3d0-4db9-8e2a-d88f2835f2cf,0.0284015003774991,0.028864117
49a8b0ed-a3d0-4db9-8e2a-d88f2835f2cf,0.0284015003774991,0.028864117
49a8b0ed-a3d0-4db9-8e2a-d88f2835f2cf,0.0284015003774991,0.028864117
49a8b0ed-a3d0-4db9-8e2a-d88f2835f2cf,0.0284015003774991,0.028864117
49a8b0ed-a3d0-4db9-8e2a-d88f2835f2cf,0.0284015003774991,0.028864117
49a8b0ed-a3d0-4db9-8e2a-d88f2835f2cf,0.0284015003774991,0.028864117
49a8b0ed-a3d0-4db9-8e2a-d88f2835f2cf,0.0284015003774991,0.028864117
49a8b0ed-a3d0-4db9-8e2a-d88f2835f2cf,0.0284015003774991,0.028864117
49a8b0ed-a3d0-4db9-8e2a-d88f2835f2cf,0.0284015003774991,0.028864117
49a8b0ed-a3d0-4db9-8e2a-d88f2835f2cf,0.0284015003774991,0.028864117
49a8b0ed-a3d0-4db9-8e2a-d88f2835f2cf,0.0284015003774991,0.028864117
49a8b0ed-a3d0-4db9-8e2a-d88f2835f2cf,0.0284015003774991,0.028864117
49a8b0ed-a3d0-4db9-8e2a-d88f2835f2cf,0.0284015003774991,0.028864117
49a8b0ed-a3d0-4db9-8e2a-d88f2835f2cf,0.0284015003774991,0.028864117
49a8b0ed-a3d0-4db9-8e2a-d88f2835f2cf,0.0284015003774991,0.028864117
49a8b0ed-a3d0-4db9-8e2a-d88f2835f2cf,0.0284015003774991,0.028864117
49a8b0ed-a3d0-4db9-8e2a-d88f2835f2cf,0.0284015003774991,0.028864117
49a8b0ed-a3d0-4db9-8e2a-d88f2835f2cf,0.0284015003774991,0.028864117
49a8b0ed-a3d0-4db9-8e2a-d88f2835f2cf,0.0284015003774991,0.028864117
49a8b0ed-a3d0-4db9-8e2a-d88f2835f2cf,0.0284015003774991,0.028864117
49a8b0ed-a3d0-4db9-8e2a-d88f2835f2cf,0.0284015003774991,0.028864117
49a8b0ed-a3d0-4db9-8e2a-d88f2835f2cf,0.0284015003774991,0.028864117
49a8b0ed-a3d0-4db9-8e2a-d88f2835f2cf,0.0284015003774991,0.028864117
49a8b0ed-a3d0-4db9-8e2a-d88f2835f2cf,0.0284015003774991,0.028864117
49a8b0ed-a3d0-4db9-8e2a-d88f2835f2cf,0.0284015003774991,0.028864117
49a8b0ed-a3d0-4db9-8e2a-d88f2835f2cf,0.0284015003774991,0.028864117
dac32ded-6f31-48b7-a0d6-67918bbb5ed1,0.0201141840012291,0.021294221
dac32ded-6f31-48b7-a0d6-67918bbb5ed1,0.0201141840012291,0.021294221
dac32ded-6f31-48b7-a0d6-67918bbb5ed1,0.0201141840012291,0.021294221
dac32ded-6f31-48b7-a0d6-67918bbb5ed1,0.0201141840012291,0.021294221
dac32ded-6f31-48b7-a0d6-67918bbb5ed1,0.0201141840012291,0.021294221
dac32ded-6f31-48b7-a0d6-67918bbb5ed1,0.0201141840012291,0.021294221
dac32ded-6f31-48b7-a0d6-67918bbb5ed1,0.0201141840012291,0.021294221
dac32ded-6f31-48b7-a0d6-67918bbb5ed1,0.0201141840012291,0.021294221
dac32ded-6f31-48b7-a0d6-67918bbb5ed1,0.0201141840012291,0.021294221
dac32ded-6f31-48b7-a0d6-67918bbb5ed1,0.0201141840012291,0.021294221
dac32ded-6f31-48b7-a0d6-67918bbb5ed1,0.0201141840012291,0.021294221
dac32ded-6f31-48b7-a0d6-67918bbb5ed1,0.0201141840012291,0.021294221
dac32ded-6f31-48b7-a0d6-67918bbb5ed1,0.0201141840012291,0.021294221
dac32ded-6f31-48b7-a0d6-67918bbb5ed1,0.0201141840012291,0.021294221
dac32ded-6f31-48b7-a0d6-67918bbb5ed1,0.0201141840012291,0.021294221
dac32ded-6f31-48b7-a0d6-67918bbb5ed1,0.0201141840012291,0.021294221
dac32ded-6f31-48b7-a0d6-67918bbb5ed1,0.0201141840012291,0.021294221
dac32ded-6f31-48b7-a0d6-67918bbb5ed1,0.0201141840012291,0.021294221
dac32ded-6f31-48b7-a0d6-67918bbb5ed1,0.0201141840012291,0.021294221
dac32ded-6f31-48b7-a0d6-67918bbb5ed1,0.0201141840012291,0.021294221
dac32ded-6f31-48b7-a0d6-67918bbb5ed1,0.0201141840012291,0.021294221
dac32ded-6f31-48b7-a0d6-67918bbb5ed1,0.0201141840012291,0.021294221
dac32ded-6f31-48b7-a0d6-67918bbb5ed1,0.0201141840012291,0.021294221
dac32ded-6f31-48b7-a0d6-67918bbb5ed1,0.0201141840012291,0.021294221
dac32ded-6f31-48b7-a0d6-67918bbb5ed1,0.0201141840012291,0.021294221
dac32ded-6f31-48b7-a0d6-67918bbb5ed1,0.0201141840012291,0.021294221
dac32ded-6f31-48b7-a0d6-67918bbb5ed1,0.0201141840012291,0.021294221
4fc2ca0a-3c05-4717-a064-9e6ed651a04b,0.2419015991900939,0.23972692
4fc2ca0a-3c05-4717-a064-9e6ed651a04b,0.2419015991900939,0.23972692
4fc2ca0a-3c05-4717-a064-9e6ed651a04b,0.2419015991900939,0.23972692
4fc2ca0a-3c05-4717-a064-9e6ed651a04b,0.2419015991900939,0.23972692
4fc2ca0a-3c05-4717-a064-9e6ed651a04b,0.2419015991900939,0.23972692
4fc2ca0a-3c05-4717-a064-9e6ed651a04b,0.2419015991900939,0.23972692
4fc2ca0a-3c05-4717-a064-9e6ed651a04b,0.2419015991900939,0.23972692
4fc2ca0a-3c05-4717-a064-9e6ed651a04b,0.2419015991900939,0.23972692
4fc2ca0a-3c05-4717-a064-9e6ed651a04b,0.2419015991900939,0.23972692
4fc2ca0a-3c05-4717-a064-9e6ed651a04b,0.2419015991900939,0.23972692
4fc2ca0a-3c05-4717-a064-9e6ed651a04b,0.2419015991900939,0.23972692
4fc2ca0a-3c05-4717-a064-9e6ed651a04b,0.2419015991900939,0.23972692
4fc2ca0a-3c05-4717-a064-9e6ed651a04b,0.2419015991900939,0.23972692
4fc2ca0a-3c05-4717-a064-9e6ed651a04b,0.2419015991900939,0.23972692
4fc2ca0a-3c05-4717-a064-9e6ed651a04b,0.2419015991900939,0.23972692
4fc2ca0a-3c05-4717-a064-9e6ed651a04b,0.2419015991900939,0.23972692
4fc2ca0a-3c05-4717-a064-9e6ed651a04b,0.2419015991900939,0.23972692
4fc2ca0a-3c05-4717-a064-9e6ed651a04b,0.2419015991900939,0.23972692
4fc2ca0a-3c05-4717-a064-9e6ed651a04b,0.2419015991900939,0.23972692
4fc2ca0a-3c05-4717-a064-9e6ed651a04b,0.2419015991900939,0.23972692
4fc2ca0a-3c05-4717-a064-9e6ed651a04b,0.2419015991900939,0.23972692
4fc2ca0a-3c05-4717-a064-9e6ed651a04b,0.2419015991900939,0.23972692
4fc2ca0a-3c05-4717-a064-9e6ed651a04b,0.2419015991900939,0.23972692
4fc2ca0a-3c05-4717-a064-9e6ed651a04b,0.2419015991900939,0.23972692
4fc2ca0a-3c05-4717-a064-9e6ed651a04b,0.2419015991900939,0.23972692
4fc2ca0a-3c05-4717-a064-9e6ed651a04b,0.2419015991900939,0.23972692
ab08eccd-0761-4b6f-b6dc-43e53990229a,0.0207700589121327,0.022126282
ab08eccd-0761-4b6f-b6dc-43e53990229a,0.0207700589121327,0.022126282
ab08eccd-0761-4b6f-b6dc-43e53990229a,0.0207700589121327,0.022126282
ab08eccd-0761-4b6f-b6dc-43e53990229a,0.0207700589121327,0.022126282
ab08eccd-0761-4b6f-b6dc-43e53990229a,0.0207700589121327,0.022126282
ab08eccd-0761-4b6f-b6dc-43e53990229a,0.0207700589121327,0.022126282
ab08eccd-0761-4b6f-b6dc-43e53990229a,0.0207700589121327,0.022126282
ab08eccd-0761-4b6f-b6dc-43e53990229a,0.0207700589121327,0.022126282
ab08eccd-0761-4b6f-b6dc-43e53990229a,0.0207700589121327,0.022126282
ab08eccd-0761-4b6f-b6dc-43e53990229a,0.0207700589121327,0.022126282
ab08eccd-0761-4b6f-b6dc-43e53990229a,0.0207700589121327,0.022126282
ab08eccd-0761-4b6f-b6dc-43e53990229a,0.0207700589121327,0.022126282
ab08eccd-0761-4b6f-b6dc-43e53990229a,0.0207700589121327,0.022126282
ab08eccd-0761-4b6f-b6dc-43e53990229a,0.0207700589121327,0.022126282
ab08eccd-0761-4b6f-b6dc-43e53990229a,0.0207700589121327,0.022126282
ab08eccd-0761-4b6f-b6dc-43e53990229a,0.0207700589121327,0.022126282
ab08eccd-0761-4b6f-b6dc-43e53990229a,0.0207700589121327,0.022126282
ab08eccd-0761-4b6f-b6dc-43e53990229a,0.0207700589121327,0.022126282
ab08eccd-0761-4b6f-b6dc-43e53990229a,0.0207700589121327,0.022126282
ab08eccd-0761-4b6f-b6dc-43e53990229a,0.0207700589121327,0.022126282
ab08eccd-0761-4b6f-b6dc-43e53990229a,0.0207700589121327,0.022126282
ab08eccd-0761-4b6f-b6dc-43e53990229a,0.0207700589121327,0.022126282
ab08eccd-0761-4b6f-b6dc-43e53990229a,0.0207700589121327,0.022126282
ab08eccd-0761-4b6f-b6dc-43e53990229a,0.0207700589121327,0.022126282
ab08eccd-0761-4b6f-b6dc-43e53990229a,0.0207700589121327,0.022126282
ab08eccd-0761-4b6f-b6dc-43e53990229a,0.0207700589121327,0.022126282
ab08eccd-0761-4b6f-b6dc-43e53990229a,0.0207700589121327,0.022126282
ab08eccd-0761-4b6f-b6dc-43e53990229a,0.0207700589121327,0.022126282
ab08eccd-0761-4b6f-b6dc-43e53990229a,0.0207700589121327,0.022126282
3da7ddc1-6d67-4bdd-bb8f-df31a66d31f7,0.043520941779521,0.042454384
3da7ddc1-6d67-4bdd-bb8f-df31a66d31f7,0.043520941779521,0.042454384
3da7ddc1-6d67-4bdd-bb8f-df31a66d31f7,0.043520941779521,0.042454384
3da7ddc1-6d67-4bdd-bb8f-df31a66d31f7,0.043520941779521,0.042454384
3da7ddc1-6d67-4bdd-bb8f-df31a66d31f7,0.043520941779521,0.042454384
3da7ddc1-6d67-4bdd-bb8f-df31a66d31f7,0.043520941779521,0.042454384
3da7ddc1-6d67-4bdd-bb8f-df31a66d31f7,0.043520941779521,0.042454384
3da7ddc1-6d67-4bdd-bb8f-df31a66d31f7,0.043520941779521,0.042454384
3da7ddc1-6d67-4bdd-bb8f-df31a66d31f7,0.043520941779521,0.042454384
3da7ddc1-6d67-4bdd-bb8f-df31a66d31f7,0.043520941779521,0.042454384
3da7ddc1-6d67-4bdd-bb8f-df31a66d31f7,0.043520941779521,0.042454384
3da7ddc1-6d67-4bdd-bb8f-df31a66d31f7,0.043520941779521,0.042454384
3da7ddc1-6d67-4bdd-bb8f-df31a66d31f7,0.043520941779521,0.042454384
3da7ddc1-6d67-4bdd-bb8f-df31a66d31f7,0.043520941779521,0.042454384
3da7ddc1-6d67-4bdd-bb8f-df31a66d31f7,0.043520941779521,0.042454384
3da7ddc1-6d67-4bdd-bb8f-df31a66d31f7,0.043520941779521,0.042454384
3da7ddc1-6d67-4bdd-bb8f-df31a66d31f7,0.043520941779521,0.042454384
3da7ddc1-6d67-4bdd-bb8f-df31a66d31f7,0.043520941779521,0.042454384
3da7ddc1-6d67-4bdd-bb8f-df31a66d31f7,0.043520941779521,0.042454384
1bf0e67c-b2ec-4f8d-ae02-ed7f93bef404,0.0510469818068057,0.052489556
1bf0e67c-b2ec-4f8d-ae02-ed7f93bef404,0.0510469818068057,0.052489556
1bf0e67c-b2ec-4f8d-ae02-ed7f93bef404,0.0510469818068057,0.052489556
1bf0e67c-b2ec-4f8d-ae02-ed7f93bef404,0.0510469818068057,0.052489556
1bf0e67c-b2ec-4f8d-ae02-ed7f93bef404,0.0510469818068057,0.052489556
1bf0e67c-b2ec-4f8d-ae02-ed7f93bef404,0.0510469818068057,0.052489556
1bf0e67c-b2ec-4f8d-ae02-ed7f93bef404,0.0510469818068057,0.052489556
1bf0e67c-b2ec-4f8d-ae02-ed7f93bef404,0.0510469818068057,0.052489556
1bf0e67c-b2ec-4f8d-ae02-ed7f93bef404,0.0510469818068057,0.052489556
1bf0e67c-b2ec-4f8d-ae02-ed7f93bef404,0.0510469818068057,0.052489556
1bf0e67c-b2ec-4f8d-ae02-ed7f93bef404,0.0510469818068057,0.052489556
1bf0e67c-b2ec-4f8d-ae02-ed7f93bef404,0.0510469818068057,0.052489556
1bf0e67c-b2ec-4f8d-ae02-ed7f93bef404,0.0510469818068057,0.052489556
1bf0e67c-b2ec-4f8d-ae02-ed7f93bef404,0.0510469818068057,0.052489556
1bf0e67c-b2ec-4f8d-ae02-ed7f93bef404,0.0510469818068057,0.052489556
1bf0e67c-b2ec-4f8d-ae02-ed7f93bef404,0.0510469818068057,0.052489556
1bf0e67c-b2ec-4f8d-ae02-ed7f93bef404,0.0510469818068057,0.052489556
1bf0e67c-b2ec-4f8d-ae02-ed7f93bef404,0.0510469818068057,0.052489556
1bf0e67c-b2ec-4f8d-ae02-ed7f93bef404,0.0510469818068057,0.052489556
1bf0e67c-b2ec-4f8d-ae02-ed7f93bef404,0.0510469818068057,0.052489556
1bf0e67c-b2ec-4f8d-ae02-ed7f93bef404,0.0510469818068057,0.052489556
1bf0e67c-b2ec-4f8d-ae02-ed7f93bef404,0.0510469818068057,0.052489556
1bf0e67c-b2ec-4f8d-ae02-ed7f93bef404,0.0510469818068057,0.052489556
f847b966-8035-4d70-ae44-7d655d4d4822,0.0799125989451671,0.07848231
f847b966-8035-4d70-ae44-7d655d4d4822,0.0799125989451671,0.07848231
f847b966-8035-4d70-ae44-7d655d4d4822,0.0799125989451671,0.07848231
f847b966-8035-4d70-ae44-7d655d4d4822,0.0799125989451671,0.07848231
f847b966-8035-4d70-ae44-7d655d4d4822,0.0799125989451671,0.07848231
f847b966-8035-4d70-ae44-7d655d4d4822,0.0799125989451671,0.07848231
f847b966-8035-4d70-ae44-7d655d4d4822,0.0799125989451671,0.07848231
f847b966-8035-4d70-ae44-7d655d4d4822,0.0799125989451671,0.07848231
f847b966-8035-4d70-ae44-7d655d4d4822,0.0799125989451671,0.07848231
f847b966-8035-4d70-ae44-7d655d4d4822,0.0799125989451671,0.07848231
f847b966-8035-4d70-ae44-7d655d4d4822,0.0799125989451671,0.07848231
f847b966-8035-4d70-ae44-7d655d4d4822,0.0799125989451671,0.07848231
f847b966-8035-4d70-ae44-7d655d4d4822,0.0799125989451671,0.07848231
f847b966-8035-4d70-ae44-7d655d4d4822,0.0799125989451671,0.07848231
f847b966-8035-4d70-ae44-7d655d4d4822,0.0799125989451671,0.07848231
f847b966-8035-4d70-ae44-7d655d4d4822,0.0799125989451671,0.07848231
f847b966-8035-4d70-ae44-7d655d4d4822,0.0799125989451671,0.07848231
cf00624e-3492-426f-8b3e-719550d4a995,0.0466569782011208,0.045770805
cf00624e-3492-426f-8b3e-719550d4a995,0.0466569782011208,0.045770805
cf00624e-3492-426f-8b3e-719550d4a995,0.0466569782011208,0.045770805
cf00624e-3492-426f-8b3e-719550d4a995,0.0466569782011208,0.045770805
cf00624e-3492-426f-8b3e-719550d4a995,0.0466569782011208,0.045770805
cf00624e-3492-426f-8b3e-719550d4a995,0.0466569782011208,0.045770805
cf00624e-3492-426f-8b3e-719550d4a995,0.0466569782011208,0.045770805
cf00624e-3492-426f-8b3e-719550d4a995,0.0466569782011208,0.045770805
cf00624e-3492-426f-8b3e-719550d4a995,0.0466569782011208,0.045770805
cf00624e-3492-426f-8b3e-719550d4a995,0.0466569782011208,0.045770805
cf00624e-3492-426f-8b3e-719550d4a995,0.0466569782011208,0.045770805
cf00624e-3492-426f-8b3e-719550d4a995,0.0466569782011208,0.045770805
cf00624e-3492-426f-8b3e-719550d4a995,0.0466569782011208,0.045770805
cf00624e-3492-426f-8b3e-719550d4a995,0.0466569782011208,0.045770805
cf00624e-3492-426f-8b3e-719550d4a995,0.0466569782011208,0.045770805
cf00624e-3492-426f-8b3e-719550d4a995,0.0466569782011208,0.045770805
cf00624e-3492-426f-8b3e-719550d4a995,0.0466569782011208,0.045770805
cf00624e-3492-426f-8b3e-719550d4a995,0.0466569782011208,0.045770805
cf00624e-3492-426f-8b3e-719550d4a995,0.0466569782011208,0.045770805
6f833ec2-a046-4591-b634-a7bee55bb9cf,0.0381450927187126,0.04170942
6f833ec2-a046-4591-b634-a7bee55bb9cf,0.0381450927187126,0.04170942
6f833ec2-a046-4591-b634-a7bee55bb9cf,0.0381450927187126,0.04170942
6f833ec2-a046-4591-b634-a7bee55bb9cf,0.0381450927187126,0.04170942
6f833ec2-a046-4591-b634-a7bee55bb9cf,0.0381450927187126,0.04170942
6f833ec2-a046-4591-b634-a7bee55bb9cf,0.0381450927187126,0.04170942
6f833ec2-a046-4591-b634-a7bee55bb9cf,0.0381450927187126,0.04170942
6f833ec2-a046-4591-b634-a7bee55bb9cf,0.0381450927187126,0.04170942
6f833ec2-a046-4591-b634-a7bee55bb9cf,0.0381450927187126,0.04170942
6f833ec2-a046-4591-b634-a7bee55bb9cf,0.0381450927187126,0.04170942
6f833ec2-a046-4591-b634-a7bee55bb9cf,0.0381450927187126,0.04170942
6f833ec2-a046-4591-b634-a7bee55bb9cf,0.0381450927187126,0.04170942
6f833ec2-a046-4591-b634-a7bee55bb9cf,0.0381450927187126,0.04170942
6f833ec2-a046-4591-b634-a7bee55bb9cf,0.0381450927187126,0.04170942
6f833ec2-a046-4591-b634-a7bee55bb9cf,0.0381450927187126,0.04170942
6f833ec2-a046-4591-b634-a7bee55bb9cf,0.0381450927187126,0.04170942
6f833ec2-a046-4591-b634-a7bee55bb9cf,0.0381450927187126,0.04170942
6f833ec2-a046-4591-b634-a7bee55bb9cf,0.0381450927187126,0.04170942
6f833ec2-a046-4591-b634-a7bee55bb9cf,0.0381450927187126,0.04170942
ca2d00fb-9e8d-4968-b3a7-230956b4bb12,0.0216091578894905,0.020867035
ca2d00fb-9e8d-4968-b3a7-230956b4bb12,0.0216091578894905,0.020867035
ca2d00fb-9e8d-4968-b3a7-230956b4bb12,0.0216091578894905,0.020867035
ca2d00fb-9e8d-4968-b3a7-230956b4bb12,0.0216091578894905,0.020867035
ca2d00fb-9e8d-4968-b3a7-230956b4bb12,0.0216091578894905,0.020867035
ca2d00fb-9e8d-4968-b3a7-230956b4bb12,0.0216091578894905,0.020867035
ca2d00fb-9e8d-4968-b3a7-230956b4bb12,0.0216091578894905,0.020867035
ca2d00fb-9e8d-4968-b3a7-230956b4bb12,0.0216091578894905,0.020867035
ca2d00fb-9e8d-4968-b3a7-230956b4bb12,0.0216091578894905,0.020867035
ca2d00fb-9e8d-4968-b3a7-230956b4bb12,0.0216091578894905,0.020867035
ca2d00fb-9e8d-4968-b3a7-230956b4bb12,0.0216091578894905,0.020867035
ca2d00fb-9e8d-4968-b3a7-230956b4bb12,0.0216091578894905,0.020867035
ca2d00fb-9e8d-4968-b3a7-230956b4bb12,0.0216091578894905,0.020867035
ca2d00fb-9e8d-4968-b3a7-230956b4bb12,0.0216091578894905,0.020867035
ca2d00fb-9e8d-4968-b3a7-230956b4bb12,0.0216091578894905,0.020867035
ca2d00fb-9e8d-4968-b3a7-230956b4bb12,0.0216091578894905,0.020867035
ca2d00fb-9e8d-4968-b3a7-230956b4bb12,0.0216091578894905,0.020867035
ca2d00fb-9e8d-4968-b3a7-230956b4bb12,0.0216091578894905,0.020867035
ca2d00fb-9e8d-4968-b3a7-230956b4bb12,0.0216091578894905,0.020867035
ca2d00fb-9e8d-4968-b3a7-230956b4bb12,0.0216091578894905,0.020867035
ca2d00fb-9e8d-4968-b3a7-230956b4bb12,0.0216091578894905,0.020867035
ca2d00fb-9e8d-4968-b3a7-230956b4bb12,0.0216091578894905,0.020867035
fd070e29-6d5c-4a62-adc9-db8e7c3c0459,0.0590847420530987,0.056629974
fd070e29-6d5c-4a62-adc9-db8e7c3c0459,0.0590847420530987,0.056629974
fd070e29-6d5c-4a62-adc9-db8e7c3c0459,0.0590847420530987,0.056629974
fd070e29-6d5c-4a62-adc9-db8e7c3c0459,0.0590847420530987,0.056629974
fd070e29-6d5c-4a62-adc9-db8e7c3c0459,0.0590847420530987,0.056629974
fd070e29-6d5c-4a62-adc9-db8e7c3c0459,0.0590847420530987,0.056629974
fd070e29-6d5c-4a62-adc9-db8e7c3c0459,0.0590847420530987,0.056629974
fd070e29-6d5c-4a62-adc9-db8e7c3c0459,0.0590847420530987,0.056629974
fd070e29-6d5c-4a62-adc9-db8e7c3c0459,0.0590847420530987,0.056629974
fd070e29-6d5c-4a62-adc9-db8e7c3c0459,0.0590847420530987,0.056629974
fd070e29-6d5c-4a62-adc9-db8e7c3c0459,0.0590847420530987,0.056629974
fd070e29-6d5c-4a62-adc9-db8e7c3c0459,0.0590847420530987,0.056629974
fd070e29-6d5c-4a62-adc9-db8e7c3c0459,0.0590847420530987,0.056629974
fd070e29-6d5c-4a62-adc9-db8e7c3c0459,0.0590847420530987,0.056629974
fd070e29-6d5c-4a62-adc9-db8e7c3c0459,0.0590847420530987,0.056629974
fd070e29-6d5c-4a62-adc9-db8e7c3c0459,0.0590847420530987,0.056629974
fd070e29-6d5c-4a62-adc9-db8e7c3c0459,0.0590847420530987,0.056629974
580ef8ed-2cd1-463c-a26a-ae20f549012e,0.0374211723138128,0.038134295
580ef8ed-2cd1-463c-a26a-ae20f549012e,0.0374211723138128,0.038134295
580ef8ed-2cd1-463c-a26a-ae20f549012e,0.0374211723138128,0.038134295
580ef8ed-2cd1-463c-a26a-ae20f549012e,0.0374211723138128,0.038134295
580ef8ed-2cd1-463c-a26a-ae20f549012e,0.0374211723138128,0.038134295
580ef8ed-2cd1-463c-a26a-ae20f549012e,0.0374211723138128,0.038134295
580ef8ed-2cd1-463c-a26a-ae20f549012e,0.0374211723138128,0.038134295
580ef8ed-2cd1-463c-a26a-ae20f549012e,0.0374211723138128,0.038134295
580ef8ed-2cd1-463c-a26a-ae20f549012e,0.0374211723138128,0.038134295
580ef8ed-2cd1-463c-a26a-ae20f549012e,0.0374211723138128,0.038134295
580ef8ed-2cd1-463c-a26a-ae20f549012e,0.0374211723138128,0.038134295
580ef8ed-2cd1-463c-a26a-ae20f549012e,0.0374211723138128,0.038134295
580ef8ed-2cd1-463c-a26a-ae20f549012e,0.0374211723138128,0.038134295
580ef8ed-2cd1-463c-a26a-ae20f549012e,0.0374211723138128,0.038134295
580ef8ed-2cd1-463c-a26a-ae20f549012e,0.0374211723138128,0.038134295
580ef8ed-2cd1-463c-a26a-ae20f549012e,0.0374211723138128,0.038134295
580ef8ed-2cd1-463c-a26a-ae20f549012e,0.0374211723138128,0.038134295
580ef8ed-2cd1-463c-a26a-ae20f549012e,0.0374211723138128,0.038134295
580ef8ed-2cd1-463c-a26a-ae20f549012e,0.0374211723138128,0.038134295
580ef8ed-2cd1-463c-a26a-ae20f549012e,0.0374211723138128,0.038134295
580ef8ed-2cd1-463c-a26a-ae20f549012e,0.0374211723138128,0.038134295
580ef8ed-2cd1-463c-a26a-ae20f549012e,0.0374211723138128,0.038134295
580ef8ed-2cd1-463c-a26a-ae20f549012e,0.0374211723138128,0.038134295
580ef8ed-2cd1-463c-a26a-ae20f549012e,0.0374211723138128,0.038134295
580ef8ed-2cd1-463c-a26a-ae20f549012e,0.0374211723138128,0.038134295
580ef8ed-2cd1-463c-a26a-ae20f549012e,0.0374211723138128,0.038134295
74414a0d-56ec-4480-88ad-441a0f715643,0.0336933359202827,0.03407427
74414a0d-56ec-4480-88ad-441a0f715643,0.0336933359202827,0.03407427
74414a0d-56ec-4480-88ad-441a0f715643,0.0336933359202827,0.03407427
74414a0d-56ec-4480-88ad-441a0f715643,0.0336933359202827,0.03407427
74414a0d-56ec-4480-88ad-441a0f715643,0.0336933359202827,0.03407427
74414a0d-56ec-4480-88ad-441a0f715643,0.0336933359202827,0.03407427
74414a0d-56ec-4480-88ad-441a0f715643,0.0336933359202827,0.03407427
74414a0d-56ec-4480-88ad-441a0f715643,0.0336933359202827,0.03407427
74414a0d-56ec-4480-88ad-441a0f715643,0.0336933359202827,0.03407427
74414a0d-56ec-4480-88ad-441a0f715643,0.0336933359202827,0.03407427
74414a0d-56ec-4480-88ad-441a0f715643,0.0336933359202827,0.03407427
74414a0d-56ec-4480-88ad-441a0f715643,0.0336933359202827,0.03407427
74414a0d-56ec-4480-88ad-441a0f715643,0.0336933359202827,0.03407427
74414a0d-56ec-4480-88ad-441a0f715643,0.0336933359202827,0.03407427
74414a0d-56ec-4480-88ad-441a0f715643,0.0336933359202827,0.03407427
74414a0d-56ec-4480-88ad-441a0f715643,0.0336933359202827,0.03407427
74414a0d-56ec-4480-88ad-441a0f715643,0.0336933359202827,0.03407427
74414a0d-56ec-4480-88ad-441a0f715643,0.0336933359202827,0.03407427
74414a0d-56ec-4480-88ad-441a0f715643,0.0336933359202827,0.03407427
74414a0d-56ec-4480-88ad-441a0f715643,0.0336933359202827,0.03407427
74414a0d-56ec-4480-88ad-441a0f715643,0.0336933359202827,0.03407427
74414a0d-56ec-4480-88ad-441a0f715643,0.0336933359202827,0.03407427
74414a0d-56ec-4480-88ad-441a0f715643,0.0336933359202827,0.03407427
74414a0d-56ec-4480-88ad-441a0f715643,0.0336933359202827,0.03407427
74414a0d-56ec-4480-88ad-441a0f715643,0.0336933359202827,0.03407427
74414a0d-56ec-4480-88ad-441a0f715643,0.0336933359202827,0.03407427
74414a0d-56ec-4480-88ad-441a0f715643,0.0336933359202827,0.03407427
74414a0d-56ec-4480-88ad-441a0f715643,0.0336933359202827,0.03407427
4dac715e-a5f0-45fb-9372-7f85e3cc35a9,0.0367846656456703,0.037477005
4dac715e-a5f0-45fb-9372-7f85e3cc35a9,0.0367846656456703,0.037477005
4dac715e-a5f0-45fb-9372-7f85e3cc35a9,0.0367846656456703,0.037477005
4dac715e-a5f0-45fb-9372-7f85e3cc35a9,0.0367846656456703,0.037477005
4dac715e-a5f0-45fb-9372-7f85e3cc35a9,0.0367846656456703,0.037477005
4dac715e-a5f0-45fb-9372-7f85e3cc35a9,0.0367846656456703,0.037477005
4dac715e-a5f0-45fb-9372-7f85e3cc35a9,0.0367846656456703,0.037477005
4dac715e-a5f0-45fb-9372-7f85e3cc35a9,0.0367846656456703,0.037477005
4dac715e-a5f0-45fb-9372-7f85e3cc35a9,0.0367846656456703,0.037477005
4dac715e-a5f0-45fb-9372-7f85e3cc35a9,0.0367846656456703,0.037477005
4dac715e-a5f0-45fb-9372-7f85e3cc35a9,0.0367846656456703,0.037477005
4dac715e-a5f0-45fb-9372-7f85e3cc35a9,0.0367846656456703,0.037477005
4dac715e-a5f0-45fb-9372-7f85e3cc35a9,0.0367846656456703,0.037477005
4dac715e-a5f0-45fb-9372-7f85e3cc35a9,0.0367846656456703,0.037477005
4dac715e-a5f0-45fb-9372-7f85e3cc35a9,0.0367846656456703,0.037477005
4dac715e-a5f0-45fb-9372-7f85e3cc35a9,0.0367846656456703,0.037477005
4dac715e-a5f0-45fb-9372-7f85e3cc35a9,0.0367846656456703,0.037477005
4dac715e-a5f0-45fb-9372-7f85e3cc35a9,0.0367846656456703,0.037477005
4dac715e-a5f0-45fb-9372-7f85e3cc35a9,0.0367846656456703,0.037477005
4dac715e-a5f0-45fb-9372-7f85e3cc35a9,0.0367846656456703,0.037477005
4dac715e-a5f0-45fb-9372-7f85e3cc35a9,0.0367846656456703,0.037477005
4dac715e-a5f0-45fb-9372-7f85e3cc35a9,0.0367846656456703,0.037477005
4dac715e-a5f0-45fb-9372-7f85e3cc35a9,0.0367846656456703,0.037477005
4dac715e-a5f0-45fb-9372-7f85e3cc35a9,0.0367846656456703,0.037477005
c6aae260-47a8-4a40-8b20-3b4ac05159e3,0.046961003830793,0.04905217
c6aae260-47a8-4a40-8b20-3b4ac05159e3,0.046961003830793,0.04905217
c6aae260-47a8-4a40-8b20-3b4ac05159e3,0.046961003830793,0.04905217
c6aae260-47a8-4a40-8b20-3b4ac05159e3,0.046961003830793,0.04905217
c6aae260-47a8-4a40-8b20-3b4ac05159e3,0.046961003830793,0.04905217
c6aae260-47a8-4a40-8b20-3b4ac05159e3,0.046961003830793,0.04905217
c6aae260-47a8-4a40-8b20-3b4ac05159e3,0.046961003830793,0.04905217
c6aae260-47a8-4a40-8b20-3b4ac05159e3,0.046961003830793,0.04905217
c6aae260-47a8-4a40-8b20-3b4ac05159e3,0.046961003830793,0.04905217
c6aae260-47a8-4a40-8b20-3b4ac05159e3,0.046961003830793,0.04905217
c6aae260-47a8-4a40-8b20-3b4ac05159e3,0.046961003830793,0.04905217
c6aae260-47a8-4a40-8b20-3b4ac05159e3,0.046961003830793,0.04905217
c6aae260-47a8-4a40-8b20-3b4ac05159e3,0.046961003830793,0.04905217
c6aae260-47a8-4a40-8b20-3b4ac05159e3,0.046961003830793,0.04905217
c6aae260-47a8-4a40-8b20-3b4ac05159e3,0.046961003830793,0.04905217
c6aae260-47a8-4a40-8b20-3b4ac05159e3,0.046961003830793,0.04905217
c6aae260-47a8-4a40-8b20-3b4ac05159e3,0.046961003830793,0.04905217
c6aae260-47a8-4a40-8b20-3b4ac05159e3,0.046961003830793,0.04905217
c6aae260-47a8-4a40-8b20-3b4ac05159e3,0.046961003830793,0.04905217
c6aae260-47a8-4a40-8b20-3b4ac05159e3,0.046961003830793,0.04905217
c6aae260-47a8-4a40-8b20-3b4ac05159e3,0.046961003830793,0.04905217
c6aae260-47a8-4a40-8b20-3b4ac05159e3,0.046961003830793,0.04905217
0f6ac963-f3f1-4af9-adf7-a1bb815bad68,0.0853062027613665,0.07917004
0f6ac963-f3f1-4af9-adf7-a1bb815bad68,0.0853062027613665,0.07917004
0f6ac963-f3f1-4af9-adf7-a1bb815bad68,0.0853062027613665,0.07917004
0f6ac963-f3f1-4af9-adf7-a1bb815bad68,0.0853062027613665,0.07917004
0f6ac963-f3f1-4af9-adf7-a1bb815bad68,0.0853062027613665,0.07917004
0f6ac963-f3f1-4af9-adf7-a1bb815bad68,0.0853062027613665,0.07917004
0f6ac963-f3f1-4af9-adf7-a1bb815bad68,0.0853062027613665,0.07917004
0f6ac963-f3f1-4af9-adf7-a1bb815bad68,0.0853062027613665,0.07917004
0f6ac963-f3f1-4af9-adf7-a1bb815bad68,0.0853062027613665,0.07917004
0f6ac963-f3f1-4af9-adf7-a1bb815bad68,0.0853062027613665,0.07917004
0f6ac963-f3f1-4af9-adf7-a1bb815bad68,0.0853062027613665,0.07917004
0f6ac963-f3f1-4af9-adf7-a1bb815bad68,0.0853062027613665,0.07917004
0f6ac963-f3f1-4af9-adf7-a1bb815bad68,0.0853062027613665,0.07917004
0f6ac963-f3f1-4af9-adf7-a1bb815bad68,0.0853062027613665,0.07917004
0f6ac963-f3f1-4af9-adf7-a1bb815bad68,0.0853062027613665,0.07917004
0f6ac963-f3f1-4af9-adf7-a1bb815bad68,0.0853062027613665,0.07917004
0f6ac963-f3f1-4af9-adf7-a1bb815bad68,0.0853062027613665,0.07917004
0f6ac963-f3f1-4af9-adf7-a1bb815bad68,0.0853062027613665,0.07917004
0f6ac963-f3f1-4af9-adf7-a1bb815bad68,0.0853062027613665,0.07917004
0f6ac963-f3f1-4af9-adf7-a1bb815bad68,0.0853062027613665,0.07917004
0f6ac963-f3f1-4af9-adf7-a1bb815bad68,0.0853062027613665,0.07917004
f472c762-6a3e-42dd-a48b-ac40ee8b9f8f,0.1000338652852247,0.09888588
f472c762-6a3e-42dd-a48b-ac40ee8b9f8f,0.1000338652852247,0.09888588
f472c762-6a3e-42dd-a48b-ac40ee8b9f8f,0.1000338652852247,0.09888588
f472c762-6a3e-42dd-a48b-ac40ee8b9f8f,0.1000338652852247,0.09888588
f472c762-6a3e-42dd-a48b-ac40ee8b9f8f,0.1000338652852247,0.09888588
f472c762-6a3e-42dd-a48b-ac40ee8b9f8f,0.1000338652852247,0.09888588
f472c762-6a3e-42dd-a48b-ac40ee8b9f8f,0.1000338652852247,0.09888588
f472c762-6a3e-42dd-a48b-ac40ee8b9f8f,0.1000338652852247,0.09888588
f472c762-6a3e-42dd-a48b-ac40ee8b9f8f,0.1000338652852247,0.09888588
f472c762-6a3e-42dd-a48b-ac40ee8b9f8f,0.1000338652852247,0.09888588
f472c762-6a3e-42dd-a48b-ac40ee8b9f8f,0.1000338652852247,0.09888588
f472c762-6a3e-42dd-a48b-ac40ee8b9f8f,0.1000338652852247,0.09888588
f472c762-6a3e-42dd-a48b-ac40ee8b9f8f,0.1000338652852247,0.09888588
f472c762-6a3e-42dd-a48b-ac40ee8b9f8f,0.1000338652852247,0.09888588
f472c762-6a3e-42dd-a48b-ac40ee8b9f8f,0.1000338652852247,0.09888588
f472c762-6a3e-42dd-a48b-ac40ee8b9f8f,0.1000338652852247,0.09888588
f472c762-6a3e-42dd-a48b-ac40ee8b9f8f,0.1000338652852247,0.09888588
f472c762-6a3e-42dd-a48b-ac40ee8b9f8f,0.1000338652852247,0.09888588
f472c762-6a3e-42dd-a48b-ac40ee8b9f8f,0.1000338652852247,0.09888588
f472c762-6a3e-42dd-a48b-ac40ee8b9f8f,0.1000338652852247,0.09888588
f472c762-6a3e-42dd-a48b-ac40ee8b9f8f,0.1000338652852247,0.09888588
f472c762-6a3e-42dd-a48b-ac40ee8b9f8f,0.1000338652852247,0.09888588
f472c762-6a3e-42dd-a48b-ac40ee8b9f8f,0.1000338652852247,0.09888588
f472c762-6a3e-42dd-a48b-ac40ee8b9f8f,0.1000338652852247,0.09888588
f472c762-6a3e-42dd-a48b-ac40ee8b9f8f,0.1000338652852247,0.09888588
f472c762-6a3e-42dd-a48b-ac40ee8b9f8f,0.1000338652852247,0.09888588
f472c762-6a3e-42dd-a48b-ac40ee8b9f8f,0.1000338652852247,0.09888588
f472c762-6a3e-42dd-a48b-ac40ee8b9f8f,0.1000338652852247,0.09888588
f472c762-6a3e-42dd-a48b-ac40ee8b9f8f,0.1000338652852247,0.09888588
dcb4f54d-1eb3-4a29-92fb-b1f114da79ed,0.0513777655997081,0.052012447
dcb4f54d-1eb3-4a29-92fb-b1f114da79ed,0.0513777655997081,0.052012447
dcb4f54d-1eb3-4a29-92fb-b1f114da79ed,0.0513777655997081,0.052012447
dcb4f54d-1eb3-4a29-92fb-b1f114da79ed,0.0513777655997081,0.052012447
dcb4f54d-1eb3-4a29-92fb-b1f114da79ed,0.0513777655997081,0.052012447
dcb4f54d-1eb3-4a29-92fb-b1f114da79ed,0.0513777655997081,0.052012447
dcb4f54d-1eb3-4a29-92fb-b1f114da79ed,0.0513777655997081,0.052012447
dcb4f54d-1eb3-4a29-92fb-b1f114da79ed,0.0513777655997081,0.052012447
dcb4f54d-1eb3-4a29-92fb-b1f114da79ed,0.0513777655997081,0.052012447
dcb4f54d-1eb3-4a29-92fb-b1f114da79ed,0.0513777655997081,0.052012447
dcb4f54d-1eb3-4a29-92fb-b1f114da79ed,0.0513777655997081,0.052012447
dcb4f54d-1eb3-4a29-92fb-b1f114da79ed,0.0513777655997081,0.052012447
dcb4f54d-1eb3-4a29-92fb-b1f114da79ed,0.0513777655997081,0.052012447
dcb4f54d-1eb3-4a29-92fb-b1f114da79ed,0.0513777655997081,0.052012447
dcb4f54d-1eb3-4a29-92fb-b1f114da79ed,0.0513777655997081,0.052012447
dcb4f54d-1eb3-4a29-92fb-b1f114da79ed,0.0513777655997081,0.052012447
dcb4f54d-1eb3-4a29-92fb-b1f114da79ed,0.0513777655997081,0.052012447
dcb4f54d-1eb3-4a29-92fb-b1f114da79ed,0.0513777655997081,0.052012447
dcb4f54d-1eb3-4a29-92fb-b1f114da79ed,0.0513777655997081,0.052012447
dcb4f54d-1eb3-4a29-92fb-b1f114da79ed,0.0513777655997081,0.052012447
dcb4f54d-1eb3-4a29-92fb-b1f114da79ed,0.0513777655997081,0.052012447
dcb4f54d-1eb3-4a29-92fb-b1f114da79ed,0.0513777655997081,0.052012447
dcb4f54d-1eb3-4a29-92fb-b1f114da79ed,0.0513777655997081,0.052012447
dcb4f54d-1eb3-4a29-92fb-b1f114da79ed,0.0513777655997081,0.052012447
dcb4f54d-1eb3-4a29-92fb-b1f114da79ed,0.0513777655997081,0.052012447
dcb4f54d-1eb3-4a29-92fb-b1f114da79ed,0.0513777655997081,0.052012447
dcb4f54d-1eb3-4a29-92fb-b1f114da79ed,0.0513777655997081,0.052012447
16735f63-3353-474c-b570-1879cb470e08,0.0375400001889514,0.037267
16735f63-3353-474c-b570-1879cb470e08,0.0375400001889514,0.037267
16735f63-3353-474c-b570-1879cb470e08,0.0375400001889514,0.037267
16735f63-3353-474c-b570-1879cb470e08,0.0375400001889514,0.037267
16735f63-3353-474c-b570-1879cb470e08,0.0375400001889514,0.037267
16735f63-3353-474c-b570-1879cb470e08,0.0375400001889514,0.037267
16735f63-3353-474c-b570-1879cb470e08,0.0375400001889514,0.037267
16735f63-3353-474c-b570-1879cb470e08,0.0375400001889514,0.037267
16735f63-3353-474c-b570-1879cb470e08,0.0375400001889514,0.037267
16735f63-3353-474c-b570-1879cb470e08,0.0375400001889514,0.037267
16735f63-3353-474c-b570-1879cb470e08,0.0375400001889514,0.037267
16735f63-3353-474c-b570-1879cb470e08,0.0375400001889514,0.037267
16735f63-3353-474c-b570-1879cb470e08,0.0375400001889514,0.037267
16735f63-3353-474c-b570-1879cb470e08,0.0375400001889514,0.037267
16735f63-3353-474c-b570-1879cb470e08,0.0375400001889514,0.037267
7c128c3c-afd3-491d-b4c0-a03326a22c28,0.028915303243105,0.030187419
7c128c3c-afd3-491d-b4c0-a03326a22c28,0.028915303243105,0.030187419
7c128c3c-afd3-491d-b4c0-a03326a22c28,0.028915303243105,0.030187419
7c128c3c-afd3-491d-b4c0-a03326a22c28,0.028915303243105,0.030187419
7c128c3c-afd3-491d-b4c0-a03326a22c28,0.028915303243105,0.030187419
7c128c3c-afd3-491d-b4c0-a03326a22c28,0.028915303243105,0.030187419
7c128c3c-afd3-491d-b4c0-a03326a22c28,0.028915303243105,0.030187419
7c128c3c-afd3-491d-b4c0-a03326a22c28,0.028915303243105,0.030187419
7c128c3c-afd3-491d-b4c0-a03326a22c28,0.028915303243105,0.030187419
7c128c3c-afd3-491d-b4c0-a03326a22c28,0.028915303243105,0.030187419
7c128c3c-afd3-491d-b4c0-a03326a22c28,0.028915303243105,0.030187419
7c128c3c-afd3-491d-b4c0-a03326a22c28,0.028915303243105,0.030187419
7c128c3c-afd3-491d-b4c0-a03326a22c28,0.028915303243105,0.030187419
7c128c3c-afd3-491d-b4c0-a03326a22c28,0.028915303243105,0.030187419
7c128c3c-afd3-491d-b4c0-a03326a22c28,0.028915303243105,0.030187419
7c128c3c-afd3-491d-b4c0-a03326a22c28,0.028915303243105,0.030187419
7c128c3c-afd3-491d-b4c0-a03326a22c28,0.028915303243105,0.030187419
7c128c3c-afd3-491d-b4c0-a03326a22c28,0.028915303243105,0.030187419
7c128c3c-afd3-491d-b4c0-a03326a22c28,0.028915303243105,0.030187419
7c128c3c-afd3-491d-b4c0-a03326a22c28,0.028915303243105,0.030187419
7c128c3c-afd3-491d-b4c0-a03326a22c28,0.028915303243105,0.030187419
7c128c3c-afd3-491d-b4c0-a03326a22c28,0.028915303243105,0.030187419
7c128c3c-afd3-491d-b4c0-a03326a22c28,0.028915303243105,0.030187419
7c128c3c-afd3-491d-b4c0-a03326a22c28,0.028915303243105,0.030187419
432730cc-9e64-472a-a10b-1d6362b78ff5,0.040196205271746,0.039078694
432730cc-9e64-472a-a10b-1d6362b78ff5,0.040196205271746,0.039078694
432730cc-9e64-472a-a10b-1d6362b78ff5,0.040196205271746,0.039078694
432730cc-9e64-472a-a10b-1d6362b78ff5,0.040196205271746,0.039078694
432730cc-9e64-472a-a10b-1d6362b78ff5,0.040196205271746,0.039078694
432730cc-9e64-472a-a10b-1d6362b78ff5,0.040196205271746,0.039078694
432730cc-9e64-472a-a10b-1d6362b78ff5,0.040196205271746,0.039078694
432730cc-9e64-472a-a10b-1d6362b78ff5,0.040196205271746,0.039078694
432730cc-9e64-472a-a10b-1d6362b78ff5,0.040196205271746,0.039078694
432730cc-9e64-472a-a10b-1d6362b78ff5,0.040196205271746,0.039078694
432730cc-9e64-472a-a10b-1d6362b78ff5,0.040196205271746,0.039078694
432730cc-9e64-472a-a10b-1d6362b78ff5,0.040196205271746,0.039078694
432730cc-9e64-472a-a10b-1d6362b78ff5,0.040196205271746,0.039078694
432730cc-9e64-472a-a10b-1d6362b78ff5,0.040196205271746,0.039078694
432730cc-9e64-472a-a10b-1d6362b78ff5,0.040196205271746,0.039078694
432730cc-9e64-472a-a10b-1d6362b78ff5,0.040196205271746,0.039078694
432730cc-9e64-472a-a10b-1d6362b78ff5,0.040196205271746,0.039078694
432730cc-9e64-472a-a10b-1d6362b78ff5,0.040196205271746,0.039078694
432730cc-9e64-472a-a10b-1d6362b78ff5,0.040196205271746,0.039078694
432730cc-9e64-472a-a10b-1d6362b78ff5,0.040196205271746,0.039078694
432730cc-9e64-472a-a10b-1d6362b78ff5,0.040196205271746,0.039078694
3a59213c-8241-489a-8d66-c169712cbeea,0.0372738680025191,0.039836466
3a59213c-8241-489a-8d66-c169712cbeea,0.0372738680025191,0.039836466
3a59213c-8241-489a-8d66-c169712cbeea,0.0372738680025191,0.039836466
3a59213c-8241-489a-8d66-c169712cbeea,0.0372738680025191,0.039836466
3a59213c-8241-489a-8d66-c169712cbeea,0.0372738680025191,0.039836466
3a59213c-8241-489a-8d66-c169712cbeea,0.0372738680025191,0.039836466
3a59213c-8241-489a-8d66-c169712cbeea,0.0372738680025191,0.039836466
3a59213c-8241-489a-8d66-c169712cbeea,0.0372738680025191,0.039836466
3a59213c-8241-489a-8d66-c169712cbeea,0.0372738680025191,0.039836466
3a59213c-8241-489a-8d66-c169712cbeea,0.0372738680025191,0.039836466
3a59213c-8241-489a-8d66-c169712cbeea,0.0372738680025191,0.039836466
3a59213c-8241-489a-8d66-c169712cbeea,0.0372738680025191,0.039836466
3a59213c-8241-489a-8d66-c169712cbeea,0.0372738680025191,0.039836466
3a59213c-8241-489a-8d66-c169712cbeea,0.0372738680025191,0.039836466
3a59213c-8241-489a-8d66-c169712cbeea,0.0372738680025191,0.039836466
3a59213c-8241-489a-8d66-c169712cbeea,0.0372738680025191,0.039836466
3a59213c-8241-489a-8d66-c169712cbeea,0.0372738680025191,0.039836466
3a59213c-8241-489a-8d66-c169712cbeea,0.0372738680025191,0.039836466
3a59213c-8241-489a-8d66-c169712cbeea,0.0372738680025191,0.039836466
3a59213c-8241-489a-8d66-c169712cbeea,0.0372738680025191,0.039836466
3a59213c-8241-489a-8d66-c169712cbeea,0.0372738680025191,0.039836466
3a59213c-8241-489a-8d66-c169712cbeea,0.0372738680025191,0.039836466
3a59213c-8241-489a-8d66-c169712cbeea,0.0372738680025191,0.039836466
3a59213c-8241-489a-8d66-c169712cbeea,0.0372738680025191,0.039836466
3a59213c-8241-489a-8d66-c169712cbeea,0.0372738680025191,0.039836466
3a59213c-8241-489a-8d66-c169712cbeea,0.0372738680025191,0.039836466
9d3cd4e8-6a56-44ca-b1cf-0737203dbea3,0.0318871888051168,0.03211323
9d3cd4e8-6a56-44ca-b1cf-0737203dbea3,0.0318871888051168,0.03211323
9d3cd4e8-6a56-44ca-b1cf-0737203dbea3,0.0318871888051168,0.03211323
9d3cd4e8-6a56-44ca-b1cf-0737203dbea3,0.0318871888051168,0.03211323
9d3cd4e8-6a56-44ca-b1cf-0737203dbea3,0.0318871888051168,0.03211323
9d3cd4e8-6a56-44ca-b1cf-0737203dbea3,0.0318871888051168,0.03211323
9d3cd4e8-6a56-44ca-b1cf-0737203dbea3,0.0318871888051168,0.03211323
9d3cd4e8-6a56-44ca-b1cf-0737203dbea3,0.0318871888051168,0.03211323
9d3cd4e8-6a56-44ca-b1cf-0737203dbea3,0.0318871888051168,0.03211323
9d3cd4e8-6a56-44ca-b1cf-0737203dbea3,0.0318871888051168,0.03211323
9d3cd4e8-6a56-44ca-b1cf-0737203dbea3,0.0318871888051168,0.03211323
9d3cd4e8-6a56-44ca-b1cf-0737203dbea3,0.0318871888051168,0.03211323
9d3cd4e8-6a56-44ca-b1cf-0737203dbea3,0.0318871888051168,0.03211323
9d3cd4e8-6a56-44ca-b1cf-0737203dbea3,0.0318871888051168,0.03211323
9d3cd4e8-6a56-44ca-b1cf-0737203dbea3,0.0318871888051168,0.03211323
9d3cd4e8-6a56-44ca-b1cf-0737203dbea3,0.0318871888051168,0.03211323
9d3cd4e8-6a56-44ca-b1cf-0737203dbea3,0.0318871888051168,0.03211323
9d3cd4e8-6a56-44ca-b1cf-0737203dbea3,0.0318871888051168,0.03211323
9d3cd4e8-6a56-44ca-b1cf-0737203dbea3,0.0318871888051168,0.03211323
9d3cd4e8-6a56-44ca-b1cf-0737203dbea3,0.0318871888051168,0.03211323
9d3cd4e8-6a56-44ca-b1cf-0737203dbea3,0.0318871888051168,0.03211323
9d3cd4e8-6a56-44ca-b1cf-0737203dbea3,0.0318871888051168,0.03211323
9d3cd4e8-6a56-44ca-b1cf-0737203dbea3,0.0318871888051168,0.03211323
9d3cd4e8-6a56-44ca-b1cf-0737203dbea3,0.0318871888051168,0.03211323
9d3cd4e8-6a56-44ca-b1cf-0737203dbea3,0.0318871888051168,0.03211323
9d3cd4e8-6a56-44ca-b1cf-0737203dbea3,0.0318871888051168,0.03211323
9d3cd4e8-6a56-44ca-b1cf-0737203dbea3,0.0318871888051168,0.03211323
9d3cd4e8-6a56-44ca-b1cf-0737203dbea3,0.0318871888051168,0.03211323
9d3cd4e8-6a56-44ca-b1cf-0737203dbea3,0.0318871888051168,0.03211323
9d3cd4e8-6a56-44ca-b1cf-0737203dbea3,0.0318871888051168,0.03211323
16cce27e-47cd-436b-9da2-09bb413ae128,0.0255754140218979,0.02796935
16cce27e-47cd-436b-9da2-09bb413ae128,0.0255754140218979,0.02796935
16cce27e-47cd-436b-9da2-09bb413ae128,0.0255754140218979,0.02796935
16cce27e-47cd-436b-9da2-09bb413ae128,0.0255754140218979,0.02796935
16cce27e-47cd-436b-9da2-09bb413ae128,0.0255754140218979,0.02796935
16cce27e-47cd-436b-9da2-09bb413ae128,0.0255754140218979,0.02796935
16cce27e-47cd-436b-9da2-09bb413ae128,0.0255754140218979,0.02796935
16cce27e-47cd-436b-9da2-09bb413ae128,0.0255754140218979,0.02796935
16cce27e-47cd-436b-9da2-09bb413ae128,0.0255754140218979,0.02796935
16cce27e-47cd-436b-9da2-09bb413ae128,0.0255754140218979,0.02796935
16cce27e-47cd-436b-9da2-09bb413ae128,0.0255754140218979,0.02796935
16cce27e-47cd-436b-9da2-09bb413ae128,0.0255754140218979,0.02796935
16cce27e-47cd-436b-9da2-09bb413ae128,0.0255754140218979,0.02796935
16cce27e-47cd-436b-9da2-09bb413ae128,0.0255754140218979,0.02796935
16cce27e-47cd-436b-9da2-09bb413ae128,0.0255754140218979,0.02796935
0ce31693-d789-498d-8ccb-e7a221fd1a73,0.0265101231581456,0.026408644
0ce31693-d789-498d-8ccb-e7a221fd1a73,0.0265101231581456,0.026408644
0ce31693-d789-498d-8ccb-e7a221fd1a73,0.0265101231581456,0.026408644
0ce31693-d789-498d-8ccb-e7a221fd1a73,0.0265101231581456,0.026408644
0ce31693-d789-498d-8ccb-e7a221fd1a73,0.0265101231581456,0.026408644
0ce31693-d789-498d-8ccb-e7a221fd1a73,0.0265101231581456,0.026408644
0ce31693-d789-498d-8ccb-e7a221fd1a73,0.0265101231581456,0.026408644
0ce31693-d789-498d-8ccb-e7a221fd1a73,0.0265101231581456,0.026408644
0ce31693-d789-498d-8ccb-e7a221fd1a73,0.0265101231581456,0.026408644
0ce31693-d789-498d-8ccb-e7a221fd1a73,0.0265101231581456,0.026408644
0ce31693-d789-498d-8ccb-e7a221fd1a73,0.0265101231581456,0.026408644
0ce31693-d789-498d-8ccb-e7a221fd1a73,0.0265101231581456,0.026408644
0ce31693-d789-498d-8ccb-e7a221fd1a73,0.0265101231581456,0.026408644
0ce31693-d789-498d-8ccb-e7a221fd1a73,0.0265101231581456,0.026408644
0ce31693-d789-498d-8ccb-e7a221fd1a73,0.0265101231581456,0.026408644
0ce31693-d789-498d-8ccb-e7a221fd1a73,0.0265101231581456,0.026408644
0ce31693-d789-498d-8ccb-e7a221fd1a73,0.0265101231581456,0.026408644
0ce31693-d789-498d-8ccb-e7a221fd1a73,0.0265101231581456,0.026408644
0ce31693-d789-498d-8ccb-e7a221fd1a73,0.0265101231581456,0.026408644
0ce31693-d789-498d-8ccb-e7a221fd1a73,0.0265101231581456,0.026408644
0ce31693-d789-498d-8ccb-e7a221fd1a73,0.0265101231581456,0.026408644
0ce31693-d789-498d-8ccb-e7a221fd1a73,0.0265101231581456,0.026408644
0ce31693-d789-498d-8ccb-e7a221fd1a73,0.0265101231581456,0.026408644
0ce31693-d789-498d-8ccb-e7a221fd1a73,0.0265101231581456,0.026408644
0ce31693-d789-498d-8ccb-e7a221fd1a73,0.0265101231581456,0.026408644
0ce31693-d789-498d-8ccb-e7a221fd1a73,0.0265101231581456,0.026408644
0ce31693-d789-498d-8ccb-e7a221fd1a73,0.0265101231581456,0.026408644
0ce31693-d789-498d-8ccb-e7a221fd1a73,0.0265101231581456,0.026408644
0ce31693-d789-498d-8ccb-e7a221fd1a73,0.0265101231581456,0.026408644
3b4b3cac-d996-4ec5-8628-333c762738f0,0.0344228090355873,0.03304197
3b4b3cac-d996-4ec5-8628-333c762738f0,0.0344228090355873,0.03304197
3b4b3cac-d996-4ec5-8628-333c762738f0,0.0344228090355873,0.03304197
3b4b3cac-d996-4ec5-8628-333c762738f0,0.0344228090355873,0.03304197
3b4b3cac-d996-4ec5-8628-333c762738f0,0.0344228090355873,0.03304197
3b4b3cac-d996-4ec5-8628-333c762738f0,0.0344228090355873,0.03304197
3b4b3cac-d996-4ec5-8628-333c762738f0,0.0344228090355873,0.03304197
3b4b3cac-d996-4ec5-8628-333c762738f0,0.0344228090355873,0.03304197
3b4b3cac-d996-4ec5-8628-333c762738f0,0.0344228090355873,0.03304197
3b4b3cac-d996-4ec5-8628-333c762738f0,0.0344228090355873,0.03304197
3b4b3cac-d996-4ec5-8628-333c762738f0,0.0344228090355873,0.03304197
3b4b3cac-d996-4ec5-8628-333c762738f0,0.0344228090355873,0.03304197
3b4b3cac-d996-4ec5-8628-333c762738f0,0.0344228090355873,0.03304197
3b4b3cac-d996-4ec5-8628-333c762738f0,0.0344228090355873,0.03304197
3b4b3cac-d996-4ec5-8628-333c762738f0,0.0344228090355873,0.03304197
3b4b3cac-d996-4ec5-8628-333c762738f0,0.0344228090355873,0.03304197
3b4b3cac-d996-4ec5-8628-333c762738f0,0.0344228090355873,0.03304197
3b4b3cac-d996-4ec5-8628-333c762738f0,0.0344228090355873,0.03304197
3b4b3cac-d996-4ec5-8628-333c762738f0,0.0344228090355873,0.03304197
3b4b3cac-d996-4ec5-8628-333c762738f0,0.0344228090355873,0.03304197
3b4b3cac-d996-4ec5-8628-333c762738f0,0.0344228090355873,0.03304197
3b4b3cac-d996-4ec5-8628-333c762738f0,0.0344228090355873,0.03304197
3b4b3cac-d996-4ec5-8628-333c762738f0,0.0344228090355873,0.03304197
3b4b3cac-d996-4ec5-8628-333c762738f0,0.0344228090355873,0.03304197
3b4b3cac-d996-4ec5-8628-333c762738f0,0.0344228090355873,0.03304197
cf640d4c-b2d8-41f4-9b73-b83807951dac,0.045471413198075,0.045742597
cf640d4c-b2d8-41f4-9b73-b83807951dac,0.045471413198075,0.045742597
cf640d4c-b2d8-41f4-9b73-b83807951dac,0.045471413198075,0.045742597
cf640d4c-b2d8-41f4-9b73-b83807951dac,0.045471413198075,0.045742597
cf640d4c-b2d8-41f4-9b73-b83807951dac,0.045471413198075,0.045742597
cf640d4c-b2d8-41f4-9b73-b83807951dac,0.045471413198075,0.045742597
cf640d4c-b2d8-41f4-9b73-b83807951dac,0.045471413198075,0.045742597
cf640d4c-b2d8-41f4-9b73-b83807951dac,0.045471413198075,0.045742597
cf640d4c-b2d8-41f4-9b73-b83807951dac,0.045471413198075,0.045742597
cf640d4c-b2d8-41f4-9b73-b83807951dac,0.045471413198075,0.045742597
cf640d4c-b2d8-41f4-9b73-b83807951dac,0.045471413198075,0.045742597
cf640d4c-b2d8-41f4-9b73-b83807951dac,0.045471413198075,0.045742597
cf640d4c-b2d8-41f4-9b73-b83807951dac,0.045471413198075,0.045742597
cf640d4c-b2d8-41f4-9b73-b83807951dac,0.045471413198075,0.045742597
cf640d4c-b2d8-41f4-9b73-b83807951dac,0.045471413198075,0.045742597
cf640d4c-b2d8-41f4-9b73-b83807951dac,0.045471413198075,0.045742597
cf640d4c-b2d8-41f4-9b73-b83807951dac,0.045471413198075,0.045742597
cf640d4c-b2d8-41f4-9b73-b83807951dac,0.045471413198075,0.045742597
cf640d4c-b2d8-41f4-9b73-b83807951dac,0.045471413198075,0.045742597
cf640d4c-b2d8-41f4-9b73-b83807951dac,0.045471413198075,0.045742597
cf640d4c-b2d8-41f4-9b73-b83807951dac,0.045471413198075,0.045742597
cf640d4c-b2d8-41f4-9b73-b83807951dac,0.045471413198075,0.045742597
cf640d4c-b2d8-41f4-9b73-b83807951dac,0.045471413198075,0.045742597
e75eb2ce-afff-422a-a10d-660efeabd17c,0.0528946328180027,0.056295794
e75eb2ce-afff-422a-a10d-660efeabd17c,0.0528946328180027,0.056295794
e75eb2ce-afff-422a-a10d-660efeabd17c,0.0528946328180027,0.056295794
e75eb2ce-afff-422a-a10d-660efeabd17c,0.0528946328180027,0.056295794
e75eb2ce-afff-422a-a10d-660efeabd17c,0.0528946328180027,0.056295794
e75eb2ce-afff-422a-a10d-660efeabd17c,0.0528946328180027,0.056295794
e75eb2ce-afff-422a-a10d-660efeabd17c,0.0528946328180027,0.056295794
e75eb2ce-afff-422a-a10d-660efeabd17c,0.0528946328180027,0.056295794
e75eb2ce-afff-422a-a10d-660efeabd17c,0.0528946328180027,0.056295794
e75eb2ce-afff-422a-a10d-660efeabd17c,0.0528946328180027,0.056295794
e75eb2ce-afff-422a-a10d-660efeabd17c,0.0528946328180027,0.056295794
e75eb2ce-afff-422a-a10d-660efeabd17c,0.0528946328180027,0.056295794
e75eb2ce-afff-422a-a10d-660efeabd17c,0.0528946328180027,0.056295794
e75eb2ce-afff-422a-a10d-660efeabd17c,0.0528946328180027,0.056295794
e75eb2ce-afff-422a-a10d-660efeabd17c,0.0528946328180027,0.056295794
e75eb2ce-afff-422a-a10d-660efeabd17c,0.0528946328180027,0.056295794
e75eb2ce-afff-422a-a10d-660efeabd17c,0.0528946328180027,0.056295794
901df46e-cd0e-4c4e-b50a-94881707040a,0.0519985722691479,0.051594302
901df46e-cd0e-4c4e-b50a-94881707040a,0.0519985722691479,0.051594302
901df46e-cd0e-4c4e-b50a-94881707040a,0.0519985722691479,0.051594302
901df46e-cd0e-4c4e-b50a-94881707040a,0.0519985722691479,0.051594302
901df46e-cd0e-4c4e-b50a-94881707040a,0.0519985722691479,0.051594302
901df46e-cd0e-4c4e-b50a-94881707040a,0.0519985722691479,0.051594302
901df46e-cd0e-4c4e-b50a-94881707040a,0.0519985722691479,0.051594302
901df46e-cd0e-4c4e-b50a-94881707040a,0.0519985722691479,0.051594302
901df46e-cd0e-4c4e-b50a-94881707040a,0.0519985722691479,0.051594302
901df46e-cd0e-4c4e-b50a-94881707040a,0.0519985722691479,0.051594302
901df46e-cd0e-4c4e-b50a-94881707040a,0.0519985722691479,0.051594302
901df46e-cd0e-4c4e-b50a-94881707040a,0.0519985722691479,0.051594302
901df46e-cd0e-4c4e-b50a-94881707040a,0.0519985722691479,0.051594302
901df46e-cd0e-4c4e-b50a-94881707040a,0.0519985722691479,0.051594302
901df46e-cd0e-4c4e-b50a-94881707040a,0.0519985722691479,0.051594302
901df46e-cd0e-4c4e-b50a-94881707040a,0.0519985722691479,0.051594302
901df46e-cd0e-4c4e-b50a-94881707040a,0.0519985722691479,0.051594302
901df46e-cd0e-4c4e-b50a-94881707040a,0.0519985722691479,0.051594302
901df46e-cd0e-4c4e-b50a-94881707040a,0.0519985722691479,0.051594302
901df46e-cd0e-4c4e-b50a-94881707040a,0.0519985722691479,0.051594302
901df46e-cd0e-4c4e-b50a-94881707040a,0.0519985722691479,0.051594302
901df46e-cd0e-4c4e-b50a-94881707040a,0.0519985722691479,0.051594302
901df46e-cd0e-4c4e-b50a-94881707040a,0.0519985722691479,0.051594302
901df46e-cd0e-4c4e-b50a-94881707040a,0.0519985722691479,0.051594302
901df46e-cd0e-4c4e-b50a-94881707040a,0.0519985722691479,0.051594302
901df46e-cd0e-4c4e-b50a-94881707040a,0.0519985722691479,0.051594302
901df46e-cd0e-4c4e-b50a-94881707040a,0.0519985722691479,0.051594302
98495c27-3234-4507-9025-91343ed6c7da,0.4471598679491609,0.4434628
98495c27-3234-4507-9025-91343ed6c7da,0.4471598679491609,0.4434628
98495c27-3234-4507-9025-91343ed6c7da,0.4471598679491609,0.4434628
98495c27-3234-4507-9025-91343ed6c7da,0.4471598679491609,0.4434628
98495c27-3234-4507-9025-91343ed6c7da,0.4471598679491609,0.4434628
98495c27-3234-4507-9025-91343ed6c7da,0.4471598679491609,0.4434628
98495c27-3234-4507-9025-91343ed6c7da,0.4471598679491609,0.4434628
98495c27-3234-4507-9025-91343ed6c7da,0.4471598679491609,0.4434628
98495c27-3234-4507-9025-91343ed6c7da,0.4471598679491609,0.4434628
98495c27-3234-4507-9025-91343ed6c7da,0.4471598679491609,0.4434628
98495c27-3234-4507-9025-91343ed6c7da,0.4471598679491609,0.4434628
98495c27-3234-4507-9025-91343ed6c7da,0.4471598679491609,0.4434628
98495c27-3234-4507-9025-91343ed6c7da,0.4471598679491609,0.4434628
98495c27-3234-4507-9025-91343ed6c7da,0.4471598679491609,0.4434628
98495c27-3234-4507-9025-91343ed6c7da,0.4471598679491609,0.4434628
98495c27-3234-4507-9025-91343ed6c7da,0.4471598679491609,0.4434628
98495c27-3234-4507-9025-91343ed6c7da,0.4471598679491609,0.4434628
98495c27-3234-4507-9025-91343ed6c7da,0.4471598679491609,0.4434628
98495c27-3234-4507-9025-91343ed6c7da,0.4471598679491609,0.4434628
98495c27-3234-4507-9025-91343ed6c7da,0.4471598679491609,0.4434628
98495c27-3234-4507-9025-91343ed6c7da,0.4471598679491609,0.4434628
98495c27-3234-4507-9025-91343ed6c7da,0.4471598679491609,0.4434628
98495c27-3234-4507-9025-91343ed6c7da,0.4471598679491609,0.4434628
98495c27-3234-4507-9025-91343ed6c7da,0.4471598679491609,0.4434628
26a47a1d-6320-4294-b936-b8431c8951af,0.0232531242020448,0.02282235
26a47a1d-6320-4294-b936-b8431c8951af,0.0232531242020448,0.02282235
26a47a1d-6320-4294-b936-b8431c8951af,0.0232531242020448,0.02282235
26a47a1d-6320-4294-b936-b8431c8951af,0.0232531242020448,0.02282235
26a47a1d-6320-4294-b936-b8431c8951af,0.0232531242020448,0.02282235
26a47a1d-6320-4294-b936-b8431c8951af,0.0232531242020448,0.02282235
26a47a1d-6320-4294-b936-b8431c8951af,0.0232531242020448,0.02282235
26a47a1d-6320-4294-b936-b8431c8951af,0.0232531242020448,0.02282235
26a47a1d-6320-4294-b936-b8431c8951af,0.0232531242020448,0.02282235
26a47a1d-6320-4294-b936-b8431c8951af,0.0232531242020448,0.02282235
26a47a1d-6320-4294-b936-b8431c8951af,0.0232531242020448,0.02282235
26a47a1d-6320-4294-b936-b8431c8951af,0.0232531242020448,0.02282235
26a47a1d-6320-4294-b936-b8431c8951af,0.0232531242020448,0.02282235
26a47a1d-6320-4294-b936-b8431c8951af,0.0232531242020448,0.02282235
26a47a1d-6320-4294-b936-b8431c8951af,0.0232531242020448,0.02282235
26a47a1d-6320-4294-b936-b8431c8951af,0.0232531242020448,0.02282235
26a47a1d-6320-4294-b936-b8431c8951af,0.0232531242020448,0.02282235
4d5457fd-9c98-4f4d-a635-34e3c7282a8c,0.0386176300762661,0.036705106
4d5457fd-9c98-4f4d-a635-34e3c7282a8c,0.0386176300762661,0.036705106
4d5457fd-9c98-4f4d-a635-34e3c7282a8c,0.0386176300762661,0.036705106
4d5457fd-9c98-4f4d-a635-34e3c7282a8c,0.0386176300762661,0.036705106
4d5457fd-9c98-4f4d-a635-34e3c7282a8c,0.0386176300762661,0.036705106
4d5457fd-9c98-4f4d-a635-34e3c7282a8c,0.0386176300762661,0.036705106
4d5457fd-9c98-4f4d-a635-34e3c7282a8c,0.0386176300762661,0.036705106
4d5457fd-9c98-4f4d-a635-34e3c7282a8c,0.0386176300762661,0.036705106
4d5457fd-9c98-4f4d-a635-34e3c7282a8c,0.0386176300762661,0.036705106
4d5457fd-9c98-4f4d-a635-34e3c7282a8c,0.0386176300762661,0.036705106
4d5457fd-9c98-4f4d-a635-34e3c7282a8c,0.0386176300762661,0.036705106
4d5457fd-9c98-4f4d-a635-34e3c7282a8c,0.0386176300762661,0.036705106
4d5457fd-9c98-4f4d-a635-34e3c7282a8c,0.0386176300762661,0.036705106
4d5457fd-9c98-4f4d-a635-34e3c7282a8c,0.0386176300762661,0.036705106
4d5457fd-9c98-4f4d-a635-34e3c7282a8c,0.0386176300762661,0.036705106
4d5457fd-9c98-4f4d-a635-34e3c7282a8c,0.0386176300762661,0.036705106
4d5457fd-9c98-4f4d-a635-34e3c7282a8c,0.0386176300762661,0.036705106
4d5457fd-9c98-4f4d-a635-34e3c7282a8c,0.0386176300762661,0.036705106
4d5457fd-9c98-4f4d-a635-34e3c7282a8c,0.0386176300762661,0.036705106
4d5457fd-9c98-4f4d-a635-34e3c7282a8c,0.0386176300762661,0.036705106
4d5457fd-9c98-4f4d-a635-34e3c7282a8c,0.0386176300762661,0.036705106
4d5457fd-9c98-4f4d-a635-34e3c7282a8c,0.0386176300762661,0.036705106
4d5457fd-9c98-4f4d-a635-34e3c7282a8c,0.0386176300762661,0.036705106
08a4d736-18af-40a6-ae1e-a72c849e43fa,0.0214895219670646,0.023857534
08a4d736-18af-40a6-ae1e-a72c849e43fa,0.0214895219670646,0.023857534
08a4d736-18af-40a6-ae1e-a72c849e43fa,0.0214895219670646,0.023857534
08a4d736-18af-40a6-ae1e-a72c849e43fa,0.0214895219670646,0.023857534
08a4d736-18af-40a6-ae1e-a72c849e43fa,0.0214895219670646,0.023857534
08a4d736-18af-40a6-ae1e-a72c849e43fa,0.0214895219670646,0.023857534
08a4d736-18af-40a6-ae1e-a72c849e43fa,0.0214895219670646,0.023857534
08a4d736-18af-40a6-ae1e-a72c849e43fa,0.0214895219670646,0.023857534
08a4d736-18af-40a6-ae1e-a72c849e43fa,0.0214895219670646,0.023857534
08a4d736-18af-40a6-ae1e-a72c849e43fa,0.0214895219670646,0.023857534
08a4d736-18af-40a6-ae1e-a72c849e43fa,0.0214895219670646,0.023857534
08a4d736-18af-40a6-ae1e-a72c849e43fa,0.0214895219670646,0.023857534
08a4d736-18af-40a6-ae1e-a72c849e43fa,0.0214895219670646,0.023857534
08a4d736-18af-40a6-ae1e-a72c849e43fa,0.0214895219670646,0.023857534
08a4d736-18af-40a6-ae1e-a72c849e43fa,0.0214895219670646,0.023857534
08a4d736-18af-40a6-ae1e-a72c849e43fa,0.0214895219670646,0.023857534
08a4d736-18af-40a6-ae1e-a72c849e43fa,0.0214895219670646,0.023857534
08a4d736-18af-40a6-ae1e-a72c849e43fa,0.0214895219670646,0.023857534
61740ad0-1fd7-49cb-b577-a7b00d8d4a53,0.0258843277866936,0.026858468
61740ad0-1fd7-49cb-b577-a7b00d8d4a53,0.0258843277866936,0.026858468
61740ad0-1fd7-49cb-b577-a7b00d8d4a53,0.0258843277866936,0.026858468
61740ad0-1fd7-49cb-b577-a7b00d8d4a53,0.0258843277866936,0.026858468
61740ad0-1fd7-49cb-b577-a7b00d8d4a53,0.0258843277866936,0.026858468
61740ad0-1fd7-49cb-b577-a7b00d8d4a53,0.0258843277866936,0.026858468
61740ad0-1fd7-49cb-b577-a7b00d8d4a53,0.0258843277866936,0.026858468
61740ad0-1fd7-49cb-b577-a7b00d8d4a53,0.0258843277866936,0.026858468
61740ad0-1fd7-49cb-b577-a7b00d8d4a53,0.0258843277866936,0.026858468
61740ad0-1fd7-49cb-b577-a7b00d8d4a53,0.0258843277866936,0.026858468
61740ad0-1fd7-49cb-b577-a7b00d8d4a53,0.0258843277866936,0.026858468
61740ad0-1fd7-49cb-b577-a7b00d8d4a53,0.0258843277866936,0.026858468
61740ad0-1fd7-49cb-b577-a7b00d8d4a53,0.0258843277866936,0.026858468
61740ad0-1fd7-49cb-b577-a7b00d8d4a53,0.0258843277866936,0.026858468
61740ad0-1fd7-49cb-b577-a7b00d8d4a53,0.0258843277866936,0.026858468
7a2bf877-8f72-42f3-86f9-a4976e5936c7,0.0423168045228539,0.041064765
7a2bf877-8f72-42f3-86f9-a4976e5936c7,0.0423168045228539,0.041064765
7a2bf877-8f72-42f3-86f9-a4976e5936c7,0.0423168045228539,0.041064765
7a2bf877-8f72-42f3-86f9-a4976e5936c7,0.0423168045228539,0.041064765
7a2bf877-8f72-42f3-86f9-a4976e5936c7,0.0423168045228539,0.041064765
7a2bf877-8f72-42f3-86f9-a4976e5936c7,0.0423168045228539,0.041064765
7a2bf877-8f72-42f3-86f9-a4976e5936c7,0.0423168045228539,0.041064765
7a2bf877-8f72-42f3-86f9-a4976e5936c7,0.0423168045228539,0.041064765
7a2bf877-8f72-42f3-86f9-a4976e5936c7,0.0423168045228539,0.041064765
7a2bf877-8f72-42f3-86f9-a4976e5936c7,0.0423168045228539,0.041064765
7a2bf877-8f72-42f3-86f9-a4976e5936c7,0.0423168045228539,0.041064765
7a2bf877-8f72-42f3-86f9-a4976e5936c7,0.0423168045228539,0.041064765
7a2bf877-8f72-42f3-86f9-a4976e5936c7,0.0423168045228539,0.041064765
7a2bf877-8f72-42f3-86f9-a4976e5936c7,0.0423168045228539,0.041064765
7a2bf877-8f72-42f3-86f9-a4976e5936c7,0.0423168045228539,0.041064765
7a2bf877-8f72-42f3-86f9-a4976e5936c7,0.0423168045228539,0.041064765
7a2bf877-8f72-42f3-86f9-a4976e5936c7,0.0423168045228539,0.041064765
7a2bf877-8f72-42f3-86f9-a4976e5936c7,0.0423168045228539,0.041064765
7a2bf877-8f72-42f3-86f9-a4976e5936c7,0.0423168045228539,0.041064765
7a2bf877-8f72-42f3-86f9-a4976e5936c7,0.0423168045228539,0.041064765
7a2bf877-8f72-42f3-86f9-a4976e5936c7,0.0423168045228539,0.041064765
7a2bf877-8f72-42f3-86f9-a4976e5936c7,0.0423168045228539,0.041064765
7a2bf877-8f72-42f3-86f9-a4976e5936c7,0.0423168045228539,0.041064765
7a2bf877-8f72-42f3-86f9-a4976e5936c7,0.0423168045228539,0.041064765
7a2bf877-8f72-42f3-86f9-a4976e5936c7,0.0423168045228539,0.041064765
7a2bf877-8f72-42f3-86f9-a4976e5936c7,0.0423168045228539,0.041064765
7a2bf877-8f72-42f3-86f9-a4976e5936c7,0.0423168045228539,0.041064765
7a2bf877-8f72-42f3-86f9-a4976e5936c7,0.0423168045228539,0.041064765
7a2bf877-8f72-42f3-86f9-a4976e5936c7,0.0423168045228539,0.041064765
7a2bf877-8f72-42f3-86f9-a4976e5936c7,0.0423168045228539,0.041064765
52684ac6-dc2b-4e7d-8733-02c1a40967ca,0.0753329492225519,0.074945696
52684ac6-dc2b-4e7d-8733-02c1a40967ca,0.0753329492225519,0.074945696
52684ac6-dc2b-4e7d-8733-02c1a40967ca,0.0753329492225519,0.074945696
52684ac6-dc2b-4e7d-8733-02c1a40967ca,0.0753329492225519,0.074945696
52684ac6-dc2b-4e7d-8733-02c1a40967ca,0.0753329492225519,0.074945696
52684ac6-dc2b-4e7d-8733-02c1a40967ca,0.0753329492225519,0.074945696
52684ac6-dc2b-4e7d-8733-02c1a40967ca,0.0753329492225519,0.074945696
52684ac6-dc2b-4e7d-8733-02c1a40967ca,0.0753329492225519,0.074945696
52684ac6-dc2b-4e7d-8733-02c1a40967ca,0.0753329492225519,0.074945696
52684ac6-dc2b-4e7d-8733-02c1a40967ca,0.0753329492225519,0.074945696
52684ac6-dc2b-4e7d-8733-02c1a40967ca,0.0753329492225519,0.074945696
52684ac6-dc2b-4e7d-8733-02c1a40967ca,0.0753329492225519,0.074945696
52684ac6-dc2b-4e7d-8733-02c1a40967ca,0.0753329492225519,0.074945696
52684ac6-dc2b-4e7d-8733-02c1a40967ca,0.0753329492225519,0.074945696
52684ac6-dc2b-4e7d-8733-02c1a40967ca,0.0753329492225519,0.074945696
52684ac6-dc2b-4e7d-8733-02c1a40967ca,0.0753329492225519,0.074945696
52684ac6-dc2b-4e7d-8733-02c1a40967ca,0.0753329492225519,0.074945696
52684ac6-dc2b-4e7d-8733-02c1a40967ca,0.0753329492225519,0.074945696
52684ac6-dc2b-4e7d-8733-02c1a40967ca,0.0753329492225519,0.074945696
52684ac6-dc2b-4e7d-8733-02c1a40967ca,0.0753329492225519,0.074945696
31b78295-0303-4c0e-b982-d55111d6d08f,0.0458199283532212,0.04294585
31b78295-0303-4c0e-b982-d55111d6d08f,0.0458199283532212,0.04294585
31b78295-0303-4c0e-b982-d55111d6d08f,0.0458199283532212,0.04294585
31b78295-0303-4c0e-b982-d55111d6d08f,0.0458199283532212,0.04294585
31b78295-0303-4c0e-b982-d55111d6d08f,0.0458199283532212,0.04294585
31b78295-0303-4c0e-b982-d55111d6d08f,0.0458199283532212,0.04294585
31b78295-0303-4c0e-b982-d55111d6d08f,0.0458199283532212,0.04294585
31b78295-0303-4c0e-b982-d55111d6d08f,0.0458199283532212,0.04294585
31b78295-0303-4c0e-b982-d55111d6d08f,0.0458199283532212,0.04294585
31b78295-0303-4c0e-b982-d55111d6d08f,0.0458199283532212,0.04294585
31b78295-0303-4c0e-b982-d55111d6d08f,0.0458199283532212,0.04294585
31b78295-0303-4c0e-b982-d55111d6d08f,0.0458199283532212,0.04294585
31b78295-0303-4c0e-b982-d55111d6d08f,0.0458199283532212,0.04294585
31b78295-0303-4c0e-b982-d55111d6d08f,0.0458199283532212,0.04294585
31b78295-0303-4c0e-b982-d55111d6d08f,0.0458199283532212,0.04294585
31b78295-0303-4c0e-b982-d55111d6d08f,0.0458199283532212,0.04294585
31b78295-0303-4c0e-b982-d55111d6d08f,0.0458199283532212,0.04294585
31b78295-0303-4c0e-b982-d55111d6d08f,0.0458199283532212,0.04294585
31b78295-0303-4c0e-b982-d55111d6d08f,0.0458199283532212,0.04294585
17e08138-ceaa-4354-9c57-68fc2b990455,0.0381995312387364,0.038524073
17e08138-ceaa-4354-9c57-68fc2b990455,0.0381995312387364,0.038524073
17e08138-ceaa-4354-9c57-68fc2b990455,0.0381995312387364,0.038524073
17e08138-ceaa-4354-9c57-68fc2b990455,0.0381995312387364,0.038524073
17e08138-ceaa-4354-9c57-68fc2b990455,0.0381995312387364,0.038524073
17e08138-ceaa-4354-9c57-68fc2b990455,0.0381995312387364,0.038524073
17e08138-ceaa-4354-9c57-68fc2b990455,0.0381995312387364,0.038524073
17e08138-ceaa-4354-9c57-68fc2b990455,0.0381995312387364,0.038524073
17e08138-ceaa-4354-9c57-68fc2b990455,0.0381995312387364,0.038524073
17e08138-ceaa-4354-9c57-68fc2b990455,0.0381995312387364,0.038524073
17e08138-ceaa-4354-9c57-68fc2b990455,0.0381995312387364,0.038524073
17e08138-ceaa-4354-9c57-68fc2b990455,0.0381995312387364,0.038524073
17e08138-ceaa-4354-9c57-68fc2b990455,0.0381995312387364,0.038524073
17e08138-ceaa-4354-9c57-68fc2b990455,0.0381995312387364,0.038524073
17e08138-ceaa-4354-9c57-68fc2b990455,0.0381995312387364,0.038524073
17e08138-ceaa-4354-9c57-68fc2b990455,0.0381995312387364,0.038524073
17e08138-ceaa-4354-9c57-68fc2b990455,0.0381995312387364,0.038524073
17e08138-ceaa-4354-9c57-68fc2b990455,0.0381995312387364,0.038524073
17e08138-ceaa-4354-9c57-68fc2b990455,0.0381995312387364,0.038524073
17e08138-ceaa-4354-9c57-68fc2b990455,0.0381995312387364,0.038524073
17e08138-ceaa-4354-9c57-68fc2b990455,0.0381995312387364,0.038524073
6e1eb8a4-56b4-4aca-bb3f-5604ff407bc3,0.038506225543001,0.04048253
6e1eb8a4-56b4-4aca-bb3f-5604ff407bc3,0.038506225543001,0.04048253
6e1eb8a4-56b4-4aca-bb3f-5604ff407bc3,0.038506225543001,0.04048253
6e1eb8a4-56b4-4aca-bb3f-5604ff407bc3,0.038506225543001,0.04048253
6e1eb8a4-56b4-4aca-bb3f-5604ff407bc3,0.038506225543001,0.04048253
6e1eb8a4-56b4-4aca-bb3f-5604ff407bc3,0.038506225543001,0.04048253
6e1eb8a4-56b4-4aca-bb3f-5604ff407bc3,0.038506225543001,0.04048253
6e1eb8a4-56b4-4aca-bb3f-5604ff407bc3,0.038506225543001,0.04048253
6e1eb8a4-56b4-4aca-bb3f-5604ff407bc3,0.038506225543001,0.04048253
6e1eb8a4-56b4-4aca-bb3f-5604ff407bc3,0.038506225543001,0.04048253
6e1eb8a4-56b4-4aca-bb3f-5604ff407bc3,0.038506225543001,0.04048253
6e1eb8a4-56b4-4aca-bb3f-5604ff407bc3,0.038506225543001,0.04048253
6e1eb8a4-56b4-4aca-bb3f-5604ff407bc3,0.038506225543001,0.04048253
6e1eb8a4-56b4-4aca-bb3f-5604ff407bc3,0.038506225543001,0.04048253
6e1eb8a4-56b4-4aca-bb3f-5604ff407bc3,0.038506225543001,0.04048253
6e1eb8a4-56b4-4aca-bb3f-5604ff407bc3,0.038506225543001,0.04048253
6e1eb8a4-56b4-4aca-bb3f-5604ff407bc3,0.038506225543001,0.04048253
6e1eb8a4-56b4-4aca-bb3f-5604ff407bc3,0.038506225543001,0.04048253
6e1eb8a4-56b4-4aca-bb3f-5604ff407bc3,0.038506225543001,0.04048253
ba0ab34a-8186-448b-939e-54a2d45fcea1,0.0779748010600849,0.077292874
ba0ab34a-8186-448b-939e-54a2d45fcea1,0.0779748010600849,0.077292874
ba0ab34a-8186-448b-939e-54a2d45fcea1,0.0779748010600849,0.077292874
ba0ab34a-8186-448b-939e-54a2d45fcea1,0.0779748010600849,0.077292874
ba0ab34a-8186-448b-939e-54a2d45fcea1,0.0779748010600849,0.077292874
ba0ab34a-8186-448b-939e-54a2d45fcea1,0.0779748010600849,0.077292874
ba0ab34a-8186-448b-939e-54a2d45fcea1,0.0779748010600849,0.077292874
ba0ab34a-8186-448b-939e-54a2d45fcea1,0.0779748010600849,0.077292874
ba0ab34a-8186-448b-939e-54a2d45fcea1,0.0779748010600849,0.077292874
ba0ab34a-8186-448b-939e-54a2d45fcea1,0.0779748010600849,0.077292874
ba0ab34a-8186-448b-939e-54a2d45fcea1,0.0779748010600849,0.077292874
ba0ab34a-8186-448b-939e-54a2d45fcea1,0.0779748010600849,0.077292874
ba0ab34a-8186-448b-939e-54a2d45fcea1,0.0779748010600849,0.077292874
ba0ab34a-8186-448b-939e-54a2d45fcea1,0.0779748010600849,0.077292874
ba0ab34a-8186-448b-939e-54a2d45fcea1,0.0779748010600849,0.077292874
ba0ab34a-8186-448b-939e-54a2d45fcea1,0.0779748010600849,0.077292874
ba0ab34a-8186-448b-939e-54a2d45fcea1,0.0779748010600849,0.077292874
ba0ab34a-8186-448b-939e-54a2d45fcea1,0.0779748010600849,0.077292874
ba0ab34a-8186-448b-939e-54a2d45fcea1,0.0779748010600849,0.077292874
20f29ae2-066e-4fec-ae31-1424833bb7a1,0.0529224684373704,0.05237282
20f29ae2-066e-4fec-ae31-1424833bb7a1,0.0529224684373704,0.05237282
20f29ae2-066e-4fec-ae31-1424833bb7a1,0.0529224684373704,0.05237282
20f29ae2-066e-4fec-ae31-1424833bb7a1,0.0529224684373704,0.05237282
20f29ae2-066e-4fec-ae31-1424833bb7a1,0.0529224684373704,0.05237282
20f29ae2-066e-4fec-ae31-1424833bb7a1,0.0529224684373704,0.05237282
20f29ae2-066e-4fec-ae31-1424833bb7a1,0.0529224684373704,0.05237282
20f29ae2-066e-4fec-ae31-1424833bb7a1,0.0529224684373704,0.05237282
20f29ae2-066e-4fec-ae31-1424833bb7a1,0.0529224684373704,0.05237282
20f29ae2-066e-4fec-ae31-1424833bb7a1,0.0529224684373704,0.05237282
20f29ae2-066e-4fec-ae31-1424833bb7a1,0.0529224684373704,0.05237282
20f29ae2-066e-4fec-ae31-1424833bb7a1,0.0529224684373704,0.05237282
20f29ae2-066e-4fec-ae31-1424833bb7a1,0.0529224684373704,0.05237282
20f29ae2-066e-4fec-ae31-1424833bb7a1,0.0529224684373704,0.05237282
20f29ae2-066e-4fec-ae31-1424833bb7a1,0.0529224684373704,0.05237282
20f29ae2-066e-4fec-ae31-1424833bb7a1,0.0529224684373704,0.05237282
20f29ae2-066e-4fec-ae31-1424833bb7a1,0.0529224684373704,0.05237282
20f29ae2-066e-4fec-ae31-1424833bb7a1,0.0529224684373704,0.05237282
20f29ae2-066e-4fec-ae31-1424833bb7a1,0.0529224684373704,0.05237282
20f29ae2-066e-4fec-ae31-1424833bb7a1,0.0529224684373704,0.05237282
20f29ae2-066e-4fec-ae31-1424833bb7a1,0.0529224684373704,0.05237282
20f29ae2-066e-4fec-ae31-1424833bb7a1,0.0529224684373704,0.05237282
20f29ae2-066e-4fec-ae31-1424833bb7a1,0.0529224684373704,0.05237282
20f29ae2-066e-4fec-ae31-1424833bb7a1,0.0529224684373704,0.05237282
20f29ae2-066e-4fec-ae31-1424833bb7a1,0.0529224684373704,0.05237282
20f29ae2-066e-4fec-ae31-1424833bb7a1,0.0529224684373704,0.05237282
20f29ae2-066e-4fec-ae31-1424833bb7a1,0.0529224684373704,0.05237282
20f29ae2-066e-4fec-ae31-1424833bb7a1,0.0529224684373704,0.05237282
20f29ae2-066e-4fec-ae31-1424833bb7a1,0.0529224684373704,0.05237282
5311c263-50d0-4fb4-8f3b-75cebf4fd862,0.0421410326620258,0.04171883
5311c263-50d0-4fb4-8f3b-75cebf4fd862,0.0421410326620258,0.04171883
5311c263-50d0-4fb4-8f3b-75cebf4fd862,0.0421410326620258,0.04171883
5311c263-50d0-4fb4-8f3b-75cebf4fd862,0.0421410326620258,0.04171883
5311c263-50d0-4fb4-8f3b-75cebf4fd862,0.0421410326620258,0.04171883
5311c263-50d0-4fb4-8f3b-75cebf4fd862,0.0421410326620258,0.04171883
5311c263-50d0-4fb4-8f3b-75cebf4fd862,0.0421410326620258,0.04171883
5311c263-50d0-4fb4-8f3b-75cebf4fd862,0.0421410326620258,0.04171883
5311c263-50d0-4fb4-8f3b-75cebf4fd862,0.0421410326620258,0.04171883
5311c263-50d0-4fb4-8f3b-75cebf4fd862,0.0421410326620258,0.04171883
5311c263-50d0-4fb4-8f3b-75cebf4fd862,0.0421410326620258,0.04171883
5311c263-50d0-4fb4-8f3b-75cebf4fd862,0.0421410326620258,0.04171883
5311c263-50d0-4fb4-8f3b-75cebf4fd862,0.0421410326620258,0.04171883
5311c263-50d0-4fb4-8f3b-75cebf4fd862,0.0421410326620258,0.04171883
5311c263-50d0-4fb4-8f3b-75cebf4fd862,0.0421410326620258,0.04171883
5311c263-50d0-4fb4-8f3b-75cebf4fd862,0.0421410326620258,0.04171883
5e87b9fa-cb8a-4f0e-922d-365999863bac,0.0212707904429195,0.022667168
5e87b9fa-cb8a-4f0e-922d-365999863bac,0.0212707904429195,0.022667168
5e87b9fa-cb8a-4f0e-922d-365999863bac,0.0212707904429195,0.022667168
5e87b9fa-cb8a-4f0e-922d-365999863bac,0.0212707904429195,0.022667168
5e87b9fa-cb8a-4f0e-922d-365999863bac,0.0212707904429195,0.022667168
5e87b9fa-cb8a-4f0e-922d-365999863bac,0.0212707904429195,0.022667168
5e87b9fa-cb8a-4f0e-922d-365999863bac,0.0212707904429195,0.022667168
5e87b9fa-cb8a-4f0e-922d-365999863bac,0.0212707904429195,0.022667168
5e87b9fa-cb8a-4f0e-922d-365999863bac,0.0212707904429195,0.022667168
5e87b9fa-cb8a-4f0e-922d-365999863bac,0.0212707904429195,0.022667168
5e87b9fa-cb8a-4f0e-922d-365999863bac,0.0212707904429195,0.022667168
5e87b9fa-cb8a-4f0e-922d-365999863bac,0.0212707904429195,0.022667168
5e87b9fa-cb8a-4f0e-922d-365999863bac,0.0212707904429195,0.022667168
5e87b9fa-cb8a-4f0e-922d-365999863bac,0.0212707904429195,0.022667168
5e87b9fa-cb8a-4f0e-922d-365999863bac,0.0212707904429195,0.022667168
5e87b9fa-cb8a-4f0e-922d-365999863bac,0.0212707904429195,0.022667168
5e87b9fa-cb8a-4f0e-922d-365999863bac,0.0212707904429195,0.022667168
5e87b9fa-cb8a-4f0e-922d-365999863bac,0.0212707904429195,0.022667168
5e87b9fa-cb8a-4f0e-922d-365999863bac,0.0212707904429195,0.022667168
5e87b9fa-cb8a-4f0e-922d-365999863bac,0.0212707904429195,0.022667168
5e87b9fa-cb8a-4f0e-922d-365999863bac,0.0212707904429195,0.022667168
5e87b9fa-cb8a-4f0e-922d-365999863bac,0.0212707904429195,0.022667168
5e87b9fa-cb8a-4f0e-922d-365999863bac,0.0212707904429195,0.022667168
5e87b9fa-cb8a-4f0e-922d-365999863bac,0.0212707904429195,0.022667168
5e87b9fa-cb8a-4f0e-922d-365999863bac,0.0212707904429195,0.022667168
5e87b9fa-cb8a-4f0e-922d-365999863bac,0.0212707904429195,0.022667168
5e87b9fa-cb8a-4f0e-922d-365999863bac,0.0212707904429195,0.022667168
5e87b9fa-cb8a-4f0e-922d-365999863bac,0.0212707904429195,0.022667168
2ae787ee-f16f-4798-8671-70e527f7ac46,0.0336368924215874,0.033813488
2ae787ee-f16f-4798-8671-70e527f7ac46,0.0336368924215874,0.033813488
2ae787ee-f16f-4798-8671-70e527f7ac46,0.0336368924215874,0.033813488
2ae787ee-f16f-4798-8671-70e527f7ac46,0.0336368924215874,0.033813488
2ae787ee-f16f-4798-8671-70e527f7ac46,0.0336368924215874,0.033813488
2ae787ee-f16f-4798-8671-70e527f7ac46,0.0336368924215874,0.033813488
2ae787ee-f16f-4798-8671-70e527f7ac46,0.0336368924215874,0.033813488
2ae787ee-f16f-4798-8671-70e527f7ac46,0.0336368924215874,0.033813488
2ae787ee-f16f-4798-8671-70e527f7ac46,0.0336368924215874,0.033813488
2ae787ee-f16f-4798-8671-70e527f7ac46,0.0336368924215874,0.033813488
2ae787ee-f16f-4798-8671-70e527f7ac46,0.0336368924215874,0.033813488
2ae787ee-f16f-4798-8671-70e527f7ac46,0.0336368924215874,0.033813488
2ae787ee-f16f-4798-8671-70e527f7ac46,0.0336368924215874,0.033813488
2ae787ee-f16f-4798-8671-70e527f7ac46,0.0336368924215874,0.033813488
2ae787ee-f16f-4798-8671-70e527f7ac46,0.0336368924215874,0.033813488
2ae787ee-f16f-4798-8671-70e527f7ac46,0.0336368924215874,0.033813488
2ae787ee-f16f-4798-8671-70e527f7ac46,0.0336368924215874,0.033813488
2ae787ee-f16f-4798-8671-70e527f7ac46,0.0336368924215874,0.033813488
2ae787ee-f16f-4798-8671-70e527f7ac46,0.0336368924215874,0.033813488
2ae787ee-f16f-4798-8671-70e527f7ac46,0.0336368924215874,0.033813488
2ae787ee-f16f-4798-8671-70e527f7ac46,0.0336368924215874,0.033813488
2ae787ee-f16f-4798-8671-70e527f7ac46,0.0336368924215874,0.033813488
2ae787ee-f16f-4798-8671-70e527f7ac46,0.0336368924215874,0.033813488
2ae787ee-f16f-4798-8671-70e527f7ac46,0.0336368924215874,0.033813488
2ae787ee-f16f-4798-8671-70e527f7ac46,0.0336368924215874,0.033813488
2ae787ee-f16f-4798-8671-70e527f7ac46,0.0336368924215874,0.033813488
2ae787ee-f16f-4798-8671-70e527f7ac46,0.0336368924215874,0.033813488
2ae787ee-f16f-4798-8671-70e527f7ac46,0.0336368924215874,0.033813488
3aca4b64-b196-42dd-babf-53c0e4dfcc3d,0.0203150971567104,0.021383584
3aca4b64-b196-42dd-babf-53c0e4dfcc3d,0.0203150971567104,0.021383584
3aca4b64-b196-42dd-babf-53c0e4dfcc3d,0.0203150971567104,0.021383584
3aca4b64-b196-42dd-babf-53c0e4dfcc3d,0.0203150971567104,0.021383584
3aca4b64-b196-42dd-babf-53c0e4dfcc3d,0.0203150971567104,0.021383584
3aca4b64-b196-42dd-babf-53c0e4dfcc3d,0.0203150971567104,0.021383584
3aca4b64-b196-42dd-babf-53c0e4dfcc3d,0.0203150971567104,0.021383584
3aca4b64-b196-42dd-babf-53c0e4dfcc3d,0.0203150971567104,0.021383584
3aca4b64-b196-42dd-babf-53c0e4dfcc3d,0.0203150971567104,0.021383584
3aca4b64-b196-42dd-babf-53c0e4dfcc3d,0.0203150971567104,0.021383584
3aca4b64-b196-42dd-babf-53c0e4dfcc3d,0.0203150971567104,0.021383584
3aca4b64-b196-42dd-babf-53c0e4dfcc3d,0.0203150971567104,0.021383584
3aca4b64-b196-42dd-babf-53c0e4dfcc3d,0.0203150971567104,0.021383584
3aca4b64-b196-42dd-babf-53c0e4dfcc3d,0.0203150971567104,0.021383584
3aca4b64-b196-42dd-babf-53c0e4dfcc3d,0.0203150971567104,0.021383584
3aca4b64-b196-42dd-babf-53c0e4dfcc3d,0.0203150971567104,0.021383584
3aca4b64-b196-42dd-babf-53c0e4dfcc3d,0.0203150971567104,0.021383584
3aca4b64-b196-42dd-babf-53c0e4dfcc3d,0.0203150971567104,0.021383584
3aca4b64-b196-42dd-babf-53c0e4dfcc3d,0.0203150971567104,0.021383584
3aca4b64-b196-42dd-babf-53c0e4dfcc3d,0.0203150971567104,0.021383584
3aca4b64-b196-42dd-babf-53c0e4dfcc3d,0.0203150971567104,0.021383584
c07bf904-5ecd-45ed-bfbe-f6fa9272d4c7,0.0177576182529833,0.024067013
c07bf904-5ecd-45ed-bfbe-f6fa9272d4c7,0.0177576182529833,0.024067013
c07bf904-5ecd-45ed-bfbe-f6fa9272d4c7,0.0177576182529833,0.024067013
c07bf904-5ecd-45ed-bfbe-f6fa9272d4c7,0.0177576182529833,0.024067013
c07bf904-5ecd-45ed-bfbe-f6fa9272d4c7,0.0177576182529833,0.024067013
c07bf904-5ecd-45ed-bfbe-f6fa9272d4c7,0.0177576182529833,0.024067013
c07bf904-5ecd-45ed-bfbe-f6fa9272d4c7,0.0177576182529833,0.024067013
c07bf904-5ecd-45ed-bfbe-f6fa9272d4c7,0.0177576182529833,0.024067013
c07bf904-5ecd-45ed-bfbe-f6fa9272d4c7,0.0177576182529833,0.024067013
c07bf904-5ecd-45ed-bfbe-f6fa9272d4c7,0.0177576182529833,0.024067013
c07bf904-5ecd-45ed-bfbe-f6fa9272d4c7,0.0177576182529833,0.024067013
c07bf904-5ecd-45ed-bfbe-f6fa9272d4c7,0.0177576182529833,0.024067013
c07bf904-5ecd-45ed-bfbe-f6fa9272d4c7,0.0177576182529833,0.024067013
c07bf904-5ecd-45ed-bfbe-f6fa9272d4c7,0.0177576182529833,0.024067013
c07bf904-5ecd-45ed-bfbe-f6fa9272d4c7,0.0177576182529833,0.024067013
ba3f4aae-8219-44dd-87bb-11c7afdefca6,0.0427325526350433,0.04335216
ba3f4aae-8219-44dd-87bb-11c7afdefca6,0.0427325526350433,0.04335216
ba3f4aae-8219-44dd-87bb-11c7afdefca6,0.0427325526350433,0.04335216
ba3f4aae-8219-44dd-87bb-11c7afdefca6,0.0427325526350433,0.04335216
ba3f4aae-8219-44dd-87bb-11c7afdefca6,0.0427325526350433,0.04335216
ba3f4aae-8219-44dd-87bb-11c7afdefca6,0.0427325526350433,0.04335216
ba3f4aae-8219-44dd-87bb-11c7afdefca6,0.0427325526350433,0.04335216
ba3f4aae-8219-44dd-87bb-11c7afdefca6,0.0427325526350433,0.04335216
ba3f4aae-8219-44dd-87bb-11c7afdefca6,0.0427325526350433,0.04335216
ba3f4aae-8219-44dd-87bb-11c7afdefca6,0.0427325526350433,0.04335216
ba3f4aae-8219-44dd-87bb-11c7afdefca6,0.0427325526350433,0.04335216
ba3f4aae-8219-44dd-87bb-11c7afdefca6,0.0427325526350433,0.04335216
ba3f4aae-8219-44dd-87bb-11c7afdefca6,0.0427325526350433,0.04335216
ba3f4aae-8219-44dd-87bb-11c7afdefca6,0.0427325526350433,0.04335216
ba3f4aae-8219-44dd-87bb-11c7afdefca6,0.0427325526350433,0.04335216
ba3f4aae-8219-44dd-87bb-11c7afdefca6,0.0427325526350433,0.04335216
ba3f4aae-8219-44dd-87bb-11c7afdefca6,0.0427325526350433,0.04335216
ba3f4aae-8219-44dd-87bb-11c7afdefca6,0.0427325526350433,0.04335216
ba3f4aae-8219-44dd-87bb-11c7afdefca6,0.0427325526350433,0.04335216
ba3f4aae-8219-44dd-87bb-11c7afdefca6,0.0427325526350433,0.04335216
ba3f4aae-8219-44dd-87bb-11c7afdefca6,0.0427325526350433,0.04335216
ba3f4aae-8219-44dd-87bb-11c7afdefca6,0.0427325526350433,0.04335216
ba3f4aae-8219-44dd-87bb-11c7afdefca6,0.0427325526350433,0.04335216
ab08a5d2-1ce6-4d7b-9dbb-52321d2babe4,0.1242535944915529,0.122200124
ab08a5d2-1ce6-4d7b-9dbb-52321d2babe4,0.1242535944915529,0.122200124
ab08a5d2-1ce6-4d7b-9dbb-52321d2babe4,0.1242535944915529,0.122200124
ab08a5d2-1ce6-4d7b-9dbb-52321d2babe4,0.1242535944915529,0.122200124
ab08a5d2-1ce6-4d7b-9dbb-52321d2babe4,0.1242535944915529,0.122200124
ab08a5d2-1ce6-4d7b-9dbb-52321d2babe4,0.1242535944915529,0.122200124
ab08a5d2-1ce6-4d7b-9dbb-52321d2babe4,0.1242535944915529,0.122200124
ab08a5d2-1ce6-4d7b-9dbb-52321d2babe4,0.1242535944915529,0.122200124
ab08a5d2-1ce6-4d7b-9dbb-52321d2babe4,0.1242535944915529,0.122200124
ab08a5d2-1ce6-4d7b-9dbb-52321d2babe4,0.1242535944915529,0.122200124
ab08a5d2-1ce6-4d7b-9dbb-52321d2babe4,0.1242535944915529,0.122200124
ab08a5d2-1ce6-4d7b-9dbb-52321d2babe4,0.1242535944915529,0.122200124
ab08a5d2-1ce6-4d7b-9dbb-52321d2babe4,0.1242535944915529,0.122200124
ab08a5d2-1ce6-4d7b-9dbb-52321d2babe4,0.1242535944915529,0.122200124
ab08a5d2-1ce6-4d7b-9dbb-52321d2babe4,0.1242535944915529,0.122200124
ab08a5d2-1ce6-4d7b-9dbb-52321d2babe4,0.1242535944915529,0.122200124
ab08a5d2-1ce6-4d7b-9dbb-52321d2babe4,0.1242535944915529,0.122200124
ab08a5d2-1ce6-4d7b-9dbb-52321d2babe4,0.1242535944915529,0.122200124
ab08a5d2-1ce6-4d7b-9dbb-52321d2babe4,0.1242535944915529,0.122200124
ab08a5d2-1ce6-4d7b-9dbb-52321d2babe4,0.1242535944915529,0.122200124
ab08a5d2-1ce6-4d7b-9dbb-52321d2babe4,0.1242535944915529,0.122200124
ab08a5d2-1ce6-4d7b-9dbb-52321d2babe4,0.1242535944915529,0.122200124
ab08a5d2-1ce6-4d7b-9dbb-52321d2babe4,0.1242535944915529,0.122200124
ab08a5d2-1ce6-4d7b-9dbb-52321d2babe4,0.1242535944915529,0.122200124
ab08a5d2-1ce6-4d7b-9dbb-52321d2babe4,0.1242535944915529,0.122200124
b2d59fa6-0a2a-4b48-bd37-fd6851a30977,0.1285159054857678,0.12772584
b2d59fa6-0a2a-4b48-bd37-fd6851a30977,0.1285159054857678,0.12772584
b2d59fa6-0a2a-4b48-bd37-fd6851a30977,0.1285159054857678,0.12772584
b2d59fa6-0a2a-4b48-bd37-fd6851a30977,0.1285159054857678,0.12772584
b2d59fa6-0a2a-4b48-bd37-fd6851a30977,0.1285159054857678,0.12772584
b2d59fa6-0a2a-4b48-bd37-fd6851a30977,0.1285159054857678,0.12772584
b2d59fa6-0a2a-4b48-bd37-fd6851a30977,0.1285159054857678,0.12772584
b2d59fa6-0a2a-4b48-bd37-fd6851a30977,0.1285159054857678,0.12772584
b2d59fa6-0a2a-4b48-bd37-fd6851a30977,0.1285159054857678,0.12772584
b2d59fa6-0a2a-4b48-bd37-fd6851a30977,0.1285159054857678,0.12772584
b2d59fa6-0a2a-4b48-bd37-fd6851a30977,0.1285159054857678,0.12772584
b2d59fa6-0a2a-4b48-bd37-fd6851a30977,0.1285159054857678,0.12772584
b2d59fa6-0a2a-4b48-bd37-fd6851a30977,0.1285159054857678,0.12772584
b2d59fa6-0a2a-4b48-bd37-fd6851a30977,0.1285159054857678,0.12772584
b2d59fa6-0a2a-4b48-bd37-fd6851a30977,0.1285159054857678,0.12772584
b2d59fa6-0a2a-4b48-bd37-fd6851a30977,0.1285159054857678,0.12772584
b2d59fa6-0a2a-4b48-bd37-fd6851a30977,0.1285159054857678,0.12772584
b2d59fa6-0a2a-4b48-bd37-fd6851a30977,0.1285159054857678,0.12772584
b2d59fa6-0a2a-4b48-bd37-fd6851a30977,0.1285159054857678,0.12772584
b2d59fa6-0a2a-4b48-bd37-fd6851a30977,0.1285159054857678,0.12772584
b2d59fa6-0a2a-4b48-bd37-fd6851a30977,0.1285159054857678,0.12772584
b2d59fa6-0a2a-4b48-bd37-fd6851a30977,0.1285159054857678,0.12772584
b2d59fa6-0a2a-4b48-bd37-fd6851a30977,0.1285159054857678,0.12772584
b2d59fa6-0a2a-4b48-bd37-fd6851a30977,0.1285159054857678,0.12772584
b2d59fa6-0a2a-4b48-bd37-fd6851a30977,0.1285159054857678,0.12772584
b2d59fa6-0a2a-4b48-bd37-fd6851a30977,0.1285159054857678,0.12772584
b2d59fa6-0a2a-4b48-bd37-fd6851a30977,0.1285159054857678,0.12772584
a6b5bfe1-b730-4da1-bc56-404bd6ffc292,0.0189985874275578,0.022962179
a6b5bfe1-b730-4da1-bc56-404bd6ffc292,0.0189985874275578,0.022962179
a6b5bfe1-b730-4da1-bc56-404bd6ffc292,0.0189985874275578,0.022962179
a6b5bfe1-b730-4da1-bc56-404bd6ffc292,0.0189985874275578,0.022962179
a6b5bfe1-b730-4da1-bc56-404bd6ffc292,0.0189985874275578,0.022962179
a6b5bfe1-b730-4da1-bc56-404bd6ffc292,0.0189985874275578,0.022962179
a6b5bfe1-b730-4da1-bc56-404bd6ffc292,0.0189985874275578,0.022962179
a6b5bfe1-b730-4da1-bc56-404bd6ffc292,0.0189985874275578,0.022962179
a6b5bfe1-b730-4da1-bc56-404bd6ffc292,0.0189985874275578,0.022962179
a6b5bfe1-b730-4da1-bc56-404bd6ffc292,0.0189985874275578,0.022962179
a6b5bfe1-b730-4da1-bc56-404bd6ffc292,0.0189985874275578,0.022962179
a6b5bfe1-b730-4da1-bc56-404bd6ffc292,0.0189985874275578,0.022962179
a6b5bfe1-b730-4da1-bc56-404bd6ffc292,0.0189985874275578,0.022962179
a6b5bfe1-b730-4da1-bc56-404bd6ffc292,0.0189985874275578,0.022962179
a6b5bfe1-b730-4da1-bc56-404bd6ffc292,0.0189985874275578,0.022962179
a1eb5f05-feec-4dba-b987-d2c979795be3,0.0223774339338531,0.02271675
a1eb5f05-feec-4dba-b987-d2c979795be3,0.0223774339338531,0.02271675
a1eb5f05-feec-4dba-b987-d2c979795be3,0.0223774339338531,0.02271675
a1eb5f05-feec-4dba-b987-d2c979795be3,0.0223774339338531,0.02271675
a1eb5f05-feec-4dba-b987-d2c979795be3,0.0223774339338531,0.02271675
a1eb5f05-feec-4dba-b987-d2c979795be3,0.0223774339338531,0.02271675
a1eb5f05-feec-4dba-b987-d2c979795be3,0.0223774339338531,0.02271675
a1eb5f05-feec-4dba-b987-d2c979795be3,0.0223774339338531,0.02271675
a1eb5f05-feec-4dba-b987-d2c979795be3,0.0223774339338531,0.02271675
a1eb5f05-feec-4dba-b987-d2c979795be3,0.0223774339338531,0.02271675
a1eb5f05-feec-4dba-b987-d2c979795be3,0.0223774339338531,0.02271675
a1eb5f05-feec-4dba-b987-d2c979795be3,0.0223774339338531,0.02271675
a1eb5f05-feec-4dba-b987-d2c979795be3,0.0223774339338531,0.02271675
a1eb5f05-feec-4dba-b987-d2c979795be3,0.0223774339338531,0.02271675
a1eb5f05-feec-4dba-b987-d2c979795be3,0.0223774339338531,0.02271675
a1eb5f05-feec-4dba-b987-d2c979795be3,0.0223774339338531,0.02271675
a1eb5f05-feec-4dba-b987-d2c979795be3,0.0223774339338531,0.02271675
a1eb5f05-feec-4dba-b987-d2c979795be3,0.0223774339338531,0.02271675
a1eb5f05-feec-4dba-b987-d2c979795be3,0.0223774339338531,0.02271675
a1eb5f05-feec-4dba-b987-d2c979795be3,0.0223774339338531,0.02271675
a1eb5f05-feec-4dba-b987-d2c979795be3,0.0223774339338531,0.02271675
a1eb5f05-feec-4dba-b987-d2c979795be3,0.0223774339338531,0.02271675
a1eb5f05-feec-4dba-b987-d2c979795be3,0.0223774339338531,0.02271675
544fa41a-0052-4ecb-a1c3-4131f2b8e148,0.185818736113643,0.18488567
544fa41a-0052-4ecb-a1c3-4131f2b8e148,0.185818736113643,0.18488567
544fa41a-0052-4ecb-a1c3-4131f2b8e148,0.185818736113643,0.18488567
544fa41a-0052-4ecb-a1c3-4131f2b8e148,0.185818736113643,0.18488567
544fa41a-0052-4ecb-a1c3-4131f2b8e148,0.185818736113643,0.18488567
544fa41a-0052-4ecb-a1c3-4131f2b8e148,0.185818736113643,0.18488567
544fa41a-0052-4ecb-a1c3-4131f2b8e148,0.185818736113643,0.18488567
544fa41a-0052-4ecb-a1c3-4131f2b8e148,0.185818736113643,0.18488567
544fa41a-0052-4ecb-a1c3-4131f2b8e148,0.185818736113643,0.18488567
544fa41a-0052-4ecb-a1c3-4131f2b8e148,0.185818736113643,0.18488567
544fa41a-0052-4ecb-a1c3-4131f2b8e148,0.185818736113643,0.18488567
544fa41a-0052-4ecb-a1c3-4131f2b8e148,0.185818736113643,0.18488567
544fa41a-0052-4ecb-a1c3-4131f2b8e148,0.185818736113643,0.18488567
544fa41a-0052-4ecb-a1c3-4131f2b8e148,0.185818736113643,0.18488567
544fa41a-0052-4ecb-a1c3-4131f2b8e148,0.185818736113643,0.18488567
544fa41a-0052-4ecb-a1c3-4131f2b8e148,0.185818736113643,0.18488567
544fa41a-0052-4ecb-a1c3-4131f2b8e148,0.185818736113643,0.18488567
544fa41a-0052-4ecb-a1c3-4131f2b8e148,0.185818736113643,0.18488567
544fa41a-0052-4ecb-a1c3-4131f2b8e148,0.185818736113643,0.18488567
544fa41a-0052-4ecb-a1c3-4131f2b8e148,0.185818736113643,0.18488567
544fa41a-0052-4ecb-a1c3-4131f2b8e148,0.185818736113643,0.18488567
544fa41a-0052-4ecb-a1c3-4131f2b8e148,0.185818736113643,0.18488567
544fa41a-0052-4ecb-a1c3-4131f2b8e148,0.185818736113643,0.18488567
807cb8a3-7350-4980-a28c-2e51f65ef865,0.0438904580709556,0.04218395
807cb8a3-7350-4980-a28c-2e51f65ef865,0.0438904580709556,0.04218395
807cb8a3-7350-4980-a28c-2e51f65ef865,0.0438904580709556,0.04218395
807cb8a3-7350-4980-a28c-2e51f65ef865,0.0438904580709556,0.04218395
807cb8a3-7350-4980-a28c-2e51f65ef865,0.0438904580709556,0.04218395
807cb8a3-7350-4980-a28c-2e51f65ef865,0.0438904580709556,0.04218395
807cb8a3-7350-4980-a28c-2e51f65ef865,0.0438904580709556,0.04218395
807cb8a3-7350-4980-a28c-2e51f65ef865,0.0438904580709556,0.04218395
807cb8a3-7350-4980-a28c-2e51f65ef865,0.0438904580709556,0.04218395
807cb8a3-7350-4980-a28c-2e51f65ef865,0.0438904580709556,0.04218395
807cb8a3-7350-4980-a28c-2e51f65ef865,0.0438904580709556,0.04218395
807cb8a3-7350-4980-a28c-2e51f65ef865,0.0438904580709556,0.04218395
807cb8a3-7350-4980-a28c-2e51f65ef865,0.0438904580709556,0.04218395
807cb8a3-7350-4980-a28c-2e51f65ef865,0.0438904580709556,0.04218395
807cb8a3-7350-4980-a28c-2e51f65ef865,0.0438904580709556,0.04218395
807cb8a3-7350-4980-a28c-2e51f65ef865,0.0438904580709556,0.04218395
807cb8a3-7350-4980-a28c-2e51f65ef865,0.0438904580709556,0.04218395
807cb8a3-7350-4980-a28c-2e51f65ef865,0.0438904580709556,0.04218395
79ffb303-779d-45c3-941a-d3bfaef650a0,0.0982520865923284,0.095661454
79ffb303-779d-45c3-941a-d3bfaef650a0,0.0982520865923284,0.095661454
79ffb303-779d-45c3-941a-d3bfaef650a0,0.0982520865923284,0.095661454
79ffb303-779d-45c3-941a-d3bfaef650a0,0.0982520865923284,0.095661454
79ffb303-779d-45c3-941a-d3bfaef650a0,0.0982520865923284,0.095661454
79ffb303-779d-45c3-941a-d3bfaef650a0,0.0982520865923284,0.095661454
79ffb303-779d-45c3-941a-d3bfaef650a0,0.0982520865923284,0.095661454
79ffb303-779d-45c3-941a-d3bfaef650a0,0.0982520865923284,0.095661454
79ffb303-779d-45c3-941a-d3bfaef650a0,0.0982520865923284,0.095661454
79ffb303-779d-45c3-941a-d3bfaef650a0,0.0982520865923284,0.095661454
79ffb303-779d-45c3-941a-d3bfaef650a0,0.0982520865923284,0.095661454
79ffb303-779d-45c3-941a-d3bfaef650a0,0.0982520865923284,0.095661454
79ffb303-779d-45c3-941a-d3bfaef650a0,0.0982520865923284,0.095661454
79ffb303-779d-45c3-941a-d3bfaef650a0,0.0982520865923284,0.095661454
79ffb303-779d-45c3-941a-d3bfaef650a0,0.0982520865923284,0.095661454
79ffb303-779d-45c3-941a-d3bfaef650a0,0.0982520865923284,0.095661454
79ffb303-779d-45c3-941a-d3bfaef650a0,0.0982520865923284,0.095661454
79ffb303-779d-45c3-941a-d3bfaef650a0,0.0982520865923284,0.095661454
79ffb303-779d-45c3-941a-d3bfaef650a0,0.0982520865923284,0.095661454
79ffb303-779d-45c3-941a-d3bfaef650a0,0.0982520865923284,0.095661454
79ffb303-779d-45c3-941a-d3bfaef650a0,0.0982520865923284,0.095661454
79ffb303-779d-45c3-941a-d3bfaef650a0,0.0982520865923284,0.095661454
79ffb303-779d-45c3-941a-d3bfaef650a0,0.0982520865923284,0.095661454
79ffb303-779d-45c3-941a-d3bfaef650a0,0.0982520865923284,0.095661454
79ffb303-779d-45c3-941a-d3bfaef650a0,0.0982520865923284,0.095661454
79ffb303-779d-45c3-941a-d3bfaef650a0,0.0982520865923284,0.095661454
79ffb303-779d-45c3-941a-d3bfaef650a0,0.0982520865923284,0.095661454
1a698c3a-399b-4072-8ce8-0c3bb90e3ba7,0.0281544110881523,0.028169986
1a698c3a-399b-4072-8ce8-0c3bb90e3ba7,0.0281544110881523,0.028169986
1a698c3a-399b-4072-8ce8-0c3bb90e3ba7,0.0281544110881523,0.028169986
1a698c3a-399b-4072-8ce8-0c3bb90e3ba7,0.0281544110881523,0.028169986
1a698c3a-399b-4072-8ce8-0c3bb90e3ba7,0.0281544110881523,0.028169986
1a698c3a-399b-4072-8ce8-0c3bb90e3ba7,0.0281544110881523,0.028169986
1a698c3a-399b-4072-8ce8-0c3bb90e3ba7,0.0281544110881523,0.028169986
1a698c3a-399b-4072-8ce8-0c3bb90e3ba7,0.0281544110881523,0.028169986
1a698c3a-399b-4072-8ce8-0c3bb90e3ba7,0.0281544110881523,0.028169986
1a698c3a-399b-4072-8ce8-0c3bb90e3ba7,0.0281544110881523,0.028169986
1a698c3a-399b-4072-8ce8-0c3bb90e3ba7,0.0281544110881523,0.028169986
1a698c3a-399b-4072-8ce8-0c3bb90e3ba7,0.0281544110881523,0.028169986
1a698c3a-399b-4072-8ce8-0c3bb90e3ba7,0.0281544110881523,0.028169986
1a698c3a-399b-4072-8ce8-0c3bb90e3ba7,0.0281544110881523,0.028169986
1a698c3a-399b-4072-8ce8-0c3bb90e3ba7,0.0281544110881523,0.028169986
1a698c3a-399b-4072-8ce8-0c3bb90e3ba7,0.0281544110881523,0.028169986
1a698c3a-399b-4072-8ce8-0c3bb90e3ba7,0.0281544110881523,0.028169986
1a698c3a-399b-4072-8ce8-0c3bb90e3ba7,0.0281544110881523,0.028169986
1a698c3a-399b-4072-8ce8-0c3bb90e3ba7,0.0281544110881523,0.028169986
1a698c3a-399b-4072-8ce8-0c3bb90e3ba7,0.0281544110881523,0.028169986
1a698c3a-399b-4072-8ce8-0c3bb90e3ba7,0.0281544110881523,0.028169986
1a698c3a-399b-4072-8ce8-0c3bb90e3ba7,0.0281544110881523,0.028169986
1a698c3a-399b-4072-8ce8-0c3bb90e3ba7,0.0281544110881523,0.028169986
1a698c3a-399b-4072-8ce8-0c3bb90e3ba7,0.0281544110881523,0.028169986
1a698c3a-399b-4072-8ce8-0c3bb90e3ba7,0.0281544110881523,0.028169986
1a698c3a-399b-4072-8ce8-0c3bb90e3ba7,0.0281544110881523,0.028169986
1a698c3a-399b-4072-8ce8-0c3bb90e3ba7,0.0281544110881523,0.028169986
1a698c3a-399b-4072-8ce8-0c3bb90e3ba7,0.0281544110881523,0.028169986
1a698c3a-399b-4072-8ce8-0c3bb90e3ba7,0.0281544110881523,0.028169986
3059f5f8-eff3-4139-9bfc-ce378559d80b,0.032763481526927,0.03545846
3059f5f8-eff3-4139-9bfc-ce378559d80b,0.032763481526927,0.03545846
3059f5f8-eff3-4139-9bfc-ce378559d80b,0.032763481526927,0.03545846
3059f5f8-eff3-4139-9bfc-ce378559d80b,0.032763481526927,0.03545846
3059f5f8-eff3-4139-9bfc-ce378559d80b,0.032763481526927,0.03545846
3059f5f8-eff3-4139-9bfc-ce378559d80b,0.032763481526927,0.03545846
3059f5f8-eff3-4139-9bfc-ce378559d80b,0.032763481526927,0.03545846
3059f5f8-eff3-4139-9bfc-ce378559d80b,0.032763481526927,0.03545846
3059f5f8-eff3-4139-9bfc-ce378559d80b,0.032763481526927,0.03545846
3059f5f8-eff3-4139-9bfc-ce378559d80b,0.032763481526927,0.03545846
3059f5f8-eff3-4139-9bfc-ce378559d80b,0.032763481526927,0.03545846
3059f5f8-eff3-4139-9bfc-ce378559d80b,0.032763481526927,0.03545846
3059f5f8-eff3-4139-9bfc-ce378559d80b,0.032763481526927,0.03545846
3059f5f8-eff3-4139-9bfc-ce378559d80b,0.032763481526927,0.03545846
3059f5f8-eff3-4139-9bfc-ce378559d80b,0.032763481526927,0.03545846
3059f5f8-eff3-4139-9bfc-ce378559d80b,0.032763481526927,0.03545846
3059f5f8-eff3-4139-9bfc-ce378559d80b,0.032763481526927,0.03545846
3059f5f8-eff3-4139-9bfc-ce378559d80b,0.032763481526927,0.03545846
3059f5f8-eff3-4139-9bfc-ce378559d80b,0.032763481526927,0.03545846
3059f5f8-eff3-4139-9bfc-ce378559d80b,0.032763481526927,0.03545846
3059f5f8-eff3-4139-9bfc-ce378559d80b,0.032763481526927,0.03545846
671dc9c6-ac46-41d9-88d4-5cf8baa2d929,0.1031297429543579,0.10271536
671dc9c6-ac46-41d9-88d4-5cf8baa2d929,0.1031297429543579,0.10271536
671dc9c6-ac46-41d9-88d4-5cf8baa2d929,0.1031297429543579,0.10271536
671dc9c6-ac46-41d9-88d4-5cf8baa2d929,0.1031297429543579,0.10271536
671dc9c6-ac46-41d9-88d4-5cf8baa2d929,0.1031297429543579,0.10271536
671dc9c6-ac46-41d9-88d4-5cf8baa2d929,0.1031297429543579,0.10271536
671dc9c6-ac46-41d9-88d4-5cf8baa2d929,0.1031297429543579,0.10271536
671dc9c6-ac46-41d9-88d4-5cf8baa2d929,0.1031297429543579,0.10271536
671dc9c6-ac46-41d9-88d4-5cf8baa2d929,0.1031297429543579,0.10271536
671dc9c6-ac46-41d9-88d4-5cf8baa2d929,0.1031297429543579,0.10271536
671dc9c6-ac46-41d9-88d4-5cf8baa2d929,0.1031297429543579,0.10271536
671dc9c6-ac46-41d9-88d4-5cf8baa2d929,0.1031297429543579,0.10271536
671dc9c6-ac46-41d9-88d4-5cf8baa2d929,0.1031297429543579,0.10271536
671dc9c6-ac46-41d9-88d4-5cf8baa2d929,0.1031297429543579,0.10271536
671dc9c6-ac46-41d9-88d4-5cf8baa2d929,0.1031297429543579,0.10271536
671dc9c6-ac46-41d9-88d4-5cf8baa2d929,0.1031297429543579,0.10271536
671dc9c6-ac46-41d9-88d4-5cf8baa2d929,0.1031297429543579,0.10271536
671dc9c6-ac46-41d9-88d4-5cf8baa2d929,0.1031297429543579,0.10271536
671dc9c6-ac46-41d9-88d4-5cf8baa2d929,0.1031297429543579,0.10271536
671dc9c6-ac46-41d9-88d4-5cf8baa2d929,0.1031297429543579,0.10271536
671dc9c6-ac46-41d9-88d4-5cf8baa2d929,0.1031297429543579,0.10271536
671dc9c6-ac46-41d9-88d4-5cf8baa2d929,0.1031297429543579,0.10271536
671dc9c6-ac46-41d9-88d4-5cf8baa2d929,0.1031297429543579,0.10271536
671dc9c6-ac46-41d9-88d4-5cf8baa2d929,0.1031297429543579,0.10271536
671dc9c6-ac46-41d9-88d4-5cf8baa2d929,0.1031297429543579,0.10271536
671dc9c6-ac46-41d9-88d4-5cf8baa2d929,0.1031297429543579,0.10271536
671dc9c6-ac46-41d9-88d4-5cf8baa2d929,0.1031297429543579,0.10271536
671dc9c6-ac46-41d9-88d4-5cf8baa2d929,0.1031297429543579,0.10271536
671dc9c6-ac46-41d9-88d4-5cf8baa2d929,0.1031297429543579,0.10271536
cd55280d-1c87-418a-858a-d835666acdaf,0.0260031192371991,0.027453609
cd55280d-1c87-418a-858a-d835666acdaf,0.0260031192371991,0.027453609
cd55280d-1c87-418a-858a-d835666acdaf,0.0260031192371991,0.027453609
cd55280d-1c87-418a-858a-d835666acdaf,0.0260031192371991,0.027453609
cd55280d-1c87-418a-858a-d835666acdaf,0.0260031192371991,0.027453609
cd55280d-1c87-418a-858a-d835666acdaf,0.0260031192371991,0.027453609
cd55280d-1c87-418a-858a-d835666acdaf,0.0260031192371991,0.027453609
cd55280d-1c87-418a-858a-d835666acdaf,0.0260031192371991,0.027453609
cd55280d-1c87-418a-858a-d835666acdaf,0.0260031192371991,0.027453609
cd55280d-1c87-418a-858a-d835666acdaf,0.0260031192371991,0.027453609
cd55280d-1c87-418a-858a-d835666acdaf,0.0260031192371991,0.027453609
cd55280d-1c87-418a-858a-d835666acdaf,0.0260031192371991,0.027453609
cd55280d-1c87-418a-858a-d835666acdaf,0.0260031192371991,0.027453609
cd55280d-1c87-418a-858a-d835666acdaf,0.0260031192371991,0.027453609
cd55280d-1c87-418a-858a-d835666acdaf,0.0260031192371991,0.027453609
cd55280d-1c87-418a-858a-d835666acdaf,0.0260031192371991,0.027453609
cd55280d-1c87-418a-858a-d835666acdaf,0.0260031192371991,0.027453609
cd55280d-1c87-418a-858a-d835666acdaf,0.0260031192371991,0.027453609
cd55280d-1c87-418a-858a-d835666acdaf,0.0260031192371991,0.027453609
cd55280d-1c87-418a-858a-d835666acdaf,0.0260031192371991,0.027453609
cd55280d-1c87-418a-858a-d835666acdaf,0.0260031192371991,0.027453609
cd55280d-1c87-418a-858a-d835666acdaf,0.0260031192371991,0.027453609
cd55280d-1c87-418a-858a-d835666acdaf,0.0260031192371991,0.027453609
cd55280d-1c87-418a-858a-d835666acdaf,0.0260031192371991,0.027453609
cd55280d-1c87-418a-858a-d835666acdaf,0.0260031192371991,0.027453609
cd55280d-1c87-418a-858a-d835666acdaf,0.0260031192371991,0.027453609
41ffcaab-b839-4a35-8bfc-9f9b741c4353,0.0605792442219408,0.061362214
41ffcaab-b839-4a35-8bfc-9f9b741c4353,0.0605792442219408,0.061362214
41ffcaab-b839-4a35-8bfc-9f9b741c4353,0.0605792442219408,0.061362214
41ffcaab-b839-4a35-8bfc-9f9b741c4353,0.0605792442219408,0.061362214
41ffcaab-b839-4a35-8bfc-9f9b741c4353,0.0605792442219408,0.061362214
41ffcaab-b839-4a35-8bfc-9f9b741c4353,0.0605792442219408,0.061362214
41ffcaab-b839-4a35-8bfc-9f9b741c4353,0.0605792442219408,0.061362214
41ffcaab-b839-4a35-8bfc-9f9b741c4353,0.0605792442219408,0.061362214
41ffcaab-b839-4a35-8bfc-9f9b741c4353,0.0605792442219408,0.061362214
41ffcaab-b839-4a35-8bfc-9f9b741c4353,0.0605792442219408,0.061362214
41ffcaab-b839-4a35-8bfc-9f9b741c4353,0.0605792442219408,0.061362214
41ffcaab-b839-4a35-8bfc-9f9b741c4353,0.0605792442219408,0.061362214
41ffcaab-b839-4a35-8bfc-9f9b741c4353,0.0605792442219408,0.061362214
41ffcaab-b839-4a35-8bfc-9f9b741c4353,0.0605792442219408,0.061362214
41ffcaab-b839-4a35-8bfc-9f9b741c4353,0.0605792442219408,0.061362214
41ffcaab-b839-4a35-8bfc-9f9b741c4353,0.0605792442219408,0.061362214
41ffcaab-b839-4a35-8bfc-9f9b741c4353,0.0605792442219408,0.061362214
41ffcaab-b839-4a35-8bfc-9f9b741c4353,0.0605792442219408,0.061362214
41ffcaab-b839-4a35-8bfc-9f9b741c4353,0.0605792442219408,0.061362214
41ffcaab-b839-4a35-8bfc-9f9b741c4353,0.0605792442219408,0.061362214
41ffcaab-b839-4a35-8bfc-9f9b741c4353,0.0605792442219408,0.061362214
41ffcaab-b839-4a35-8bfc-9f9b741c4353,0.0605792442219408,0.061362214
41ffcaab-b839-4a35-8bfc-9f9b741c4353,0.0605792442219408,0.061362214
41ffcaab-b839-4a35-8bfc-9f9b741c4353,0.0605792442219408,0.061362214
41ffcaab-b839-4a35-8bfc-9f9b741c4353,0.0605792442219408,0.061362214
41ffcaab-b839-4a35-8bfc-9f9b741c4353,0.0605792442219408,0.061362214
41ffcaab-b839-4a35-8bfc-9f9b741c4353,0.0605792442219408,0.061362214
66428920-f123-42a9-ab9c-a9f43ff407d4,0.0297790355857244,0.02972577
66428920-f123-42a9-ab9c-a9f43ff407d4,0.0297790355857244,0.02972577
66428920-f123-42a9-ab9c-a9f43ff407d4,0.0297790355857244,0.02972577
66428920-f123-42a9-ab9c-a9f43ff407d4,0.0297790355857244,0.02972577
66428920-f123-42a9-ab9c-a9f43ff407d4,0.0297790355857244,0.02972577
66428920-f123-42a9-ab9c-a9f43ff407d4,0.0297790355857244,0.02972577
66428920-f123-42a9-ab9c-a9f43ff407d4,0.0297790355857244,0.02972577
66428920-f123-42a9-ab9c-a9f43ff407d4,0.0297790355857244,0.02972577
66428920-f123-42a9-ab9c-a9f43ff407d4,0.0297790355857244,0.02972577
66428920-f123-42a9-ab9c-a9f43ff407d4,0.0297790355857244,0.02972577
66428920-f123-42a9-ab9c-a9f43ff407d4,0.0297790355857244,0.02972577
66428920-f123-42a9-ab9c-a9f43ff407d4,0.0297790355857244,0.02972577
66428920-f123-42a9-ab9c-a9f43ff407d4,0.0297790355857244,0.02972577
66428920-f123-42a9-ab9c-a9f43ff407d4,0.0297790355857244,0.02972577
66428920-f123-42a9-ab9c-a9f43ff407d4,0.0297790355857244,0.02972577
66428920-f123-42a9-ab9c-a9f43ff407d4,0.0297790355857244,0.02972577
66428920-f123-42a9-ab9c-a9f43ff407d4,0.0297790355857244,0.02972577
66428920-f123-42a9-ab9c-a9f43ff407d4,0.0297790355857244,0.02972577
66428920-f123-42a9-ab9c-a9f43ff407d4,0.0297790355857244,0.02972577
66428920-f123-42a9-ab9c-a9f43ff407d4,0.0297790355857244,0.02972577
24c0cd9a-9b91-474d-925f-82d0dcd8c0a2,0.0448232285452114,0.043006126
24c0cd9a-9b91-474d-925f-82d0dcd8c0a2,0.0448232285452114,0.043006126
24c0cd9a-9b91-474d-925f-82d0dcd8c0a2,0.0448232285452114,0.043006126
24c0cd9a-9b91-474d-925f-82d0dcd8c0a2,0.0448232285452114,0.043006126
24c0cd9a-9b91-474d-925f-82d0dcd8c0a2,0.0448232285452114,0.043006126
24c0cd9a-9b91-474d-925f-82d0dcd8c0a2,0.0448232285452114,0.043006126
24c0cd9a-9b91-474d-925f-82d0dcd8c0a2,0.0448232285452114,0.043006126
24c0cd9a-9b91-474d-925f-82d0dcd8c0a2,0.0448232285452114,0.043006126
24c0cd9a-9b91-474d-925f-82d0dcd8c0a2,0.0448232285452114,0.043006126
24c0cd9a-9b91-474d-925f-82d0dcd8c0a2,0.0448232285452114,0.043006126
24c0cd9a-9b91-474d-925f-82d0dcd8c0a2,0.0448232285452114,0.043006126
24c0cd9a-9b91-474d-925f-82d0dcd8c0a2,0.0448232285452114,0.043006126
24c0cd9a-9b91-474d-925f-82d0dcd8c0a2,0.0448232285452114,0.043006126
24c0cd9a-9b91-474d-925f-82d0dcd8c0a2,0.0448232285452114,0.043006126
24c0cd9a-9b91-474d-925f-82d0dcd8c0a2,0.0448232285452114,0.043006126
24c0cd9a-9b91-474d-925f-82d0dcd8c0a2,0.0448232285452114,0.043006126
24c0cd9a-9b91-474d-925f-82d0dcd8c0a2,0.0448232285452114,0.043006126
24c0cd9a-9b91-474d-925f-82d0dcd8c0a2,0.0448232285452114,0.043006126
24c0cd9a-9b91-474d-925f-82d0dcd8c0a2,0.0448232285452114,0.043006126
24c0cd9a-9b91-474d-925f-82d0dcd8c0a2,0.0448232285452114,0.043006126
24c0cd9a-9b91-474d-925f-82d0dcd8c0a2,0.0448232285452114,0.043006126
24c0cd9a-9b91-474d-925f-82d0dcd8c0a2,0.0448232285452114,0.043006126
24c0cd9a-9b91-474d-925f-82d0dcd8c0a2,0.0448232285452114,0.043006126
24c0cd9a-9b91-474d-925f-82d0dcd8c0a2,0.0448232285452114,0.043006126
b7591227-c48f-4045-a181-62340b088916,0.0288689618843711,0.028250467
b7591227-c48f-4045-a181-62340b088916,0.0288689618843711,0.028250467
b7591227-c48f-4045-a181-62340b088916,0.0288689618843711,0.028250467
b7591227-c48f-4045-a181-62340b088916,0.0288689618843711,0.028250467
b7591227-c48f-4045-a181-62340b088916,0.0288689618843711,0.028250467
b7591227-c48f-4045-a181-62340b088916,0.0288689618843711,0.028250467
b7591227-c48f-4045-a181-62340b088916,0.0288689618843711,0.028250467
b7591227-c48f-4045-a181-62340b088916,0.0288689618843711,0.028250467
b7591227-c48f-4045-a181-62340b088916,0.0288689618843711,0.028250467
b7591227-c48f-4045-a181-62340b088916,0.0288689618843711,0.028250467
b7591227-c48f-4045-a181-62340b088916,0.0288689618843711,0.028250467
b7591227-c48f-4045-a181-62340b088916,0.0288689618843711,0.028250467
b7591227-c48f-4045-a181-62340b088916,0.0288689618843711,0.028250467
b7591227-c48f-4045-a181-62340b088916,0.0288689618843711,0.028250467
b7591227-c48f-4045-a181-62340b088916,0.0288689618843711,0.028250467
b7591227-c48f-4045-a181-62340b088916,0.0288689618843711,0.028250467
b7591227-c48f-4045-a181-62340b088916,0.0288689618843711,0.028250467
b7591227-c48f-4045-a181-62340b088916,0.0288689618843711,0.028250467
b7591227-c48f-4045-a181-62340b088916,0.0288689618843711,0.028250467
b7591227-c48f-4045-a181-62340b088916,0.0288689618843711,0.028250467
b7591227-c48f-4045-a181-62340b088916,0.0288689618843711,0.028250467
b7591227-c48f-4045-a181-62340b088916,0.0288689618843711,0.028250467
b7591227-c48f-4045-a181-62340b088916,0.0288689618843711,0.028250467
b7591227-c48f-4045-a181-62340b088916,0.0288689618843711,0.028250467
b7591227-c48f-4045-a181-62340b088916,0.0288689618843711,0.028250467
b7591227-c48f-4045-a181-62340b088916,0.0288689618843711,0.028250467
b7591227-c48f-4045-a181-62340b088916,0.0288689618843711,0.028250467
b7591227-c48f-4045-a181-62340b088916,0.0288689618843711,0.028250467
cc857234-580a-40c8-a8e7-10a30a50ec3e,0.0335471985002698,0.033723675
cc857234-580a-40c8-a8e7-10a30a50ec3e,0.0335471985002698,0.033723675
cc857234-580a-40c8-a8e7-10a30a50ec3e,0.0335471985002698,0.033723675
cc857234-580a-40c8-a8e7-10a30a50ec3e,0.0335471985002698,0.033723675
cc857234-580a-40c8-a8e7-10a30a50ec3e,0.0335471985002698,0.033723675
cc857234-580a-40c8-a8e7-10a30a50ec3e,0.0335471985002698,0.033723675
cc857234-580a-40c8-a8e7-10a30a50ec3e,0.0335471985002698,0.033723675
cc857234-580a-40c8-a8e7-10a30a50ec3e,0.0335471985002698,0.033723675
cc857234-580a-40c8-a8e7-10a30a50ec3e,0.0335471985002698,0.033723675
cc857234-580a-40c8-a8e7-10a30a50ec3e,0.0335471985002698,0.033723675
cc857234-580a-40c8-a8e7-10a30a50ec3e,0.0335471985002698,0.033723675
cc857234-580a-40c8-a8e7-10a30a50ec3e,0.0335471985002698,0.033723675
cc857234-580a-40c8-a8e7-10a30a50ec3e,0.0335471985002698,0.033723675
cc857234-580a-40c8-a8e7-10a30a50ec3e,0.0335471985002698,0.033723675
cc857234-580a-40c8-a8e7-10a30a50ec3e,0.0335471985002698,0.033723675
f029f0bc-2429-454d-bf8c-47ebffdcc6ae,0.0262271352074218,0.026403882
f029f0bc-2429-454d-bf8c-47ebffdcc6ae,0.0262271352074218,0.026403882
f029f0bc-2429-454d-bf8c-47ebffdcc6ae,0.0262271352074218,0.026403882
f029f0bc-2429-454d-bf8c-47ebffdcc6ae,0.0262271352074218,0.026403882
f029f0bc-2429-454d-bf8c-47ebffdcc6ae,0.0262271352074218,0.026403882
f029f0bc-2429-454d-bf8c-47ebffdcc6ae,0.0262271352074218,0.026403882
f029f0bc-2429-454d-bf8c-47ebffdcc6ae,0.0262271352074218,0.026403882
f029f0bc-2429-454d-bf8c-47ebffdcc6ae,0.0262271352074218,0.026403882
f029f0bc-2429-454d-bf8c-47ebffdcc6ae,0.0262271352074218,0.026403882
f029f0bc-2429-454d-bf8c-47ebffdcc6ae,0.0262271352074218,0.026403882
f029f0bc-2429-454d-bf8c-47ebffdcc6ae,0.0262271352074218,0.026403882
f029f0bc-2429-454d-bf8c-47ebffdcc6ae,0.0262271352074218,0.026403882
f029f0bc-2429-454d-bf8c-47ebffdcc6ae,0.0262271352074218,0.026403882
f029f0bc-2429-454d-bf8c-47ebffdcc6ae,0.0262271352074218,0.026403882
f029f0bc-2429-454d-bf8c-47ebffdcc6ae,0.0262271352074218,0.026403882
f029f0bc-2429-454d-bf8c-47ebffdcc6ae,0.0262271352074218,0.026403882
f029f0bc-2429-454d-bf8c-47ebffdcc6ae,0.0262271352074218,0.026403882
f029f0bc-2429-454d-bf8c-47ebffdcc6ae,0.0262271352074218,0.026403882
f029f0bc-2429-454d-bf8c-47ebffdcc6ae,0.0262271352074218,0.026403882
f029f0bc-2429-454d-bf8c-47ebffdcc6ae,0.0262271352074218,0.026403882
f029f0bc-2429-454d-bf8c-47ebffdcc6ae,0.0262271352074218,0.026403882
f029f0bc-2429-454d-bf8c-47ebffdcc6ae,0.0262271352074218,0.026403882
f029f0bc-2429-454d-bf8c-47ebffdcc6ae,0.0262271352074218,0.026403882
f029f0bc-2429-454d-bf8c-47ebffdcc6ae,0.0262271352074218,0.026403882
f029f0bc-2429-454d-bf8c-47ebffdcc6ae,0.0262271352074218,0.026403882
f029f0bc-2429-454d-bf8c-47ebffdcc6ae,0.0262271352074218,0.026403882
1276f2a3-74b5-47f2-ae5d-cb7508aeb00e,0.0225654745832302,0.023714367
1276f2a3-74b5-47f2-ae5d-cb7508aeb00e,0.0225654745832302,0.023714367
1276f2a3-74b5-47f2-ae5d-cb7508aeb00e,0.0225654745832302,0.023714367
1276f2a3-74b5-47f2-ae5d-cb7508aeb00e,0.0225654745832302,0.023714367
1276f2a3-74b5-47f2-ae5d-cb7508aeb00e,0.0225654745832302,0.023714367
1276f2a3-74b5-47f2-ae5d-cb7508aeb00e,0.0225654745832302,0.023714367
1276f2a3-74b5-47f2-ae5d-cb7508aeb00e,0.0225654745832302,0.023714367
1276f2a3-74b5-47f2-ae5d-cb7508aeb00e,0.0225654745832302,0.023714367
1276f2a3-74b5-47f2-ae5d-cb7508aeb00e,0.0225654745832302,0.023714367
1276f2a3-74b5-47f2-ae5d-cb7508aeb00e,0.0225654745832302,0.023714367
1276f2a3-74b5-47f2-ae5d-cb7508aeb00e,0.0225654745832302,0.023714367
1276f2a3-74b5-47f2-ae5d-cb7508aeb00e,0.0225654745832302,0.023714367
1276f2a3-74b5-47f2-ae5d-cb7508aeb00e,0.0225654745832302,0.023714367
1276f2a3-74b5-47f2-ae5d-cb7508aeb00e,0.0225654745832302,0.023714367
1276f2a3-74b5-47f2-ae5d-cb7508aeb00e,0.0225654745832302,0.023714367
1276f2a3-74b5-47f2-ae5d-cb7508aeb00e,0.0225654745832302,0.023714367
1276f2a3-74b5-47f2-ae5d-cb7508aeb00e,0.0225654745832302,0.023714367
1276f2a3-74b5-47f2-ae5d-cb7508aeb00e,0.0225654745832302,0.023714367
1276f2a3-74b5-47f2-ae5d-cb7508aeb00e,0.0225654745832302,0.023714367
aee77e25-7600-4a86-8c58-022229cb531a,0.0572231846401324,0.05837396
aee77e25-7600-4a86-8c58-022229cb531a,0.0572231846401324,0.05837396
aee77e25-7600-4a86-8c58-022229cb531a,0.0572231846401324,0.05837396
aee77e25-7600-4a86-8c58-022229cb531a,0.0572231846401324,0.05837396
aee77e25-7600-4a86-8c58-022229cb531a,0.0572231846401324,0.05837396
aee77e25-7600-4a86-8c58-022229cb531a,0.0572231846401324,0.05837396
aee77e25-7600-4a86-8c58-022229cb531a,0.0572231846401324,0.05837396
aee77e25-7600-4a86-8c58-022229cb531a,0.0572231846401324,0.05837396
aee77e25-7600-4a86-8c58-022229cb531a,0.0572231846401324,0.05837396
aee77e25-7600-4a86-8c58-022229cb531a,0.0572231846401324,0.05837396
aee77e25-7600-4a86-8c58-022229cb531a,0.0572231846401324,0.05837396
aee77e25-7600-4a86-8c58-022229cb531a,0.0572231846401324,0.05837396
aee77e25-7600-4a86-8c58-022229cb531a,0.0572231846401324,0.05837396
aee77e25-7600-4a86-8c58-022229cb531a,0.0572231846401324,0.05837396
aee77e25-7600-4a86-8c58-022229cb531a,0.0572231846401324,0.05837396
aee77e25-7600-4a86-8c58-022229cb531a,0.0572231846401324,0.05837396
aee77e25-7600-4a86-8c58-022229cb531a,0.0572231846401324,0.05837396
aee77e25-7600-4a86-8c58-022229cb531a,0.0572231846401324,0.05837396
aee77e25-7600-4a86-8c58-022229cb531a,0.0572231846401324,0.05837396
fb10f478-d42c-435b-865b-1f1f571abc10,0.1764631894605012,0.1687689
fb10f478-d42c-435b-865b-1f1f571abc10,0.1764631894605012,0.1687689
fb10f478-d42c-435b-865b-1f1f571abc10,0.1764631894605012,0.1687689
fb10f478-d42c-435b-865b-1f1f571abc10,0.1764631894605012,0.1687689
fb10f478-d42c-435b-865b-1f1f571abc10,0.1764631894605012,0.1687689
fb10f478-d42c-435b-865b-1f1f571abc10,0.1764631894605012,0.1687689
fb10f478-d42c-435b-865b-1f1f571abc10,0.1764631894605012,0.1687689
fb10f478-d42c-435b-865b-1f1f571abc10,0.1764631894605012,0.1687689
fb10f478-d42c-435b-865b-1f1f571abc10,0.1764631894605012,0.1687689
fb10f478-d42c-435b-865b-1f1f571abc10,0.1764631894605012,0.1687689
fb10f478-d42c-435b-865b-1f1f571abc10,0.1764631894605012,0.1687689
fb10f478-d42c-435b-865b-1f1f571abc10,0.1764631894605012,0.1687689
fb10f478-d42c-435b-865b-1f1f571abc10,0.1764631894605012,0.1687689
fb10f478-d42c-435b-865b-1f1f571abc10,0.1764631894605012,0.1687689
fb10f478-d42c-435b-865b-1f1f571abc10,0.1764631894605012,0.1687689
316f2bdc-95c2-4740-8672-03886cf19e13,0.0244254133970338,0.025882155
316f2bdc-95c2-4740-8672-03886cf19e13,0.0244254133970338,0.025882155
316f2bdc-95c2-4740-8672-03886cf19e13,0.0244254133970338,0.025882155
316f2bdc-95c2-4740-8672-03886cf19e13,0.0244254133970338,0.025882155
316f2bdc-95c2-4740-8672-03886cf19e13,0.0244254133970338,0.025882155
316f2bdc-95c2-4740-8672-03886cf19e13,0.0244254133970338,0.025882155
316f2bdc-95c2-4740-8672-03886cf19e13,0.0244254133970338,0.025882155
316f2bdc-95c2-4740-8672-03886cf19e13,0.0244254133970338,0.025882155
316f2bdc-95c2-4740-8672-03886cf19e13,0.0244254133970338,0.025882155
316f2bdc-95c2-4740-8672-03886cf19e13,0.0244254133970338,0.025882155
316f2bdc-95c2-4740-8672-03886cf19e13,0.0244254133970338,0.025882155
316f2bdc-95c2-4740-8672-03886cf19e13,0.0244254133970338,0.025882155
316f2bdc-95c2-4740-8672-03886cf19e13,0.0244254133970338,0.025882155
316f2bdc-95c2-4740-8672-03886cf19e13,0.0244254133970338,0.025882155
316f2bdc-95c2-4740-8672-03886cf19e13,0.0244254133970338,0.025882155
316f2bdc-95c2-4740-8672-03886cf19e13,0.0244254133970338,0.025882155
316f2bdc-95c2-4740-8672-03886cf19e13,0.0244254133970338,0.025882155
316f2bdc-95c2-4740-8672-03886cf19e13,0.0244254133970338,0.025882155
316f2bdc-95c2-4740-8672-03886cf19e13,0.0244254133970338,0.025882155
316f2bdc-95c2-4740-8672-03886cf19e13,0.0244254133970338,0.025882155
ac5dcf2a-9ef6-4732-b8fa-bcd9d7868e05,0.0369440421302783,0.038194187
ac5dcf2a-9ef6-4732-b8fa-bcd9d7868e05,0.0369440421302783,0.038194187
ac5dcf2a-9ef6-4732-b8fa-bcd9d7868e05,0.0369440421302783,0.038194187
ac5dcf2a-9ef6-4732-b8fa-bcd9d7868e05,0.0369440421302783,0.038194187
ac5dcf2a-9ef6-4732-b8fa-bcd9d7868e05,0.0369440421302783,0.038194187
ac5dcf2a-9ef6-4732-b8fa-bcd9d7868e05,0.0369440421302783,0.038194187
ac5dcf2a-9ef6-4732-b8fa-bcd9d7868e05,0.0369440421302783,0.038194187
ac5dcf2a-9ef6-4732-b8fa-bcd9d7868e05,0.0369440421302783,0.038194187
ac5dcf2a-9ef6-4732-b8fa-bcd9d7868e05,0.0369440421302783,0.038194187
ac5dcf2a-9ef6-4732-b8fa-bcd9d7868e05,0.0369440421302783,0.038194187
ac5dcf2a-9ef6-4732-b8fa-bcd9d7868e05,0.0369440421302783,0.038194187
ac5dcf2a-9ef6-4732-b8fa-bcd9d7868e05,0.0369440421302783,0.038194187
ac5dcf2a-9ef6-4732-b8fa-bcd9d7868e05,0.0369440421302783,0.038194187
ac5dcf2a-9ef6-4732-b8fa-bcd9d7868e05,0.0369440421302783,0.038194187
ac5dcf2a-9ef6-4732-b8fa-bcd9d7868e05,0.0369440421302783,0.038194187
ac5dcf2a-9ef6-4732-b8fa-bcd9d7868e05,0.0369440421302783,0.038194187
ac5dcf2a-9ef6-4732-b8fa-bcd9d7868e05,0.0369440421302783,0.038194187
ac5dcf2a-9ef6-4732-b8fa-bcd9d7868e05,0.0369440421302783,0.038194187
ac5dcf2a-9ef6-4732-b8fa-bcd9d7868e05,0.0369440421302783,0.038194187
44a3dbc8-c5b9-43ca-bfcc-dfb83dcbff6f,0.0378699956418465,0.039314087
44a3dbc8-c5b9-43ca-bfcc-dfb83dcbff6f,0.0378699956418465,0.039314087
44a3dbc8-c5b9-43ca-bfcc-dfb83dcbff6f,0.0378699956418465,0.039314087
44a3dbc8-c5b9-43ca-bfcc-dfb83dcbff6f,0.0378699956418465,0.039314087
44a3dbc8-c5b9-43ca-bfcc-dfb83dcbff6f,0.0378699956418465,0.039314087
44a3dbc8-c5b9-43ca-bfcc-dfb83dcbff6f,0.0378699956418465,0.039314087
44a3dbc8-c5b9-43ca-bfcc-dfb83dcbff6f,0.0378699956418465,0.039314087
44a3dbc8-c5b9-43ca-bfcc-dfb83dcbff6f,0.0378699956418465,0.039314087
44a3dbc8-c5b9-43ca-bfcc-dfb83dcbff6f,0.0378699956418465,0.039314087
44a3dbc8-c5b9-43ca-bfcc-dfb83dcbff6f,0.0378699956418465,0.039314087
44a3dbc8-c5b9-43ca-bfcc-dfb83dcbff6f,0.0378699956418465,0.039314087
44a3dbc8-c5b9-43ca-bfcc-dfb83dcbff6f,0.0378699956418465,0.039314087
44a3dbc8-c5b9-43ca-bfcc-dfb83dcbff6f,0.0378699956418465,0.039314087
44a3dbc8-c5b9-43ca-bfcc-dfb83dcbff6f,0.0378699956418465,0.039314087
44a3dbc8-c5b9-43ca-bfcc-dfb83dcbff6f,0.0378699956418465,0.039314087
44a3dbc8-c5b9-43ca-bfcc-dfb83dcbff6f,0.0378699956418465,0.039314087
44a3dbc8-c5b9-43ca-bfcc-dfb83dcbff6f,0.0378699956418465,0.039314087
44a3dbc8-c5b9-43ca-bfcc-dfb83dcbff6f,0.0378699956418465,0.039314087
44a3dbc8-c5b9-43ca-bfcc-dfb83dcbff6f,0.0378699956418465,0.039314087
44a3dbc8-c5b9-43ca-bfcc-dfb83dcbff6f,0.0378699956418465,0.039314087
44a3dbc8-c5b9-43ca-bfcc-dfb83dcbff6f,0.0378699956418465,0.039314087
44a3dbc8-c5b9-43ca-bfcc-dfb83dcbff6f,0.0378699956418465,0.039314087
23afec36-58d7-4b7f-ae94-30c24ea7f114,0.149188822321018,0.14790674
23afec36-58d7-4b7f-ae94-30c24ea7f114,0.149188822321018,0.14790674
23afec36-58d7-4b7f-ae94-30c24ea7f114,0.149188822321018,0.14790674
23afec36-58d7-4b7f-ae94-30c24ea7f114,0.149188822321018,0.14790674
23afec36-58d7-4b7f-ae94-30c24ea7f114,0.149188822321018,0.14790674
23afec36-58d7-4b7f-ae94-30c24ea7f114,0.149188822321018,0.14790674
23afec36-58d7-4b7f-ae94-30c24ea7f114,0.149188822321018,0.14790674
23afec36-58d7-4b7f-ae94-30c24ea7f114,0.149188822321018,0.14790674
23afec36-58d7-4b7f-ae94-30c24ea7f114,0.149188822321018,0.14790674
23afec36-58d7-4b7f-ae94-30c24ea7f114,0.149188822321018,0.14790674
23afec36-58d7-4b7f-ae94-30c24ea7f114,0.149188822321018,0.14790674
23afec36-58d7-4b7f-ae94-30c24ea7f114,0.149188822321018,0.14790674
23afec36-58d7-4b7f-ae94-30c24ea7f114,0.149188822321018,0.14790674
23afec36-58d7-4b7f-ae94-30c24ea7f114,0.149188822321018,0.14790674
23afec36-58d7-4b7f-ae94-30c24ea7f114,0.149188822321018,0.14790674
23afec36-58d7-4b7f-ae94-30c24ea7f114,0.149188822321018,0.14790674
23afec36-58d7-4b7f-ae94-30c24ea7f114,0.149188822321018,0.14790674
23afec36-58d7-4b7f-ae94-30c24ea7f114,0.149188822321018,0.14790674
23afec36-58d7-4b7f-ae94-30c24ea7f114,0.149188822321018,0.14790674
23afec36-58d7-4b7f-ae94-30c24ea7f114,0.149188822321018,0.14790674
23afec36-58d7-4b7f-ae94-30c24ea7f114,0.149188822321018,0.14790674
23afec36-58d7-4b7f-ae94-30c24ea7f114,0.149188822321018,0.14790674
23afec36-58d7-4b7f-ae94-30c24ea7f114,0.149188822321018,0.14790674
23afec36-58d7-4b7f-ae94-30c24ea7f114,0.149188822321018,0.14790674
23afec36-58d7-4b7f-ae94-30c24ea7f114,0.149188822321018,0.14790674
23afec36-58d7-4b7f-ae94-30c24ea7f114,0.149188822321018,0.14790674
23afec36-58d7-4b7f-ae94-30c24ea7f114,0.149188822321018,0.14790674
23afec36-58d7-4b7f-ae94-30c24ea7f114,0.149188822321018,0.14790674
23afec36-58d7-4b7f-ae94-30c24ea7f114,0.149188822321018,0.14790674
0aca90cb-3846-4198-8af5-2a2bd47de5dd,0.0316507455115736,0.035522588
0aca90cb-3846-4198-8af5-2a2bd47de5dd,0.0316507455115736,0.035522588
0aca90cb-3846-4198-8af5-2a2bd47de5dd,0.0316507455115736,0.035522588
0aca90cb-3846-4198-8af5-2a2bd47de5dd,0.0316507455115736,0.035522588
0aca90cb-3846-4198-8af5-2a2bd47de5dd,0.0316507455115736,0.035522588
0aca90cb-3846-4198-8af5-2a2bd47de5dd,0.0316507455115736,0.035522588
0aca90cb-3846-4198-8af5-2a2bd47de5dd,0.0316507455115736,0.035522588
0aca90cb-3846-4198-8af5-2a2bd47de5dd,0.0316507455115736,0.035522588
0aca90cb-3846-4198-8af5-2a2bd47de5dd,0.0316507455115736,0.035522588
0aca90cb-3846-4198-8af5-2a2bd47de5dd,0.0316507455115736,0.035522588
0aca90cb-3846-4198-8af5-2a2bd47de5dd,0.0316507455115736,0.035522588
0aca90cb-3846-4198-8af5-2a2bd47de5dd,0.0316507455115736,0.035522588
0aca90cb-3846-4198-8af5-2a2bd47de5dd,0.0316507455115736,0.035522588
0aca90cb-3846-4198-8af5-2a2bd47de5dd,0.0316507455115736,0.035522588
0aca90cb-3846-4198-8af5-2a2bd47de5dd,0.0316507455115736,0.035522588
0aca90cb-3846-4198-8af5-2a2bd47de5dd,0.0316507455115736,0.035522588
0aca90cb-3846-4198-8af5-2a2bd47de5dd,0.0316507455115736,0.035522588
0aca90cb-3846-4198-8af5-2a2bd47de5dd,0.0316507455115736,0.035522588
0aca90cb-3846-4198-8af5-2a2bd47de5dd,0.0316507455115736,0.035522588
0aca90cb-3846-4198-8af5-2a2bd47de5dd,0.0316507455115736,0.035522588
0aca90cb-3846-4198-8af5-2a2bd47de5dd,0.0316507455115736,0.035522588
0aca90cb-3846-4198-8af5-2a2bd47de5dd,0.0316507455115736,0.035522588
0aca90cb-3846-4198-8af5-2a2bd47de5dd,0.0316507455115736,0.035522588
0aca90cb-3846-4198-8af5-2a2bd47de5dd,0.0316507455115736,0.035522588
d3f752a3-b24a-426e-a10d-b201e7eaec94,0.0491707751335363,0.049059413
d3f752a3-b24a-426e-a10d-b201e7eaec94,0.0491707751335363,0.049059413
d3f752a3-b24a-426e-a10d-b201e7eaec94,0.0491707751335363,0.049059413
d3f752a3-b24a-426e-a10d-b201e7eaec94,0.0491707751335363,0.049059413
d3f752a3-b24a-426e-a10d-b201e7eaec94,0.0491707751335363,0.049059413
d3f752a3-b24a-426e-a10d-b201e7eaec94,0.0491707751335363,0.049059413
d3f752a3-b24a-426e-a10d-b201e7eaec94,0.0491707751335363,0.049059413
d3f752a3-b24a-426e-a10d-b201e7eaec94,0.0491707751335363,0.049059413
d3f752a3-b24a-426e-a10d-b201e7eaec94,0.0491707751335363,0.049059413
d3f752a3-b24a-426e-a10d-b201e7eaec94,0.0491707751335363,0.049059413
d3f752a3-b24a-426e-a10d-b201e7eaec94,0.0491707751335363,0.049059413
d3f752a3-b24a-426e-a10d-b201e7eaec94,0.0491707751335363,0.049059413
d3f752a3-b24a-426e-a10d-b201e7eaec94,0.0491707751335363,0.049059413
d3f752a3-b24a-426e-a10d-b201e7eaec94,0.0491707751335363,0.049059413
d3f752a3-b24a-426e-a10d-b201e7eaec94,0.0491707751335363,0.049059413
d3f752a3-b24a-426e-a10d-b201e7eaec94,0.0491707751335363,0.049059413
d3f752a3-b24a-426e-a10d-b201e7eaec94,0.0491707751335363,0.049059413
d3f752a3-b24a-426e-a10d-b201e7eaec94,0.0491707751335363,0.049059413
d3f752a3-b24a-426e-a10d-b201e7eaec94,0.0491707751335363,0.049059413
d3f752a3-b24a-426e-a10d-b201e7eaec94,0.0491707751335363,0.049059413
d3f752a3-b24a-426e-a10d-b201e7eaec94,0.0491707751335363,0.049059413
d3f752a3-b24a-426e-a10d-b201e7eaec94,0.0491707751335363,0.049059413
d3f752a3-b24a-426e-a10d-b201e7eaec94,0.0491707751335363,0.049059413
d3f752a3-b24a-426e-a10d-b201e7eaec94,0.0491707751335363,0.049059413
d3f752a3-b24a-426e-a10d-b201e7eaec94,0.0491707751335363,0.049059413
6232f0a1-0620-4c20-8de3-bd1377fa2185,0.031400348023451,0.031241907
6232f0a1-0620-4c20-8de3-bd1377fa2185,0.031400348023451,0.031241907
6232f0a1-0620-4c20-8de3-bd1377fa2185,0.031400348023451,0.031241907
6232f0a1-0620-4c20-8de3-bd1377fa2185,0.031400348023451,0.031241907
6232f0a1-0620-4c20-8de3-bd1377fa2185,0.031400348023451,0.031241907
6232f0a1-0620-4c20-8de3-bd1377fa2185,0.031400348023451,0.031241907
6232f0a1-0620-4c20-8de3-bd1377fa2185,0.031400348023451,0.031241907
6232f0a1-0620-4c20-8de3-bd1377fa2185,0.031400348023451,0.031241907
6232f0a1-0620-4c20-8de3-bd1377fa2185,0.031400348023451,0.031241907
6232f0a1-0620-4c20-8de3-bd1377fa2185,0.031400348023451,0.031241907
6232f0a1-0620-4c20-8de3-bd1377fa2185,0.031400348023451,0.031241907
6232f0a1-0620-4c20-8de3-bd1377fa2185,0.031400348023451,0.031241907
6232f0a1-0620-4c20-8de3-bd1377fa2185,0.031400348023451,0.031241907
6232f0a1-0620-4c20-8de3-bd1377fa2185,0.031400348023451,0.031241907
6232f0a1-0620-4c20-8de3-bd1377fa2185,0.031400348023451,0.031241907
6232f0a1-0620-4c20-8de3-bd1377fa2185,0.031400348023451,0.031241907
6232f0a1-0620-4c20-8de3-bd1377fa2185,0.031400348023451,0.031241907
6232f0a1-0620-4c20-8de3-bd1377fa2185,0.031400348023451,0.031241907
6232f0a1-0620-4c20-8de3-bd1377fa2185,0.031400348023451,0.031241907
6232f0a1-0620-4c20-8de3-bd1377fa2185,0.031400348023451,0.031241907
6232f0a1-0620-4c20-8de3-bd1377fa2185,0.031400348023451,0.031241907
6232f0a1-0620-4c20-8de3-bd1377fa2185,0.031400348023451,0.031241907
6232f0a1-0620-4c20-8de3-bd1377fa2185,0.031400348023451,0.031241907
6232f0a1-0620-4c20-8de3-bd1377fa2185,0.031400348023451,0.031241907
f23ced6d-9e8a-4f29-8d8b-569da7e0b40e,0.0240451294503755,0.030802835
f23ced6d-9e8a-4f29-8d8b-569da7e0b40e,0.0240451294503755,0.030802835
f23ced6d-9e8a-4f29-8d8b-569da7e0b40e,0.0240451294503755,0.030802835
f23ced6d-9e8a-4f29-8d8b-569da7e0b40e,0.0240451294503755,0.030802835
f23ced6d-9e8a-4f29-8d8b-569da7e0b40e,0.0240451294503755,0.030802835
f23ced6d-9e8a-4f29-8d8b-569da7e0b40e,0.0240451294503755,0.030802835
f23ced6d-9e8a-4f29-8d8b-569da7e0b40e,0.0240451294503755,0.030802835
f23ced6d-9e8a-4f29-8d8b-569da7e0b40e,0.0240451294503755,0.030802835
f23ced6d-9e8a-4f29-8d8b-569da7e0b40e,0.0240451294503755,0.030802835
f23ced6d-9e8a-4f29-8d8b-569da7e0b40e,0.0240451294503755,0.030802835
f23ced6d-9e8a-4f29-8d8b-569da7e0b40e,0.0240451294503755,0.030802835
f23ced6d-9e8a-4f29-8d8b-569da7e0b40e,0.0240451294503755,0.030802835
f23ced6d-9e8a-4f29-8d8b-569da7e0b40e,0.0240451294503755,0.030802835
f23ced6d-9e8a-4f29-8d8b-569da7e0b40e,0.0240451294503755,0.030802835
f23ced6d-9e8a-4f29-8d8b-569da7e0b40e,0.0240451294503755,0.030802835
f23ced6d-9e8a-4f29-8d8b-569da7e0b40e,0.0240451294503755,0.030802835
663efb92-9a74-45fa-8ffd-a0e911cd8ad4,0.17441872811223,0.17023967
663efb92-9a74-45fa-8ffd-a0e911cd8ad4,0.17441872811223,0.17023967
663efb92-9a74-45fa-8ffd-a0e911cd8ad4,0.17441872811223,0.17023967
663efb92-9a74-45fa-8ffd-a0e911cd8ad4,0.17441872811223,0.17023967
663efb92-9a74-45fa-8ffd-a0e911cd8ad4,0.17441872811223,0.17023967
663efb92-9a74-45fa-8ffd-a0e911cd8ad4,0.17441872811223,0.17023967
663efb92-9a74-45fa-8ffd-a0e911cd8ad4,0.17441872811223,0.17023967
663efb92-9a74-45fa-8ffd-a0e911cd8ad4,0.17441872811223,0.17023967
663efb92-9a74-45fa-8ffd-a0e911cd8ad4,0.17441872811223,0.17023967
663efb92-9a74-45fa-8ffd-a0e911cd8ad4,0.17441872811223,0.17023967
663efb92-9a74-45fa-8ffd-a0e911cd8ad4,0.17441872811223,0.17023967
663efb92-9a74-45fa-8ffd-a0e911cd8ad4,0.17441872811223,0.17023967
663efb92-9a74-45fa-8ffd-a0e911cd8ad4,0.17441872811223,0.17023967
663efb92-9a74-45fa-8ffd-a0e911cd8ad4,0.17441872811223,0.17023967
663efb92-9a74-45fa-8ffd-a0e911cd8ad4,0.17441872811223,0.17023967
663efb92-9a74-45fa-8ffd-a0e911cd8ad4,0.17441872811223,0.17023967
663efb92-9a74-45fa-8ffd-a0e911cd8ad4,0.17441872811223,0.17023967
663efb92-9a74-45fa-8ffd-a0e911cd8ad4,0.17441872811223,0.17023967
663efb92-9a74-45fa-8ffd-a0e911cd8ad4,0.17441872811223,0.17023967
663efb92-9a74-45fa-8ffd-a0e911cd8ad4,0.17441872811223,0.17023967
663efb92-9a74-45fa-8ffd-a0e911cd8ad4,0.17441872811223,0.17023967
9f521a3f-b740-45e6-b1d4-d98bb76eb436,0.0870225008112599,0.082959384
9f521a3f-b740-45e6-b1d4-d98bb76eb436,0.0870225008112599,0.082959384
9f521a3f-b740-45e6-b1d4-d98bb76eb436,0.0870225008112599,0.082959384
9f521a3f-b740-45e6-b1d4-d98bb76eb436,0.0870225008112599,0.082959384
9f521a3f-b740-45e6-b1d4-d98bb76eb436,0.0870225008112599,0.082959384
9f521a3f-b740-45e6-b1d4-d98bb76eb436,0.0870225008112599,0.082959384
9f521a3f-b740-45e6-b1d4-d98bb76eb436,0.0870225008112599,0.082959384
9f521a3f-b740-45e6-b1d4-d98bb76eb436,0.0870225008112599,0.082959384
9f521a3f-b740-45e6-b1d4-d98bb76eb436,0.0870225008112599,0.082959384
9f521a3f-b740-45e6-b1d4-d98bb76eb436,0.0870225008112599,0.082959384
9f521a3f-b740-45e6-b1d4-d98bb76eb436,0.0870225008112599,0.082959384
9f521a3f-b740-45e6-b1d4-d98bb76eb436,0.0870225008112599,0.082959384
9f521a3f-b740-45e6-b1d4-d98bb76eb436,0.0870225008112599,0.082959384
9f521a3f-b740-45e6-b1d4-d98bb76eb436,0.0870225008112599,0.082959384
9f521a3f-b740-45e6-b1d4-d98bb76eb436,0.0870225008112599,0.082959384
9f521a3f-b740-45e6-b1d4-d98bb76eb436,0.0870225008112599,0.082959384
9f521a3f-b740-45e6-b1d4-d98bb76eb436,0.0870225008112599,0.082959384
9f521a3f-b740-45e6-b1d4-d98bb76eb436,0.0870225008112599,0.082959384
9f521a3f-b740-45e6-b1d4-d98bb76eb436,0.0870225008112599,0.082959384
09c73929-0740-4e2b-a164-4a9b7752d8f0,0.0736107762808735,0.072674476
09c73929-0740-4e2b-a164-4a9b7752d8f0,0.0736107762808735,0.072674476
09c73929-0740-4e2b-a164-4a9b7752d8f0,0.0736107762808735,0.072674476
09c73929-0740-4e2b-a164-4a9b7752d8f0,0.0736107762808735,0.072674476
09c73929-0740-4e2b-a164-4a9b7752d8f0,0.0736107762808735,0.072674476
09c73929-0740-4e2b-a164-4a9b7752d8f0,0.0736107762808735,0.072674476
09c73929-0740-4e2b-a164-4a9b7752d8f0,0.0736107762808735,0.072674476
09c73929-0740-4e2b-a164-4a9b7752d8f0,0.0736107762808735,0.072674476
09c73929-0740-4e2b-a164-4a9b7752d8f0,0.0736107762808735,0.072674476
09c73929-0740-4e2b-a164-4a9b7752d8f0,0.0736107762808735,0.072674476
09c73929-0740-4e2b-a164-4a9b7752d8f0,0.0736107762808735,0.072674476
09c73929-0740-4e2b-a164-4a9b7752d8f0,0.0736107762808735,0.072674476
09c73929-0740-4e2b-a164-4a9b7752d8f0,0.0736107762808735,0.072674476
09c73929-0740-4e2b-a164-4a9b7752d8f0,0.0736107762808735,0.072674476
09c73929-0740-4e2b-a164-4a9b7752d8f0,0.0736107762808735,0.072674476
09c73929-0740-4e2b-a164-4a9b7752d8f0,0.0736107762808735,0.072674476
09c73929-0740-4e2b-a164-4a9b7752d8f0,0.0736107762808735,0.072674476
09c73929-0740-4e2b-a164-4a9b7752d8f0,0.0736107762808735,0.072674476
09c73929-0740-4e2b-a164-4a9b7752d8f0,0.0736107762808735,0.072674476
09c73929-0740-4e2b-a164-4a9b7752d8f0,0.0736107762808735,0.072674476
09c73929-0740-4e2b-a164-4a9b7752d8f0,0.0736107762808735,0.072674476
09c73929-0740-4e2b-a164-4a9b7752d8f0,0.0736107762808735,0.072674476
09c73929-0740-4e2b-a164-4a9b7752d8f0,0.0736107762808735,0.072674476
4735e5d7-e639-4248-9c90-cf058d96491f,0.0200650823347215,0.019774746
4735e5d7-e639-4248-9c90-cf058d96491f,0.0200650823347215,0.019774746
4735e5d7-e639-4248-9c90-cf058d96491f,0.0200650823347215,0.019774746
4735e5d7-e639-4248-9c90-cf058d96491f,0.0200650823347215,0.019774746
4735e5d7-e639-4248-9c90-cf058d96491f,0.0200650823347215,0.019774746
4735e5d7-e639-4248-9c90-cf058d96491f,0.0200650823347215,0.019774746
4735e5d7-e639-4248-9c90-cf058d96491f,0.0200650823347215,0.019774746
4735e5d7-e639-4248-9c90-cf058d96491f,0.0200650823347215,0.019774746
4735e5d7-e639-4248-9c90-cf058d96491f,0.0200650823347215,0.019774746
4735e5d7-e639-4248-9c90-cf058d96491f,0.0200650823347215,0.019774746
4735e5d7-e639-4248-9c90-cf058d96491f,0.0200650823347215,0.019774746
4735e5d7-e639-4248-9c90-cf058d96491f,0.0200650823347215,0.019774746
4735e5d7-e639-4248-9c90-cf058d96491f,0.0200650823347215,0.019774746
4735e5d7-e639-4248-9c90-cf058d96491f,0.0200650823347215,0.019774746
4735e5d7-e639-4248-9c90-cf058d96491f,0.0200650823347215,0.019774746
4735e5d7-e639-4248-9c90-cf058d96491f,0.0200650823347215,0.019774746
4735e5d7-e639-4248-9c90-cf058d96491f,0.0200650823347215,0.019774746
4735e5d7-e639-4248-9c90-cf058d96491f,0.0200650823347215,0.019774746
4735e5d7-e639-4248-9c90-cf058d96491f,0.0200650823347215,0.019774746
a0f2fe6a-cc1e-4da7-a8d7-1dc104d9afa7,0.0289036223174436,0.029281287
a0f2fe6a-cc1e-4da7-a8d7-1dc104d9afa7,0.0289036223174436,0.029281287
a0f2fe6a-cc1e-4da7-a8d7-1dc104d9afa7,0.0289036223174436,0.029281287
a0f2fe6a-cc1e-4da7-a8d7-1dc104d9afa7,0.0289036223174436,0.029281287
a0f2fe6a-cc1e-4da7-a8d7-1dc104d9afa7,0.0289036223174436,0.029281287
a0f2fe6a-cc1e-4da7-a8d7-1dc104d9afa7,0.0289036223174436,0.029281287
a0f2fe6a-cc1e-4da7-a8d7-1dc104d9afa7,0.0289036223174436,0.029281287
a0f2fe6a-cc1e-4da7-a8d7-1dc104d9afa7,0.0289036223174436,0.029281287
a0f2fe6a-cc1e-4da7-a8d7-1dc104d9afa7,0.0289036223174436,0.029281287
a0f2fe6a-cc1e-4da7-a8d7-1dc104d9afa7,0.0289036223174436,0.029281287
a0f2fe6a-cc1e-4da7-a8d7-1dc104d9afa7,0.0289036223174436,0.029281287
a0f2fe6a-cc1e-4da7-a8d7-1dc104d9afa7,0.0289036223174436,0.029281287
a0f2fe6a-cc1e-4da7-a8d7-1dc104d9afa7,0.0289036223174436,0.029281287
a0f2fe6a-cc1e-4da7-a8d7-1dc104d9afa7,0.0289036223174436,0.029281287
a0f2fe6a-cc1e-4da7-a8d7-1dc104d9afa7,0.0289036223174436,0.029281287
a0f2fe6a-cc1e-4da7-a8d7-1dc104d9afa7,0.0289036223174436,0.029281287
a0f2fe6a-cc1e-4da7-a8d7-1dc104d9afa7,0.0289036223174436,0.029281287
a0f2fe6a-cc1e-4da7-a8d7-1dc104d9afa7,0.0289036223174436,0.029281287
a0f2fe6a-cc1e-4da7-a8d7-1dc104d9afa7,0.0289036223174436,0.029281287
a0f2fe6a-cc1e-4da7-a8d7-1dc104d9afa7,0.0289036223174436,0.029281287
a0f2fe6a-cc1e-4da7-a8d7-1dc104d9afa7,0.0289036223174436,0.029281287
a0f2fe6a-cc1e-4da7-a8d7-1dc104d9afa7,0.0289036223174436,0.029281287
c26faa37-830e-4fdc-a2f1-f54ac98efc7c,0.046173874914429,0.04611821
c26faa37-830e-4fdc-a2f1-f54ac98efc7c,0.046173874914429,0.04611821
c26faa37-830e-4fdc-a2f1-f54ac98efc7c,0.046173874914429,0.04611821
c26faa37-830e-4fdc-a2f1-f54ac98efc7c,0.046173874914429,0.04611821
c26faa37-830e-4fdc-a2f1-f54ac98efc7c,0.046173874914429,0.04611821
c26faa37-830e-4fdc-a2f1-f54ac98efc7c,0.046173874914429,0.04611821
c26faa37-830e-4fdc-a2f1-f54ac98efc7c,0.046173874914429,0.04611821
c26faa37-830e-4fdc-a2f1-f54ac98efc7c,0.046173874914429,0.04611821
c26faa37-830e-4fdc-a2f1-f54ac98efc7c,0.046173874914429,0.04611821
c26faa37-830e-4fdc-a2f1-f54ac98efc7c,0.046173874914429,0.04611821
c26faa37-830e-4fdc-a2f1-f54ac98efc7c,0.046173874914429,0.04611821
c26faa37-830e-4fdc-a2f1-f54ac98efc7c,0.046173874914429,0.04611821
c26faa37-830e-4fdc-a2f1-f54ac98efc7c,0.046173874914429,0.04611821
c26faa37-830e-4fdc-a2f1-f54ac98efc7c,0.046173874914429,0.04611821
c26faa37-830e-4fdc-a2f1-f54ac98efc7c,0.046173874914429,0.04611821
c26faa37-830e-4fdc-a2f1-f54ac98efc7c,0.046173874914429,0.04611821
c26faa37-830e-4fdc-a2f1-f54ac98efc7c,0.046173874914429,0.04611821
c26faa37-830e-4fdc-a2f1-f54ac98efc7c,0.046173874914429,0.04611821
c26faa37-830e-4fdc-a2f1-f54ac98efc7c,0.046173874914429,0.04611821
c26faa37-830e-4fdc-a2f1-f54ac98efc7c,0.046173874914429,0.04611821
c26faa37-830e-4fdc-a2f1-f54ac98efc7c,0.046173874914429,0.04611821
c26faa37-830e-4fdc-a2f1-f54ac98efc7c,0.046173874914429,0.04611821
c26faa37-830e-4fdc-a2f1-f54ac98efc7c,0.046173874914429,0.04611821
c26faa37-830e-4fdc-a2f1-f54ac98efc7c,0.046173874914429,0.04611821
c26faa37-830e-4fdc-a2f1-f54ac98efc7c,0.046173874914429,0.04611821
335f45e0-c839-42bf-8b4f-dda388fbbf6f,0.0332202636730615,0.0346127
335f45e0-c839-42bf-8b4f-dda388fbbf6f,0.0332202636730615,0.0346127
335f45e0-c839-42bf-8b4f-dda388fbbf6f,0.0332202636730615,0.0346127
335f45e0-c839-42bf-8b4f-dda388fbbf6f,0.0332202636730615,0.0346127
335f45e0-c839-42bf-8b4f-dda388fbbf6f,0.0332202636730615,0.0346127
335f45e0-c839-42bf-8b4f-dda388fbbf6f,0.0332202636730615,0.0346127
335f45e0-c839-42bf-8b4f-dda388fbbf6f,0.0332202636730615,0.0346127
335f45e0-c839-42bf-8b4f-dda388fbbf6f,0.0332202636730615,0.0346127
335f45e0-c839-42bf-8b4f-dda388fbbf6f,0.0332202636730615,0.0346127
335f45e0-c839-42bf-8b4f-dda388fbbf6f,0.0332202636730615,0.0346127
335f45e0-c839-42bf-8b4f-dda388fbbf6f,0.0332202636730615,0.0346127
335f45e0-c839-42bf-8b4f-dda388fbbf6f,0.0332202636730615,0.0346127
335f45e0-c839-42bf-8b4f-dda388fbbf6f,0.0332202636730615,0.0346127
335f45e0-c839-42bf-8b4f-dda388fbbf6f,0.0332202636730615,0.0346127
335f45e0-c839-42bf-8b4f-dda388fbbf6f,0.0332202636730615,0.0346127
335f45e0-c839-42bf-8b4f-dda388fbbf6f,0.0332202636730615,0.0346127
335f45e0-c839-42bf-8b4f-dda388fbbf6f,0.0332202636730615,0.0346127
335f45e0-c839-42bf-8b4f-dda388fbbf6f,0.0332202636730615,0.0346127
335f45e0-c839-42bf-8b4f-dda388fbbf6f,0.0332202636730615,0.0346127
335f45e0-c839-42bf-8b4f-dda388fbbf6f,0.0332202636730615,0.0346127
335f45e0-c839-42bf-8b4f-dda388fbbf6f,0.0332202636730615,0.0346127
335f45e0-c839-42bf-8b4f-dda388fbbf6f,0.0332202636730615,0.0346127
335f45e0-c839-42bf-8b4f-dda388fbbf6f,0.0332202636730615,0.0346127
335f45e0-c839-42bf-8b4f-dda388fbbf6f,0.0332202636730615,0.0346127
335f45e0-c839-42bf-8b4f-dda388fbbf6f,0.0332202636730615,0.0346127
335f45e0-c839-42bf-8b4f-dda388fbbf6f,0.0332202636730615,0.0346127
04673a3a-5ac0-41ab-b1a6-05a63095ffff,0.0604764291784389,0.058016468
04673a3a-5ac0-41ab-b1a6-05a63095ffff,0.0604764291784389,0.058016468
04673a3a-5ac0-41ab-b1a6-05a63095ffff,0.0604764291784389,0.058016468
04673a3a-5ac0-41ab-b1a6-05a63095ffff,0.0604764291784389,0.058016468
04673a3a-5ac0-41ab-b1a6-05a63095ffff,0.0604764291784389,0.058016468
04673a3a-5ac0-41ab-b1a6-05a63095ffff,0.0604764291784389,0.058016468
04673a3a-5ac0-41ab-b1a6-05a63095ffff,0.0604764291784389,0.058016468
04673a3a-5ac0-41ab-b1a6-05a63095ffff,0.0604764291784389,0.058016468
04673a3a-5ac0-41ab-b1a6-05a63095ffff,0.0604764291784389,0.058016468
04673a3a-5ac0-41ab-b1a6-05a63095ffff,0.0604764291784389,0.058016468
04673a3a-5ac0-41ab-b1a6-05a63095ffff,0.0604764291784389,0.058016468
04673a3a-5ac0-41ab-b1a6-05a63095ffff,0.0604764291784389,0.058016468
04673a3a-5ac0-41ab-b1a6-05a63095ffff,0.0604764291784389,0.058016468
04673a3a-5ac0-41ab-b1a6-05a63095ffff,0.0604764291784389,0.058016468
04673a3a-5ac0-41ab-b1a6-05a63095ffff,0.0604764291784389,0.058016468
04673a3a-5ac0-41ab-b1a6-05a63095ffff,0.0604764291784389,0.058016468
04673a3a-5ac0-41ab-b1a6-05a63095ffff,0.0604764291784389,0.058016468
04673a3a-5ac0-41ab-b1a6-05a63095ffff,0.0604764291784389,0.058016468
04673a3a-5ac0-41ab-b1a6-05a63095ffff,0.0604764291784389,0.058016468
04673a3a-5ac0-41ab-b1a6-05a63095ffff,0.0604764291784389,0.058016468
04673a3a-5ac0-41ab-b1a6-05a63095ffff,0.0604764291784389,0.058016468
04673a3a-5ac0-41ab-b1a6-05a63095ffff,0.0604764291784389,0.058016468
04673a3a-5ac0-41ab-b1a6-05a63095ffff,0.0604764291784389,0.058016468
04673a3a-5ac0-41ab-b1a6-05a63095ffff,0.0604764291784389,0.058016468
04673a3a-5ac0-41ab-b1a6-05a63095ffff,0.0604764291784389,0.058016468
be7f6809-f4f9-423c-b034-e0bb93fa5474,0.9200964884772552,0.91926306
be7f6809-f4f9-423c-b034-e0bb93fa5474,0.9200964884772552,0.91926306
be7f6809-f4f9-423c-b034-e0bb93fa5474,0.9200964884772552,0.91926306
be7f6809-f4f9-423c-b034-e0bb93fa5474,0.9200964884772552,0.91926306
be7f6809-f4f9-423c-b034-e0bb93fa5474,0.9200964884772552,0.91926306
be7f6809-f4f9-423c-b034-e0bb93fa5474,0.9200964884772552,0.91926306
be7f6809-f4f9-423c-b034-e0bb93fa5474,0.9200964884772552,0.91926306
be7f6809-f4f9-423c-b034-e0bb93fa5474,0.9200964884772552,0.91926306
be7f6809-f4f9-423c-b034-e0bb93fa5474,0.9200964884772552,0.91926306
be7f6809-f4f9-423c-b034-e0bb93fa5474,0.9200964884772552,0.91926306
be7f6809-f4f9-423c-b034-e0bb93fa5474,0.9200964884772552,0.91926306
be7f6809-f4f9-423c-b034-e0bb93fa5474,0.9200964884772552,0.91926306
be7f6809-f4f9-423c-b034-e0bb93fa5474,0.9200964884772552,0.91926306
be7f6809-f4f9-423c-b034-e0bb93fa5474,0.9200964884772552,0.91926306
be7f6809-f4f9-423c-b034-e0bb93fa5474,0.9200964884772552,0.91926306
be7f6809-f4f9-423c-b034-e0bb93fa5474,0.9200964884772552,0.91926306
be7f6809-f4f9-423c-b034-e0bb93fa5474,0.9200964884772552,0.91926306
be7f6809-f4f9-423c-b034-e0bb93fa5474,0.9200964884772552,0.91926306
be7f6809-f4f9-423c-b034-e0bb93fa5474,0.9200964884772552,0.91926306
be7f6809-f4f9-423c-b034-e0bb93fa5474,0.9200964884772552,0.91926306
be7f6809-f4f9-423c-b034-e0bb93fa5474,0.9200964884772552,0.91926306
be7f6809-f4f9-423c-b034-e0bb93fa5474,0.9200964884772552,0.91926306
be7f6809-f4f9-423c-b034-e0bb93fa5474,0.9200964884772552,0.91926306
be7f6809-f4f9-423c-b034-e0bb93fa5474,0.9200964884772552,0.91926306
be7f6809-f4f9-423c-b034-e0bb93fa5474,0.9200964884772552,0.91926306
be7f6809-f4f9-423c-b034-e0bb93fa5474,0.9200964884772552,0.91926306
be7f6809-f4f9-423c-b034-e0bb93fa5474,0.9200964884772552,0.91926306
0b3b8316-df23-4d20-95c4-0fe935343253,0.0287752051420332,0.03099742
0b3b8316-df23-4d20-95c4-0fe935343253,0.0287752051420332,0.03099742
0b3b8316-df23-4d20-95c4-0fe935343253,0.0287752051420332,0.03099742
0b3b8316-df23-4d20-95c4-0fe935343253,0.0287752051420332,0.03099742
0b3b8316-df23-4d20-95c4-0fe935343253,0.0287752051420332,0.03099742
0b3b8316-df23-4d20-95c4-0fe935343253,0.0287752051420332,0.03099742
0b3b8316-df23-4d20-95c4-0fe935343253,0.0287752051420332,0.03099742
0b3b8316-df23-4d20-95c4-0fe935343253,0.0287752051420332,0.03099742
0b3b8316-df23-4d20-95c4-0fe935343253,0.0287752051420332,0.03099742
0b3b8316-df23-4d20-95c4-0fe935343253,0.0287752051420332,0.03099742
0b3b8316-df23-4d20-95c4-0fe935343253,0.0287752051420332,0.03099742
0b3b8316-df23-4d20-95c4-0fe935343253,0.0287752051420332,0.03099742
0b3b8316-df23-4d20-95c4-0fe935343253,0.0287752051420332,0.03099742
0b3b8316-df23-4d20-95c4-0fe935343253,0.0287752051420332,0.03099742
0b3b8316-df23-4d20-95c4-0fe935343253,0.0287752051420332,0.03099742
0b3b8316-df23-4d20-95c4-0fe935343253,0.0287752051420332,0.03099742
0b3b8316-df23-4d20-95c4-0fe935343253,0.0287752051420332,0.03099742
0b3b8316-df23-4d20-95c4-0fe935343253,0.0287752051420332,0.03099742
0b3b8316-df23-4d20-95c4-0fe935343253,0.0287752051420332,0.03099742
0b3b8316-df23-4d20-95c4-0fe935343253,0.0287752051420332,0.03099742
0b3b8316-df23-4d20-95c4-0fe935343253,0.0287752051420332,0.03099742
0b3b8316-df23-4d20-95c4-0fe935343253,0.0287752051420332,0.03099742
0b3b8316-df23-4d20-95c4-0fe935343253,0.0287752051420332,0.03099742
06298746-5d52-49ee-b160-6b72f7507061,0.0391120249821422,0.039638262
06298746-5d52-49ee-b160-6b72f7507061,0.0391120249821422,0.039638262
06298746-5d52-49ee-b160-6b72f7507061,0.0391120249821422,0.039638262
06298746-5d52-49ee-b160-6b72f7507061,0.0391120249821422,0.039638262
06298746-5d52-49ee-b160-6b72f7507061,0.0391120249821422,0.039638262
06298746-5d52-49ee-b160-6b72f7507061,0.0391120249821422,0.039638262
06298746-5d52-49ee-b160-6b72f7507061,0.0391120249821422,0.039638262
06298746-5d52-49ee-b160-6b72f7507061,0.0391120249821422,0.039638262
06298746-5d52-49ee-b160-6b72f7507061,0.0391120249821422,0.039638262
06298746-5d52-49ee-b160-6b72f7507061,0.0391120249821422,0.039638262
06298746-5d52-49ee-b160-6b72f7507061,0.0391120249821422,0.039638262
06298746-5d52-49ee-b160-6b72f7507061,0.0391120249821422,0.039638262
06298746-5d52-49ee-b160-6b72f7507061,0.0391120249821422,0.039638262
06298746-5d52-49ee-b160-6b72f7507061,0.0391120249821422,0.039638262
06298746-5d52-49ee-b160-6b72f7507061,0.0391120249821422,0.039638262
06298746-5d52-49ee-b160-6b72f7507061,0.0391120249821422,0.039638262
06298746-5d52-49ee-b160-6b72f7507061,0.0391120249821422,0.039638262
06298746-5d52-49ee-b160-6b72f7507061,0.0391120249821422,0.039638262
06298746-5d52-49ee-b160-6b72f7507061,0.0391120249821422,0.039638262
06298746-5d52-49ee-b160-6b72f7507061,0.0391120249821422,0.039638262
06298746-5d52-49ee-b160-6b72f7507061,0.0391120249821422,0.039638262
06298746-5d52-49ee-b160-6b72f7507061,0.0391120249821422,0.039638262
06298746-5d52-49ee-b160-6b72f7507061,0.0391120249821422,0.039638262
84dfc2e9-30c9-4059-b127-87f61f173843,0.0467355429012475,0.047301702
84dfc2e9-30c9-4059-b127-87f61f173843,0.0467355429012475,0.047301702
84dfc2e9-30c9-4059-b127-87f61f173843,0.0467355429012475,0.047301702
84dfc2e9-30c9-4059-b127-87f61f173843,0.0467355429012475,0.047301702
84dfc2e9-30c9-4059-b127-87f61f173843,0.0467355429012475,0.047301702
84dfc2e9-30c9-4059-b127-87f61f173843,0.0467355429012475,0.047301702
84dfc2e9-30c9-4059-b127-87f61f173843,0.0467355429012475,0.047301702
84dfc2e9-30c9-4059-b127-87f61f173843,0.0467355429012475,0.047301702
84dfc2e9-30c9-4059-b127-87f61f173843,0.0467355429012475,0.047301702
84dfc2e9-30c9-4059-b127-87f61f173843,0.0467355429012475,0.047301702
84dfc2e9-30c9-4059-b127-87f61f173843,0.0467355429012475,0.047301702
84dfc2e9-30c9-4059-b127-87f61f173843,0.0467355429012475,0.047301702
84dfc2e9-30c9-4059-b127-87f61f173843,0.0467355429012475,0.047301702
84dfc2e9-30c9-4059-b127-87f61f173843,0.0467355429012475,0.047301702
84dfc2e9-30c9-4059-b127-87f61f173843,0.0467355429012475,0.047301702
6b79eac2-9242-423e-9ce1-31e5ec477a95,0.0363510614393174,0.035569634
6b79eac2-9242-423e-9ce1-31e5ec477a95,0.0363510614393174,0.035569634
6b79eac2-9242-423e-9ce1-31e5ec477a95,0.0363510614393174,0.035569634
6b79eac2-9242-423e-9ce1-31e5ec477a95,0.0363510614393174,0.035569634
6b79eac2-9242-423e-9ce1-31e5ec477a95,0.0363510614393174,0.035569634
6b79eac2-9242-423e-9ce1-31e5ec477a95,0.0363510614393174,0.035569634
6b79eac2-9242-423e-9ce1-31e5ec477a95,0.0363510614393174,0.035569634
6b79eac2-9242-423e-9ce1-31e5ec477a95,0.0363510614393174,0.035569634
6b79eac2-9242-423e-9ce1-31e5ec477a95,0.0363510614393174,0.035569634
6b79eac2-9242-423e-9ce1-31e5ec477a95,0.0363510614393174,0.035569634
6b79eac2-9242-423e-9ce1-31e5ec477a95,0.0363510614393174,0.035569634
6b79eac2-9242-423e-9ce1-31e5ec477a95,0.0363510614393174,0.035569634
6b79eac2-9242-423e-9ce1-31e5ec477a95,0.0363510614393174,0.035569634
6b79eac2-9242-423e-9ce1-31e5ec477a95,0.0363510614393174,0.035569634
6b79eac2-9242-423e-9ce1-31e5ec477a95,0.0363510614393174,0.035569634
6b79eac2-9242-423e-9ce1-31e5ec477a95,0.0363510614393174,0.035569634
fe0ba7f3-fe76-4e75-b632-5b38d37b6806,0.023042111910032,0.022885848
fe0ba7f3-fe76-4e75-b632-5b38d37b6806,0.023042111910032,0.022885848
fe0ba7f3-fe76-4e75-b632-5b38d37b6806,0.023042111910032,0.022885848
fe0ba7f3-fe76-4e75-b632-5b38d37b6806,0.023042111910032,0.022885848
fe0ba7f3-fe76-4e75-b632-5b38d37b6806,0.023042111910032,0.022885848
fe0ba7f3-fe76-4e75-b632-5b38d37b6806,0.023042111910032,0.022885848
fe0ba7f3-fe76-4e75-b632-5b38d37b6806,0.023042111910032,0.022885848
fe0ba7f3-fe76-4e75-b632-5b38d37b6806,0.023042111910032,0.022885848
fe0ba7f3-fe76-4e75-b632-5b38d37b6806,0.023042111910032,0.022885848
fe0ba7f3-fe76-4e75-b632-5b38d37b6806,0.023042111910032,0.022885848
fe0ba7f3-fe76-4e75-b632-5b38d37b6806,0.023042111910032,0.022885848
fe0ba7f3-fe76-4e75-b632-5b38d37b6806,0.023042111910032,0.022885848
fe0ba7f3-fe76-4e75-b632-5b38d37b6806,0.023042111910032,0.022885848
fe0ba7f3-fe76-4e75-b632-5b38d37b6806,0.023042111910032,0.022885848
fe0ba7f3-fe76-4e75-b632-5b38d37b6806,0.023042111910032,0.022885848
fe0ba7f3-fe76-4e75-b632-5b38d37b6806,0.023042111910032,0.022885848
d0327f8a-5e09-40b5-8b07-98b3ceb036ce,0.0298486632828908,0.03379195
d0327f8a-5e09-40b5-8b07-98b3ceb036ce,0.0298486632828908,0.03379195
d0327f8a-5e09-40b5-8b07-98b3ceb036ce,0.0298486632828908,0.03379195
d0327f8a-5e09-40b5-8b07-98b3ceb036ce,0.0298486632828908,0.03379195
d0327f8a-5e09-40b5-8b07-98b3ceb036ce,0.0298486632828908,0.03379195
d0327f8a-5e09-40b5-8b07-98b3ceb036ce,0.0298486632828908,0.03379195
d0327f8a-5e09-40b5-8b07-98b3ceb036ce,0.0298486632828908,0.03379195
d0327f8a-5e09-40b5-8b07-98b3ceb036ce,0.0298486632828908,0.03379195
d0327f8a-5e09-40b5-8b07-98b3ceb036ce,0.0298486632828908,0.03379195
d0327f8a-5e09-40b5-8b07-98b3ceb036ce,0.0298486632828908,0.03379195
d0327f8a-5e09-40b5-8b07-98b3ceb036ce,0.0298486632828908,0.03379195
d0327f8a-5e09-40b5-8b07-98b3ceb036ce,0.0298486632828908,0.03379195
d0327f8a-5e09-40b5-8b07-98b3ceb036ce,0.0298486632828908,0.03379195
d0327f8a-5e09-40b5-8b07-98b3ceb036ce,0.0298486632828908,0.03379195
d0327f8a-5e09-40b5-8b07-98b3ceb036ce,0.0298486632828908,0.03379195
f1a6dbfa-5ee9-4cf8-b6a3-7099b861f13b,0.0812564421375715,0.0788147
f1a6dbfa-5ee9-4cf8-b6a3-7099b861f13b,0.0812564421375715,0.0788147
f1a6dbfa-5ee9-4cf8-b6a3-7099b861f13b,0.0812564421375715,0.0788147
f1a6dbfa-5ee9-4cf8-b6a3-7099b861f13b,0.0812564421375715,0.0788147
f1a6dbfa-5ee9-4cf8-b6a3-7099b861f13b,0.0812564421375715,0.0788147
f1a6dbfa-5ee9-4cf8-b6a3-7099b861f13b,0.0812564421375715,0.0788147
f1a6dbfa-5ee9-4cf8-b6a3-7099b861f13b,0.0812564421375715,0.0788147
f1a6dbfa-5ee9-4cf8-b6a3-7099b861f13b,0.0812564421375715,0.0788147
f1a6dbfa-5ee9-4cf8-b6a3-7099b861f13b,0.0812564421375715,0.0788147
f1a6dbfa-5ee9-4cf8-b6a3-7099b861f13b,0.0812564421375715,0.0788147
f1a6dbfa-5ee9-4cf8-b6a3-7099b861f13b,0.0812564421375715,0.0788147
f1a6dbfa-5ee9-4cf8-b6a3-7099b861f13b,0.0812564421375715,0.0788147
f1a6dbfa-5ee9-4cf8-b6a3-7099b861f13b,0.0812564421375715,0.0788147
f1a6dbfa-5ee9-4cf8-b6a3-7099b861f13b,0.0812564421375715,0.0788147
f1a6dbfa-5ee9-4cf8-b6a3-7099b861f13b,0.0812564421375715,0.0788147
f1a6dbfa-5ee9-4cf8-b6a3-7099b861f13b,0.0812564421375715,0.0788147
f1a6dbfa-5ee9-4cf8-b6a3-7099b861f13b,0.0812564421375715,0.0788147
f1a6dbfa-5ee9-4cf8-b6a3-7099b861f13b,0.0812564421375715,0.0788147
f1a6dbfa-5ee9-4cf8-b6a3-7099b861f13b,0.0812564421375715,0.0788147
f1a6dbfa-5ee9-4cf8-b6a3-7099b861f13b,0.0812564421375715,0.0788147
f1a6dbfa-5ee9-4cf8-b6a3-7099b861f13b,0.0812564421375715,0.0788147
f1a6dbfa-5ee9-4cf8-b6a3-7099b861f13b,0.0812564421375715,0.0788147
f1a6dbfa-5ee9-4cf8-b6a3-7099b861f13b,0.0812564421375715,0.0788147
f1a6dbfa-5ee9-4cf8-b6a3-7099b861f13b,0.0812564421375715,0.0788147
f1a6dbfa-5ee9-4cf8-b6a3-7099b861f13b,0.0812564421375715,0.0788147
f1a6dbfa-5ee9-4cf8-b6a3-7099b861f13b,0.0812564421375715,0.0788147
f1a6dbfa-5ee9-4cf8-b6a3-7099b861f13b,0.0812564421375715,0.0788147
f1a6dbfa-5ee9-4cf8-b6a3-7099b861f13b,0.0812564421375715,0.0788147
f1a6dbfa-5ee9-4cf8-b6a3-7099b861f13b,0.0812564421375715,0.0788147
f1a6dbfa-5ee9-4cf8-b6a3-7099b861f13b,0.0812564421375715,0.0788147
1d256829-5384-45f3-824e-e27c74a9c1b9,0.0246505974156651,0.02648876
1d256829-5384-45f3-824e-e27c74a9c1b9,0.0246505974156651,0.02648876
1d256829-5384-45f3-824e-e27c74a9c1b9,0.0246505974156651,0.02648876
1d256829-5384-45f3-824e-e27c74a9c1b9,0.0246505974156651,0.02648876
1d256829-5384-45f3-824e-e27c74a9c1b9,0.0246505974156651,0.02648876
1d256829-5384-45f3-824e-e27c74a9c1b9,0.0246505974156651,0.02648876
1d256829-5384-45f3-824e-e27c74a9c1b9,0.0246505974156651,0.02648876
1d256829-5384-45f3-824e-e27c74a9c1b9,0.0246505974156651,0.02648876
1d256829-5384-45f3-824e-e27c74a9c1b9,0.0246505974156651,0.02648876
1d256829-5384-45f3-824e-e27c74a9c1b9,0.0246505974156651,0.02648876
1d256829-5384-45f3-824e-e27c74a9c1b9,0.0246505974156651,0.02648876
1d256829-5384-45f3-824e-e27c74a9c1b9,0.0246505974156651,0.02648876
1d256829-5384-45f3-824e-e27c74a9c1b9,0.0246505974156651,0.02648876
1d256829-5384-45f3-824e-e27c74a9c1b9,0.0246505974156651,0.02648876
1d256829-5384-45f3-824e-e27c74a9c1b9,0.0246505974156651,0.02648876
1d256829-5384-45f3-824e-e27c74a9c1b9,0.0246505974156651,0.02648876
1d256829-5384-45f3-824e-e27c74a9c1b9,0.0246505974156651,0.02648876
f4b10eb3-5a1b-4445-859f-1453f397d479,0.0448819875412471,0.044040266
f4b10eb3-5a1b-4445-859f-1453f397d479,0.0448819875412471,0.044040266
f4b10eb3-5a1b-4445-859f-1453f397d479,0.0448819875412471,0.044040266
f4b10eb3-5a1b-4445-859f-1453f397d479,0.0448819875412471,0.044040266
f4b10eb3-5a1b-4445-859f-1453f397d479,0.0448819875412471,0.044040266
f4b10eb3-5a1b-4445-859f-1453f397d479,0.0448819875412471,0.044040266
f4b10eb3-5a1b-4445-859f-1453f397d479,0.0448819875412471,0.044040266
f4b10eb3-5a1b-4445-859f-1453f397d479,0.0448819875412471,0.044040266
f4b10eb3-5a1b-4445-859f-1453f397d479,0.0448819875412471,0.044040266
f4b10eb3-5a1b-4445-859f-1453f397d479,0.0448819875412471,0.044040266
f4b10eb3-5a1b-4445-859f-1453f397d479,0.0448819875412471,0.044040266
f4b10eb3-5a1b-4445-859f-1453f397d479,0.0448819875412471,0.044040266
f4b10eb3-5a1b-4445-859f-1453f397d479,0.0448819875412471,0.044040266
f4b10eb3-5a1b-4445-859f-1453f397d479,0.0448819875412471,0.044040266
f4b10eb3-5a1b-4445-859f-1453f397d479,0.0448819875412471,0.044040266
f4b10eb3-5a1b-4445-859f-1453f397d479,0.0448819875412471,0.044040266
f4b10eb3-5a1b-4445-859f-1453f397d479,0.0448819875412471,0.044040266
f4b10eb3-5a1b-4445-859f-1453f397d479,0.0448819875412471,0.044040266
f4b10eb3-5a1b-4445-859f-1453f397d479,0.0448819875412471,0.044040266
f4b10eb3-5a1b-4445-859f-1453f397d479,0.0448819875412471,0.044040266
dc172189-0260-422e-a5bd-1d451ca9a07a,0.6913552277445334,0.6896767
dc172189-0260-422e-a5bd-1d451ca9a07a,0.6913552277445334,0.6896767
dc172189-0260-422e-a5bd-1d451ca9a07a,0.6913552277445334,0.6896767
dc172189-0260-422e-a5bd-1d451ca9a07a,0.6913552277445334,0.6896767
dc172189-0260-422e-a5bd-1d451ca9a07a,0.6913552277445334,0.6896767
dc172189-0260-422e-a5bd-1d451ca9a07a,0.6913552277445334,0.6896767
dc172189-0260-422e-a5bd-1d451ca9a07a,0.6913552277445334,0.6896767
dc172189-0260-422e-a5bd-1d451ca9a07a,0.6913552277445334,0.6896767
dc172189-0260-422e-a5bd-1d451ca9a07a,0.6913552277445334,0.6896767
dc172189-0260-422e-a5bd-1d451ca9a07a,0.6913552277445334,0.6896767
dc172189-0260-422e-a5bd-1d451ca9a07a,0.6913552277445334,0.6896767
dc172189-0260-422e-a5bd-1d451ca9a07a,0.6913552277445334,0.6896767
dc172189-0260-422e-a5bd-1d451ca9a07a,0.6913552277445334,0.6896767
dc172189-0260-422e-a5bd-1d451ca9a07a,0.6913552277445334,0.6896767
dc172189-0260-422e-a5bd-1d451ca9a07a,0.6913552277445334,0.6896767
dc172189-0260-422e-a5bd-1d451ca9a07a,0.6913552277445334,0.6896767
dc172189-0260-422e-a5bd-1d451ca9a07a,0.6913552277445334,0.6896767
dc172189-0260-422e-a5bd-1d451ca9a07a,0.6913552277445334,0.6896767
dc172189-0260-422e-a5bd-1d451ca9a07a,0.6913552277445334,0.6896767
dc172189-0260-422e-a5bd-1d451ca9a07a,0.6913552277445334,0.6896767
b3d0d16c-84c5-4f78-85a5-549354a8d772,0.0482027311759832,0.050456427
b3d0d16c-84c5-4f78-85a5-549354a8d772,0.0482027311759832,0.050456427
b3d0d16c-84c5-4f78-85a5-549354a8d772,0.0482027311759832,0.050456427
b3d0d16c-84c5-4f78-85a5-549354a8d772,0.0482027311759832,0.050456427
b3d0d16c-84c5-4f78-85a5-549354a8d772,0.0482027311759832,0.050456427
b3d0d16c-84c5-4f78-85a5-549354a8d772,0.0482027311759832,0.050456427
b3d0d16c-84c5-4f78-85a5-549354a8d772,0.0482027311759832,0.050456427
b3d0d16c-84c5-4f78-85a5-549354a8d772,0.0482027311759832,0.050456427
b3d0d16c-84c5-4f78-85a5-549354a8d772,0.0482027311759832,0.050456427
b3d0d16c-84c5-4f78-85a5-549354a8d772,0.0482027311759832,0.050456427
b3d0d16c-84c5-4f78-85a5-549354a8d772,0.0482027311759832,0.050456427
b3d0d16c-84c5-4f78-85a5-549354a8d772,0.0482027311759832,0.050456427
b3d0d16c-84c5-4f78-85a5-549354a8d772,0.0482027311759832,0.050456427
b3d0d16c-84c5-4f78-85a5-549354a8d772,0.0482027311759832,0.050456427
b3d0d16c-84c5-4f78-85a5-549354a8d772,0.0482027311759832,0.050456427
b3d0d16c-84c5-4f78-85a5-549354a8d772,0.0482027311759832,0.050456427
b3d0d16c-84c5-4f78-85a5-549354a8d772,0.0482027311759832,0.050456427
b3d0d16c-84c5-4f78-85a5-549354a8d772,0.0482027311759832,0.050456427
b3d0d16c-84c5-4f78-85a5-549354a8d772,0.0482027311759832,0.050456427
b3d0d16c-84c5-4f78-85a5-549354a8d772,0.0482027311759832,0.050456427
b3d0d16c-84c5-4f78-85a5-549354a8d772,0.0482027311759832,0.050456427
b3d0d16c-84c5-4f78-85a5-549354a8d772,0.0482027311759832,0.050456427
b3d0d16c-84c5-4f78-85a5-549354a8d772,0.0482027311759832,0.050456427
4028ab7e-20b2-4726-a6e4-4881b935aa41,0.0422752052010007,0.0426071
4028ab7e-20b2-4726-a6e4-4881b935aa41,0.0422752052010007,0.0426071
4028ab7e-20b2-4726-a6e4-4881b935aa41,0.0422752052010007,0.0426071
4028ab7e-20b2-4726-a6e4-4881b935aa41,0.0422752052010007,0.0426071
4028ab7e-20b2-4726-a6e4-4881b935aa41,0.0422752052010007,0.0426071
4028ab7e-20b2-4726-a6e4-4881b935aa41,0.0422752052010007,0.0426071
4028ab7e-20b2-4726-a6e4-4881b935aa41,0.0422752052010007,0.0426071
4028ab7e-20b2-4726-a6e4-4881b935aa41,0.0422752052010007,0.0426071
4028ab7e-20b2-4726-a6e4-4881b935aa41,0.0422752052010007,0.0426071
4028ab7e-20b2-4726-a6e4-4881b935aa41,0.0422752052010007,0.0426071
4028ab7e-20b2-4726-a6e4-4881b935aa41,0.0422752052010007,0.0426071
4028ab7e-20b2-4726-a6e4-4881b935aa41,0.0422752052010007,0.0426071
4028ab7e-20b2-4726-a6e4-4881b935aa41,0.0422752052010007,0.0426071
4028ab7e-20b2-4726-a6e4-4881b935aa41,0.0422752052010007,0.0426071
4028ab7e-20b2-4726-a6e4-4881b935aa41,0.0422752052010007,0.0426071
4028ab7e-20b2-4726-a6e4-4881b935aa41,0.0422752052010007,0.0426071
4028ab7e-20b2-4726-a6e4-4881b935aa41,0.0422752052010007,0.0426071
4028ab7e-20b2-4726-a6e4-4881b935aa41,0.0422752052010007,0.0426071
4028ab7e-20b2-4726-a6e4-4881b935aa41,0.0422752052010007,0.0426071
bd7d777d-3f15-4817-8a12-a204f83712bb,0.0282470952560625,0.029225424
bd7d777d-3f15-4817-8a12-a204f83712bb,0.0282470952560625,0.029225424
bd7d777d-3f15-4817-8a12-a204f83712bb,0.0282470952560625,0.029225424
bd7d777d-3f15-4817-8a12-a204f83712bb,0.0282470952560625,0.029225424
bd7d777d-3f15-4817-8a12-a204f83712bb,0.0282470952560625,0.029225424
bd7d777d-3f15-4817-8a12-a204f83712bb,0.0282470952560625,0.029225424
bd7d777d-3f15-4817-8a12-a204f83712bb,0.0282470952560625,0.029225424
bd7d777d-3f15-4817-8a12-a204f83712bb,0.0282470952560625,0.029225424
bd7d777d-3f15-4817-8a12-a204f83712bb,0.0282470952560625,0.029225424
bd7d777d-3f15-4817-8a12-a204f83712bb,0.0282470952560625,0.029225424
bd7d777d-3f15-4817-8a12-a204f83712bb,0.0282470952560625,0.029225424
bd7d777d-3f15-4817-8a12-a204f83712bb,0.0282470952560625,0.029225424
bd7d777d-3f15-4817-8a12-a204f83712bb,0.0282470952560625,0.029225424
bd7d777d-3f15-4817-8a12-a204f83712bb,0.0282470952560625,0.029225424
bd7d777d-3f15-4817-8a12-a204f83712bb,0.0282470952560625,0.029225424
bd7d777d-3f15-4817-8a12-a204f83712bb,0.0282470952560625,0.029225424
bd7d777d-3f15-4817-8a12-a204f83712bb,0.0282470952560625,0.029225424
bd7d777d-3f15-4817-8a12-a204f83712bb,0.0282470952560625,0.029225424
bd7d777d-3f15-4817-8a12-a204f83712bb,0.0282470952560625,0.029225424
bd7d777d-3f15-4817-8a12-a204f83712bb,0.0282470952560625,0.029225424
bd7d777d-3f15-4817-8a12-a204f83712bb,0.0282470952560625,0.029225424
bd7d777d-3f15-4817-8a12-a204f83712bb,0.0282470952560625,0.029225424
bd7d777d-3f15-4817-8a12-a204f83712bb,0.0282470952560625,0.029225424
bd7d777d-3f15-4817-8a12-a204f83712bb,0.0282470952560625,0.029225424
bd7d777d-3f15-4817-8a12-a204f83712bb,0.0282470952560625,0.029225424
bd7d777d-3f15-4817-8a12-a204f83712bb,0.0282470952560625,0.029225424
bd7d777d-3f15-4817-8a12-a204f83712bb,0.0282470952560625,0.029225424
bd7d777d-3f15-4817-8a12-a204f83712bb,0.0282470952560625,0.029225424
bd7d777d-3f15-4817-8a12-a204f83712bb,0.0282470952560625,0.029225424
bd7d777d-3f15-4817-8a12-a204f83712bb,0.0282470952560625,0.029225424
51fa2db9-6832-4059-8908-0bd221f51ada,0.0229227544826499,0.024376307
51fa2db9-6832-4059-8908-0bd221f51ada,0.0229227544826499,0.024376307
51fa2db9-6832-4059-8908-0bd221f51ada,0.0229227544826499,0.024376307
51fa2db9-6832-4059-8908-0bd221f51ada,0.0229227544826499,0.024376307
51fa2db9-6832-4059-8908-0bd221f51ada,0.0229227544826499,0.024376307
51fa2db9-6832-4059-8908-0bd221f51ada,0.0229227544826499,0.024376307
51fa2db9-6832-4059-8908-0bd221f51ada,0.0229227544826499,0.024376307
51fa2db9-6832-4059-8908-0bd221f51ada,0.0229227544826499,0.024376307
51fa2db9-6832-4059-8908-0bd221f51ada,0.0229227544826499,0.024376307
51fa2db9-6832-4059-8908-0bd221f51ada,0.0229227544826499,0.024376307
51fa2db9-6832-4059-8908-0bd221f51ada,0.0229227544826499,0.024376307
51fa2db9-6832-4059-8908-0bd221f51ada,0.0229227544826499,0.024376307
51fa2db9-6832-4059-8908-0bd221f51ada,0.0229227544826499,0.024376307
51fa2db9-6832-4059-8908-0bd221f51ada,0.0229227544826499,0.024376307
51fa2db9-6832-4059-8908-0bd221f51ada,0.0229227544826499,0.024376307
0a8affff-8e08-4013-88f4-db5030c8fad7,0.0255296574427345,0.024947185
0a8affff-8e08-4013-88f4-db5030c8fad7,0.0255296574427345,0.024947185
0a8affff-8e08-4013-88f4-db5030c8fad7,0.0255296574427345,0.024947185
0a8affff-8e08-4013-88f4-db5030c8fad7,0.0255296574427345,0.024947185
0a8affff-8e08-4013-88f4-db5030c8fad7,0.0255296574427345,0.024947185
0a8affff-8e08-4013-88f4-db5030c8fad7,0.0255296574427345,0.024947185
0a8affff-8e08-4013-88f4-db5030c8fad7,0.0255296574427345,0.024947185
0a8affff-8e08-4013-88f4-db5030c8fad7,0.0255296574427345,0.024947185
0a8affff-8e08-4013-88f4-db5030c8fad7,0.0255296574427345,0.024947185
0a8affff-8e08-4013-88f4-db5030c8fad7,0.0255296574427345,0.024947185
0a8affff-8e08-4013-88f4-db5030c8fad7,0.0255296574427345,0.024947185
0a8affff-8e08-4013-88f4-db5030c8fad7,0.0255296574427345,0.024947185
0a8affff-8e08-4013-88f4-db5030c8fad7,0.0255296574427345,0.024947185
0a8affff-8e08-4013-88f4-db5030c8fad7,0.0255296574427345,0.024947185
0a8affff-8e08-4013-88f4-db5030c8fad7,0.0255296574427345,0.024947185
0a8affff-8e08-4013-88f4-db5030c8fad7,0.0255296574427345,0.024947185
0a8affff-8e08-4013-88f4-db5030c8fad7,0.0255296574427345,0.024947185
0a8affff-8e08-4013-88f4-db5030c8fad7,0.0255296574427345,0.024947185
0a8affff-8e08-4013-88f4-db5030c8fad7,0.0255296574427345,0.024947185
0a8affff-8e08-4013-88f4-db5030c8fad7,0.0255296574427345,0.024947185
0a8affff-8e08-4013-88f4-db5030c8fad7,0.0255296574427345,0.024947185
0a8affff-8e08-4013-88f4-db5030c8fad7,0.0255296574427345,0.024947185
0a8affff-8e08-4013-88f4-db5030c8fad7,0.0255296574427345,0.024947185
0a8affff-8e08-4013-88f4-db5030c8fad7,0.0255296574427345,0.024947185
0a8affff-8e08-4013-88f4-db5030c8fad7,0.0255296574427345,0.024947185
0a8affff-8e08-4013-88f4-db5030c8fad7,0.0255296574427345,0.024947185
53ad2964-81c4-48c8-8f98-600b803e46d6,0.0414810067282954,0.040803365
53ad2964-81c4-48c8-8f98-600b803e46d6,0.0414810067282954,0.040803365
53ad2964-81c4-48c8-8f98-600b803e46d6,0.0414810067282954,0.040803365
53ad2964-81c4-48c8-8f98-600b803e46d6,0.0414810067282954,0.040803365
53ad2964-81c4-48c8-8f98-600b803e46d6,0.0414810067282954,0.040803365
53ad2964-81c4-48c8-8f98-600b803e46d6,0.0414810067282954,0.040803365
53ad2964-81c4-48c8-8f98-600b803e46d6,0.0414810067282954,0.040803365
53ad2964-81c4-48c8-8f98-600b803e46d6,0.0414810067282954,0.040803365
53ad2964-81c4-48c8-8f98-600b803e46d6,0.0414810067282954,0.040803365
53ad2964-81c4-48c8-8f98-600b803e46d6,0.0414810067282954,0.040803365
53ad2964-81c4-48c8-8f98-600b803e46d6,0.0414810067282954,0.040803365
53ad2964-81c4-48c8-8f98-600b803e46d6,0.0414810067282954,0.040803365
53ad2964-81c4-48c8-8f98-600b803e46d6,0.0414810067282954,0.040803365
53ad2964-81c4-48c8-8f98-600b803e46d6,0.0414810067282954,0.040803365
53ad2964-81c4-48c8-8f98-600b803e46d6,0.0414810067282954,0.040803365
53ad2964-81c4-48c8-8f98-600b803e46d6,0.0414810067282954,0.040803365
53ad2964-81c4-48c8-8f98-600b803e46d6,0.0414810067282954,0.040803365
53ad2964-81c4-48c8-8f98-600b803e46d6,0.0414810067282954,0.040803365
53ad2964-81c4-48c8-8f98-600b803e46d6,0.0414810067282954,0.040803365
53ad2964-81c4-48c8-8f98-600b803e46d6,0.0414810067282954,0.040803365
53ad2964-81c4-48c8-8f98-600b803e46d6,0.0414810067282954,0.040803365
53ad2964-81c4-48c8-8f98-600b803e46d6,0.0414810067282954,0.040803365
53ad2964-81c4-48c8-8f98-600b803e46d6,0.0414810067282954,0.040803365
53ad2964-81c4-48c8-8f98-600b803e46d6,0.0414810067282954,0.040803365
53ad2964-81c4-48c8-8f98-600b803e46d6,0.0414810067282954,0.040803365
53ad2964-81c4-48c8-8f98-600b803e46d6,0.0414810067282954,0.040803365
53ad2964-81c4-48c8-8f98-600b803e46d6,0.0414810067282954,0.040803365
53ad2964-81c4-48c8-8f98-600b803e46d6,0.0414810067282954,0.040803365
53ad2964-81c4-48c8-8f98-600b803e46d6,0.0414810067282954,0.040803365
bc173f0e-72de-47ed-afe1-e2f43a7cb6bb,0.0190837935338031,0.019883303
bc173f0e-72de-47ed-afe1-e2f43a7cb6bb,0.0190837935338031,0.019883303
bc173f0e-72de-47ed-afe1-e2f43a7cb6bb,0.0190837935338031,0.019883303
bc173f0e-72de-47ed-afe1-e2f43a7cb6bb,0.0190837935338031,0.019883303
bc173f0e-72de-47ed-afe1-e2f43a7cb6bb,0.0190837935338031,0.019883303
bc173f0e-72de-47ed-afe1-e2f43a7cb6bb,0.0190837935338031,0.019883303
bc173f0e-72de-47ed-afe1-e2f43a7cb6bb,0.0190837935338031,0.019883303
bc173f0e-72de-47ed-afe1-e2f43a7cb6bb,0.0190837935338031,0.019883303
bc173f0e-72de-47ed-afe1-e2f43a7cb6bb,0.0190837935338031,0.019883303
bc173f0e-72de-47ed-afe1-e2f43a7cb6bb,0.0190837935338031,0.019883303
bc173f0e-72de-47ed-afe1-e2f43a7cb6bb,0.0190837935338031,0.019883303
bc173f0e-72de-47ed-afe1-e2f43a7cb6bb,0.0190837935338031,0.019883303
bc173f0e-72de-47ed-afe1-e2f43a7cb6bb,0.0190837935338031,0.019883303
bc173f0e-72de-47ed-afe1-e2f43a7cb6bb,0.0190837935338031,0.019883303
bc173f0e-72de-47ed-afe1-e2f43a7cb6bb,0.0190837935338031,0.019883303
bc173f0e-72de-47ed-afe1-e2f43a7cb6bb,0.0190837935338031,0.019883303
bc173f0e-72de-47ed-afe1-e2f43a7cb6bb,0.0190837935338031,0.019883303
bc173f0e-72de-47ed-afe1-e2f43a7cb6bb,0.0190837935338031,0.019883303
bc173f0e-72de-47ed-afe1-e2f43a7cb6bb,0.0190837935338031,0.019883303
bc173f0e-72de-47ed-afe1-e2f43a7cb6bb,0.0190837935338031,0.019883303
bc173f0e-72de-47ed-afe1-e2f43a7cb6bb,0.0190837935338031,0.019883303
bc173f0e-72de-47ed-afe1-e2f43a7cb6bb,0.0190837935338031,0.019883303
bc173f0e-72de-47ed-afe1-e2f43a7cb6bb,0.0190837935338031,0.019883303
bc173f0e-72de-47ed-afe1-e2f43a7cb6bb,0.0190837935338031,0.019883303
bc173f0e-72de-47ed-afe1-e2f43a7cb6bb,0.0190837935338031,0.019883303
bc173f0e-72de-47ed-afe1-e2f43a7cb6bb,0.0190837935338031,0.019883303
bc173f0e-72de-47ed-afe1-e2f43a7cb6bb,0.0190837935338031,0.019883303
bc173f0e-72de-47ed-afe1-e2f43a7cb6bb,0.0190837935338031,0.019883303
bc173f0e-72de-47ed-afe1-e2f43a7cb6bb,0.0190837935338031,0.019883303
74055d8e-635d-49d6-a97c-7341712910c8,0.101152702514519,0.09948625
74055d8e-635d-49d6-a97c-7341712910c8,0.101152702514519,0.09948625
74055d8e-635d-49d6-a97c-7341712910c8,0.101152702514519,0.09948625
74055d8e-635d-49d6-a97c-7341712910c8,0.101152702514519,0.09948625
74055d8e-635d-49d6-a97c-7341712910c8,0.101152702514519,0.09948625
74055d8e-635d-49d6-a97c-7341712910c8,0.101152702514519,0.09948625
74055d8e-635d-49d6-a97c-7341712910c8,0.101152702514519,0.09948625
74055d8e-635d-49d6-a97c-7341712910c8,0.101152702514519,0.09948625
74055d8e-635d-49d6-a97c-7341712910c8,0.101152702514519,0.09948625
74055d8e-635d-49d6-a97c-7341712910c8,0.101152702514519,0.09948625
74055d8e-635d-49d6-a97c-7341712910c8,0.101152702514519,0.09948625
74055d8e-635d-49d6-a97c-7341712910c8,0.101152702514519,0.09948625
74055d8e-635d-49d6-a97c-7341712910c8,0.101152702514519,0.09948625
74055d8e-635d-49d6-a97c-7341712910c8,0.101152702514519,0.09948625
74055d8e-635d-49d6-a97c-7341712910c8,0.101152702514519,0.09948625
74055d8e-635d-49d6-a97c-7341712910c8,0.101152702514519,0.09948625
74055d8e-635d-49d6-a97c-7341712910c8,0.101152702514519,0.09948625
74055d8e-635d-49d6-a97c-7341712910c8,0.101152702514519,0.09948625
74055d8e-635d-49d6-a97c-7341712910c8,0.101152702514519,0.09948625
74055d8e-635d-49d6-a97c-7341712910c8,0.101152702514519,0.09948625
74055d8e-635d-49d6-a97c-7341712910c8,0.101152702514519,0.09948625
74055d8e-635d-49d6-a97c-7341712910c8,0.101152702514519,0.09948625
74055d8e-635d-49d6-a97c-7341712910c8,0.101152702514519,0.09948625
74055d8e-635d-49d6-a97c-7341712910c8,0.101152702514519,0.09948625
6cd6a76a-de8c-47cb-8415-1e363f2f13a6,0.033194211412002,0.03370539
6cd6a76a-de8c-47cb-8415-1e363f2f13a6,0.033194211412002,0.03370539
6cd6a76a-de8c-47cb-8415-1e363f2f13a6,0.033194211412002,0.03370539
6cd6a76a-de8c-47cb-8415-1e363f2f13a6,0.033194211412002,0.03370539
6cd6a76a-de8c-47cb-8415-1e363f2f13a6,0.033194211412002,0.03370539
6cd6a76a-de8c-47cb-8415-1e363f2f13a6,0.033194211412002,0.03370539
6cd6a76a-de8c-47cb-8415-1e363f2f13a6,0.033194211412002,0.03370539
6cd6a76a-de8c-47cb-8415-1e363f2f13a6,0.033194211412002,0.03370539
6cd6a76a-de8c-47cb-8415-1e363f2f13a6,0.033194211412002,0.03370539
6cd6a76a-de8c-47cb-8415-1e363f2f13a6,0.033194211412002,0.03370539
6cd6a76a-de8c-47cb-8415-1e363f2f13a6,0.033194211412002,0.03370539
6cd6a76a-de8c-47cb-8415-1e363f2f13a6,0.033194211412002,0.03370539
6cd6a76a-de8c-47cb-8415-1e363f2f13a6,0.033194211412002,0.03370539
6cd6a76a-de8c-47cb-8415-1e363f2f13a6,0.033194211412002,0.03370539
6cd6a76a-de8c-47cb-8415-1e363f2f13a6,0.033194211412002,0.03370539
6cd6a76a-de8c-47cb-8415-1e363f2f13a6,0.033194211412002,0.03370539
6cd6a76a-de8c-47cb-8415-1e363f2f13a6,0.033194211412002,0.03370539
6cd6a76a-de8c-47cb-8415-1e363f2f13a6,0.033194211412002,0.03370539
6cd6a76a-de8c-47cb-8415-1e363f2f13a6,0.033194211412002,0.03370539
6cd6a76a-de8c-47cb-8415-1e363f2f13a6,0.033194211412002,0.03370539
6cd6a76a-de8c-47cb-8415-1e363f2f13a6,0.033194211412002,0.03370539
6cd6a76a-de8c-47cb-8415-1e363f2f13a6,0.033194211412002,0.03370539
6cd6a76a-de8c-47cb-8415-1e363f2f13a6,0.033194211412002,0.03370539
6cd6a76a-de8c-47cb-8415-1e363f2f13a6,0.033194211412002,0.03370539
6cd6a76a-de8c-47cb-8415-1e363f2f13a6,0.033194211412002,0.03370539
6cd6a76a-de8c-47cb-8415-1e363f2f13a6,0.033194211412002,0.03370539
6cd6a76a-de8c-47cb-8415-1e363f2f13a6,0.033194211412002,0.03370539
6cd6a76a-de8c-47cb-8415-1e363f2f13a6,0.033194211412002,0.03370539
6cd6a76a-de8c-47cb-8415-1e363f2f13a6,0.033194211412002,0.03370539
6cd6a76a-de8c-47cb-8415-1e363f2f13a6,0.033194211412002,0.03370539
c7ac3d32-5e9e-41e9-9054-a5dc35ef7e96,0.0625557509170505,0.061347127
c7ac3d32-5e9e-41e9-9054-a5dc35ef7e96,0.0625557509170505,0.061347127
c7ac3d32-5e9e-41e9-9054-a5dc35ef7e96,0.0625557509170505,0.061347127
c7ac3d32-5e9e-41e9-9054-a5dc35ef7e96,0.0625557509170505,0.061347127
c7ac3d32-5e9e-41e9-9054-a5dc35ef7e96,0.0625557509170505,0.061347127
c7ac3d32-5e9e-41e9-9054-a5dc35ef7e96,0.0625557509170505,0.061347127
c7ac3d32-5e9e-41e9-9054-a5dc35ef7e96,0.0625557509170505,0.061347127
c7ac3d32-5e9e-41e9-9054-a5dc35ef7e96,0.0625557509170505,0.061347127
c7ac3d32-5e9e-41e9-9054-a5dc35ef7e96,0.0625557509170505,0.061347127
c7ac3d32-5e9e-41e9-9054-a5dc35ef7e96,0.0625557509170505,0.061347127
c7ac3d32-5e9e-41e9-9054-a5dc35ef7e96,0.0625557509170505,0.061347127
c7ac3d32-5e9e-41e9-9054-a5dc35ef7e96,0.0625557509170505,0.061347127
c7ac3d32-5e9e-41e9-9054-a5dc35ef7e96,0.0625557509170505,0.061347127
c7ac3d32-5e9e-41e9-9054-a5dc35ef7e96,0.0625557509170505,0.061347127
c7ac3d32-5e9e-41e9-9054-a5dc35ef7e96,0.0625557509170505,0.061347127
c7ac3d32-5e9e-41e9-9054-a5dc35ef7e96,0.0625557509170505,0.061347127
c7ac3d32-5e9e-41e9-9054-a5dc35ef7e96,0.0625557509170505,0.061347127
c7ac3d32-5e9e-41e9-9054-a5dc35ef7e96,0.0625557509170505,0.061347127
c7ac3d32-5e9e-41e9-9054-a5dc35ef7e96,0.0625557509170505,0.061347127
c7ac3d32-5e9e-41e9-9054-a5dc35ef7e96,0.0625557509170505,0.061347127
c7ac3d32-5e9e-41e9-9054-a5dc35ef7e96,0.0625557509170505,0.061347127
c7ac3d32-5e9e-41e9-9054-a5dc35ef7e96,0.0625557509170505,0.061347127
c7ac3d32-5e9e-41e9-9054-a5dc35ef7e96,0.0625557509170505,0.061347127
c7ac3d32-5e9e-41e9-9054-a5dc35ef7e96,0.0625557509170505,0.061347127
c7ac3d32-5e9e-41e9-9054-a5dc35ef7e96,0.0625557509170505,0.061347127
c7ac3d32-5e9e-41e9-9054-a5dc35ef7e96,0.0625557509170505,0.061347127
c7ac3d32-5e9e-41e9-9054-a5dc35ef7e96,0.0625557509170505,0.061347127
c7ac3d32-5e9e-41e9-9054-a5dc35ef7e96,0.0625557509170505,0.061347127
c7ac3d32-5e9e-41e9-9054-a5dc35ef7e96,0.0625557509170505,0.061347127
702e6df0-619a-4eb2-82a1-37a45fe35927,0.0259362386805362,0.028231947
702e6df0-619a-4eb2-82a1-37a45fe35927,0.0259362386805362,0.028231947
702e6df0-619a-4eb2-82a1-37a45fe35927,0.0259362386805362,0.028231947
702e6df0-619a-4eb2-82a1-37a45fe35927,0.0259362386805362,0.028231947
702e6df0-619a-4eb2-82a1-37a45fe35927,0.0259362386805362,0.028231947
702e6df0-619a-4eb2-82a1-37a45fe35927,0.0259362386805362,0.028231947
702e6df0-619a-4eb2-82a1-37a45fe35927,0.0259362386805362,0.028231947
702e6df0-619a-4eb2-82a1-37a45fe35927,0.0259362386805362,0.028231947
702e6df0-619a-4eb2-82a1-37a45fe35927,0.0259362386805362,0.028231947
702e6df0-619a-4eb2-82a1-37a45fe35927,0.0259362386805362,0.028231947
702e6df0-619a-4eb2-82a1-37a45fe35927,0.0259362386805362,0.028231947
702e6df0-619a-4eb2-82a1-37a45fe35927,0.0259362386805362,0.028231947
702e6df0-619a-4eb2-82a1-37a45fe35927,0.0259362386805362,0.028231947
702e6df0-619a-4eb2-82a1-37a45fe35927,0.0259362386805362,0.028231947
702e6df0-619a-4eb2-82a1-37a45fe35927,0.0259362386805362,0.028231947
702e6df0-619a-4eb2-82a1-37a45fe35927,0.0259362386805362,0.028231947
702e6df0-619a-4eb2-82a1-37a45fe35927,0.0259362386805362,0.028231947
702e6df0-619a-4eb2-82a1-37a45fe35927,0.0259362386805362,0.028231947
702e6df0-619a-4eb2-82a1-37a45fe35927,0.0259362386805362,0.028231947
702e6df0-619a-4eb2-82a1-37a45fe35927,0.0259362386805362,0.028231947
702e6df0-619a-4eb2-82a1-37a45fe35927,0.0259362386805362,0.028231947
702e6df0-619a-4eb2-82a1-37a45fe35927,0.0259362386805362,0.028231947
702e6df0-619a-4eb2-82a1-37a45fe35927,0.0259362386805362,0.028231947
702e6df0-619a-4eb2-82a1-37a45fe35927,0.0259362386805362,0.028231947
702e6df0-619a-4eb2-82a1-37a45fe35927,0.0259362386805362,0.028231947
702e6df0-619a-4eb2-82a1-37a45fe35927,0.0259362386805362,0.028231947
702e6df0-619a-4eb2-82a1-37a45fe35927,0.0259362386805362,0.028231947
702e6df0-619a-4eb2-82a1-37a45fe35927,0.0259362386805362,0.028231947
702e6df0-619a-4eb2-82a1-37a45fe35927,0.0259362386805362,0.028231947
f87bf228-8aa4-41f0-90bf-2334c5e707cd,0.0226343670305263,0.026150307
f87bf228-8aa4-41f0-90bf-2334c5e707cd,0.0226343670305263,0.026150307
f87bf228-8aa4-41f0-90bf-2334c5e707cd,0.0226343670305263,0.026150307
f87bf228-8aa4-41f0-90bf-2334c5e707cd,0.0226343670305263,0.026150307
f87bf228-8aa4-41f0-90bf-2334c5e707cd,0.0226343670305263,0.026150307
f87bf228-8aa4-41f0-90bf-2334c5e707cd,0.0226343670305263,0.026150307
f87bf228-8aa4-41f0-90bf-2334c5e707cd,0.0226343670305263,0.026150307
f87bf228-8aa4-41f0-90bf-2334c5e707cd,0.0226343670305263,0.026150307
f87bf228-8aa4-41f0-90bf-2334c5e707cd,0.0226343670305263,0.026150307
f87bf228-8aa4-41f0-90bf-2334c5e707cd,0.0226343670305263,0.026150307
f87bf228-8aa4-41f0-90bf-2334c5e707cd,0.0226343670305263,0.026150307
f87bf228-8aa4-41f0-90bf-2334c5e707cd,0.0226343670305263,0.026150307
f87bf228-8aa4-41f0-90bf-2334c5e707cd,0.0226343670305263,0.026150307
f87bf228-8aa4-41f0-90bf-2334c5e707cd,0.0226343670305263,0.026150307
f87bf228-8aa4-41f0-90bf-2334c5e707cd,0.0226343670305263,0.026150307
f87bf228-8aa4-41f0-90bf-2334c5e707cd,0.0226343670305263,0.026150307
1dfb37d7-f388-4d8e-9a4b-b777f4851c24,0.0469037765900202,0.051077012
1dfb37d7-f388-4d8e-9a4b-b777f4851c24,0.0469037765900202,0.051077012
1dfb37d7-f388-4d8e-9a4b-b777f4851c24,0.0469037765900202,0.051077012
1dfb37d7-f388-4d8e-9a4b-b777f4851c24,0.0469037765900202,0.051077012
1dfb37d7-f388-4d8e-9a4b-b777f4851c24,0.0469037765900202,0.051077012
1dfb37d7-f388-4d8e-9a4b-b777f4851c24,0.0469037765900202,0.051077012
1dfb37d7-f388-4d8e-9a4b-b777f4851c24,0.0469037765900202,0.051077012
1dfb37d7-f388-4d8e-9a4b-b777f4851c24,0.0469037765900202,0.051077012
1dfb37d7-f388-4d8e-9a4b-b777f4851c24,0.0469037765900202,0.051077012
1dfb37d7-f388-4d8e-9a4b-b777f4851c24,0.0469037765900202,0.051077012
1dfb37d7-f388-4d8e-9a4b-b777f4851c24,0.0469037765900202,0.051077012
1dfb37d7-f388-4d8e-9a4b-b777f4851c24,0.0469037765900202,0.051077012
1dfb37d7-f388-4d8e-9a4b-b777f4851c24,0.0469037765900202,0.051077012
1dfb37d7-f388-4d8e-9a4b-b777f4851c24,0.0469037765900202,0.051077012
1dfb37d7-f388-4d8e-9a4b-b777f4851c24,0.0469037765900202,0.051077012
1dfb37d7-f388-4d8e-9a4b-b777f4851c24,0.0469037765900202,0.051077012
1dfb37d7-f388-4d8e-9a4b-b777f4851c24,0.0469037765900202,0.051077012
8e7efba4-5787-430a-a4af-93edbad9a407,0.0368110740670864,0.04125825
8e7efba4-5787-430a-a4af-93edbad9a407,0.0368110740670864,0.04125825
8e7efba4-5787-430a-a4af-93edbad9a407,0.0368110740670864,0.04125825
8e7efba4-5787-430a-a4af-93edbad9a407,0.0368110740670864,0.04125825
8e7efba4-5787-430a-a4af-93edbad9a407,0.0368110740670864,0.04125825
8e7efba4-5787-430a-a4af-93edbad9a407,0.0368110740670864,0.04125825
8e7efba4-5787-430a-a4af-93edbad9a407,0.0368110740670864,0.04125825
8e7efba4-5787-430a-a4af-93edbad9a407,0.0368110740670864,0.04125825
8e7efba4-5787-430a-a4af-93edbad9a407,0.0368110740670864,0.04125825
8e7efba4-5787-430a-a4af-93edbad9a407,0.0368110740670864,0.04125825
8e7efba4-5787-430a-a4af-93edbad9a407,0.0368110740670864,0.04125825
8e7efba4-5787-430a-a4af-93edbad9a407,0.0368110740670864,0.04125825
8e7efba4-5787-430a-a4af-93edbad9a407,0.0368110740670864,0.04125825
8e7efba4-5787-430a-a4af-93edbad9a407,0.0368110740670864,0.04125825
8e7efba4-5787-430a-a4af-93edbad9a407,0.0368110740670864,0.04125825
8e7efba4-5787-430a-a4af-93edbad9a407,0.0368110740670864,0.04125825
8e7efba4-5787-430a-a4af-93edbad9a407,0.0368110740670864,0.04125825
8e7efba4-5787-430a-a4af-93edbad9a407,0.0368110740670864,0.04125825
d56b93f9-d329-45e4-a79a-e4bf7922ad7c,0.0776654543638574,0.07693857
d56b93f9-d329-45e4-a79a-e4bf7922ad7c,0.0776654543638574,0.07693857
d56b93f9-d329-45e4-a79a-e4bf7922ad7c,0.0776654543638574,0.07693857
d56b93f9-d329-45e4-a79a-e4bf7922ad7c,0.0776654543638574,0.07693857
d56b93f9-d329-45e4-a79a-e4bf7922ad7c,0.0776654543638574,0.07693857
d56b93f9-d329-45e4-a79a-e4bf7922ad7c,0.0776654543638574,0.07693857
d56b93f9-d329-45e4-a79a-e4bf7922ad7c,0.0776654543638574,0.07693857
d56b93f9-d329-45e4-a79a-e4bf7922ad7c,0.0776654543638574,0.07693857
d56b93f9-d329-45e4-a79a-e4bf7922ad7c,0.0776654543638574,0.07693857
d56b93f9-d329-45e4-a79a-e4bf7922ad7c,0.0776654543638574,0.07693857
d56b93f9-d329-45e4-a79a-e4bf7922ad7c,0.0776654543638574,0.07693857
d56b93f9-d329-45e4-a79a-e4bf7922ad7c,0.0776654543638574,0.07693857
d56b93f9-d329-45e4-a79a-e4bf7922ad7c,0.0776654543638574,0.07693857
d56b93f9-d329-45e4-a79a-e4bf7922ad7c,0.0776654543638574,0.07693857
d56b93f9-d329-45e4-a79a-e4bf7922ad7c,0.0776654543638574,0.07693857
d56b93f9-d329-45e4-a79a-e4bf7922ad7c,0.0776654543638574,0.07693857
d56b93f9-d329-45e4-a79a-e4bf7922ad7c,0.0776654543638574,0.07693857
d56b93f9-d329-45e4-a79a-e4bf7922ad7c,0.0776654543638574,0.07693857
d56b93f9-d329-45e4-a79a-e4bf7922ad7c,0.0776654543638574,0.07693857
d56b93f9-d329-45e4-a79a-e4bf7922ad7c,0.0776654543638574,0.07693857
d56b93f9-d329-45e4-a79a-e4bf7922ad7c,0.0776654543638574,0.07693857
d56b93f9-d329-45e4-a79a-e4bf7922ad7c,0.0776654543638574,0.07693857
d56b93f9-d329-45e4-a79a-e4bf7922ad7c,0.0776654543638574,0.07693857
d56b93f9-d329-45e4-a79a-e4bf7922ad7c,0.0776654543638574,0.07693857
d56b93f9-d329-45e4-a79a-e4bf7922ad7c,0.0776654543638574,0.07693857
d56b93f9-d329-45e4-a79a-e4bf7922ad7c,0.0776654543638574,0.07693857
d56b93f9-d329-45e4-a79a-e4bf7922ad7c,0.0776654543638574,0.07693857
d56b93f9-d329-45e4-a79a-e4bf7922ad7c,0.0776654543638574,0.07693857
d56b93f9-d329-45e4-a79a-e4bf7922ad7c,0.0776654543638574,0.07693857
88d8d86d-01e2-4a08-80f4-a9abea3e84f8,0.022681653563734,0.022236086
88d8d86d-01e2-4a08-80f4-a9abea3e84f8,0.022681653563734,0.022236086
88d8d86d-01e2-4a08-80f4-a9abea3e84f8,0.022681653563734,0.022236086
88d8d86d-01e2-4a08-80f4-a9abea3e84f8,0.022681653563734,0.022236086
88d8d86d-01e2-4a08-80f4-a9abea3e84f8,0.022681653563734,0.022236086
88d8d86d-01e2-4a08-80f4-a9abea3e84f8,0.022681653563734,0.022236086
88d8d86d-01e2-4a08-80f4-a9abea3e84f8,0.022681653563734,0.022236086
88d8d86d-01e2-4a08-80f4-a9abea3e84f8,0.022681653563734,0.022236086
88d8d86d-01e2-4a08-80f4-a9abea3e84f8,0.022681653563734,0.022236086
88d8d86d-01e2-4a08-80f4-a9abea3e84f8,0.022681653563734,0.022236086
88d8d86d-01e2-4a08-80f4-a9abea3e84f8,0.022681653563734,0.022236086
88d8d86d-01e2-4a08-80f4-a9abea3e84f8,0.022681653563734,0.022236086
88d8d86d-01e2-4a08-80f4-a9abea3e84f8,0.022681653563734,0.022236086
88d8d86d-01e2-4a08-80f4-a9abea3e84f8,0.022681653563734,0.022236086
88d8d86d-01e2-4a08-80f4-a9abea3e84f8,0.022681653563734,0.022236086
88d8d86d-01e2-4a08-80f4-a9abea3e84f8,0.022681653563734,0.022236086
88d8d86d-01e2-4a08-80f4-a9abea3e84f8,0.022681653563734,0.022236086
88d8d86d-01e2-4a08-80f4-a9abea3e84f8,0.022681653563734,0.022236086
88d8d86d-01e2-4a08-80f4-a9abea3e84f8,0.022681653563734,0.022236086
88d8d86d-01e2-4a08-80f4-a9abea3e84f8,0.022681653563734,0.022236086
88d8d86d-01e2-4a08-80f4-a9abea3e84f8,0.022681653563734,0.022236086
88d8d86d-01e2-4a08-80f4-a9abea3e84f8,0.022681653563734,0.022236086
1200986d-d4ab-4391-819c-b62fe15cd20f,0.1037214797873292,0.100555465
1200986d-d4ab-4391-819c-b62fe15cd20f,0.1037214797873292,0.100555465
1200986d-d4ab-4391-819c-b62fe15cd20f,0.1037214797873292,0.100555465
1200986d-d4ab-4391-819c-b62fe15cd20f,0.1037214797873292,0.100555465
1200986d-d4ab-4391-819c-b62fe15cd20f,0.1037214797873292,0.100555465
1200986d-d4ab-4391-819c-b62fe15cd20f,0.1037214797873292,0.100555465
1200986d-d4ab-4391-819c-b62fe15cd20f,0.1037214797873292,0.100555465
1200986d-d4ab-4391-819c-b62fe15cd20f,0.1037214797873292,0.100555465
1200986d-d4ab-4391-819c-b62fe15cd20f,0.1037214797873292,0.100555465
1200986d-d4ab-4391-819c-b62fe15cd20f,0.1037214797873292,0.100555465
1200986d-d4ab-4391-819c-b62fe15cd20f,0.1037214797873292,0.100555465
1200986d-d4ab-4391-819c-b62fe15cd20f,0.1037214797873292,0.100555465
1200986d-d4ab-4391-819c-b62fe15cd20f,0.1037214797873292,0.100555465
1200986d-d4ab-4391-819c-b62fe15cd20f,0.1037214797873292,0.100555465
1200986d-d4ab-4391-819c-b62fe15cd20f,0.1037214797873292,0.100555465
1200986d-d4ab-4391-819c-b62fe15cd20f,0.1037214797873292,0.100555465
1200986d-d4ab-4391-819c-b62fe15cd20f,0.1037214797873292,0.100555465
1200986d-d4ab-4391-819c-b62fe15cd20f,0.1037214797873292,0.100555465
88fab9f8-d82c-49ae-90af-135eba0035d1,0.0206777524575522,0.02161607
88fab9f8-d82c-49ae-90af-135eba0035d1,0.0206777524575522,0.02161607
88fab9f8-d82c-49ae-90af-135eba0035d1,0.0206777524575522,0.02161607
88fab9f8-d82c-49ae-90af-135eba0035d1,0.0206777524575522,0.02161607
88fab9f8-d82c-49ae-90af-135eba0035d1,0.0206777524575522,0.02161607
88fab9f8-d82c-49ae-90af-135eba0035d1,0.0206777524575522,0.02161607
88fab9f8-d82c-49ae-90af-135eba0035d1,0.0206777524575522,0.02161607
88fab9f8-d82c-49ae-90af-135eba0035d1,0.0206777524575522,0.02161607
88fab9f8-d82c-49ae-90af-135eba0035d1,0.0206777524575522,0.02161607
88fab9f8-d82c-49ae-90af-135eba0035d1,0.0206777524575522,0.02161607
88fab9f8-d82c-49ae-90af-135eba0035d1,0.0206777524575522,0.02161607
88fab9f8-d82c-49ae-90af-135eba0035d1,0.0206777524575522,0.02161607
88fab9f8-d82c-49ae-90af-135eba0035d1,0.0206777524575522,0.02161607
88fab9f8-d82c-49ae-90af-135eba0035d1,0.0206777524575522,0.02161607
88fab9f8-d82c-49ae-90af-135eba0035d1,0.0206777524575522,0.02161607
88fab9f8-d82c-49ae-90af-135eba0035d1,0.0206777524575522,0.02161607
88fab9f8-d82c-49ae-90af-135eba0035d1,0.0206777524575522,0.02161607
88fab9f8-d82c-49ae-90af-135eba0035d1,0.0206777524575522,0.02161607
88fab9f8-d82c-49ae-90af-135eba0035d1,0.0206777524575522,0.02161607
2e183374-a635-46d2-91f6-4b5cfed43959,0.023253273437337,0.024124935
2e183374-a635-46d2-91f6-4b5cfed43959,0.023253273437337,0.024124935
2e183374-a635-46d2-91f6-4b5cfed43959,0.023253273437337,0.024124935
2e183374-a635-46d2-91f6-4b5cfed43959,0.023253273437337,0.024124935
2e183374-a635-46d2-91f6-4b5cfed43959,0.023253273437337,0.024124935
2e183374-a635-46d2-91f6-4b5cfed43959,0.023253273437337,0.024124935
2e183374-a635-46d2-91f6-4b5cfed43959,0.023253273437337,0.024124935
2e183374-a635-46d2-91f6-4b5cfed43959,0.023253273437337,0.024124935
2e183374-a635-46d2-91f6-4b5cfed43959,0.023253273437337,0.024124935
2e183374-a635-46d2-91f6-4b5cfed43959,0.023253273437337,0.024124935
2e183374-a635-46d2-91f6-4b5cfed43959,0.023253273437337,0.024124935
2e183374-a635-46d2-91f6-4b5cfed43959,0.023253273437337,0.024124935
2e183374-a635-46d2-91f6-4b5cfed43959,0.023253273437337,0.024124935
2e183374-a635-46d2-91f6-4b5cfed43959,0.023253273437337,0.024124935
2e183374-a635-46d2-91f6-4b5cfed43959,0.023253273437337,0.024124935
2e183374-a635-46d2-91f6-4b5cfed43959,0.023253273437337,0.024124935
2e183374-a635-46d2-91f6-4b5cfed43959,0.023253273437337,0.024124935
2e183374-a635-46d2-91f6-4b5cfed43959,0.023253273437337,0.024124935
2e183374-a635-46d2-91f6-4b5cfed43959,0.023253273437337,0.024124935
2e183374-a635-46d2-91f6-4b5cfed43959,0.023253273437337,0.024124935
2e183374-a635-46d2-91f6-4b5cfed43959,0.023253273437337,0.024124935
2e183374-a635-46d2-91f6-4b5cfed43959,0.023253273437337,0.024124935
2e183374-a635-46d2-91f6-4b5cfed43959,0.023253273437337,0.024124935
2e183374-a635-46d2-91f6-4b5cfed43959,0.023253273437337,0.024124935
2e183374-a635-46d2-91f6-4b5cfed43959,0.023253273437337,0.024124935
2e183374-a635-46d2-91f6-4b5cfed43959,0.023253273437337,0.024124935
2e183374-a635-46d2-91f6-4b5cfed43959,0.023253273437337,0.024124935
13de26c1-6351-47c6-a706-bd164908f702,0.028075992570499,0.029541552
13de26c1-6351-47c6-a706-bd164908f702,0.028075992570499,0.029541552
13de26c1-6351-47c6-a706-bd164908f702,0.028075992570499,0.029541552
13de26c1-6351-47c6-a706-bd164908f702,0.028075992570499,0.029541552
13de26c1-6351-47c6-a706-bd164908f702,0.028075992570499,0.029541552
13de26c1-6351-47c6-a706-bd164908f702,0.028075992570499,0.029541552
13de26c1-6351-47c6-a706-bd164908f702,0.028075992570499,0.029541552
13de26c1-6351-47c6-a706-bd164908f702,0.028075992570499,0.029541552
13de26c1-6351-47c6-a706-bd164908f702,0.028075992570499,0.029541552
13de26c1-6351-47c6-a706-bd164908f702,0.028075992570499,0.029541552
13de26c1-6351-47c6-a706-bd164908f702,0.028075992570499,0.029541552
13de26c1-6351-47c6-a706-bd164908f702,0.028075992570499,0.029541552
13de26c1-6351-47c6-a706-bd164908f702,0.028075992570499,0.029541552
13de26c1-6351-47c6-a706-bd164908f702,0.028075992570499,0.029541552
13de26c1-6351-47c6-a706-bd164908f702,0.028075992570499,0.029541552
13de26c1-6351-47c6-a706-bd164908f702,0.028075992570499,0.029541552
13de26c1-6351-47c6-a706-bd164908f702,0.028075992570499,0.029541552
13de26c1-6351-47c6-a706-bd164908f702,0.028075992570499,0.029541552
13de26c1-6351-47c6-a706-bd164908f702,0.028075992570499,0.029541552
13de26c1-6351-47c6-a706-bd164908f702,0.028075992570499,0.029541552
13de26c1-6351-47c6-a706-bd164908f702,0.028075992570499,0.029541552
13de26c1-6351-47c6-a706-bd164908f702,0.028075992570499,0.029541552
13de26c1-6351-47c6-a706-bd164908f702,0.028075992570499,0.029541552
13de26c1-6351-47c6-a706-bd164908f702,0.028075992570499,0.029541552
13de26c1-6351-47c6-a706-bd164908f702,0.028075992570499,0.029541552
13de26c1-6351-47c6-a706-bd164908f702,0.028075992570499,0.029541552
13de26c1-6351-47c6-a706-bd164908f702,0.028075992570499,0.029541552
13de26c1-6351-47c6-a706-bd164908f702,0.028075992570499,0.029541552
3ebc82b4-d7ca-4725-9acb-c702f7e2fc0f,0.0602959568274774,0.05931322
3ebc82b4-d7ca-4725-9acb-c702f7e2fc0f,0.0602959568274774,0.05931322
3ebc82b4-d7ca-4725-9acb-c702f7e2fc0f,0.0602959568274774,0.05931322
3ebc82b4-d7ca-4725-9acb-c702f7e2fc0f,0.0602959568274774,0.05931322
3ebc82b4-d7ca-4725-9acb-c702f7e2fc0f,0.0602959568274774,0.05931322
3ebc82b4-d7ca-4725-9acb-c702f7e2fc0f,0.0602959568274774,0.05931322
3ebc82b4-d7ca-4725-9acb-c702f7e2fc0f,0.0602959568274774,0.05931322
3ebc82b4-d7ca-4725-9acb-c702f7e2fc0f,0.0602959568274774,0.05931322
3ebc82b4-d7ca-4725-9acb-c702f7e2fc0f,0.0602959568274774,0.05931322
3ebc82b4-d7ca-4725-9acb-c702f7e2fc0f,0.0602959568274774,0.05931322
3ebc82b4-d7ca-4725-9acb-c702f7e2fc0f,0.0602959568274774,0.05931322
3ebc82b4-d7ca-4725-9acb-c702f7e2fc0f,0.0602959568274774,0.05931322
3ebc82b4-d7ca-4725-9acb-c702f7e2fc0f,0.0602959568274774,0.05931322
3ebc82b4-d7ca-4725-9acb-c702f7e2fc0f,0.0602959568274774,0.05931322
3ebc82b4-d7ca-4725-9acb-c702f7e2fc0f,0.0602959568274774,0.05931322
3ebc82b4-d7ca-4725-9acb-c702f7e2fc0f,0.0602959568274774,0.05931322
3ebc82b4-d7ca-4725-9acb-c702f7e2fc0f,0.0602959568274774,0.05931322
3ebc82b4-d7ca-4725-9acb-c702f7e2fc0f,0.0602959568274774,0.05931322
3ebc82b4-d7ca-4725-9acb-c702f7e2fc0f,0.0602959568274774,0.05931322
3ebc82b4-d7ca-4725-9acb-c702f7e2fc0f,0.0602959568274774,0.05931322
3ebc82b4-d7ca-4725-9acb-c702f7e2fc0f,0.0602959568274774,0.05931322
3ebc82b4-d7ca-4725-9acb-c702f7e2fc0f,0.0602959568274774,0.05931322
3ebc82b4-d7ca-4725-9acb-c702f7e2fc0f,0.0602959568274774,0.05931322
3ebc82b4-d7ca-4725-9acb-c702f7e2fc0f,0.0602959568274774,0.05931322
041a98a0-d650-4089-8bbb-5a9fd6a17ee3,0.0300462240091917,0.029348172
041a98a0-d650-4089-8bbb-5a9fd6a17ee3,0.0300462240091917,0.029348172
041a98a0-d650-4089-8bbb-5a9fd6a17ee3,0.0300462240091917,0.029348172
041a98a0-d650-4089-8bbb-5a9fd6a17ee3,0.0300462240091917,0.029348172
041a98a0-d650-4089-8bbb-5a9fd6a17ee3,0.0300462240091917,0.029348172
041a98a0-d650-4089-8bbb-5a9fd6a17ee3,0.0300462240091917,0.029348172
041a98a0-d650-4089-8bbb-5a9fd6a17ee3,0.0300462240091917,0.029348172
041a98a0-d650-4089-8bbb-5a9fd6a17ee3,0.0300462240091917,0.029348172
041a98a0-d650-4089-8bbb-5a9fd6a17ee3,0.0300462240091917,0.029348172
041a98a0-d650-4089-8bbb-5a9fd6a17ee3,0.0300462240091917,0.029348172
041a98a0-d650-4089-8bbb-5a9fd6a17ee3,0.0300462240091917,0.029348172
041a98a0-d650-4089-8bbb-5a9fd6a17ee3,0.0300462240091917,0.029348172
041a98a0-d650-4089-8bbb-5a9fd6a17ee3,0.0300462240091917,0.029348172
041a98a0-d650-4089-8bbb-5a9fd6a17ee3,0.0300462240091917,0.029348172
041a98a0-d650-4089-8bbb-5a9fd6a17ee3,0.0300462240091917,0.029348172
041a98a0-d650-4089-8bbb-5a9fd6a17ee3,0.0300462240091917,0.029348172
041a98a0-d650-4089-8bbb-5a9fd6a17ee3,0.0300462240091917,0.029348172
041a98a0-d650-4089-8bbb-5a9fd6a17ee3,0.0300462240091917,0.029348172
041a98a0-d650-4089-8bbb-5a9fd6a17ee3,0.0300462240091917,0.029348172
041a98a0-d650-4089-8bbb-5a9fd6a17ee3,0.0300462240091917,0.029348172
041a98a0-d650-4089-8bbb-5a9fd6a17ee3,0.0300462240091917,0.029348172
041a98a0-d650-4089-8bbb-5a9fd6a17ee3,0.0300462240091917,0.029348172
041a98a0-d650-4089-8bbb-5a9fd6a17ee3,0.0300462240091917,0.029348172
041a98a0-d650-4089-8bbb-5a9fd6a17ee3,0.0300462240091917,0.029348172
041a98a0-d650-4089-8bbb-5a9fd6a17ee3,0.0300462240091917,0.029348172
041a98a0-d650-4089-8bbb-5a9fd6a17ee3,0.0300462240091917,0.029348172
041a98a0-d650-4089-8bbb-5a9fd6a17ee3,0.0300462240091917,0.029348172
cba8f29e-a367-4e2f-a58e-01f05a42b948,0.0309389966417955,0.031653564
cba8f29e-a367-4e2f-a58e-01f05a42b948,0.0309389966417955,0.031653564
cba8f29e-a367-4e2f-a58e-01f05a42b948,0.0309389966417955,0.031653564
cba8f29e-a367-4e2f-a58e-01f05a42b948,0.0309389966417955,0.031653564
cba8f29e-a367-4e2f-a58e-01f05a42b948,0.0309389966417955,0.031653564
cba8f29e-a367-4e2f-a58e-01f05a42b948,0.0309389966417955,0.031653564
cba8f29e-a367-4e2f-a58e-01f05a42b948,0.0309389966417955,0.031653564
cba8f29e-a367-4e2f-a58e-01f05a42b948,0.0309389966417955,0.031653564
cba8f29e-a367-4e2f-a58e-01f05a42b948,0.0309389966417955,0.031653564
cba8f29e-a367-4e2f-a58e-01f05a42b948,0.0309389966417955,0.031653564
cba8f29e-a367-4e2f-a58e-01f05a42b948,0.0309389966417955,0.031653564
cba8f29e-a367-4e2f-a58e-01f05a42b948,0.0309389966417955,0.031653564
cba8f29e-a367-4e2f-a58e-01f05a42b948,0.0309389966417955,0.031653564
cba8f29e-a367-4e2f-a58e-01f05a42b948,0.0309389966417955,0.031653564
cba8f29e-a367-4e2f-a58e-01f05a42b948,0.0309389966417955,0.031653564
cba8f29e-a367-4e2f-a58e-01f05a42b948,0.0309389966417955,0.031653564
cba8f29e-a367-4e2f-a58e-01f05a42b948,0.0309389966417955,0.031653564
cba8f29e-a367-4e2f-a58e-01f05a42b948,0.0309389966417955,0.031653564
cba8f29e-a367-4e2f-a58e-01f05a42b948,0.0309389966417955,0.031653564
cba8f29e-a367-4e2f-a58e-01f05a42b948,0.0309389966417955,0.031653564
cba8f29e-a367-4e2f-a58e-01f05a42b948,0.0309389966417955,0.031653564
cba8f29e-a367-4e2f-a58e-01f05a42b948,0.0309389966417955,0.031653564
cba8f29e-a367-4e2f-a58e-01f05a42b948,0.0309389966417955,0.031653564
cba8f29e-a367-4e2f-a58e-01f05a42b948,0.0309389966417955,0.031653564
cba8f29e-a367-4e2f-a58e-01f05a42b948,0.0309389966417955,0.031653564
cba8f29e-a367-4e2f-a58e-01f05a42b948,0.0309389966417955,0.031653564
cba8f29e-a367-4e2f-a58e-01f05a42b948,0.0309389966417955,0.031653564
fdc816e1-7445-44e1-b2d1-1f4eef89310e,0.0410515524480115,0.03985639
fdc816e1-7445-44e1-b2d1-1f4eef89310e,0.0410515524480115,0.03985639
fdc816e1-7445-44e1-b2d1-1f4eef89310e,0.0410515524480115,0.03985639
fdc816e1-7445-44e1-b2d1-1f4eef89310e,0.0410515524480115,0.03985639
fdc816e1-7445-44e1-b2d1-1f4eef89310e,0.0410515524480115,0.03985639
fdc816e1-7445-44e1-b2d1-1f4eef89310e,0.0410515524480115,0.03985639
fdc816e1-7445-44e1-b2d1-1f4eef89310e,0.0410515524480115,0.03985639
fdc816e1-7445-44e1-b2d1-1f4eef89310e,0.0410515524480115,0.03985639
fdc816e1-7445-44e1-b2d1-1f4eef89310e,0.0410515524480115,0.03985639
fdc816e1-7445-44e1-b2d1-1f4eef89310e,0.0410515524480115,0.03985639
fdc816e1-7445-44e1-b2d1-1f4eef89310e,0.0410515524480115,0.03985639
fdc816e1-7445-44e1-b2d1-1f4eef89310e,0.0410515524480115,0.03985639
fdc816e1-7445-44e1-b2d1-1f4eef89310e,0.0410515524480115,0.03985639
fdc816e1-7445-44e1-b2d1-1f4eef89310e,0.0410515524480115,0.03985639
fdc816e1-7445-44e1-b2d1-1f4eef89310e,0.0410515524480115,0.03985639
fdc816e1-7445-44e1-b2d1-1f4eef89310e,0.0410515524480115,0.03985639
fdc816e1-7445-44e1-b2d1-1f4eef89310e,0.0410515524480115,0.03985639
fdc816e1-7445-44e1-b2d1-1f4eef89310e,0.0410515524480115,0.03985639
fdc816e1-7445-44e1-b2d1-1f4eef89310e,0.0410515524480115,0.03985639
667f2a79-aa2a-4322-83be-36b94272c6bb,0.1147002930602364,0.11391845
667f2a79-aa2a-4322-83be-36b94272c6bb,0.1147002930602364,0.11391845
667f2a79-aa2a-4322-83be-36b94272c6bb,0.1147002930602364,0.11391845
667f2a79-aa2a-4322-83be-36b94272c6bb,0.1147002930602364,0.11391845
667f2a79-aa2a-4322-83be-36b94272c6bb,0.1147002930602364,0.11391845
667f2a79-aa2a-4322-83be-36b94272c6bb,0.1147002930602364,0.11391845
667f2a79-aa2a-4322-83be-36b94272c6bb,0.1147002930602364,0.11391845
667f2a79-aa2a-4322-83be-36b94272c6bb,0.1147002930602364,0.11391845
667f2a79-aa2a-4322-83be-36b94272c6bb,0.1147002930602364,0.11391845
667f2a79-aa2a-4322-83be-36b94272c6bb,0.1147002930602364,0.11391845
667f2a79-aa2a-4322-83be-36b94272c6bb,0.1147002930602364,0.11391845
667f2a79-aa2a-4322-83be-36b94272c6bb,0.1147002930602364,0.11391845
667f2a79-aa2a-4322-83be-36b94272c6bb,0.1147002930602364,0.11391845
667f2a79-aa2a-4322-83be-36b94272c6bb,0.1147002930602364,0.11391845
667f2a79-aa2a-4322-83be-36b94272c6bb,0.1147002930602364,0.11391845
667f2a79-aa2a-4322-83be-36b94272c6bb,0.1147002930602364,0.11391845
667f2a79-aa2a-4322-83be-36b94272c6bb,0.1147002930602364,0.11391845
667f2a79-aa2a-4322-83be-36b94272c6bb,0.1147002930602364,0.11391845
667f2a79-aa2a-4322-83be-36b94272c6bb,0.1147002930602364,0.11391845
667f2a79-aa2a-4322-83be-36b94272c6bb,0.1147002930602364,0.11391845
667f2a79-aa2a-4322-83be-36b94272c6bb,0.1147002930602364,0.11391845
667f2a79-aa2a-4322-83be-36b94272c6bb,0.1147002930602364,0.11391845
667f2a79-aa2a-4322-83be-36b94272c6bb,0.1147002930602364,0.11391845
a18dbee1-af9a-4dbf-92d7-789e79f8213a,0.1018991739891085,0.100076474
a18dbee1-af9a-4dbf-92d7-789e79f8213a,0.1018991739891085,0.100076474
a18dbee1-af9a-4dbf-92d7-789e79f8213a,0.1018991739891085,0.100076474
a18dbee1-af9a-4dbf-92d7-789e79f8213a,0.1018991739891085,0.100076474
a18dbee1-af9a-4dbf-92d7-789e79f8213a,0.1018991739891085,0.100076474
a18dbee1-af9a-4dbf-92d7-789e79f8213a,0.1018991739891085,0.100076474
a18dbee1-af9a-4dbf-92d7-789e79f8213a,0.1018991739891085,0.100076474
a18dbee1-af9a-4dbf-92d7-789e79f8213a,0.1018991739891085,0.100076474
a18dbee1-af9a-4dbf-92d7-789e79f8213a,0.1018991739891085,0.100076474
a18dbee1-af9a-4dbf-92d7-789e79f8213a,0.1018991739891085,0.100076474
a18dbee1-af9a-4dbf-92d7-789e79f8213a,0.1018991739891085,0.100076474
a18dbee1-af9a-4dbf-92d7-789e79f8213a,0.1018991739891085,0.100076474
a18dbee1-af9a-4dbf-92d7-789e79f8213a,0.1018991739891085,0.100076474
a18dbee1-af9a-4dbf-92d7-789e79f8213a,0.1018991739891085,0.100076474
a18dbee1-af9a-4dbf-92d7-789e79f8213a,0.1018991739891085,0.100076474
a18dbee1-af9a-4dbf-92d7-789e79f8213a,0.1018991739891085,0.100076474
a18dbee1-af9a-4dbf-92d7-789e79f8213a,0.1018991739891085,0.100076474
a18dbee1-af9a-4dbf-92d7-789e79f8213a,0.1018991739891085,0.100076474
a18dbee1-af9a-4dbf-92d7-789e79f8213a,0.1018991739891085,0.100076474
a18dbee1-af9a-4dbf-92d7-789e79f8213a,0.1018991739891085,0.100076474
a18dbee1-af9a-4dbf-92d7-789e79f8213a,0.1018991739891085,0.100076474
a18dbee1-af9a-4dbf-92d7-789e79f8213a,0.1018991739891085,0.100076474
a18dbee1-af9a-4dbf-92d7-789e79f8213a,0.1018991739891085,0.100076474
a18dbee1-af9a-4dbf-92d7-789e79f8213a,0.1018991739891085,0.100076474
a18dbee1-af9a-4dbf-92d7-789e79f8213a,0.1018991739891085,0.100076474
a18dbee1-af9a-4dbf-92d7-789e79f8213a,0.1018991739891085,0.100076474
a18dbee1-af9a-4dbf-92d7-789e79f8213a,0.1018991739891085,0.100076474
819e35c0-d864-428f-a7a4-9659cbd9ea13,0.0490603460430636,0.048865095
819e35c0-d864-428f-a7a4-9659cbd9ea13,0.0490603460430636,0.048865095
819e35c0-d864-428f-a7a4-9659cbd9ea13,0.0490603460430636,0.048865095
819e35c0-d864-428f-a7a4-9659cbd9ea13,0.0490603460430636,0.048865095
819e35c0-d864-428f-a7a4-9659cbd9ea13,0.0490603460430636,0.048865095
819e35c0-d864-428f-a7a4-9659cbd9ea13,0.0490603460430636,0.048865095
819e35c0-d864-428f-a7a4-9659cbd9ea13,0.0490603460430636,0.048865095
819e35c0-d864-428f-a7a4-9659cbd9ea13,0.0490603460430636,0.048865095
819e35c0-d864-428f-a7a4-9659cbd9ea13,0.0490603460430636,0.048865095
819e35c0-d864-428f-a7a4-9659cbd9ea13,0.0490603460430636,0.048865095
819e35c0-d864-428f-a7a4-9659cbd9ea13,0.0490603460430636,0.048865095
819e35c0-d864-428f-a7a4-9659cbd9ea13,0.0490603460430636,0.048865095
819e35c0-d864-428f-a7a4-9659cbd9ea13,0.0490603460430636,0.048865095
819e35c0-d864-428f-a7a4-9659cbd9ea13,0.0490603460430636,0.048865095
819e35c0-d864-428f-a7a4-9659cbd9ea13,0.0490603460430636,0.048865095
819e35c0-d864-428f-a7a4-9659cbd9ea13,0.0490603460430636,0.048865095
819e35c0-d864-428f-a7a4-9659cbd9ea13,0.0490603460430636,0.048865095
819e35c0-d864-428f-a7a4-9659cbd9ea13,0.0490603460430636,0.048865095
819e35c0-d864-428f-a7a4-9659cbd9ea13,0.0490603460430636,0.048865095
819e35c0-d864-428f-a7a4-9659cbd9ea13,0.0490603460430636,0.048865095
819e35c0-d864-428f-a7a4-9659cbd9ea13,0.0490603460430636,0.048865095
819e35c0-d864-428f-a7a4-9659cbd9ea13,0.0490603460430636,0.048865095
819e35c0-d864-428f-a7a4-9659cbd9ea13,0.0490603460430636,0.048865095
080ce44a-a8b6-42ff-8a8c-195207e47a3d,0.0380091427689031,0.039387938
080ce44a-a8b6-42ff-8a8c-195207e47a3d,0.0380091427689031,0.039387938
080ce44a-a8b6-42ff-8a8c-195207e47a3d,0.0380091427689031,0.039387938
080ce44a-a8b6-42ff-8a8c-195207e47a3d,0.0380091427689031,0.039387938
080ce44a-a8b6-42ff-8a8c-195207e47a3d,0.0380091427689031,0.039387938
080ce44a-a8b6-42ff-8a8c-195207e47a3d,0.0380091427689031,0.039387938
080ce44a-a8b6-42ff-8a8c-195207e47a3d,0.0380091427689031,0.039387938
080ce44a-a8b6-42ff-8a8c-195207e47a3d,0.0380091427689031,0.039387938
080ce44a-a8b6-42ff-8a8c-195207e47a3d,0.0380091427689031,0.039387938
080ce44a-a8b6-42ff-8a8c-195207e47a3d,0.0380091427689031,0.039387938
080ce44a-a8b6-42ff-8a8c-195207e47a3d,0.0380091427689031,0.039387938
080ce44a-a8b6-42ff-8a8c-195207e47a3d,0.0380091427689031,0.039387938
080ce44a-a8b6-42ff-8a8c-195207e47a3d,0.0380091427689031,0.039387938
080ce44a-a8b6-42ff-8a8c-195207e47a3d,0.0380091427689031,0.039387938
080ce44a-a8b6-42ff-8a8c-195207e47a3d,0.0380091427689031,0.039387938
080ce44a-a8b6-42ff-8a8c-195207e47a3d,0.0380091427689031,0.039387938
080ce44a-a8b6-42ff-8a8c-195207e47a3d,0.0380091427689031,0.039387938
080ce44a-a8b6-42ff-8a8c-195207e47a3d,0.0380091427689031,0.039387938
080ce44a-a8b6-42ff-8a8c-195207e47a3d,0.0380091427689031,0.039387938
080ce44a-a8b6-42ff-8a8c-195207e47a3d,0.0380091427689031,0.039387938
080ce44a-a8b6-42ff-8a8c-195207e47a3d,0.0380091427689031,0.039387938
080ce44a-a8b6-42ff-8a8c-195207e47a3d,0.0380091427689031,0.039387938
080ce44a-a8b6-42ff-8a8c-195207e47a3d,0.0380091427689031,0.039387938
080ce44a-a8b6-42ff-8a8c-195207e47a3d,0.0380091427689031,0.039387938
080ce44a-a8b6-42ff-8a8c-195207e47a3d,0.0380091427689031,0.039387938
080ce44a-a8b6-42ff-8a8c-195207e47a3d,0.0380091427689031,0.039387938
080ce44a-a8b6-42ff-8a8c-195207e47a3d,0.0380091427689031,0.039387938
080ce44a-a8b6-42ff-8a8c-195207e47a3d,0.0380091427689031,0.039387938
080ce44a-a8b6-42ff-8a8c-195207e47a3d,0.0380091427689031,0.039387938
9df33518-e3fc-4509-ac4b-05c8fa317522,0.0990045797265836,0.096388906
9df33518-e3fc-4509-ac4b-05c8fa317522,0.0990045797265836,0.096388906
9df33518-e3fc-4509-ac4b-05c8fa317522,0.0990045797265836,0.096388906
9df33518-e3fc-4509-ac4b-05c8fa317522,0.0990045797265836,0.096388906
9df33518-e3fc-4509-ac4b-05c8fa317522,0.0990045797265836,0.096388906
9df33518-e3fc-4509-ac4b-05c8fa317522,0.0990045797265836,0.096388906
9df33518-e3fc-4509-ac4b-05c8fa317522,0.0990045797265836,0.096388906
9df33518-e3fc-4509-ac4b-05c8fa317522,0.0990045797265836,0.096388906
9df33518-e3fc-4509-ac4b-05c8fa317522,0.0990045797265836,0.096388906
9df33518-e3fc-4509-ac4b-05c8fa317522,0.0990045797265836,0.096388906
9df33518-e3fc-4509-ac4b-05c8fa317522,0.0990045797265836,0.096388906
9df33518-e3fc-4509-ac4b-05c8fa317522,0.0990045797265836,0.096388906
9df33518-e3fc-4509-ac4b-05c8fa317522,0.0990045797265836,0.096388906
9df33518-e3fc-4509-ac4b-05c8fa317522,0.0990045797265836,0.096388906
9df33518-e3fc-4509-ac4b-05c8fa317522,0.0990045797265836,0.096388906
9df33518-e3fc-4509-ac4b-05c8fa317522,0.0990045797265836,0.096388906
9df33518-e3fc-4509-ac4b-05c8fa317522,0.0990045797265836,0.096388906
9df33518-e3fc-4509-ac4b-05c8fa317522,0.0990045797265836,0.096388906
9df33518-e3fc-4509-ac4b-05c8fa317522,0.0990045797265836,0.096388906
9df33518-e3fc-4509-ac4b-05c8fa317522,0.0990045797265836,0.096388906
9df33518-e3fc-4509-ac4b-05c8fa317522,0.0990045797265836,0.096388906
9df33518-e3fc-4509-ac4b-05c8fa317522,0.0990045797265836,0.096388906
9df33518-e3fc-4509-ac4b-05c8fa317522,0.0990045797265836,0.096388906
9df33518-e3fc-4509-ac4b-05c8fa317522,0.0990045797265836,0.096388906
9df33518-e3fc-4509-ac4b-05c8fa317522,0.0990045797265836,0.096388906
9df33518-e3fc-4509-ac4b-05c8fa317522,0.0990045797265836,0.096388906
9df33518-e3fc-4509-ac4b-05c8fa317522,0.0990045797265836,0.096388906
9df33518-e3fc-4509-ac4b-05c8fa317522,0.0990045797265836,0.096388906
215a6dce-9d7e-4f91-b6e7-f2dba171ceba,0.0329897397476377,0.033364426
215a6dce-9d7e-4f91-b6e7-f2dba171ceba,0.0329897397476377,0.033364426
215a6dce-9d7e-4f91-b6e7-f2dba171ceba,0.0329897397476377,0.033364426
215a6dce-9d7e-4f91-b6e7-f2dba171ceba,0.0329897397476377,0.033364426
215a6dce-9d7e-4f91-b6e7-f2dba171ceba,0.0329897397476377,0.033364426
215a6dce-9d7e-4f91-b6e7-f2dba171ceba,0.0329897397476377,0.033364426
215a6dce-9d7e-4f91-b6e7-f2dba171ceba,0.0329897397476377,0.033364426
215a6dce-9d7e-4f91-b6e7-f2dba171ceba,0.0329897397476377,0.033364426
215a6dce-9d7e-4f91-b6e7-f2dba171ceba,0.0329897397476377,0.033364426
215a6dce-9d7e-4f91-b6e7-f2dba171ceba,0.0329897397476377,0.033364426
215a6dce-9d7e-4f91-b6e7-f2dba171ceba,0.0329897397476377,0.033364426
215a6dce-9d7e-4f91-b6e7-f2dba171ceba,0.0329897397476377,0.033364426
215a6dce-9d7e-4f91-b6e7-f2dba171ceba,0.0329897397476377,0.033364426
215a6dce-9d7e-4f91-b6e7-f2dba171ceba,0.0329897397476377,0.033364426
215a6dce-9d7e-4f91-b6e7-f2dba171ceba,0.0329897397476377,0.033364426
215a6dce-9d7e-4f91-b6e7-f2dba171ceba,0.0329897397476377,0.033364426
215a6dce-9d7e-4f91-b6e7-f2dba171ceba,0.0329897397476377,0.033364426
215a6dce-9d7e-4f91-b6e7-f2dba171ceba,0.0329897397476377,0.033364426
215a6dce-9d7e-4f91-b6e7-f2dba171ceba,0.0329897397476377,0.033364426
215a6dce-9d7e-4f91-b6e7-f2dba171ceba,0.0329897397476377,0.033364426
215a6dce-9d7e-4f91-b6e7-f2dba171ceba,0.0329897397476377,0.033364426
215a6dce-9d7e-4f91-b6e7-f2dba171ceba,0.0329897397476377,0.033364426
215a6dce-9d7e-4f91-b6e7-f2dba171ceba,0.0329897397476377,0.033364426
c3c4b1e3-4543-4e58-8b16-817809d0a552,0.0552226201137756,0.058459107
c3c4b1e3-4543-4e58-8b16-817809d0a552,0.0552226201137756,0.058459107
c3c4b1e3-4543-4e58-8b16-817809d0a552,0.0552226201137756,0.058459107
c3c4b1e3-4543-4e58-8b16-817809d0a552,0.0552226201137756,0.058459107
c3c4b1e3-4543-4e58-8b16-817809d0a552,0.0552226201137756,0.058459107
c3c4b1e3-4543-4e58-8b16-817809d0a552,0.0552226201137756,0.058459107
c3c4b1e3-4543-4e58-8b16-817809d0a552,0.0552226201137756,0.058459107
c3c4b1e3-4543-4e58-8b16-817809d0a552,0.0552226201137756,0.058459107
c3c4b1e3-4543-4e58-8b16-817809d0a552,0.0552226201137756,0.058459107
c3c4b1e3-4543-4e58-8b16-817809d0a552,0.0552226201137756,0.058459107
c3c4b1e3-4543-4e58-8b16-817809d0a552,0.0552226201137756,0.058459107
c3c4b1e3-4543-4e58-8b16-817809d0a552,0.0552226201137756,0.058459107
c3c4b1e3-4543-4e58-8b16-817809d0a552,0.0552226201137756,0.058459107
c3c4b1e3-4543-4e58-8b16-817809d0a552,0.0552226201137756,0.058459107
c3c4b1e3-4543-4e58-8b16-817809d0a552,0.0552226201137756,0.058459107
c3c4b1e3-4543-4e58-8b16-817809d0a552,0.0552226201137756,0.058459107
